"Longitude (x)","Latitude (y)","Station Name","Climate ID","Date/Time (UTC)","Year","Month","Day","Time (UTC)","Temp (°C)","Temp Flag","Dew Point Temp (°C)","Dew Point Temp Flag","Rel Hum (%)","Rel Hum Flag","Precip. Amount (mm)","Precip. Amount Flag","Wind Dir (10s deg)","Wind Dir Flag","Wind Spd (km/h)","Wind Spd Flag","Visibility (km)","Visibility Flag","Stn Press (kPa)","Stn Press Flag","Hmdx","Hmdx Flag","Wind Chill","Wind Chill Flag","Weather"
"-80.80","46.63","SUDBURY CLIMATE","6068145","2021-05-01 00:00","2021","05","01","00:00","4.8","","-7.8","","39","","0.0","","35","","21","","","","97.20","","","","","","NA"
"-80.80","46.63","SUDBURY CLIMATE","6068145","2021-05-01 01:00","2021","05","01","01:00","2.9","","-6.6","","50","","0.0","","36","","16","","","","97.29","","","","","","NA"
"-80.80","46.63","SUDBURY CLIMATE","6068145","2021-05-01 02:00","2021","05","01","02:00","1.2","","-6.3","","57","","0.0","","1","","15","","","","97.38","","","","","","NA"
"-80.80","46.63","SUDBURY CLIMATE","6068145","2021-05-01 03:00","2021","05","01","03:00","-0.2","","-6.5","","62","","0.0","","1","","11","","","","97.41","","","","-4","","NA"
"-80.80","46.63","SUDBURY CLIMATE","6068145","2021-05-01 04:00","2021","05","01","04:00","-1.0","","-6.3","","67","","0.0","","36","","11","","","","97.47","","","","-5","","NA"
"-80.80","46.63","SUDBURY CLIMATE","6068145","2021-05-01 05:00","2021","05","01","05:00","-1.5","","-6.5","","69","","0.0","","36","","10","","","","97.51","","","","-5","","NA"
"-80.80","46.63","SUDBURY CLIMATE","6068145","2021-05-01 06:00","2021","05","01","06:00","-2.3","","-6.7","","72","","0.0","","36","","6","","","","97.51","","","","-5","","NA"
"-80.80","46.63","SUDBURY CLIMATE","6068145","2021-05-01 07:00","2021","05","01","07:00","-4.3","","-7.3","","80","","0.0","","34","","3","","","","97.51","","","","-6","","NA"
"-80.80","46.63","SUDBURY CLIMATE","6068145","2021-05-01 08:00","2021","05","01","08:00","-3.9","","-6.2","","84","","0.0","","30","","4","","","","97.51","","","","-6","","NA"
"-80.80","46.63","SUDBURY CLIMATE","6068145","2021-05-01 09:00","2021","05","01","09:00","-4.0","","-6.4","","83","","0.0","","23","","6","","","","97.50","","","","-7","","NA"
"-80.80","46.63","SUDBURY CLIMATE","6068145","2021-05-01 10:00","2021","05","01","10:00","-4.9","","-6.7","","87","","0.0","","18","","3","","","","97.46","","","","-6","","NA"
"-80.80","46.63","SUDBURY CLIMATE","6068145","2021-05-01 11:00","2021","05","01","11:00","-2.3","","-4.9","","82","","0.0","","18","","7","","","","97.44","","","","-5","","NA"
"-80.80","46.63","SUDBURY CLIMATE","6068145","2021-05-01 12:00","2021","05","01","12:00","-1.4","","-5.7","","73","","0.0","","17","","19","","","","97.36","","","","-7","","NA"
"-80.80","46.63","SUDBURY CLIMATE","6068145","2021-05-01 13:00","2021","05","01","13:00","0.0","","-5.8","","65","","0.0","","18","","19","","","","97.33","","","","-5","","NA"
"-80.80","46.63","SUDBURY CLIMATE","6068145","2021-05-01 14:00","2021","05","01","14:00","2.3","","-4.9","","59","","0.0","","20","","26","","","","97.24","","","","","","NA"
"-80.80","46.63","SUDBURY CLIMATE","6068145","2021-05-01 15:00","2021","05","01","15:00","4.6","","-3.9","","54","","0.0","","20","","33","","","","97.10","","","","","","NA"
"-80.80","46.63","SUDBURY CLIMATE","6068145","2021-05-01 16:00","2021","05","01","16:00","6.5","","-3.7","","48","","0.0","","21","","34","","","","97.00","","","","","","NA"
"-80.80","46.63","SUDBURY CLIMATE","6068145","2021-05-01 17:00","2021","05","01","17:00","5.5","","-2.3","","57","","0.0","","22","","32","","","","96.88","","","","","","NA"
"-80.80","46.63","SUDBURY CLIMATE","6068145","2021-05-01 18:00","2021","05","01","18:00","4.9","","-1.0","","66","","0.0","","21","","31","","","","96.68","","","","","","NA"
"-80.80","46.63","SUDBURY CLIMATE","6068145","2021-05-01 19:00","2021","05","01","19:00","3.9","","-0.7","","72","","0.0","","21","","31","","","","96.50","","","","","","NA"
"-80.80","46.63","SUDBURY CLIMATE","6068145","2021-05-01 20:00","2021","05","01","20:00","4.0","","-2.4","","63","","0.0","","21","","34","","","","96.39","","","","","","NA"
"-80.80","46.63","SUDBURY CLIMATE","6068145","2021-05-01 21:00","2021","05","01","21:00","4.9","","-2.5","","58","","0.1","","20","","30","","","","96.24","","","","","","NA"
"-80.80","46.63","SUDBURY CLIMATE","6068145","2021-05-01 22:00","2021","05","01","22:00","5.3","","-3.1","","55","","0.0","","21","","22","","","","96.23","","","","","","NA"
"-80.80","46.63","SUDBURY CLIMATE","6068145","2021-05-01 23:00","2021","05","01","23:00","5.1","","-1.8","","61","","0.0","","20","","16","","","","96.15","","","","","","NA"
"-80.80","46.63","SUDBURY CLIMATE","6068145","2021-05-02 00:00","2021","05","02","00:00","5.1","","-1.0","","64","","0.0","","19","","15","","","","96.09","","","","","","NA"
"-80.80","46.63","SUDBURY CLIMATE","6068145","2021-05-02 01:00","2021","05","02","01:00","4.6","","-0.4","","70","","0.0","","19","","14","","","","96.03","","","","","","NA"
"-80.80","46.63","SUDBURY CLIMATE","6068145","2021-05-02 02:00","2021","05","02","02:00","3.7","","-0.3","","75","","0.0","","18","","13","","","","95.98","","","","","","NA"
"-80.80","46.63","SUDBURY CLIMATE","6068145","2021-05-02 03:00","2021","05","02","03:00","2.0","","-0.7","","82","","0.0","","19","","11","","","","96.03","","","","","","NA"
"-80.80","46.63","SUDBURY CLIMATE","6068145","2021-05-02 04:00","2021","05","02","04:00","1.0","","-1.1","","86","","0.0","","21","","12","","","","96.04","","","","","","NA"
"-80.80","46.63","SUDBURY CLIMATE","6068145","2021-05-02 05:00","2021","05","02","05:00","1.7","","-0.5","","86","","0.0","","28","","5","","","","96.05","","","","","","NA"
"-80.80","46.63","SUDBURY CLIMATE","6068145","2021-05-02 06:00","2021","05","02","06:00","-0.7","","-2.0","","91","","0.0","","26","","3","","","","96.09","","","","-2","","NA"
"-80.80","46.63","SUDBURY CLIMATE","6068145","2021-05-02 07:00","2021","05","02","07:00","1.9","","-0.8","","83","","0.0","","32","","6","","","","96.12","","","","","","NA"
"-80.80","46.63","SUDBURY CLIMATE","6068145","2021-05-02 08:00","2021","05","02","08:00","0.8","","-1.3","","86","","0.0","","30","","6","","","","96.23","","","","","","NA"
"-80.80","46.63","SUDBURY CLIMATE","6068145","2021-05-02 09:00","2021","05","02","09:00","2.6","","0.2","","84","","0.0","","1","","8","","","","96.24","","","","","","NA"
"-80.80","46.63","SUDBURY CLIMATE","6068145","2021-05-02 10:00","2021","05","02","10:00","2.2","","0.4","","88","","0.0","","36","","6","","","","96.34","","","","","","NA"
"-80.80","46.63","SUDBURY CLIMATE","6068145","2021-05-02 11:00","2021","05","02","11:00","2.7","","1.1","","89","","0.0","","3","","16","","","","96.36","","","","","","NA"
"-80.80","46.63","SUDBURY CLIMATE","6068145","2021-05-02 12:00","2021","05","02","12:00","3.3","","1.3","","87","","0.0","","1","","11","","","","96.48","","","","","","NA"
"-80.80","46.63","SUDBURY CLIMATE","6068145","2021-05-02 13:00","2021","05","02","13:00","4.0","","1.1","","81","","0.0","","1","","14","","","","96.56","","","","","","NA"
"-80.80","46.63","SUDBURY CLIMATE","6068145","2021-05-02 14:00","2021","05","02","14:00","4.9","","1.4","","78","","0.0","","3","","15","","","","96.63","","","","","","NA"
"-80.80","46.63","SUDBURY CLIMATE","6068145","2021-05-02 15:00","2021","05","02","15:00","5.8","","0.9","","71","","0.0","","2","","16","","","","96.63","","","","","","NA"
"-80.80","46.63","SUDBURY CLIMATE","6068145","2021-05-02 16:00","2021","05","02","16:00","7.6","","0.9","","63","","0.0","","5","","20","","","","96.62","","","","","","NA"
"-80.80","46.63","SUDBURY CLIMATE","6068145","2021-05-02 17:00","2021","05","02","17:00","9.4","","1.1","","56","","0.0","","6","","14","","","","96.63","","","","","","NA"
"-80.80","46.63","SUDBURY CLIMATE","6068145","2021-05-02 18:00","2021","05","02","18:00","11.3","","2.1","","53","","0.0","","4","","13","","","","96.65","","","","","","NA"
"-80.80","46.63","SUDBURY CLIMATE","6068145","2021-05-02 19:00","2021","05","02","19:00","12.5","","1.8","","48","","0.0","","8","","6","","","","96.66","","","","","","NA"
"-80.80","46.63","SUDBURY CLIMATE","6068145","2021-05-02 20:00","2021","05","02","20:00","13.3","","1.0","","43","","0.0","","5","","7","","","","96.65","","","","","","NA"
"-80.80","46.63","SUDBURY CLIMATE","6068145","2021-05-02 21:00","2021","05","02","21:00","14.0","","1.3","","42","","0.0","","6","","10","","","","96.70","","","","","","NA"
"-80.80","46.63","SUDBURY CLIMATE","6068145","2021-05-02 22:00","2021","05","02","22:00","14.2","","2.2","","44","","0.0","","4","","9","","","","96.74","","","","","","NA"
"-80.80","46.63","SUDBURY CLIMATE","6068145","2021-05-02 23:00","2021","05","02","23:00","13.6","","1.8","","45","","0.0","","5","","10","","","","96.73","","","","","","NA"
"-80.80","46.63","SUDBURY CLIMATE","6068145","2021-05-03 00:00","2021","05","03","00:00","12.5","","2.7","","51","","0.0","","6","","6","","","","96.74","","","","","","NA"
"-80.80","46.63","SUDBURY CLIMATE","6068145","2021-05-03 01:00","2021","05","03","01:00","10.8","","2.5","","56","","0.0","","5","","15","","","","96.78","","","","","","NA"
"-80.80","46.63","SUDBURY CLIMATE","6068145","2021-05-03 02:00","2021","05","03","02:00","9.9","","0.5","","52","","0.0","","6","","18","","","","96.82","","","","","","NA"
"-80.80","46.63","SUDBURY CLIMATE","6068145","2021-05-03 03:00","2021","05","03","03:00","8.7","","0.2","","55","","0.0","","6","","15","","","","96.83","","","","","","NA"
"-80.80","46.63","SUDBURY CLIMATE","6068145","2021-05-03 04:00","2021","05","03","04:00","7.3","","-1.7","","53","","0.0","","7","","16","","","","96.86","","","","","","NA"
"-80.80","46.63","SUDBURY CLIMATE","6068145","2021-05-03 05:00","2021","05","03","05:00","5.8","","-3.9","","50","","0.0","","6","","20","","","","96.89","","","","","","NA"
"-80.80","46.63","SUDBURY CLIMATE","6068145","2021-05-03 06:00","2021","05","03","06:00","4.7","","-3.6","","55","","0.0","","6","","14","","","","96.93","","","","","","NA"
"-80.80","46.63","SUDBURY CLIMATE","6068145","2021-05-03 07:00","2021","05","03","07:00","3.8","","-2.2","","65","","0.0","","7","","10","","","","96.94","","","","","","NA"
"-80.80","46.63","SUDBURY CLIMATE","6068145","2021-05-03 08:00","2021","05","03","08:00","3.6","","-3.5","","60","","0.0","","6","","14","","","","96.98","","","","","","NA"
"-80.80","46.63","SUDBURY CLIMATE","6068145","2021-05-03 09:00","2021","05","03","09:00","2.9","","-3.2","","64","","0.0","","5","","17","","","","96.97","","","","","","NA"
"-80.80","46.63","SUDBURY CLIMATE","6068145","2021-05-03 10:00","2021","05","03","10:00","3.4","","-3.2","","62","","0.0","","6","","16","","","","96.96","","","","","","NA"
"-80.80","46.63","SUDBURY CLIMATE","6068145","2021-05-03 11:00","2021","05","03","11:00","3.9","","-3.3","","59","","0.0","","5","","16","","","","97.00","","","","","","NA"
"-80.80","46.63","SUDBURY CLIMATE","6068145","2021-05-03 12:00","2021","05","03","12:00","4.7","","-3.2","","57","","0.0","","5","","16","","","","97.01","","","","","","NA"
"-80.80","46.63","SUDBURY CLIMATE","6068145","2021-05-03 13:00","2021","05","03","13:00","6.4","","-4.0","","47","","0.0","","7","","17","","","","97.00","","","","","","NA"
"-80.80","46.63","SUDBURY CLIMATE","6068145","2021-05-03 14:00","2021","05","03","14:00","6.5","","-3.6","","49","","0.0","","7","","21","","","","96.98","","","","","","NA"
"-80.80","46.63","SUDBURY CLIMATE","6068145","2021-05-03 15:00","2021","05","03","15:00","6.6","","-2.3","","53","","0.0","","6","","19","","","","96.98","","","","","","NA"
"-80.80","46.63","SUDBURY CLIMATE","6068145","2021-05-03 16:00","2021","05","03","16:00","7.4","","-3.2","","47","","0.0","","6","","21","","","","96.98","","","","","","NA"
"-80.80","46.63","SUDBURY CLIMATE","6068145","2021-05-03 17:00","2021","05","03","17:00","7.6","","-1.8","","51","","0.0","","5","","19","","","","96.98","","","","","","NA"
"-80.80","46.63","SUDBURY CLIMATE","6068145","2021-05-03 18:00","2021","05","03","18:00","6.9","","1.8","","70","","0.4","","6","","20","","","","96.94","","","","","","NA"
"-80.80","46.63","SUDBURY CLIMATE","6068145","2021-05-03 19:00","2021","05","03","19:00","6.8","","2.7","","75","","0.6","","7","","22","","","","96.91","","","","","","NA"
"-80.80","46.63","SUDBURY CLIMATE","6068145","2021-05-03 20:00","2021","05","03","20:00","6.3","","3.5","","82","","0.5","","6","","22","","","","96.86","","","","","","NA"
"-80.80","46.63","SUDBURY CLIMATE","6068145","2021-05-03 21:00","2021","05","03","21:00","6.3","","3.9","","85","","0.2","","8","","19","","","","96.82","","","","","","NA"
"-80.80","46.63","SUDBURY CLIMATE","6068145","2021-05-03 22:00","2021","05","03","22:00","6.3","","2.6","","77","","0.0","","7","","22","","","","96.77","","","","","","NA"
"-80.80","46.63","SUDBURY CLIMATE","6068145","2021-05-03 23:00","2021","05","03","23:00","6.2","","2.4","","77","","0.0","","7","","18","","","","96.80","","","","","","NA"
"-80.80","46.63","SUDBURY CLIMATE","6068145","2021-05-04 00:00","2021","05","04","00:00","5.3","","3.6","","88","","1.2","","7","","13","","","","96.84","","","","","","NA"
"-80.80","46.63","SUDBURY CLIMATE","6068145","2021-05-04 01:00","2021","05","04","01:00","4.7","","3.6","","92","","1.5","","5","","17","","","","96.84","","","","","","NA"
"-80.80","46.63","SUDBURY CLIMATE","6068145","2021-05-04 02:00","2021","05","04","02:00","4.3","","3.7","","96","","0.3","","5","","16","","","","96.88","","","","","","NA"
"-80.80","46.63","SUDBURY CLIMATE","6068145","2021-05-04 03:00","2021","05","04","03:00","4.2","","3.6","","96","","0.7","","7","","16","","","","96.82","","","","","","NA"
"-80.80","46.63","SUDBURY CLIMATE","6068145","2021-05-04 04:00","2021","05","04","04:00","4.0","","3.5","","96","","0.5","","8","","17","","","","96.76","","","","","","NA"
"-80.80","46.63","SUDBURY CLIMATE","6068145","2021-05-04 05:00","2021","05","04","05:00","4.0","","3.5","","96","","0.1","","6","","17","","","","96.72","","","","","","NA"
"-80.80","46.63","SUDBURY CLIMATE","6068145","2021-05-04 06:00","2021","05","04","06:00","4.0","","3.5","","96","","0.6","","6","","18","","","","96.69","","","","","","NA"
"-80.80","46.63","SUDBURY CLIMATE","6068145","2021-05-04 07:00","2021","05","04","07:00","3.8","","3.3","","97","","0.3","","7","","22","","","","96.63","","","","","","NA"
"-80.80","46.63","SUDBURY CLIMATE","6068145","2021-05-04 08:00","2021","05","04","08:00","3.8","","3.3","","96","","0.9","","9","","21","","","","96.59","","","","","","NA"
"-80.80","46.63","SUDBURY CLIMATE","6068145","2021-05-04 09:00","2021","05","04","09:00","3.9","","3.4","","97","","0.9","","9","","21","","","","96.55","","","","","","NA"
"-80.80","46.63","SUDBURY CLIMATE","6068145","2021-05-04 10:00","2021","05","04","10:00","4.0","","3.6","","97","","1.7","","8","","19","","","","96.53","","","","","","NA"
"-80.80","46.63","SUDBURY CLIMATE","6068145","2021-05-04 11:00","2021","05","04","11:00","4.2","","3.7","","97","","2.5","","8","","21","","","","96.51","","","","","","NA"
"-80.80","46.63","SUDBURY CLIMATE","6068145","2021-05-04 12:00","2021","05","04","12:00","4.3","","3.7","","96","","1.9","","8","","18","","","","96.55","","","","","","NA"
"-80.80","46.63","SUDBURY CLIMATE","6068145","2021-05-04 13:00","2021","05","04","13:00","4.3","","3.8","","96","","3.0","","7","","17","","","","96.58","","","","","","NA"
"-80.80","46.63","SUDBURY CLIMATE","6068145","2021-05-04 14:00","2021","05","04","14:00","4.8","","4.1","","96","","1.4","","9","","19","","","","96.50","","","","","","NA"
"-80.80","46.63","SUDBURY CLIMATE","6068145","2021-05-04 15:00","2021","05","04","15:00","5.0","","4.5","","96","","1.9","","8","","17","","","","96.47","","","","","","NA"
"-80.80","46.63","SUDBURY CLIMATE","6068145","2021-05-04 16:00","2021","05","04","16:00","5.6","","4.9","","96","","0.7","","11","","17","","","","96.47","","","","","","NA"
"-80.80","46.63","SUDBURY CLIMATE","6068145","2021-05-04 17:00","2021","05","04","17:00","6.1","","5.5","","96","","0.3","","10","","12","","","","96.47","","","","","","NA"
"-80.80","46.63","SUDBURY CLIMATE","6068145","2021-05-04 18:00","2021","05","04","18:00","6.6","","6.1","","96","","0.4","","9","","12","","","","96.42","","","","","","NA"
"-80.80","46.63","SUDBURY CLIMATE","6068145","2021-05-04 19:00","2021","05","04","19:00","6.9","","6.2","","95","","0.3","","9","","8","","","","96.42","","","","","","NA"
"-80.80","46.63","SUDBURY CLIMATE","6068145","2021-05-04 20:00","2021","05","04","20:00","6.9","","6.4","","97","","0.6","","1","","8","","","","96.43","","","","","","NA"
"-80.80","46.63","SUDBURY CLIMATE","6068145","2021-05-04 21:00","2021","05","04","21:00","6.8","","6.3","","96","","0.1","","2","","9","","","","96.37","","","","","","NA"
"-80.80","46.63","SUDBURY CLIMATE","6068145","2021-05-04 22:00","2021","05","04","22:00","7.0","","6.1","","94","","0.0","","3","","7","","","","96.42","","","","","","NA"
"-80.80","46.63","SUDBURY CLIMATE","6068145","2021-05-04 23:00","2021","05","04","23:00","7.0","","6.0","","94","","0.0","","2","","6","","","","96.44","","","","","","NA"
"-80.80","46.63","SUDBURY CLIMATE","6068145","2021-05-05 00:00","2021","05","05","00:00","6.6","","6.3","","98","","0.0","","1","","5","","","","96.49","","","","","","NA"
"-80.80","46.63","SUDBURY CLIMATE","6068145","2021-05-05 01:00","2021","05","05","01:00","6.5","","6.2","","98","","0.1","","34","","3","","","","96.53","","","","","","NA"
"-80.80","46.63","SUDBURY CLIMATE","6068145","2021-05-05 02:00","2021","05","05","02:00","6.3","","6.1","","98","","0.0","","34","","4","","","","96.49","","","","","","NA"
"-80.80","46.63","SUDBURY CLIMATE","6068145","2021-05-05 03:00","2021","05","05","03:00","6.2","","6.0","","98","","0.0","","30","","4","","","","96.51","","","","","","NA"
"-80.80","46.63","SUDBURY CLIMATE","6068145","2021-05-05 04:00","2021","05","05","04:00","6.2","","5.6","","96","","0.0","","33","","7","","","","96.53","","","","","","NA"
"-80.80","46.63","SUDBURY CLIMATE","6068145","2021-05-05 05:00","2021","05","05","05:00","5.9","","5.3","","96","","0.0","","30","","7","","","","96.55","","","","","","NA"
"-80.80","46.63","SUDBURY CLIMATE","6068145","2021-05-05 06:00","2021","05","05","06:00","5.9","","5.3","","96","","0.0","","31","","8","","","","96.55","","","","","","NA"
"-80.80","46.63","SUDBURY CLIMATE","6068145","2021-05-05 07:00","2021","05","05","07:00","5.7","","4.6","","93","","0.0","","33","","13","","","","96.57","","","","","","NA"
"-80.80","46.63","SUDBURY CLIMATE","6068145","2021-05-05 08:00","2021","05","05","08:00","5.0","","3.8","","92","","0.0","","34","","11","","","","96.63","","","","","","NA"
"-80.80","46.63","SUDBURY CLIMATE","6068145","2021-05-05 09:00","2021","05","05","09:00","4.7","","3.4","","91","","0.0","","34","","10","","","","96.65","","","","","","NA"
"-80.80","46.63","SUDBURY CLIMATE","6068145","2021-05-05 10:00","2021","05","05","10:00","4.3","","3.3","","93","","0.0","","34","","12","","","","96.69","","","","","","NA"
"-80.80","46.63","SUDBURY CLIMATE","6068145","2021-05-05 11:00","2021","05","05","11:00","4.3","","3.1","","92","","0.0","","34","","12","","","","96.78","","","","","","NA"
"-80.80","46.63","SUDBURY CLIMATE","6068145","2021-05-05 12:00","2021","05","05","12:00","4.4","","2.9","","90","","0.0","","36","","13","","","","96.83","","","","","","NA"
"-80.80","46.63","SUDBURY CLIMATE","6068145","2021-05-05 13:00","2021","05","05","13:00","5.1","","2.5","","83","","0.0","","35","","16","","","","96.87","","","","","","NA"
"-80.80","46.63","SUDBURY CLIMATE","6068145","2021-05-05 14:00","2021","05","05","14:00","5.3","","2.5","","82","","0.0","","1","","14","","","","96.96","","","","","","NA"
"-80.80","46.63","SUDBURY CLIMATE","6068145","2021-05-05 15:00","2021","05","05","15:00","4.9","","2.1","","82","","0.0","","34","","16","","","","97.00","","","","","","NA"
"-80.80","46.63","SUDBURY CLIMATE","6068145","2021-05-05 16:00","2021","05","05","16:00","5.6","","2.1","","78","","0.0","","36","","19","","","","97.04","","","","","","NA"
"-80.80","46.63","SUDBURY CLIMATE","6068145","2021-05-05 17:00","2021","05","05","17:00","6.4","","2.2","","75","","0.0","","2","","19","","","","97.08","","","","","","NA"
"-80.80","46.63","SUDBURY CLIMATE","6068145","2021-05-05 18:00","2021","05","05","18:00","6.3","","2.2","","75","","0.0","","36","","16","","","","97.12","","","","","","NA"
"-80.80","46.63","SUDBURY CLIMATE","6068145","2021-05-05 19:00","2021","05","05","19:00","6.6","","1.5","","70","","0.0","","36","","15","","","","97.16","","","","","","NA"
"-80.80","46.63","SUDBURY CLIMATE","6068145","2021-05-05 20:00","2021","05","05","20:00","7.4","","1.5","","66","","0.0","","1","","14","","","","97.18","","","","","","NA"
"-80.80","46.63","SUDBURY CLIMATE","6068145","2021-05-05 21:00","2021","05","05","21:00","8.7","","1.6","","61","","0.0","","4","","17","","","","97.18","","","","","","NA"
"-80.80","46.63","SUDBURY CLIMATE","6068145","2021-05-05 22:00","2021","05","05","22:00","7.0","","2.0","","70","","0.0","","32","","9","","","","97.26","","","","","","NA"
"-80.80","46.63","SUDBURY CLIMATE","6068145","2021-05-05 23:00","2021","05","05","23:00","7.7","","2.7","","71","","0.0","","33","","18","","","","97.31","","","","","","NA"
"-80.80","46.63","SUDBURY CLIMATE","6068145","2021-05-06 00:00","2021","05","06","00:00","6.6","","0.6","","65","","0.0","","36","","13","","","","97.38","","","","","","NA"
"-80.80","46.63","SUDBURY CLIMATE","6068145","2021-05-06 01:00","2021","05","06","01:00","5.4","","-0.3","","67","","0.0","","36","","13","","","","97.46","","","","","","NA"
"-80.80","46.63","SUDBURY CLIMATE","6068145","2021-05-06 02:00","2021","05","06","02:00","3.4","","-0.9","","73","","0.0","","2","","8","","","","97.49","","","","","","NA"
"-80.80","46.63","SUDBURY CLIMATE","6068145","2021-05-06 03:00","2021","05","06","03:00","1.5","","-1.8","","79","","0.0","","1","","5","","","","97.53","","","","","","NA"
"-80.80","46.63","SUDBURY CLIMATE","6068145","2021-05-06 04:00","2021","05","06","04:00","-0.5","","-2.6","","86","","0.0","","33","","2","","","","97.54","","","","-1","","NA"
"-80.80","46.63","SUDBURY CLIMATE","6068145","2021-05-06 05:00","2021","05","06","05:00","0.8","","-0.4","","91","","0.0","","27","","8","","","","97.55","","","","","","NA"
"-80.80","46.63","SUDBURY CLIMATE","6068145","2021-05-06 06:00","2021","05","06","06:00","-0.2","","-1.3","","93","","0.0","","28","","8","","","","97.54","","","","-3","","NA"
"-80.80","46.63","SUDBURY CLIMATE","6068145","2021-05-06 07:00","2021","05","06","07:00","-0.6","","-1.4","","94","","0.0","","28","","8","","","","97.51","","","","-3","","NA"
"-80.80","46.63","SUDBURY CLIMATE","6068145","2021-05-06 08:00","2021","05","06","08:00","-0.6","","-1.8","","91","","0.0","","28","","8","","","","97.51","","","","-3","","NA"
"-80.80","46.63","SUDBURY CLIMATE","6068145","2021-05-06 09:00","2021","05","06","09:00","-0.9","","-1.8","","93","","0.0","","28","","7","","","","97.51","","","","-3","","NA"
"-80.80","46.63","SUDBURY CLIMATE","6068145","2021-05-06 10:00","2021","05","06","10:00","-0.5","","-2.1","","89","","0.0","","29","","6","","","","97.53","","","","-3","","NA"
"-80.80","46.63","SUDBURY CLIMATE","6068145","2021-05-06 11:00","2021","05","06","11:00","0.3","","-1.5","","88","","0.0","","28","","6","","","","97.56","","","","","","NA"
"-80.80","46.63","SUDBURY CLIMATE","6068145","2021-05-06 12:00","2021","05","06","12:00","2.9","","-0.5","","79","","0.0","","29","","5","","","","97.60","","","","","","NA"
"-80.80","46.63","SUDBURY CLIMATE","6068145","2021-05-06 13:00","2021","05","06","13:00","5.0","","-0.7","","66","","0.0","","31","","4","","","","97.63","","","","","","NA"
"-80.80","46.63","SUDBURY CLIMATE","6068145","2021-05-06 14:00","2021","05","06","14:00","6.3","","-1.9","","56","","0.0","","33","","5","","","","97.61","","","","","","NA"
"-80.80","46.63","SUDBURY CLIMATE","6068145","2021-05-06 15:00","2021","05","06","15:00","7.3","","-1.9","","52","","0.0","","25","","9","","","","97.58","","","","","","NA"
"-80.80","46.63","SUDBURY CLIMATE","6068145","2021-05-06 16:00","2021","05","06","16:00","7.0","","-0.9","","57","","0.0","","23","","12","","","","97.55","","","","","","NA"
"-80.80","46.63","SUDBURY CLIMATE","6068145","2021-05-06 17:00","2021","05","06","17:00","7.7","","-1.8","","51","","0.0","","26","","6","","","","97.49","","","","","","NA"
"-80.80","46.63","SUDBURY CLIMATE","6068145","2021-05-06 18:00","2021","05","06","18:00","6.0","","-0.9","","61","","0.0","","36","","11","","","","97.46","","","","","","NA"
"-80.80","46.63","SUDBURY CLIMATE","6068145","2021-05-06 19:00","2021","05","06","19:00","8.0","","-0.5","","55","","0.0","","5","","9","","","","97.39","","","","","","NA"
"-80.80","46.63","SUDBURY CLIMATE","6068145","2021-05-06 20:00","2021","05","06","20:00","9.0","","-2.5","","44","","0.0","","30","","10","","","","97.33","","","","","","NA"
"-80.80","46.63","SUDBURY CLIMATE","6068145","2021-05-06 21:00","2021","05","06","21:00","9.3","","-4.0","","39","","0.0","","22","","4","","","","97.29","","","","","","NA"
"-80.80","46.63","SUDBURY CLIMATE","6068145","2021-05-06 22:00","2021","05","06","22:00","8.3","","0.0","","56","","0.0","","3","","6","","","","97.30","","","","","","NA"
"-80.80","46.63","SUDBURY CLIMATE","6068145","2021-05-06 23:00","2021","05","06","23:00","7.1","","1.4","","67","","0.0","","16","","18","","","","97.29","","","","","","NA"
"-80.80","46.63","SUDBURY CLIMATE","6068145","2021-05-07 00:00","2021","05","07","00:00","4.7","","2.6","","87","","0.0","","19","","18","","","","97.35","","","","","","NA"
"-80.80","46.63","SUDBURY CLIMATE","6068145","2021-05-07 01:00","2021","05","07","01:00","4.1","","2.3","","88","","0.3","","16","","9","","","","97.33","","","","","","NA"
"-80.80","46.63","SUDBURY CLIMATE","6068145","2021-05-07 02:00","2021","05","07","02:00","3.7","","2.2","","90","","0.0","","22","","4","","","","97.36","","","","","","NA"
"-80.80","46.63","SUDBURY CLIMATE","6068145","2021-05-07 03:00","2021","05","07","03:00","3.9","","2.5","","91","","0.3","","17","","11","","","","97.28","","","","","","NA"
"-80.80","46.63","SUDBURY CLIMATE","6068145","2021-05-07 04:00","2021","05","07","04:00","2.3","","1.6","","95","","0.0","","16","","10","","","","97.25","","","","","","NA"
"-80.80","46.63","SUDBURY CLIMATE","6068145","2021-05-07 05:00","2021","05","07","05:00","1.2","","0.5","","95","","0.0","","3","","4","","","","97.22","","","","","","NA"
"-80.80","46.63","SUDBURY CLIMATE","6068145","2021-05-07 06:00","2021","05","07","06:00","1.1","","0.4","","95","","0.0","","2","","9","","","","97.17","","","","","","NA"
"-80.80","46.63","SUDBURY CLIMATE","6068145","2021-05-07 07:00","2021","05","07","07:00","0.8","","0.3","","96","","0.0","","2","","9","","","","97.13","","","","","","NA"
"-80.80","46.63","SUDBURY CLIMATE","6068145","2021-05-07 08:00","2021","05","07","08:00","-0.5","","-0.8","","98","","0.0","","27","","8","","","","97.18","","","","-3","","NA"
"-80.80","46.63","SUDBURY CLIMATE","6068145","2021-05-07 09:00","2021","05","07","09:00","-0.7","","-0.9","","98","","0.0","","27","","5","","","","97.17","","","","-2","","NA"
"-80.80","46.63","SUDBURY CLIMATE","6068145","2021-05-07 10:00","2021","05","07","10:00","-1.3","","-1.5","","98","","0.0","","27","","6","","","","97.17","","","","-4","","NA"
"-80.80","46.63","SUDBURY CLIMATE","6068145","2021-05-07 11:00","2021","05","07","11:00","-0.4","","-0.6","","99","","0.0","","30","","5","","","","97.20","","","","-2","","NA"
"-80.80","46.63","SUDBURY CLIMATE","6068145","2021-05-07 12:00","2021","05","07","12:00","2.3","","0.6","","89","","0.0","","28","","7","","","","97.23","","","","","","NA"
"-80.80","46.63","SUDBURY CLIMATE","6068145","2021-05-07 13:00","2021","05","07","13:00","3.7","","0.6","","80","","0.0","","24","","3","","","","97.23","","","","","","NA"
"-80.80","46.63","SUDBURY CLIMATE","6068145","2021-05-07 14:00","2021","05","07","14:00","6.2","","-1.3","","58","","0.0","","21","","5","","","","97.22","","","","","","NA"
"-80.80","46.63","SUDBURY CLIMATE","6068145","2021-05-07 15:00","2021","05","07","15:00","7.3","","-1.9","","52","","0.0","","22","","14","","","","97.22","","","","","","NA"
"-80.80","46.63","SUDBURY CLIMATE","6068145","2021-05-07 16:00","2021","05","07","16:00","7.7","","-3.9","","44","","0.0","","26","","9","","","","97.17","","","","","","NA"
"-80.80","46.63","SUDBURY CLIMATE","6068145","2021-05-07 17:00","2021","05","07","17:00","8.6","","-2.8","","45","","0.0","","22","","11","","","","97.15","","","","","","NA"
"-80.80","46.63","SUDBURY CLIMATE","6068145","2021-05-07 18:00","2021","05","07","18:00","9.1","","-4.1","","39","","0.0","","27","","11","","","","97.12","","","","","","NA"
"-80.80","46.63","SUDBURY CLIMATE","6068145","2021-05-07 19:00","2021","05","07","19:00","9.4","","-3.5","","40","","0.0","","25","","14","","","","97.10","","","","","","NA"
"-80.80","46.63","SUDBURY CLIMATE","6068145","2021-05-07 20:00","2021","05","07","20:00","9.3","","-2.4","","44","","0.0","","26","","15","","","","97.11","","","","","","NA"
"-80.80","46.63","SUDBURY CLIMATE","6068145","2021-05-07 21:00","2021","05","07","21:00","8.9","","-3.0","","43","","0.0","","26","","12","","","","97.12","","","","","","NA"
"-80.80","46.63","SUDBURY CLIMATE","6068145","2021-05-07 22:00","2021","05","07","22:00","8.7","","-2.4","","46","","0.0","","24","","10","","","","97.13","","","","","","NA"
"-80.80","46.63","SUDBURY CLIMATE","6068145","2021-05-07 23:00","2021","05","07","23:00","9.0","","-2.7","","44","","0.0","","23","","11","","","","97.13","","","","","","NA"
"-80.80","46.63","SUDBURY CLIMATE","6068145","2021-05-08 00:00","2021","05","08","00:00","7.7","","-1.9","","51","","0.0","","24","","8","","","","97.14","","","","","","NA"
"-80.80","46.63","SUDBURY CLIMATE","6068145","2021-05-08 01:00","2021","05","08","01:00","6.2","","-2.4","","54","","0.0","","25","","5","","","","97.16","","","","","","NA"
"-80.80","46.63","SUDBURY CLIMATE","6068145","2021-05-08 02:00","2021","05","08","02:00","5.4","","-0.8","","65","","0.0","","25","","7","","","","97.20","","","","","","NA"
"-80.80","46.63","SUDBURY CLIMATE","6068145","2021-05-08 03:00","2021","05","08","03:00","5.0","","-0.9","","65","","0.0","","29","","5","","","","97.20","","","","","","NA"
"-80.80","46.63","SUDBURY CLIMATE","6068145","2021-05-08 04:00","2021","05","08","04:00","3.9","","-1.2","","69","","0.0","","1","","8","","","","97.20","","","","","","NA"
"-80.80","46.63","SUDBURY CLIMATE","6068145","2021-05-08 05:00","2021","05","08","05:00","3.5","","-0.1","","77","","0.0","","2","","10","","","","97.17","","","","","","NA"
"-80.80","46.63","SUDBURY CLIMATE","6068145","2021-05-08 06:00","2021","05","08","06:00","3.5","","0.3","","80","","0.0","","2","","7","","","","97.19","","","","","","NA"
"-80.80","46.63","SUDBURY CLIMATE","6068145","2021-05-08 07:00","2021","05","08","07:00","2.8","","0.2","","83","","0.0","","3","","6","","","","97.19","","","","","","NA"
"-80.80","46.63","SUDBURY CLIMATE","6068145","2021-05-08 08:00","2021","05","08","08:00","1.1","","-0.3","","91","","0.0","","3","","4","","","","97.21","","","","","","NA"
"-80.80","46.63","SUDBURY CLIMATE","6068145","2021-05-08 09:00","2021","05","08","09:00","1.1","","-0.1","","92","","0.0","","36","","9","","","","97.22","","","","","","NA"
"-80.80","46.63","SUDBURY CLIMATE","6068145","2021-05-08 10:00","2021","05","08","10:00","0.4","","-0.6","","93","","0.0","","1","","6","","","","97.26","","","","","","NA"
"-80.80","46.63","SUDBURY CLIMATE","6068145","2021-05-08 11:00","2021","05","08","11:00","1.6","","0.2","","90","","0.0","","1","","6","","","","97.33","","","","","","NA"
"-80.80","46.63","SUDBURY CLIMATE","6068145","2021-05-08 12:00","2021","05","08","12:00","3.3","","0.7","","83","","0.0","","1","","13","","","","97.38","","","","","","NA"
"-80.80","46.63","SUDBURY CLIMATE","6068145","2021-05-08 13:00","2021","05","08","13:00","4.6","","0.6","","75","","0.0","","2","","13","","","","97.40","","","","","","NA"
"-80.80","46.63","SUDBURY CLIMATE","6068145","2021-05-08 14:00","2021","05","08","14:00","6.5","","-0.9","","59","","0.0","","2","","16","","","","97.40","","","","","","NA"
"-80.80","46.63","SUDBURY CLIMATE","6068145","2021-05-08 15:00","2021","05","08","15:00","8.5","","-1.6","","49","","0.0","","4","","16","","","","97.38","","","","","","NA"
"-80.80","46.63","SUDBURY CLIMATE","6068145","2021-05-08 16:00","2021","05","08","16:00","10.4","","-1.3","","44","","0.0","","7","","18","","","","97.34","","","","","","NA"
"-80.80","46.63","SUDBURY CLIMATE","6068145","2021-05-08 17:00","2021","05","08","17:00","9.5","","-2.6","","42","","0.0","","1","","12","","","","97.33","","","","","","NA"
"-80.80","46.63","SUDBURY CLIMATE","6068145","2021-05-08 18:00","2021","05","08","18:00","10.0","","-3.2","","39","","0.0","","34","","13","","","","97.34","","","","","","NA"
"-80.80","46.63","SUDBURY CLIMATE","6068145","2021-05-08 19:00","2021","05","08","19:00","10.5","","-2.1","","41","","0.0","","35","","5","","","","97.34","","","","","","NA"
"-80.80","46.63","SUDBURY CLIMATE","6068145","2021-05-08 20:00","2021","05","08","20:00","10.0","","-3.3","","39","","0.0","","3","","7","","","","97.35","","","","","","NA"
"-80.80","46.63","SUDBURY CLIMATE","6068145","2021-05-08 21:00","2021","05","08","21:00","10.1","","-2.7","","41","","0.0","","31","","11","","","","97.34","","","","","","NA"
"-80.80","46.63","SUDBURY CLIMATE","6068145","2021-05-08 22:00","2021","05","08","22:00","10.0","","-2.5","","42","","0.0","","31","","9","","","","97.36","","","","","","NA"
"-80.80","46.63","SUDBURY CLIMATE","6068145","2021-05-08 23:00","2021","05","08","23:00","9.0","","-0.9","","50","","0.0","","32","","10","","","","97.39","","","","","","NA"
"-80.80","46.63","SUDBURY CLIMATE","6068145","2021-05-09 00:00","2021","05","09","00:00","8.6","","-0.8","","52","","0.0","","30","","9","","","","97.41","","","","","","NA"
"-80.80","46.63","SUDBURY CLIMATE","6068145","2021-05-09 01:00","2021","05","09","01:00","5.6","","0.7","","71","","0.0","","32","","7","","","","97.44","","","","","","NA"
"-80.80","46.63","SUDBURY CLIMATE","6068145","2021-05-09 02:00","2021","05","09","02:00","5.2","","0.7","","73","","0.0","","35","","6","","","","97.44","","","","","","NA"
"-80.80","46.63","SUDBURY CLIMATE","6068145","2021-05-09 03:00","2021","05","09","03:00","4.8","","0.7","","74","","0.0","","34","","7","","","","97.48","","","","","","NA"
"-80.80","46.63","SUDBURY CLIMATE","6068145","2021-05-09 04:00","2021","05","09","04:00","3.3","","0.6","","83","","0.0","","29","","6","","","","97.46","","","","","","NA"
"-80.80","46.63","SUDBURY CLIMATE","6068145","2021-05-09 05:00","2021","05","09","05:00","2.9","","0.5","","85","","0.0","","30","","7","","","","97.44","","","","","","NA"
"-80.80","46.63","SUDBURY CLIMATE","6068145","2021-05-09 06:00","2021","05","09","06:00","1.3","","0.3","","93","","0.0","","29","","5","","","","97.43","","","","","","NA"
"-80.80","46.63","SUDBURY CLIMATE","6068145","2021-05-09 07:00","2021","05","09","07:00","0.8","","0.1","","95","","0.0","","31","","6","","","","97.42","","","","","","NA"
"-80.80","46.63","SUDBURY CLIMATE","6068145","2021-05-09 08:00","2021","05","09","08:00","1.4","","0.7","","95","","0.0","","34","","7","","","","97.42","","","","","","NA"
"-80.80","46.63","SUDBURY CLIMATE","6068145","2021-05-09 09:00","2021","05","09","09:00","-1.1","","-2.0","","94","","0.0","","35","","3","","","","97.40","","","","-2","","NA"
"-80.80","46.63","SUDBURY CLIMATE","6068145","2021-05-09 10:00","2021","05","09","10:00","1.4","","0.4","","93","","0.0","","5","","7","","","","97.40","","","","","","NA"
"-80.80","46.63","SUDBURY CLIMATE","6068145","2021-05-09 11:00","2021","05","09","11:00","3.7","","1.7","","87","","0.0","","7","","7","","","","97.35","","","","","","NA"
"-80.80","46.63","SUDBURY CLIMATE","6068145","2021-05-09 12:00","2021","05","09","12:00","5.0","","1.4","","78","","0.0","","9","","5","","","","97.35","","","","","","NA"
"-80.80","46.63","SUDBURY CLIMATE","6068145","2021-05-09 13:00","2021","05","09","13:00","6.5","","0.5","","65","","0.0","","13","","8","","","","97.31","","","","","","NA"
"-80.80","46.63","SUDBURY CLIMATE","6068145","2021-05-09 14:00","2021","05","09","14:00","7.6","","0.7","","61","","0.0","","17","","9","","","","97.30","","","","","","NA"
"-80.80","46.63","SUDBURY CLIMATE","6068145","2021-05-09 15:00","2021","05","09","15:00","8.5","","-1.3","","50","","0.0","","21","","10","","","","97.24","","","","","","NA"
"-80.80","46.63","SUDBURY CLIMATE","6068145","2021-05-09 16:00","2021","05","09","16:00","9.6","","-5.0","","35","","0.0","","23","","17","","","","97.20","","","","","","NA"
"-80.80","46.63","SUDBURY CLIMATE","6068145","2021-05-09 17:00","2021","05","09","17:00","10.2","","-7.4","","28","","0.0","","23","","15","","","","97.14","","","","","","NA"
"-80.80","46.63","SUDBURY CLIMATE","6068145","2021-05-09 18:00","2021","05","09","18:00","11.7","","-3.8","","34","","0.0","","22","","18","","","","97.05","","","","","","NA"
"-80.80","46.63","SUDBURY CLIMATE","6068145","2021-05-09 19:00","2021","05","09","19:00","11.5","","-2.7","","37","","0.0","","21","","15","","","","97.01","","","","","","NA"
"-80.80","46.63","SUDBURY CLIMATE","6068145","2021-05-09 20:00","2021","05","09","20:00","12.1","","-4.1","","32","","0.0","","20","","16","","","","96.99","","","","","","NA"
"-80.80","46.63","SUDBURY CLIMATE","6068145","2021-05-09 21:00","2021","05","09","21:00","11.9","","-4.6","","31","","0.0","","24","","13","","","","96.98","","","","","","NA"
"-80.80","46.63","SUDBURY CLIMATE","6068145","2021-05-09 22:00","2021","05","09","22:00","11.7","","-4.3","","32","","0.0","","23","","18","","","","96.95","","","","","","NA"
"-80.80","46.63","SUDBURY CLIMATE","6068145","2021-05-09 23:00","2021","05","09","23:00","11.2","","-4.6","","33","","0.0","","24","","9","","","","96.94","","","","","","NA"
"-80.80","46.63","SUDBURY CLIMATE","6068145","2021-05-10 00:00","2021","05","10","00:00","9.0","","0.5","","55","","0.0","","36","","17","","","","97.01","","","","","","NA"
"-80.80","46.63","SUDBURY CLIMATE","6068145","2021-05-10 01:00","2021","05","10","01:00","5.9","","2.4","","78","","0.0","","36","","10","","","","97.08","","","","","","NA"
"-80.80","46.63","SUDBURY CLIMATE","6068145","2021-05-10 02:00","2021","05","10","02:00","5.0","","2.1","","81","","0.3","","35","","9","","","","97.15","","","","","","NA"
"-80.80","46.63","SUDBURY CLIMATE","6068145","2021-05-10 03:00","2021","05","10","03:00","4.3","","2.4","","87","","0.0","","2","","9","","","","97.16","","","","","","NA"
"-80.80","46.63","SUDBURY CLIMATE","6068145","2021-05-10 04:00","2021","05","10","04:00","3.8","","2.3","","90","","0.0","","2","","12","","","","97.15","","","","","","NA"
"-80.80","46.63","SUDBURY CLIMATE","6068145","2021-05-10 05:00","2021","05","10","05:00","3.3","","1.9","","91","","0.0","","36","","9","","","","97.16","","","","","","NA"
"-80.80","46.63","SUDBURY CLIMATE","6068145","2021-05-10 06:00","2021","05","10","06:00","2.5","","1.5","","93","","0.0","","36","","9","","","","97.14","","","","","","NA"
"-80.80","46.63","SUDBURY CLIMATE","6068145","2021-05-10 07:00","2021","05","10","07:00","2.1","","1.4","","95","","0.0","","36","","10","","","","97.11","","","","","","NA"
"-80.80","46.63","SUDBURY CLIMATE","6068145","2021-05-10 08:00","2021","05","10","08:00","2.3","","1.6","","95","","0.0","","35","","8","","","","97.11","","","","","","NA"
"-80.80","46.63","SUDBURY CLIMATE","6068145","2021-05-10 09:00","2021","05","10","09:00","3.2","","2.0","","92","","0.0","","34","","7","","","","97.14","","","","","","NA"
"-80.80","46.63","SUDBURY CLIMATE","6068145","2021-05-10 10:00","2021","05","10","10:00","3.4","","2.4","","93","","0.0","","36","","8","","","","97.17","","","","","","NA"
"-80.80","46.63","SUDBURY CLIMATE","6068145","2021-05-10 11:00","2021","05","10","11:00","3.7","","2.7","","93","","0.2","","34","","9","","","","97.24","","","","","","NA"
"-80.80","46.63","SUDBURY CLIMATE","6068145","2021-05-10 12:00","2021","05","10","12:00","3.4","","2.2","","92","","0.0","","33","","9","","","","97.30","","","","","","NA"
"-80.80","46.63","SUDBURY CLIMATE","6068145","2021-05-10 13:00","2021","05","10","13:00","4.4","","1.5","","82","","0.0","","34","","9","","","","97.31","","","","","","NA"
"-80.80","46.63","SUDBURY CLIMATE","6068145","2021-05-10 14:00","2021","05","10","14:00","5.6","","1.8","","76","","0.0","","31","","11","","","","97.30","","","","","","NA"
"-80.80","46.63","SUDBURY CLIMATE","6068145","2021-05-10 15:00","2021","05","10","15:00","7.0","","1.0","","66","","0.0","","34","","10","","","","97.28","","","","","","NA"
"-80.80","46.63","SUDBURY CLIMATE","6068145","2021-05-10 16:00","2021","05","10","16:00","7.8","","-0.2","","57","","0.0","","32","","10","","","","97.28","","","","","","NA"
"-80.80","46.63","SUDBURY CLIMATE","6068145","2021-05-10 17:00","2021","05","10","17:00","8.8","","0.9","","58","","0.0","","6","","14","","","","97.22","","","","","","NA"
"-80.80","46.63","SUDBURY CLIMATE","6068145","2021-05-10 18:00","2021","05","10","18:00","4.9","","0.2","","72","","0.9","","31","","18","","","","97.26","","","","","","NA"
"-80.80","46.63","SUDBURY CLIMATE","6068145","2021-05-10 19:00","2021","05","10","19:00","7.6","","-0.1","","58","","1.1","","8","","5","","","","97.23","","","","","","NA"
"-80.80","46.63","SUDBURY CLIMATE","6068145","2021-05-10 20:00","2021","05","10","20:00","8.7","","0.4","","56","","0.3","","32","","13","","","","97.23","","","","","","NA"
"-80.80","46.63","SUDBURY CLIMATE","6068145","2021-05-10 21:00","2021","05","10","21:00","9.0","","-0.1","","53","","0.0","","33","","15","","","","97.22","","","","","","NA"
"-80.80","46.63","SUDBURY CLIMATE","6068145","2021-05-10 22:00","2021","05","10","22:00","8.2","","-0.6","","54","","0.0","","33","","12","","","","97.25","","","","","","NA"
"-80.80","46.63","SUDBURY CLIMATE","6068145","2021-05-10 23:00","2021","05","10","23:00","7.5","","0.1","","59","","0.0","","34","","17","","","","97.29","","","","","","NA"
"-80.80","46.63","SUDBURY CLIMATE","6068145","2021-05-11 00:00","2021","05","11","00:00","6.9","","0.0","","61","","0.0","","1","","13","","","","97.35","","","","","","NA"
"-80.80","46.63","SUDBURY CLIMATE","6068145","2021-05-11 01:00","2021","05","11","01:00","4.6","","-0.8","","68","","0.0","","35","","10","","","","97.43","","","","","","NA"
"-80.80","46.63","SUDBURY CLIMATE","6068145","2021-05-11 02:00","2021","05","11","02:00","3.4","","-0.6","","75","","0.0","","35","","13","","","","97.47","","","","","","NA"
"-80.80","46.63","SUDBURY CLIMATE","6068145","2021-05-11 03:00","2021","05","11","03:00","2.2","","-1.4","","77","","0.0","","34","","11","","","","97.48","","","","","","NA"
"-80.80","46.63","SUDBURY CLIMATE","6068145","2021-05-11 04:00","2021","05","11","04:00","0.6","","-1.5","","86","","0.0","","31","","8","","","","97.45","","","","","","NA"
"-80.80","46.63","SUDBURY CLIMATE","6068145","2021-05-11 05:00","2021","05","11","05:00","1.6","","-0.1","","88","","0.0","","33","","10","","","","97.45","","","","","","NA"
"-80.80","46.63","SUDBURY CLIMATE","6068145","2021-05-11 06:00","2021","05","11","06:00","1.5","","0.5","","93","","0.0","","32","","10","","","","97.41","","","","","","NA"
"-80.80","46.63","SUDBURY CLIMATE","6068145","2021-05-11 07:00","2021","05","11","07:00","1.7","","0.3","","91","","0.0","","32","","12","","","","97.38","","","","","","NA"
"-80.80","46.63","SUDBURY CLIMATE","6068145","2021-05-11 08:00","2021","05","11","08:00","1.8","","0.2","","90","","0.0","","33","","13","","","","97.38","","","","","","NA"
"-80.80","46.63","SUDBURY CLIMATE","6068145","2021-05-11 09:00","2021","05","11","09:00","1.5","","0.4","","92","","0.0","","32","","9","","","","97.40","","","","","","NA"
"-80.80","46.63","SUDBURY CLIMATE","6068145","2021-05-11 10:00","2021","05","11","10:00","1.4","","0.5","","93","","0.1","","32","","9","","","","97.43","","","","","","NA"
"-80.80","46.63","SUDBURY CLIMATE","6068145","2021-05-11 11:00","2021","05","11","11:00","1.6","","0.0","","89","","0.0","","33","","6","","","","97.48","","","","","","NA"
"-80.80","46.63","SUDBURY CLIMATE","6068145","2021-05-11 12:00","2021","05","11","12:00","1.8","","0.3","","90","","0.0","","33","","11","","","","97.50","","","","","","NA"
"-80.80","46.63","SUDBURY CLIMATE","6068145","2021-05-11 13:00","2021","05","11","13:00","0.6","","-0.3","","94","","0.3","","35","","14","","","","97.54","","","","","","NA"
"-80.80","46.63","SUDBURY CLIMATE","6068145","2021-05-11 14:00","2021","05","11","14:00","0.6","","0.1","","97","","1.8","","33","","6","","","","97.58","","","","","","NA"
"-80.80","46.63","SUDBURY CLIMATE","6068145","2021-05-11 15:00","2021","05","11","15:00","2.0","","1.0","","93","","0.1","","35","","11","","","","97.63","","","","","","NA"
"-80.80","46.63","SUDBURY CLIMATE","6068145","2021-05-11 16:00","2021","05","11","16:00","3.1","","1.3","","88","","0.0","","34","","16","","","","97.64","","","","","","NA"
"-80.80","46.63","SUDBURY CLIMATE","6068145","2021-05-11 17:00","2021","05","11","17:00","4.5","","1.6","","81","","0.0","","33","","17","","","","97.66","","","","","","NA"
"-80.80","46.63","SUDBURY CLIMATE","6068145","2021-05-11 18:00","2021","05","11","18:00","5.6","","2.2","","78","","0.0","","36","","17","","","","97.67","","","","","","NA"
"-80.80","46.63","SUDBURY CLIMATE","6068145","2021-05-11 19:00","2021","05","11","19:00","7.1","","2.4","","72","","0.0","","34","","17","","","","97.69","","","","","","NA"
"-80.80","46.63","SUDBURY CLIMATE","6068145","2021-05-11 20:00","2021","05","11","20:00","8.8","","2.1","","63","","0.0","","35","","16","","","","97.70","","","","","","NA"
"-80.80","46.63","SUDBURY CLIMATE","6068145","2021-05-11 21:00","2021","05","11","21:00","10.6","","2.3","","56","","0.0","","1","","18","","","","97.71","","","","","","NA"
"-80.80","46.63","SUDBURY CLIMATE","6068145","2021-05-11 22:00","2021","05","11","22:00","10.8","","1.5","","53","","0.0","","1","","18","","","","97.72","","","","","","NA"
"-80.80","46.63","SUDBURY CLIMATE","6068145","2021-05-11 23:00","2021","05","11","23:00","7.1","","0.9","","65","","0.0","","1","","27","","","","97.87","","","","","","NA"
"-80.80","46.63","SUDBURY CLIMATE","6068145","2021-05-12 00:00","2021","05","12","00:00","7.1","","3.2","","76","","0.4","","30","","8","","","","97.83","","","","","","NA"
"-80.80","46.63","SUDBURY CLIMATE","6068145","2021-05-12 01:00","2021","05","12","01:00","6.7","","2.3","","74","","0.0","","31","","8","","","","97.88","","","","","","NA"
"-80.80","46.63","SUDBURY CLIMATE","6068145","2021-05-12 02:00","2021","05","12","02:00","6.9","","1.3","","68","","0.0","","31","","9","","","","97.98","","","","","","NA"
"-80.80","46.63","SUDBURY CLIMATE","6068145","2021-05-12 03:00","2021","05","12","03:00","6.2","","0.6","","68","","0.0","","32","","9","","","","98.05","","","","","","NA"
"-80.80","46.63","SUDBURY CLIMATE","6068145","2021-05-12 04:00","2021","05","12","04:00","6.6","","-0.3","","61","","0.0","","33","","11","","","","98.11","","","","","","NA"
"-80.80","46.63","SUDBURY CLIMATE","6068145","2021-05-12 05:00","2021","05","12","05:00","6.3","","-1.1","","59","","0.0","","33","","9","","","","98.16","","","","","","NA"
"-80.80","46.63","SUDBURY CLIMATE","6068145","2021-05-12 06:00","2021","05","12","06:00","5.6","","-1.7","","59","","0.0","","35","","7","","","","98.20","","","","","","NA"
"-80.80","46.63","SUDBURY CLIMATE","6068145","2021-05-12 07:00","2021","05","12","07:00","4.8","","-2.0","","62","","0.0","","34","","8","","","","98.22","","","","","","NA"
"-80.80","46.63","SUDBURY CLIMATE","6068145","2021-05-12 08:00","2021","05","12","08:00","3.8","","-2.7","","62","","0.0","","32","","7","","","","98.24","","","","","","NA"
"-80.80","46.63","SUDBURY CLIMATE","6068145","2021-05-12 09:00","2021","05","12","09:00","2.4","","-2.5","","70","","0.0","","29","","9","","","","98.29","","","","","","NA"
"-80.80","46.63","SUDBURY CLIMATE","6068145","2021-05-12 10:00","2021","05","12","10:00","1.1","","-2.9","","74","","0.0","","30","","7","","","","98.33","","","","","","NA"
"-80.80","46.63","SUDBURY CLIMATE","6068145","2021-05-12 11:00","2021","05","12","11:00","2.3","","-2.5","","71","","0.0","","30","","6","","","","98.40","","","","","","NA"
"-80.80","46.63","SUDBURY CLIMATE","6068145","2021-05-12 12:00","2021","05","12","12:00","4.5","","-1.3","","66","","0.0","","29","","8","","","","98.47","","","","","","NA"
"-80.80","46.63","SUDBURY CLIMATE","6068145","2021-05-12 13:00","2021","05","12","13:00","8.0","","0.7","","60","","0.0","","27","","7","","","","98.51","","","","","","NA"
"-80.80","46.63","SUDBURY CLIMATE","6068145","2021-05-12 14:00","2021","05","12","14:00","12.0","","-1.7","","39","","0.0","","34","","13","","","","98.52","","","","","","NA"
"-80.80","46.63","SUDBURY CLIMATE","6068145","2021-05-12 15:00","2021","05","12","15:00","13.3","","-0.9","","37","","0.0","","1","","14","","","","98.49","","","","","","NA"
"-80.80","46.63","SUDBURY CLIMATE","6068145","2021-05-12 16:00","2021","05","12","16:00","13.7","","-3.0","","31","","0.0","","1","","15","","","","98.47","","","","","","NA"
"-80.80","46.63","SUDBURY CLIMATE","6068145","2021-05-12 17:00","2021","05","12","17:00","15.3","","-2.4","","29","","0.0","","32","","18","","","","98.42","","","","","","NA"
"-80.80","46.63","SUDBURY CLIMATE","6068145","2021-05-12 18:00","2021","05","12","18:00","16.3","","-2.8","","27","","0.0","","35","","14","","","","98.35","","","","","","NA"
"-80.80","46.63","SUDBURY CLIMATE","6068145","2021-05-12 19:00","2021","05","12","19:00","16.2","","-3.8","","25","","0.0","","34","","17","","","","98.32","","","","","","NA"
"-80.80","46.63","SUDBURY CLIMATE","6068145","2021-05-12 20:00","2021","05","12","20:00","16.6","","-3.1","","26","","0.0","","32","","14","","","","98.28","","","","","","NA"
"-80.80","46.63","SUDBURY CLIMATE","6068145","2021-05-12 21:00","2021","05","12","21:00","16.6","","-3.9","","24","","0.0","","34","","14","","","","98.27","","","","","","NA"
"-80.80","46.63","SUDBURY CLIMATE","6068145","2021-05-12 22:00","2021","05","12","22:00","17.4","","-3.7","","23","","0.0","","31","","9","","","","98.25","","","","","","NA"
"-80.80","46.63","SUDBURY CLIMATE","6068145","2021-05-12 23:00","2021","05","12","23:00","16.3","","-2.2","","28","","0.0","","29","","11","","","","98.25","","","","","","NA"
"-80.80","46.63","SUDBURY CLIMATE","6068145","2021-05-13 00:00","2021","05","13","00:00","15.4","","-2.5","","29","","0.0","","36","","10","","","","98.25","","","","","","NA"
"-80.80","46.63","SUDBURY CLIMATE","6068145","2021-05-13 01:00","2021","05","13","01:00","14.1","","-2.5","","32","","0.0","","33","","6","","","","98.28","","","","","","NA"
"-80.80","46.63","SUDBURY CLIMATE","6068145","2021-05-13 02:00","2021","05","13","02:00","12.8","","-2.3","","35","","0.0","","35","","8","","","","98.32","","","","","","NA"
"-80.80","46.63","SUDBURY CLIMATE","6068145","2021-05-13 03:00","2021","05","13","03:00","10.7","","-1.5","","42","","0.0","","1","","7","","","","98.35","","","","","","NA"
"-80.80","46.63","SUDBURY CLIMATE","6068145","2021-05-13 04:00","2021","05","13","04:00","9.2","","-1.5","","47","","0.0","","36","","8","","","","98.36","","","","","","NA"
"-80.80","46.63","SUDBURY CLIMATE","6068145","2021-05-13 05:00","2021","05","13","05:00","8.3","","-1.4","","50","","0.0","","31","","8","","","","98.37","","","","","","NA"
"-80.80","46.63","SUDBURY CLIMATE","6068145","2021-05-13 06:00","2021","05","13","06:00","7.5","","-1.2","","54","","0.0","","31","","8","","","","98.37","","","","","","NA"
"-80.80","46.63","SUDBURY CLIMATE","6068145","2021-05-13 07:00","2021","05","13","07:00","5.0","","-0.7","","66","","0.0","","29","","8","","","","98.38","","","","","","NA"
"-80.80","46.63","SUDBURY CLIMATE","6068145","2021-05-13 08:00","2021","05","13","08:00","6.0","","-0.6","","62","","0.0","","34","","7","","","","98.40","","","","","","NA"
"-80.80","46.63","SUDBURY CLIMATE","6068145","2021-05-13 09:00","2021","05","13","09:00","6.2","","-2.2","","55","","0.0","","32","","8","","","","98.41","","","","","","NA"
"-80.80","46.63","SUDBURY CLIMATE","6068145","2021-05-13 10:00","2021","05","13","10:00","5.9","","-2.1","","56","","0.0","","32","","8","","","","98.43","","","","","","NA"
"-80.80","46.63","SUDBURY CLIMATE","6068145","2021-05-13 11:00","2021","05","13","11:00","7.5","","-1.4","","53","","0.0","","33","","8","","","","98.46","","","","","","NA"
"-80.80","46.63","SUDBURY CLIMATE","6068145","2021-05-13 12:00","2021","05","13","12:00","10.3","","-1.0","","45","","0.0","","35","","10","","","","98.49","","","","","","NA"
"-80.80","46.63","SUDBURY CLIMATE","6068145","2021-05-13 13:00","2021","05","13","13:00","13.1","","-0.3","","40","","0.0","","36","","8","","","","98.49","","","","","","NA"
"-80.80","46.63","SUDBURY CLIMATE","6068145","2021-05-13 14:00","2021","05","13","14:00","15.4","","0.1","","35","","0.0","","9","","5","","","","98.47","","","","","","NA"
"-80.80","46.63","SUDBURY CLIMATE","6068145","2021-05-13 15:00","2021","05","13","15:00","17.8","","1.8","","34","","0.0","","6","","9","","","","98.43","","","","","","NA"
"-80.80","46.63","SUDBURY CLIMATE","6068145","2021-05-13 16:00","2021","05","13","16:00","17.3","","-1.2","","28","","0.0","","5","","4","","","","98.39","","","","","","NA"
"-80.80","46.63","SUDBURY CLIMATE","6068145","2021-05-13 17:00","2021","05","13","17:00","17.2","","-1.3","","28","","0.0","","29","","9","","","","98.35","","","","","","NA"
"-80.80","46.63","SUDBURY CLIMATE","6068145","2021-05-13 18:00","2021","05","13","18:00","17.5","","-1.3","","28","","0.0","","4","","7","","","","98.28","","","","","","NA"
"-80.80","46.63","SUDBURY CLIMATE","6068145","2021-05-13 19:00","2021","05","13","19:00","19.1","","-1.0","","26","","0.0","","28","","13","","","","98.24","","","","","","NA"
"-80.80","46.63","SUDBURY CLIMATE","6068145","2021-05-13 20:00","2021","05","13","20:00","18.9","","-2.4","","24","","0.0","","26","","13","","","","98.19","","","","","","NA"
"-80.80","46.63","SUDBURY CLIMATE","6068145","2021-05-13 21:00","2021","05","13","21:00","18.6","","-1.4","","26","","0.0","","25","","4","","","","98.12","","","","","","NA"
"-80.80","46.63","SUDBURY CLIMATE","6068145","2021-05-13 22:00","2021","05","13","22:00","18.6","","-3.1","","23","","0.0","","32","","4","","","","98.10","","","","","","NA"
"-80.80","46.63","SUDBURY CLIMATE","6068145","2021-05-13 23:00","2021","05","13","23:00","18.0","","-1.0","","27","","0.0","","25","","20","","","","98.08","","","","","","NA"
"-80.80","46.63","SUDBURY CLIMATE","6068145","2021-05-14 00:00","2021","05","14","00:00","16.4","","-3.5","","25","","0.0","","25","","15","","","","98.09","","","","","","NA"
"-80.80","46.63","SUDBURY CLIMATE","6068145","2021-05-14 01:00","2021","05","14","01:00","13.9","","-3.5","","30","","0.0","","24","","15","","","","98.12","","","","","","NA"
"-80.80","46.63","SUDBURY CLIMATE","6068145","2021-05-14 02:00","2021","05","14","02:00","10.4","","-2.4","","40","","0.0","","23","","13","","","","98.17","","","","","","NA"
"-80.80","46.63","SUDBURY CLIMATE","6068145","2021-05-14 03:00","2021","05","14","03:00","11.6","","-5.0","","31","","0.0","","26","","5","","","","98.17","","","","","","NA"
"-80.80","46.63","SUDBURY CLIMATE","6068145","2021-05-14 04:00","2021","05","14","04:00","10.6","","-3.4","","37","","0.0","","25","","8","","","","98.15","","","","","","NA"
"-80.80","46.63","SUDBURY CLIMATE","6068145","2021-05-14 05:00","2021","05","14","05:00","9.8","","-2.4","","42","","0.0","","25","","8","","","","98.15","","","","","","NA"
"-80.80","46.63","SUDBURY CLIMATE","6068145","2021-05-14 06:00","2021","05","14","06:00","8.8","","-2.1","","46","","0.0","","25","","10","","","","98.13","","","","","","NA"
"-80.80","46.63","SUDBURY CLIMATE","6068145","2021-05-14 07:00","2021","05","14","07:00","7.7","","-2.0","","50","","0.0","","25","","9","","","","98.10","","","","","","NA"
"-80.80","46.63","SUDBURY CLIMATE","6068145","2021-05-14 08:00","2021","05","14","08:00","5.6","","-2.4","","56","","0.0","","26","","9","","","","98.08","","","","","","NA"
"-80.80","46.63","SUDBURY CLIMATE","6068145","2021-05-14 09:00","2021","05","14","09:00","4.3","","-2.2","","63","","0.0","","28","","6","","","","98.11","","","","","","NA"
"-80.80","46.63","SUDBURY CLIMATE","6068145","2021-05-14 10:00","2021","05","14","10:00","3.2","","-2.3","","67","","0.0","","27","","8","","","","98.11","","","","","","NA"
"-80.80","46.63","SUDBURY CLIMATE","6068145","2021-05-14 11:00","2021","05","14","11:00","5.0","","-1.1","","65","","0.0","","27","","8","","","","98.14","","","","","","NA"
"-80.80","46.63","SUDBURY CLIMATE","6068145","2021-05-14 12:00","2021","05","14","12:00","8.2","","-0.1","","56","","0.0","","28","","8","","","","98.19","","","","","","NA"
"-80.80","46.63","SUDBURY CLIMATE","6068145","2021-05-14 13:00","2021","05","14","13:00","12.7","","0.3","","43","","0.0","","27","","9","","","","98.21","","","","","","NA"
"-80.80","46.63","SUDBURY CLIMATE","6068145","2021-05-14 14:00","2021","05","14","14:00","16.1","","-0.6","","32","","0.0","","27","","8","","","","98.18","","","","","","NA"
"-80.80","46.63","SUDBURY CLIMATE","6068145","2021-05-14 15:00","2021","05","14","15:00","18.4","","-2.8","","24","","0.0","","24","","8","","","","98.14","","","","","","NA"
"-80.80","46.63","SUDBURY CLIMATE","6068145","2021-05-14 16:00","2021","05","14","16:00","19.0","","-2.8","","23","","0.0","","26","","8","","","","98.11","","","","","","NA"
"-80.80","46.63","SUDBURY CLIMATE","6068145","2021-05-14 17:00","2021","05","14","17:00","19.9","","-3.7","","20","","0.0","","22","","13","","","","98.04","","","","","","NA"
"-80.80","46.63","SUDBURY CLIMATE","6068145","2021-05-14 18:00","2021","05","14","18:00","20.1","","-3.1","","21","","0.0","","25","","12","","","","97.98","","","","","","NA"
"-80.80","46.63","SUDBURY CLIMATE","6068145","2021-05-14 19:00","2021","05","14","19:00","20.2","","-2.5","","21","","0.0","","22","","17","","","","97.93","","","","","","NA"
"-80.80","46.63","SUDBURY CLIMATE","6068145","2021-05-14 20:00","2021","05","14","20:00","20.0","","-4.6","","19","","0.0","","26","","12","","","","97.90","","","","","","NA"
"-80.80","46.63","SUDBURY CLIMATE","6068145","2021-05-14 21:00","2021","05","14","21:00","19.8","","-1.3","","24","","0.0","","23","","21","","","","97.87","","","","","","NA"
"-80.80","46.63","SUDBURY CLIMATE","6068145","2021-05-14 22:00","2021","05","14","22:00","20.4","","0.1","","26","","0.0","","22","","23","","","","97.86","","","","","","NA"
"-80.80","46.63","SUDBURY CLIMATE","6068145","2021-05-14 23:00","2021","05","14","23:00","18.2","","-0.5","","28","","0.0","","24","","16","","","","97.84","","","","","","NA"
"-80.80","46.63","SUDBURY CLIMATE","6068145","2021-05-15 00:00","2021","05","15","00:00","17.8","","-0.6","","29","","0.0","","25","","19","","","","97.88","","","","","","NA"
"-80.80","46.63","SUDBURY CLIMATE","6068145","2021-05-15 01:00","2021","05","15","01:00","15.3","","-0.4","","34","","0.0","","24","","21","","","","97.93","","","","","","NA"
"-80.80","46.63","SUDBURY CLIMATE","6068145","2021-05-15 02:00","2021","05","15","02:00","13.8","","-1.1","","36","","0.0","","26","","10","","","","97.99","","","","","","NA"
"-80.80","46.63","SUDBURY CLIMATE","6068145","2021-05-15 03:00","2021","05","15","03:00","12.4","","-0.5","","41","","0.0","","24","","9","","","","97.99","","","","","","NA"
"-80.80","46.63","SUDBURY CLIMATE","6068145","2021-05-15 04:00","2021","05","15","04:00","11.6","","0.2","","45","","0.0","","25","","9","","","","97.98","","","","","","NA"
"-80.80","46.63","SUDBURY CLIMATE","6068145","2021-05-15 05:00","2021","05","15","05:00","10.4","","0.0","","49","","0.0","","24","","11","","","","97.98","","","","","","NA"
"-80.80","46.63","SUDBURY CLIMATE","6068145","2021-05-15 06:00","2021","05","15","06:00","11.6","","0.3","","46","","0.0","","29","","7","","","","97.99","","","","","","NA"
"-80.80","46.63","SUDBURY CLIMATE","6068145","2021-05-15 07:00","2021","05","15","07:00","13.4","","-0.8","","38","","0.0","","30","","7","","","","97.98","","","","","","NA"
"-80.80","46.63","SUDBURY CLIMATE","6068145","2021-05-15 08:00","2021","05","15","08:00","12.2","","-1.3","","39","","0.0","","30","","6","","","","97.98","","","","","","NA"
"-80.80","46.63","SUDBURY CLIMATE","6068145","2021-05-15 09:00","2021","05","15","09:00","10.0","","-0.6","","48","","0.0","","28","","7","","","","98.00","","","","","","NA"
"-80.80","46.63","SUDBURY CLIMATE","6068145","2021-05-15 10:00","2021","05","15","10:00","9.1","","-0.5","","51","","0.0","","29","","6","","","","98.03","","","","","","NA"
"-80.80","46.63","SUDBURY CLIMATE","6068145","2021-05-15 11:00","2021","05","15","11:00","9.7","","0.0","","51","","0.0","","29","","6","","","","98.08","","","","","","NA"
"-80.80","46.63","SUDBURY CLIMATE","6068145","2021-05-15 12:00","2021","05","15","12:00","12.2","","0.4","","44","","0.0","","28","","8","","","","98.11","","","","","","NA"
"-80.80","46.63","SUDBURY CLIMATE","6068145","2021-05-15 13:00","2021","05","15","13:00","14.6","","1.0","","39","","0.0","","27","","8","","","","98.12","","","","","","NA"
"-80.80","46.63","SUDBURY CLIMATE","6068145","2021-05-15 14:00","2021","05","15","14:00","17.6","","2.1","","35","","0.0","","30","","8","","","","98.13","","","","","","NA"
"-80.80","46.63","SUDBURY CLIMATE","6068145","2021-05-15 15:00","2021","05","15","15:00","19.3","","-1.2","","25","","0.0","","29","","5","","","","98.12","","","","","","NA"
"-80.80","46.63","SUDBURY CLIMATE","6068145","2021-05-15 16:00","2021","05","15","16:00","19.3","","-0.1","","27","","0.0","","23","","12","","","","98.12","","","","","","NA"
"-80.80","46.63","SUDBURY CLIMATE","6068145","2021-05-15 17:00","2021","05","15","17:00","18.0","","-2.1","","25","","0.0","","25","","27","","","","98.09","","","","","","NA"
"-80.80","46.63","SUDBURY CLIMATE","6068145","2021-05-15 18:00","2021","05","15","18:00","15.0","","2.4","","43","","0.4","","21","","15","","","","98.12","","","","","","NA"
"-80.80","46.63","SUDBURY CLIMATE","6068145","2021-05-15 19:00","2021","05","15","19:00","16.5","","3.7","","42","","0.1","","15","","13","","","","98.09","","","","","","NA"
"-80.80","46.63","SUDBURY CLIMATE","6068145","2021-05-15 20:00","2021","05","15","20:00","18.9","","0.3","","28","","0.0","","25","","11","","","","98.02","","","","","","NA"
"-80.80","46.63","SUDBURY CLIMATE","6068145","2021-05-15 21:00","2021","05","15","21:00","20.0","","-0.4","","25","","0.0","","26","","15","","","","97.94","","","","","","NA"
"-80.80","46.63","SUDBURY CLIMATE","6068145","2021-05-15 22:00","2021","05","15","22:00","20.1","","-1.4","","24","","0.0","","26","","11","","","","97.92","","","","","","NA"
"-80.80","46.63","SUDBURY CLIMATE","6068145","2021-05-15 23:00","2021","05","15","23:00","19.5","","-1.4","","24","","0.0","","25","","11","","","","97.90","","","","","","NA"
"-80.80","46.63","SUDBURY CLIMATE","6068145","2021-05-16 00:00","2021","05","16","00:00","17.8","","-0.8","","28","","0.0","","23","","17","","","","97.91","","","","","","NA"
"-80.80","46.63","SUDBURY CLIMATE","6068145","2021-05-16 01:00","2021","05","16","01:00","14.3","","-0.3","","37","","0.0","","23","","11","","","","97.94","","","","","","NA"
"-80.80","46.63","SUDBURY CLIMATE","6068145","2021-05-16 02:00","2021","05","16","02:00","13.1","","-0.4","","40","","0.0","","23","","12","","","","97.98","","","","","","NA"
"-80.80","46.63","SUDBURY CLIMATE","6068145","2021-05-16 03:00","2021","05","16","03:00","11.6","","-1.1","","41","","0.0","","25","","3","","","","98.01","","","","","","NA"
"-80.80","46.63","SUDBURY CLIMATE","6068145","2021-05-16 04:00","2021","05","16","04:00","10.7","","-0.7","","45","","0.0","","24","","9","","","","98.02","","","","","","NA"
"-80.80","46.63","SUDBURY CLIMATE","6068145","2021-05-16 05:00","2021","05","16","05:00","11.2","","-1.0","","43","","0.0","","25","","8","","","","98.04","","","","","","NA"
"-80.80","46.63","SUDBURY CLIMATE","6068145","2021-05-16 06:00","2021","05","16","06:00","9.4","","-1.6","","46","","0.0","","24","","8","","","","98.05","","","","","","NA"
"-80.80","46.63","SUDBURY CLIMATE","6068145","2021-05-16 07:00","2021","05","16","07:00","9.5","","-1.0","","48","","0.0","","28","","6","","","","98.05","","","","","","NA"
"-80.80","46.63","SUDBURY CLIMATE","6068145","2021-05-16 08:00","2021","05","16","08:00","8.9","","-1.4","","48","","0.0","","24","","9","","","","98.05","","","","","","NA"
"-80.80","46.63","SUDBURY CLIMATE","6068145","2021-05-16 09:00","2021","05","16","09:00","7.3","","-1.0","","56","","0.0","","23","","7","","","","98.07","","","","","","NA"
"-80.80","46.63","SUDBURY CLIMATE","6068145","2021-05-16 10:00","2021","05","16","10:00","8.2","","-0.3","","55","","0.0","","23","","9","","","","98.09","","","","","","NA"
"-80.80","46.63","SUDBURY CLIMATE","6068145","2021-05-16 11:00","2021","05","16","11:00","8.5","","1.7","","62","","0.0","","22","","8","","","","98.12","","","","","","NA"
"-80.80","46.63","SUDBURY CLIMATE","6068145","2021-05-16 12:00","2021","05","16","12:00","11.0","","0.7","","49","","0.0","","25","","6","","","","98.18","","","","","","NA"
"-80.80","46.63","SUDBURY CLIMATE","6068145","2021-05-16 13:00","2021","05","16","13:00","14.1","","1.6","","43","","0.0","","25","","7","","","","98.19","","","","","","NA"
"-80.80","46.63","SUDBURY CLIMATE","6068145","2021-05-16 14:00","2021","05","16","14:00","17.0","","1.5","","35","","0.0","","22","","11","","","","98.19","","","","","","NA"
"-80.80","46.63","SUDBURY CLIMATE","6068145","2021-05-16 15:00","2021","05","16","15:00","19.0","","-0.6","","27","","0.0","","24","","14","","","","98.18","","","","","","NA"
"-80.80","46.63","SUDBURY CLIMATE","6068145","2021-05-16 16:00","2021","05","16","16:00","19.5","","-1.6","","24","","0.0","","19","","13","","","","98.15","","","","","","NA"
"-80.80","46.63","SUDBURY CLIMATE","6068145","2021-05-16 17:00","2021","05","16","17:00","20.7","","-2.7","","21","","0.1","","21","","21","","","","98.11","","","","","","NA"
"-80.80","46.63","SUDBURY CLIMATE","6068145","2021-05-16 18:00","2021","05","16","18:00","21.3","","-2.4","","20","","0.0","","25","","11","","","","98.06","","","","","","NA"
"-80.80","46.63","SUDBURY CLIMATE","6068145","2021-05-16 19:00","2021","05","16","19:00","21.6","","0.7","","25","","0.0","","22","","23","","","","98.05","","","","","","NA"
"-80.80","46.63","SUDBURY CLIMATE","6068145","2021-05-16 20:00","2021","05","16","20:00","21.7","","0.9","","25","","0.0","","22","","21","","","","98.04","","","","","","NA"
"-80.80","46.63","SUDBURY CLIMATE","6068145","2021-05-16 21:00","2021","05","16","21:00","21.8","","1.0","","25","","0.1","","21","","19","","","","98.00","","","","","","NA"
"-80.80","46.63","SUDBURY CLIMATE","6068145","2021-05-16 22:00","2021","05","16","22:00","20.6","","-0.1","","25","","0.0","","20","","19","","","","98.00","","","","","","NA"
"-80.80","46.63","SUDBURY CLIMATE","6068145","2021-05-16 23:00","2021","05","16","23:00","19.7","","0.8","","28","","0.0","","22","","20","","","","97.98","","","","","","NA"
"-80.80","46.63","SUDBURY CLIMATE","6068145","2021-05-17 00:00","2021","05","17","00:00","18.0","","1.2","","32","","0.0","","22","","18","","","","97.98","","","","","","NA"
"-80.80","46.63","SUDBURY CLIMATE","6068145","2021-05-17 01:00","2021","05","17","01:00","14.5","","2.4","","44","","0.0","","22","","13","","","","98.03","","","","","","NA"
"-80.80","46.63","SUDBURY CLIMATE","6068145","2021-05-17 02:00","2021","05","17","02:00","13.2","","3.4","","51","","0.0","","22","","15","","","","98.09","","","","","","NA"
"-80.80","46.63","SUDBURY CLIMATE","6068145","2021-05-17 03:00","2021","05","17","03:00","10.9","","3.4","","59","","0.0","","23","","10","","","","98.07","","","","","","NA"
"-80.80","46.63","SUDBURY CLIMATE","6068145","2021-05-17 04:00","2021","05","17","04:00","9.4","","4.0","","69","","0.0","","22","","13","","","","98.07","","","","","","NA"
"-80.80","46.63","SUDBURY CLIMATE","6068145","2021-05-17 05:00","2021","05","17","05:00","9.6","","4.0","","68","","0.0","","24","","12","","","","98.09","","","","","","NA"
"-80.80","46.63","SUDBURY CLIMATE","6068145","2021-05-17 06:00","2021","05","17","06:00","7.5","","4.1","","79","","0.0","","23","","12","","","","98.10","","","","","","NA"
"-80.80","46.63","SUDBURY CLIMATE","6068145","2021-05-17 07:00","2021","05","17","07:00","7.5","","4.4","","80","","0.0","","23","","11","","","","98.12","","","","","","NA"
"-80.80","46.63","SUDBURY CLIMATE","6068145","2021-05-17 08:00","2021","05","17","08:00","6.7","","4.0","","83","","0.0","","25","","5","","","","98.14","","","","","","NA"
"-80.80","46.63","SUDBURY CLIMATE","6068145","2021-05-17 09:00","2021","05","17","09:00","6.3","","3.9","","85","","0.0","","19","","7","","","","98.09","","","","","","NA"
"-80.80","46.63","SUDBURY CLIMATE","6068145","2021-05-17 10:00","2021","05","17","10:00","6.7","","4.9","","88","","0.0","","18","","10","","","","98.08","","","","","","NA"
"-80.80","46.63","SUDBURY CLIMATE","6068145","2021-05-17 11:00","2021","05","17","11:00","8.8","","5.5","","80","","0.0","","19","","12","","","","98.15","","","","","","NA"
"-80.80","46.63","SUDBURY CLIMATE","6068145","2021-05-17 12:00","2021","05","17","12:00","9.9","","5.5","","74","","0.0","","21","","14","","","","98.20","","","","","","NA"
"-80.80","46.63","SUDBURY CLIMATE","6068145","2021-05-17 13:00","2021","05","17","13:00","12.9","","5.8","","62","","0.0","","22","","17","","","","98.21","","","","","","NA"
"-80.80","46.63","SUDBURY CLIMATE","6068145","2021-05-17 14:00","2021","05","17","14:00","15.6","","6.7","","55","","0.0","","23","","18","","","","98.21","","","","","","NA"
"-80.80","46.63","SUDBURY CLIMATE","6068145","2021-05-17 15:00","2021","05","17","15:00","17.7","","8.4","","54","","0.0","","21","","23","","","","98.17","","","","","","NA"
"-80.80","46.63","SUDBURY CLIMATE","6068145","2021-05-17 16:00","2021","05","17","16:00","19.0","","8.1","","49","","0.0","","22","","30","","","","98.15","","","","","","NA"
"-80.80","46.63","SUDBURY CLIMATE","6068145","2021-05-17 17:00","2021","05","17","17:00","19.5","","7.9","","47","","0.0","","22","","34","","","","98.10","","","","","","NA"
"-80.80","46.63","SUDBURY CLIMATE","6068145","2021-05-17 18:00","2021","05","17","18:00","20.3","","7.9","","45","","0.0","","22","","32","","","","98.06","","","","","","NA"
"-80.80","46.63","SUDBURY CLIMATE","6068145","2021-05-17 19:00","2021","05","17","19:00","21.2","","8.0","","43","","0.0","","22","","28","","","","98.02","","","","","","NA"
"-80.80","46.63","SUDBURY CLIMATE","6068145","2021-05-17 20:00","2021","05","17","20:00","20.6","","7.6","","43","","0.0","","23","","29","","","","98.02","","","","","","NA"
"-80.80","46.63","SUDBURY CLIMATE","6068145","2021-05-17 21:00","2021","05","17","21:00","19.3","","8.2","","48","","0.0","","25","","18","","","","98.07","","","","","","NA"
"-80.80","46.63","SUDBURY CLIMATE","6068145","2021-05-17 22:00","2021","05","17","22:00","13.9","","13.0","","94","","1.6","","7","","11","","","","98.06","","","","","","NA"
"-80.80","46.63","SUDBURY CLIMATE","6068145","2021-05-17 23:00","2021","05","17","23:00","14.5","","13.1","","91","","0.0","","14","","10","","","","98.07","","","","","","NA"
"-80.80","46.63","SUDBURY CLIMATE","6068145","2021-05-18 00:00","2021","05","18","00:00","14.5","","13.1","","91","","0.0","","16","","12","","","","98.11","","","","","","NA"
"-80.80","46.63","SUDBURY CLIMATE","6068145","2021-05-18 01:00","2021","05","18","01:00","13.4","","11.9","","90","","0.0","","17","","10","","","","98.09","","","","","","NA"
"-80.80","46.63","SUDBURY CLIMATE","6068145","2021-05-18 02:00","2021","05","18","02:00","12.2","","8.4","","77","","0.0","","20","","13","","","","98.14","","","","","","NA"
"-80.80","46.63","SUDBURY CLIMATE","6068145","2021-05-18 03:00","2021","05","18","03:00","11.7","","7.9","","78","","0.0","","19","","12","","","","98.15","","","","","","NA"
"-80.80","46.63","SUDBURY CLIMATE","6068145","2021-05-18 04:00","2021","05","18","04:00","12.1","","7.2","","72","","0.0","","23","","8","","","","98.19","","","","","","NA"
"-80.80","46.63","SUDBURY CLIMATE","6068145","2021-05-18 05:00","2021","05","18","05:00","11.3","","7.0","","75","","0.0","","23","","11","","","","98.19","","","","","","NA"
"-80.80","46.63","SUDBURY CLIMATE","6068145","2021-05-18 06:00","2021","05","18","06:00","12.2","","6.4","","67","","0.0","","26","","10","","","","98.20","","","","","","NA"
"-80.80","46.63","SUDBURY CLIMATE","6068145","2021-05-18 07:00","2021","05","18","07:00","10.2","","5.9","","75","","0.0","","24","","10","","","","98.20","","","","","","NA"
"-80.80","46.63","SUDBURY CLIMATE","6068145","2021-05-18 08:00","2021","05","18","08:00","10.1","","6.0","","76","","0.0","","25","","9","","","","98.25","","","","","","NA"
"-80.80","46.63","SUDBURY CLIMATE","6068145","2021-05-18 09:00","2021","05","18","09:00","8.3","","5.5","","83","","0.0","","26","","4","","","","98.29","","","","","","NA"
"-80.80","46.63","SUDBURY CLIMATE","6068145","2021-05-18 10:00","2021","05","18","10:00","7.9","","6.0","","88","","0.0","","34","","2","","","","98.32","","","","","","NA"
"-80.80","46.63","SUDBURY CLIMATE","6068145","2021-05-18 11:00","2021","05","18","11:00","11.4","","6.8","","73","","0.0","","31","","4","","","","98.35","","","","","","NA"
"-80.80","46.63","SUDBURY CLIMATE","6068145","2021-05-18 12:00","2021","05","18","12:00","14.1","","7.0","","62","","0.0","","36","","4","","","","98.42","","","","","","NA"
"-80.80","46.63","SUDBURY CLIMATE","6068145","2021-05-18 13:00","2021","05","18","13:00","16.2","","8.6","","61","","0.0","","1","","4","","","","98.42","","","","","","NA"
"-80.80","46.63","SUDBURY CLIMATE","6068145","2021-05-18 14:00","2021","05","18","14:00","18.2","","8.8","","54","","0.0","","8","","3","","","","98.44","","","","","","NA"
"-80.80","46.63","SUDBURY CLIMATE","6068145","2021-05-18 15:00","2021","05","18","15:00","20.7","","9.4","","48","","0.0","","17","","7","","","","98.45","","","","","","NA"
"-80.80","46.63","SUDBURY CLIMATE","6068145","2021-05-18 16:00","2021","05","18","16:00","22.1","","8.7","","42","","0.0","","16","","4","","","","98.41","","","","","","NA"
"-80.80","46.63","SUDBURY CLIMATE","6068145","2021-05-18 17:00","2021","05","18","17:00","24.1","","9.7","","40","","0.0","","16","","5","","","","98.35","","25","","","","NA"
"-80.80","46.63","SUDBURY CLIMATE","6068145","2021-05-18 18:00","2021","05","18","18:00","25.0","","8.1","","34","","0.0","","17","","5","","","","98.32","","25","","","","NA"
"-80.80","46.63","SUDBURY CLIMATE","6068145","2021-05-18 19:00","2021","05","18","19:00","26.2","","8.7","","33","","0.0","","23","","13","","","","98.26","","27","","","","NA"
"-80.80","46.63","SUDBURY CLIMATE","6068145","2021-05-18 20:00","2021","05","18","20:00","26.4","","8.5","","32","","0.0","","22","","11","","","","98.23","","27","","","","NA"
"-80.80","46.63","SUDBURY CLIMATE","6068145","2021-05-18 21:00","2021","05","18","21:00","27.2","","8.6","","31","","0.0","","21","","22","","","","98.21","","28","","","","NA"
"-80.80","46.63","SUDBURY CLIMATE","6068145","2021-05-18 22:00","2021","05","18","22:00","26.4","","6.9","","29","","0.0","","23","","22","","","","98.18","","26","","","","NA"
"-80.80","46.63","SUDBURY CLIMATE","6068145","2021-05-18 23:00","2021","05","18","23:00","25.2","","6.5","","30","","0.0","","22","","24","","","","98.19","","25","","","","NA"
"-80.80","46.63","SUDBURY CLIMATE","6068145","2021-05-19 00:00","2021","05","19","00:00","23.6","","5.5","","31","","0.0","","23","","20","","","","98.20","","","","","","NA"
"-80.80","46.63","SUDBURY CLIMATE","6068145","2021-05-19 01:00","2021","05","19","01:00","20.2","","8.2","","46","","0.0","","21","","17","","","","98.24","","","","","","NA"
"-80.80","46.63","SUDBURY CLIMATE","6068145","2021-05-19 02:00","2021","05","19","02:00","18.2","","8.1","","52","","0.0","","22","","16","","","","98.30","","","","","","NA"
"-80.80","46.63","SUDBURY CLIMATE","6068145","2021-05-19 03:00","2021","05","19","03:00","17.3","","8.0","","54","","0.0","","24","","11","","","","98.34","","","","","","NA"
"-80.80","46.63","SUDBURY CLIMATE","6068145","2021-05-19 04:00","2021","05","19","04:00","15.9","","8.2","","60","","0.0","","24","","10","","","","98.35","","","","","","NA"
"-80.80","46.63","SUDBURY CLIMATE","6068145","2021-05-19 05:00","2021","05","19","05:00","14.3","","8.2","","67","","0.0","","25","","8","","","","98.36","","","","","","NA"
"-80.80","46.63","SUDBURY CLIMATE","6068145","2021-05-19 06:00","2021","05","19","06:00","14.0","","8.0","","67","","0.0","","24","","7","","","","98.37","","","","","","NA"
"-80.80","46.63","SUDBURY CLIMATE","6068145","2021-05-19 07:00","2021","05","19","07:00","13.9","","7.1","","64","","0.0","","25","","9","","","","98.35","","","","","","NA"
"-80.80","46.63","SUDBURY CLIMATE","6068145","2021-05-19 08:00","2021","05","19","08:00","13.5","","6.6","","63","","0.0","","26","","9","","","","98.34","","","","","","NA"
"-80.80","46.63","SUDBURY CLIMATE","6068145","2021-05-19 09:00","2021","05","19","09:00","12.2","","6.1","","66","","0.0","","25","","5","","","","98.39","","","","","","NA"
"-80.80","46.63","SUDBURY CLIMATE","6068145","2021-05-19 10:00","2021","05","19","10:00","12.1","","6.8","","70","","0.0","","21","","5","","","","98.43","","","","","","NA"
"-80.80","46.63","SUDBURY CLIMATE","6068145","2021-05-19 11:00","2021","05","19","11:00","12.7","","8.6","","76","","0.0","","16","","6","","","","98.47","","","","","","NA"
"-80.80","46.63","SUDBURY CLIMATE","6068145","2021-05-19 12:00","2021","05","19","12:00","16.7","","9.0","","60","","0.0","","22","","7","","","","98.52","","","","","","NA"
"-80.80","46.63","SUDBURY CLIMATE","6068145","2021-05-19 13:00","2021","05","19","13:00","18.1","","7.6","","51","","0.0","","23","","10","","","","98.55","","","","","","NA"
"-80.80","46.63","SUDBURY CLIMATE","6068145","2021-05-19 14:00","2021","05","19","14:00","19.9","","7.8","","46","","0.0","","22","","14","","","","98.57","","","","","","NA"
"-80.80","46.63","SUDBURY CLIMATE","6068145","2021-05-19 15:00","2021","05","19","15:00","22.0","","7.4","","39","","0.0","","23","","18","","","","98.55","","","","","","NA"
"-80.80","46.63","SUDBURY CLIMATE","6068145","2021-05-19 16:00","2021","05","19","16:00","24.3","","7.5","","34","","0.0","","22","","21","","","","98.51","","25","","","","NA"
"-80.80","46.63","SUDBURY CLIMATE","6068145","2021-05-19 17:00","2021","05","19","17:00","24.3","","6.7","","32","","0.0","","21","","26","","","","98.48","","","","","","NA"
"-80.80","46.63","SUDBURY CLIMATE","6068145","2021-05-19 18:00","2021","05","19","18:00","24.6","","5.5","","29","","0.0","","20","","26","","","","98.46","","","","","","NA"
"-80.80","46.63","SUDBURY CLIMATE","6068145","2021-05-19 19:00","2021","05","19","19:00","24.0","","7.3","","34","","0.0","","22","","24","","","","98.45","","","","","","NA"
"-80.80","46.63","SUDBURY CLIMATE","6068145","2021-05-19 20:00","2021","05","19","20:00","22.5","","8.0","","39","","0.0","","23","","23","","","","98.47","","","","","","NA"
"-80.80","46.63","SUDBURY CLIMATE","6068145","2021-05-19 21:00","2021","05","19","21:00","21.8","","7.8","","40","","0.0","","22","","23","","","","98.48","","","","","","NA"
"-80.80","46.63","SUDBURY CLIMATE","6068145","2021-05-19 22:00","2021","05","19","22:00","21.1","","8.0","","43","","0.0","","19","","16","","","","98.44","","","","","","NA"
"-80.80","46.63","SUDBURY CLIMATE","6068145","2021-05-19 23:00","2021","05","19","23:00","20.8","","8.2","","44","","0.0","","19","","15","","","","98.41","","","","","","NA"
"-80.80","46.63","SUDBURY CLIMATE","6068145","2021-05-20 00:00","2021","05","20","00:00","20.4","","8.3","","46","","0.0","","18","","12","","","","98.33","","","","","","NA"
"-80.80","46.63","SUDBURY CLIMATE","6068145","2021-05-20 01:00","2021","05","20","01:00","18.8","","9.0","","53","","0.0","","17","","14","","","","98.32","","","","","","NA"
"-80.80","46.63","SUDBURY CLIMATE","6068145","2021-05-20 02:00","2021","05","20","02:00","17.9","","8.9","","55","","0.0","","15","","14","","","","98.32","","","","","","NA"
"-80.80","46.63","SUDBURY CLIMATE","6068145","2021-05-20 03:00","2021","05","20","03:00","18.4","","9.0","","54","","0.0","","16","","14","","","","98.30","","","","","","NA"
"-80.80","46.63","SUDBURY CLIMATE","6068145","2021-05-20 04:00","2021","05","20","04:00","18.3","","9.6","","57","","0.0","","17","","15","","","","98.31","","","","","","NA"
"-80.80","46.63","SUDBURY CLIMATE","6068145","2021-05-20 05:00","2021","05","20","05:00","18.3","","9.7","","57","","0.0","","18","","12","","","","98.32","","","","","","NA"
"-80.80","46.63","SUDBURY CLIMATE","6068145","2021-05-20 06:00","2021","05","20","06:00","18.2","","9.9","","59","","0.0","","21","","10","","","","98.32","","","","","","NA"
"-80.80","46.63","SUDBURY CLIMATE","6068145","2021-05-20 07:00","2021","05","20","07:00","18.1","","10.0","","59","","0.0","","21","","20","","","","98.30","","","","","","NA"
"-80.80","46.63","SUDBURY CLIMATE","6068145","2021-05-20 08:00","2021","05","20","08:00","17.2","","10.2","","63","","0.0","","21","","15","","","","98.33","","","","","","NA"
"-80.80","46.63","SUDBURY CLIMATE","6068145","2021-05-20 09:00","2021","05","20","09:00","16.2","","10.6","","69","","0.0","","22","","14","","","","98.36","","","","","","NA"
"-80.80","46.63","SUDBURY CLIMATE","6068145","2021-05-20 10:00","2021","05","20","10:00","16.2","","11.5","","74","","0.0","","22","","8","","","","98.42","","","","","","NA"
"-80.80","46.63","SUDBURY CLIMATE","6068145","2021-05-20 11:00","2021","05","20","11:00","15.9","","12.4","","80","","0.0","","18","","12","","","","98.45","","","","","","NA"
"-80.80","46.63","SUDBURY CLIMATE","6068145","2021-05-20 12:00","2021","05","20","12:00","15.4","","13.1","","86","","0.0","","18","","10","","","","98.50","","","","","","NA"
"-80.80","46.63","SUDBURY CLIMATE","6068145","2021-05-20 13:00","2021","05","20","13:00","15.8","","13.3","","85","","0.0","","20","","12","","","","98.55","","","","","","NA"
"-80.80","46.63","SUDBURY CLIMATE","6068145","2021-05-20 14:00","2021","05","20","14:00","18.6","","14.0","","74","","0.0","","20","","14","","","","98.55","","","","","","NA"
"-80.80","46.63","SUDBURY CLIMATE","6068145","2021-05-20 15:00","2021","05","20","15:00","21.0","","14.7","","67","","0.0","","20","","18","","","","98.55","","25","","","","NA"
"-80.80","46.63","SUDBURY CLIMATE","6068145","2021-05-20 16:00","2021","05","20","16:00","22.8","","15.1","","62","","0.0","","21","","20","","","","98.54","","27","","","","NA"
"-80.80","46.63","SUDBURY CLIMATE","6068145","2021-05-20 17:00","2021","05","20","17:00","24.4","","15.1","","56","","0.0","","22","","19","","","","98.53","","28","","","","NA"
"-80.80","46.63","SUDBURY CLIMATE","6068145","2021-05-20 18:00","2021","05","20","18:00","24.7","","15.8","","58","","0.0","","21","","24","","","","98.49","","29","","","","NA"
"-80.80","46.63","SUDBURY CLIMATE","6068145","2021-05-20 19:00","2021","05","20","19:00","26.7","","15.5","","50","","0.0","","21","","22","","","","98.47","","31","","","","NA"
"-80.80","46.63","SUDBURY CLIMATE","6068145","2021-05-20 20:00","2021","05","20","20:00","28.0","","15.0","","45","","0.0","","22","","22","","","","98.43","","32","","","","NA"
"-80.80","46.63","SUDBURY CLIMATE","6068145","2021-05-20 21:00","2021","05","20","21:00","27.7","","14.5","","44","","0.0","","21","","28","","","","98.42","","31","","","","NA"
"-80.80","46.63","SUDBURY CLIMATE","6068145","2021-05-20 22:00","2021","05","20","22:00","26.8","","13.3","","43","","0.0","","22","","23","","","","98.42","","30","","","","NA"
"-80.80","46.63","SUDBURY CLIMATE","6068145","2021-05-20 23:00","2021","05","20","23:00","25.4","","13.2","","47","","0.0","","22","","24","","","","98.45","","28","","","","NA"
"-80.80","46.63","SUDBURY CLIMATE","6068145","2021-05-21 00:00","2021","05","21","00:00","23.8","","14.3","","55","","0.0","","22","","24","","","","98.48","","27","","","","NA"
"-80.80","46.63","SUDBURY CLIMATE","6068145","2021-05-21 01:00","2021","05","21","01:00","21.7","","15.0","","65","","0.0","","21","","14","","","","98.52","","26","","","","NA"
"-80.80","46.63","SUDBURY CLIMATE","6068145","2021-05-21 02:00","2021","05","21","02:00","20.5","","14.7","","70","","0.0","","21","","12","","","","98.55","","","","","","NA"
"-80.80","46.63","SUDBURY CLIMATE","6068145","2021-05-21 03:00","2021","05","21","03:00","19.6","","13.9","","70","","0.0","","21","","14","","","","98.56","","","","","","NA"
"-80.80","46.63","SUDBURY CLIMATE","6068145","2021-05-21 04:00","2021","05","21","04:00","18.7","","13.6","","72","","0.0","","21","","12","","","","98.54","","","","","","NA"
"-80.80","46.63","SUDBURY CLIMATE","6068145","2021-05-21 05:00","2021","05","21","05:00","18.8","","13.9","","73","","0.0","","21","","13","","","","98.54","","","","","","NA"
"-80.80","46.63","SUDBURY CLIMATE","6068145","2021-05-21 06:00","2021","05","21","06:00","17.8","","13.7","","77","","0.0","","21","","11","","","","98.54","","","","","","NA"
"-80.80","46.63","SUDBURY CLIMATE","6068145","2021-05-21 07:00","2021","05","21","07:00","17.8","","13.7","","77","","0.0","","23","","9","","","","98.52","","","","","","NA"
"-80.80","46.63","SUDBURY CLIMATE","6068145","2021-05-21 08:00","2021","05","21","08:00","17.8","","13.1","","74","","0.0","","21","","14","","","","98.50","","","","","","NA"
"-80.80","46.63","SUDBURY CLIMATE","6068145","2021-05-21 09:00","2021","05","21","09:00","18.2","","12.9","","71","","0.0","","21","","17","","","","98.47","","","","","","NA"
"-80.80","46.63","SUDBURY CLIMATE","6068145","2021-05-21 10:00","2021","05","21","10:00","17.9","","13.0","","73","","0.0","","20","","15","","","","98.48","","","","","","NA"
"-80.80","46.63","SUDBURY CLIMATE","6068145","2021-05-21 11:00","2021","05","21","11:00","17.5","","13.0","","75","","0.0","","21","","14","","","","98.54","","","","","","NA"
"-80.80","46.63","SUDBURY CLIMATE","6068145","2021-05-21 12:00","2021","05","21","12:00","18.5","","13.3","","72","","0.0","","21","","12","","","","98.57","","","","","","NA"
"-80.80","46.63","SUDBURY CLIMATE","6068145","2021-05-21 13:00","2021","05","21","13:00","19.7","","13.4","","67","","0.0","","23","","11","","","","98.58","","","","","","NA"
"-80.80","46.63","SUDBURY CLIMATE","6068145","2021-05-21 14:00","2021","05","21","14:00","23.0","","14.0","","57","","0.0","","22","","13","","","","98.56","","26","","","","NA"
"-80.80","46.63","SUDBURY CLIMATE","6068145","2021-05-21 15:00","2021","05","21","15:00","25.8","","15.0","","51","","0.0","","23","","14","","","","98.55","","30","","","","NA"
"-80.80","46.63","SUDBURY CLIMATE","6068145","2021-05-21 16:00","2021","05","21","16:00","27.5","","14.6","","45","","0.0","","24","","17","","","","98.51","","31","","","","NA"
"-80.80","46.63","SUDBURY CLIMATE","6068145","2021-05-21 17:00","2021","05","21","17:00","27.7","","15.1","","46","","0.0","","24","","22","","","","98.49","","32","","","","NA"
"-80.80","46.63","SUDBURY CLIMATE","6068145","2021-05-21 18:00","2021","05","21","18:00","28.1","","15.2","","45","","0.0","","23","","26","","","","98.47","","32","","","","NA"
"-80.80","46.63","SUDBURY CLIMATE","6068145","2021-05-21 19:00","2021","05","21","19:00","27.7","","14.8","","45","","0.0","","24","","27","","","","98.46","","32","","","","NA"
"-80.80","46.63","SUDBURY CLIMATE","6068145","2021-05-21 20:00","2021","05","21","20:00","28.3","","14.2","","42","","0.0","","23","","25","","","","98.39","","32","","","","NA"
"-80.80","46.63","SUDBURY CLIMATE","6068145","2021-05-21 21:00","2021","05","21","21:00","28.5","","14.7","","43","","0.0","","22","","25","","","","98.35","","32","","","","NA"
"-80.80","46.63","SUDBURY CLIMATE","6068145","2021-05-21 22:00","2021","05","21","22:00","27.1","","14.8","","47","","0.0","","23","","19","","","","98.34","","31","","","","NA"
"-80.80","46.63","SUDBURY CLIMATE","6068145","2021-05-21 23:00","2021","05","21","23:00","25.6","","15.0","","52","","0.0","","21","","23","","","","98.36","","30","","","","NA"
"-80.80","46.63","SUDBURY CLIMATE","6068145","2021-05-22 00:00","2021","05","22","00:00","23.3","","14.9","","59","","0.0","","21","","22","","","","98.36","","27","","","","NA"
"-80.80","46.63","SUDBURY CLIMATE","6068145","2021-05-22 01:00","2021","05","22","01:00","21.7","","14.4","","63","","0.0","","21","","19","","","","98.33","","25","","","","NA"
"-80.80","46.63","SUDBURY CLIMATE","6068145","2021-05-22 02:00","2021","05","22","02:00","20.5","","14.3","","67","","0.0","","20","","17","","","","98.30","","","","","","NA"
"-80.80","46.63","SUDBURY CLIMATE","6068145","2021-05-22 03:00","2021","05","22","03:00","19.2","","14.3","","73","","0.0","","21","","14","","","","98.29","","","","","","NA"
"-80.80","46.63","SUDBURY CLIMATE","6068145","2021-05-22 04:00","2021","05","22","04:00","18.3","","14.4","","78","","0.0","","23","","3","","","","98.27","","","","","","NA"
"-80.80","46.63","SUDBURY CLIMATE","6068145","2021-05-22 05:00","2021","05","22","05:00","18.5","","14.6","","78","","0.0","","24","","4","","","","98.27","","","","","","NA"
"-80.80","46.63","SUDBURY CLIMATE","6068145","2021-05-22 06:00","2021","05","22","06:00","18.5","","14.6","","78","","0.0","","24","","7","","","","98.23","","","","","","NA"
"-80.80","46.63","SUDBURY CLIMATE","6068145","2021-05-22 07:00","2021","05","22","07:00","18.3","","14.5","","79","","0.0","","24","","8","","","","98.15","","","","","","NA"
"-80.80","46.63","SUDBURY CLIMATE","6068145","2021-05-22 08:00","2021","05","22","08:00","18.1","","14.8","","81","","0.0","","26","","6","","","","98.12","","","","","","NA"
"-80.80","46.63","SUDBURY CLIMATE","6068145","2021-05-22 09:00","2021","05","22","09:00","17.3","","15.2","","87","","0.0","","24","","10","","","","98.12","","","","","","NA"
"-80.80","46.63","SUDBURY CLIMATE","6068145","2021-05-22 10:00","2021","05","22","10:00","17.0","","15.7","","92","","0.0","","24","","9","","","","98.12","","","","","","NA"
"-80.80","46.63","SUDBURY CLIMATE","6068145","2021-05-22 11:00","2021","05","22","11:00","17.4","","16.2","","93","","0.0","","24","","10","","","","98.15","","","","","","NA"
"-80.80","46.63","SUDBURY CLIMATE","6068145","2021-05-22 12:00","2021","05","22","12:00","18.0","","16.4","","90","","0.0","","23","","17","","","","98.15","","","","","","NA"
"-80.80","46.63","SUDBURY CLIMATE","6068145","2021-05-22 13:00","2021","05","22","13:00","18.6","","16.8","","89","","0.0","","25","","13","","","","98.14","","","","","","NA"
"-80.80","46.63","SUDBURY CLIMATE","6068145","2021-05-22 14:00","2021","05","22","14:00","19.4","","17.0","","86","","0.0","","26","","12","","","","98.12","","","","","","NA"
"-80.80","46.63","SUDBURY CLIMATE","6068145","2021-05-22 15:00","2021","05","22","15:00","20.4","","17.4","","83","","0.0","","27","","12","","","","98.07","","26","","","","NA"
"-80.80","46.63","SUDBURY CLIMATE","6068145","2021-05-22 16:00","2021","05","22","16:00","22.9","","17.3","","71","","0.0","","26","","14","","","","98.02","","28","","","","NA"
"-80.80","46.63","SUDBURY CLIMATE","6068145","2021-05-22 17:00","2021","05","22","17:00","22.5","","16.9","","70","","0.0","","28","","8","","","","97.96","","28","","","","NA"
"-80.80","46.63","SUDBURY CLIMATE","6068145","2021-05-22 18:00","2021","05","22","18:00","23.3","","18.8","","76","","1.8","","28","","7","","","","97.92","","30","","","","NA"
"-80.80","46.63","SUDBURY CLIMATE","6068145","2021-05-22 19:00","2021","05","22","19:00","25.4","","17.1","","60","","0.0","","29","","10","","","","97.85","","31","","","","NA"
"-80.80","46.63","SUDBURY CLIMATE","6068145","2021-05-22 20:00","2021","05","22","20:00","26.2","","16.4","","55","","0.0","","27","","11","","","","97.77","","31","","","","NA"
"-80.80","46.63","SUDBURY CLIMATE","6068145","2021-05-22 21:00","2021","05","22","21:00","26.6","","15.8","","52","","0.0","","24","","13","","","","97.71","","31","","","","NA"
"-80.80","46.63","SUDBURY CLIMATE","6068145","2021-05-22 22:00","2021","05","22","22:00","26.3","","18.2","","61","","0.0","","23","","21","","","","97.69","","32","","","","NA"
"-80.80","46.63","SUDBURY CLIMATE","6068145","2021-05-22 23:00","2021","05","22","23:00","25.9","","18.3","","63","","0.0","","21","","23","","","","97.62","","32","","","","NA"
"-80.80","46.63","SUDBURY CLIMATE","6068145","2021-05-23 00:00","2021","05","23","00:00","24.7","","18.1","","67","","0.0","","23","","21","","","","97.57","","31","","","","NA"
"-80.80","46.63","SUDBURY CLIMATE","6068145","2021-05-23 01:00","2021","05","23","01:00","22.6","","18.0","","75","","0.0","","24","","20","","","","97.57","","29","","","","NA"
"-80.80","46.63","SUDBURY CLIMATE","6068145","2021-05-23 02:00","2021","05","23","02:00","21.4","","18.1","","81","","0.0","","24","","13","","","","97.55","","27","","","","NA"
"-80.80","46.63","SUDBURY CLIMATE","6068145","2021-05-23 03:00","2021","05","23","03:00","20.2","","17.9","","87","","0.0","","26","","9","","","","97.54","","26","","","","NA"
"-80.80","46.63","SUDBURY CLIMATE","6068145","2021-05-23 04:00","2021","05","23","04:00","19.6","","17.9","","90","","0.0","","26","","8","","","","97.57","","","","","","NA"
"-80.80","46.63","SUDBURY CLIMATE","6068145","2021-05-23 05:00","2021","05","23","05:00","19.6","","17.9","","90","","0.0","","26","","9","","","","97.49","","","","","","NA"
"-80.80","46.63","SUDBURY CLIMATE","6068145","2021-05-23 06:00","2021","05","23","06:00","20.0","","18.1","","89","","0.0","","27","","8","","","","97.43","","26","","","","NA"
"-80.80","46.63","SUDBURY CLIMATE","6068145","2021-05-23 07:00","2021","05","23","07:00","13.7","","11.5","","87","","0.0","","1","","19","","","","97.66","","","","","","NA"
"-80.80","46.63","SUDBURY CLIMATE","6068145","2021-05-23 08:00","2021","05","23","08:00","10.7","","10.0","","96","","2.4","","1","","25","","","","97.58","","","","","","NA"
"-80.80","46.63","SUDBURY CLIMATE","6068145","2021-05-23 09:00","2021","05","23","09:00","7.9","","6.7","","92","","0.0","","1","","25","","","","97.78","","","","","","NA"
"-80.80","46.63","SUDBURY CLIMATE","6068145","2021-05-23 10:00","2021","05","23","10:00","6.3","","4.0","","85","","0.0","","2","","29","","","","97.93","","","","","","NA"
"-80.80","46.63","SUDBURY CLIMATE","6068145","2021-05-23 11:00","2021","05","23","11:00","5.3","","4.0","","91","","0.0","","3","","23","","","","98.08","","","","","","NA"
"-80.80","46.63","SUDBURY CLIMATE","6068145","2021-05-23 12:00","2021","05","23","12:00","5.5","","3.3","","85","","0.0","","3","","24","","","","98.17","","","","","","NA"
"-80.80","46.63","SUDBURY CLIMATE","6068145","2021-05-23 13:00","2021","05","23","13:00","5.2","","2.5","","83","","0.0","","2","","25","","","","98.24","","","","","","NA"
"-80.80","46.63","SUDBURY CLIMATE","6068145","2021-05-23 14:00","2021","05","23","14:00","5.7","","2.9","","83","","0.0","","3","","23","","","","98.34","","","","","","NA"
"-80.80","46.63","SUDBURY CLIMATE","6068145","2021-05-23 15:00","2021","05","23","15:00","6.8","","2.7","","75","","0.0","","3","","27","","","","98.36","","","","","","NA"
"-80.80","46.63","SUDBURY CLIMATE","6068145","2021-05-23 16:00","2021","05","23","16:00","8.9","","2.4","","64","","0.0","","3","","22","","","","98.39","","","","","","NA"
"-80.80","46.63","SUDBURY CLIMATE","6068145","2021-05-23 17:00","2021","05","23","17:00","11.4","","1.7","","51","","0.0","","3","","23","","","","98.39","","","","","","NA"
"-80.80","46.63","SUDBURY CLIMATE","6068145","2021-05-23 18:00","2021","05","23","18:00","12.6","","-1.5","","38","","0.0","","3","","22","","","","98.35","","","","","","NA"
"-80.80","46.63","SUDBURY CLIMATE","6068145","2021-05-23 19:00","2021","05","23","19:00","13.6","","-1.2","","36","","0.0","","3","","23","","","","98.36","","","","","","NA"
"-80.80","46.63","SUDBURY CLIMATE","6068145","2021-05-23 20:00","2021","05","23","20:00","14.6","","0.2","","37","","0.0","","3","","19","","","","98.34","","","","","","NA"
"-80.80","46.63","SUDBURY CLIMATE","6068145","2021-05-23 21:00","2021","05","23","21:00","14.7","","-1.9","","32","","0.0","","4","","17","","","","98.31","","","","","","NA"
"-80.80","46.63","SUDBURY CLIMATE","6068145","2021-05-23 22:00","2021","05","23","22:00","14.9","","-1.7","","32","","0.0","","4","","18","","","","98.30","","","","","","NA"
"-80.80","46.63","SUDBURY CLIMATE","6068145","2021-05-23 23:00","2021","05","23","23:00","14.8","","-1.5","","33","","0.0","","6","","17","","","","98.32","","","","","","NA"
"-80.80","46.63","SUDBURY CLIMATE","6068145","2021-05-24 00:00","2021","05","24","00:00","13.6","","-1.7","","35","","0.0","","6","","15","","","","98.33","","","","","","NA"
"-80.80","46.63","SUDBURY CLIMATE","6068145","2021-05-24 01:00","2021","05","24","01:00","10.8","","-0.5","","45","","0.0","","6","","10","","","","98.36","","","","","","NA"
"-80.80","46.63","SUDBURY CLIMATE","6068145","2021-05-24 02:00","2021","05","24","02:00","9.0","","-0.2","","53","","0.0","","6","","8","","","","98.38","","","","","","NA"
"-80.80","46.63","SUDBURY CLIMATE","6068145","2021-05-24 03:00","2021","05","24","03:00","7.6","","0.2","","59","","0.0","","5","","8","","","","98.41","","","","","","NA"
"-80.80","46.63","SUDBURY CLIMATE","6068145","2021-05-24 04:00","2021","05","24","04:00","6.4","","0.1","","64","","0.0","","5","","9","","","","98.41","","","","","","NA"
"-80.80","46.63","SUDBURY CLIMATE","6068145","2021-05-24 05:00","2021","05","24","05:00","6.0","","0.6","","68","","0.0","","4","","9","","","","98.38","","","","","","NA"
"-80.80","46.63","SUDBURY CLIMATE","6068145","2021-05-24 06:00","2021","05","24","06:00","4.6","","0.5","","75","","0.0","","4","","9","","","","98.37","","","","","","NA"
"-80.80","46.63","SUDBURY CLIMATE","6068145","2021-05-24 07:00","2021","05","24","07:00","4.1","","0.8","","79","","0.0","","5","","11","","","","98.35","","","","","","NA"
"-80.80","46.63","SUDBURY CLIMATE","6068145","2021-05-24 08:00","2021","05","24","08:00","4.1","","0.9","","80","","0.0","","5","","10","","","","98.39","","","","","","NA"
"-80.80","46.63","SUDBURY CLIMATE","6068145","2021-05-24 09:00","2021","05","24","09:00","3.8","","0.9","","81","","0.0","","6","","10","","","","98.39","","","","","","NA"
"-80.80","46.63","SUDBURY CLIMATE","6068145","2021-05-24 10:00","2021","05","24","10:00","4.2","","0.9","","79","","0.0","","7","","12","","","","98.40","","","","","","NA"
"-80.80","46.63","SUDBURY CLIMATE","6068145","2021-05-24 11:00","2021","05","24","11:00","5.9","","0.5","","69","","0.0","","7","","11","","","","98.41","","","","","","NA"
"-80.80","46.63","SUDBURY CLIMATE","6068145","2021-05-24 12:00","2021","05","24","12:00","8.3","","1.6","","62","","0.0","","11","","10","","","","98.42","","","","","","NA"
"-80.80","46.63","SUDBURY CLIMATE","6068145","2021-05-24 13:00","2021","05","24","13:00","10.7","","1.9","","55","","0.0","","14","","15","","","","98.39","","","","","","NA"
"-80.80","46.63","SUDBURY CLIMATE","6068145","2021-05-24 14:00","2021","05","24","14:00","12.8","","1.5","","46","","0.0","","17","","12","","","","98.34","","","","","","NA"
"-80.80","46.63","SUDBURY CLIMATE","6068145","2021-05-24 15:00","2021","05","24","15:00","14.2","","1.1","","41","","0.0","","17","","14","","","","98.24","","","","","","NA"
"-80.80","46.63","SUDBURY CLIMATE","6068145","2021-05-24 16:00","2021","05","24","16:00","15.9","","1.0","","36","","0.0","","23","","12","","","","98.18","","","","","","NA"
"-80.80","46.63","SUDBURY CLIMATE","6068145","2021-05-24 17:00","2021","05","24","17:00","17.4","","1.4","","34","","0.0","","24","","14","","","","98.11","","","","","","NA"
"-80.80","46.63","SUDBURY CLIMATE","6068145","2021-05-24 18:00","2021","05","24","18:00","18.9","","1.9","","32","","0.0","","20","","16","","","","98.01","","","","","","NA"
"-80.80","46.63","SUDBURY CLIMATE","6068145","2021-05-24 19:00","2021","05","24","19:00","20.0","","0.7","","28","","0.0","","22","","23","","","","97.92","","","","","","NA"
"-80.80","46.63","SUDBURY CLIMATE","6068145","2021-05-24 20:00","2021","05","24","20:00","20.5","","1.5","","28","","0.0","","22","","22","","","","97.87","","","","","","NA"
"-80.80","46.63","SUDBURY CLIMATE","6068145","2021-05-24 21:00","2021","05","24","21:00","20.7","","1.6","","28","","0.0","","23","","22","","","","97.78","","","","","","NA"
"-80.80","46.63","SUDBURY CLIMATE","6068145","2021-05-24 22:00","2021","05","24","22:00","20.0","","4.8","","37","","0.0","","23","","22","","","","97.76","","","","","","NA"
"-80.80","46.63","SUDBURY CLIMATE","6068145","2021-05-24 23:00","2021","05","24","23:00","19.2","","7.0","","45","","0.0","","23","","23","","","","97.70","","","","","","NA"
"-80.80","46.63","SUDBURY CLIMATE","6068145","2021-05-25 00:00","2021","05","25","00:00","17.6","","7.4","","51","","0.0","","21","","23","","","","97.68","","","","","","NA"
"-80.80","46.63","SUDBURY CLIMATE","6068145","2021-05-25 01:00","2021","05","25","01:00","16.3","","7.8","","57","","0.0","","21","","19","","","","97.65","","","","","","NA"
"-80.80","46.63","SUDBURY CLIMATE","6068145","2021-05-25 02:00","2021","05","25","02:00","15.0","","8.2","","63","","0.0","","21","","19","","","","97.62","","","","","","NA"
"-80.80","46.63","SUDBURY CLIMATE","6068145","2021-05-25 03:00","2021","05","25","03:00","14.3","","8.2","","66","","0.0","","21","","18","","","","97.59","","","","","","NA"
"-80.80","46.63","SUDBURY CLIMATE","6068145","2021-05-25 04:00","2021","05","25","04:00","13.9","","7.5","","65","","0.0","","21","","16","","","","97.54","","","","","","NA"
"-80.80","46.63","SUDBURY CLIMATE","6068145","2021-05-25 05:00","2021","05","25","05:00","14.0","","7.2","","64","","0.0","","21","","15","","","","97.48","","","","","","NA"
"-80.80","46.63","SUDBURY CLIMATE","6068145","2021-05-25 06:00","2021","05","25","06:00","13.7","","7.3","","65","","0.0","","22","","14","","","","97.40","","","","","","NA"
"-80.80","46.63","SUDBURY CLIMATE","6068145","2021-05-25 07:00","2021","05","25","07:00","13.0","","7.6","","70","","0.0","","21","","16","","","","97.34","","","","","","NA"
"-80.80","46.63","SUDBURY CLIMATE","6068145","2021-05-25 08:00","2021","05","25","08:00","13.3","","8.6","","73","","0.0","","20","","19","","","","97.27","","","","","","NA"
"-80.80","46.63","SUDBURY CLIMATE","6068145","2021-05-25 09:00","2021","05","25","09:00","12.6","","10.4","","87","","0.8","","20","","20","","","","97.21","","","","","","NA"
"-80.80","46.63","SUDBURY CLIMATE","6068145","2021-05-25 10:00","2021","05","25","10:00","12.7","","11.8","","94","","0.9","","20","","19","","","","97.14","","","","","","NA"
"-80.80","46.63","SUDBURY CLIMATE","6068145","2021-05-25 11:00","2021","05","25","11:00","13.1","","12.8","","98","","10.5","","20","","16","","","","97.16","","","","","","NA"
"-80.80","46.63","SUDBURY CLIMATE","6068145","2021-05-25 12:00","2021","05","25","12:00","14.1","","13.9","","99","","1.5","","22","","20","","","","97.13","","","","","","NA"
"-80.80","46.63","SUDBURY CLIMATE","6068145","2021-05-25 13:00","2021","05","25","13:00","15.1","","14.9","","99","","1.0","","22","","18","","","","97.10","","","","","","NA"
"-80.80","46.63","SUDBURY CLIMATE","6068145","2021-05-25 14:00","2021","05","25","14:00","17.1","","16.9","","98","","0.1","","23","","17","","","","97.06","","","","","","NA"
"-80.80","46.63","SUDBURY CLIMATE","6068145","2021-05-25 15:00","2021","05","25","15:00","18.9","","18.0","","94","","0.2","","22","","21","","","","97.03","","","","","","NA"
"-80.80","46.63","SUDBURY CLIMATE","6068145","2021-05-25 16:00","2021","05","25","16:00","21.5","","18.5","","83","","0.0","","25","","16","","","","97.02","","28","","","","NA"
"-80.80","46.63","SUDBURY CLIMATE","6068145","2021-05-25 17:00","2021","05","25","17:00","22.9","","18.7","","77","","0.0","","22","","21","","","","96.98","","29","","","","NA"
"-80.80","46.63","SUDBURY CLIMATE","6068145","2021-05-25 18:00","2021","05","25","18:00","24.8","","18.7","","69","","0.0","","23","","26","","","","96.94","","31","","","","NA"
"-80.80","46.63","SUDBURY CLIMATE","6068145","2021-05-25 19:00","2021","05","25","19:00","24.9","","17.9","","65","","0.0","","23","","26","","","","96.91","","31","","","","NA"
"-80.80","46.63","SUDBURY CLIMATE","6068145","2021-05-25 20:00","2021","05","25","20:00","24.2","","17.7","","67","","0.0","","23","","28","","","","96.87","","30","","","","NA"
"-80.80","46.63","SUDBURY CLIMATE","6068145","2021-05-25 21:00","2021","05","25","21:00","24.9","","17.7","","64","","0.0","","21","","30","","","","96.81","","31","","","","NA"
"-80.80","46.63","SUDBURY CLIMATE","6068145","2021-05-25 22:00","2021","05","25","22:00","24.1","","17.6","","67","","0.0","","20","","27","","","","96.76","","30","","","","NA"
"-80.80","46.63","SUDBURY CLIMATE","6068145","2021-05-25 23:00","2021","05","25","23:00","23.2","","17.3","","69","","0.0","","21","","20","","","","96.72","","29","","","","NA"
"-80.80","46.63","SUDBURY CLIMATE","6068145","2021-05-26 00:00","2021","05","26","00:00","22.1","","17.2","","74","","0.6","","22","","20","","","","96.70","","28","","","","NA"
"-80.80","46.63","SUDBURY CLIMATE","6068145","2021-05-26 01:00","2021","05","26","01:00","20.7","","16.4","","76","","0.0","","21","","19","","","","96.67","","26","","","","NA"
"-80.80","46.63","SUDBURY CLIMATE","6068145","2021-05-26 02:00","2021","05","26","02:00","20.0","","15.9","","77","","0.0","","21","","19","","","","96.69","","25","","","","NA"
"-80.80","46.63","SUDBURY CLIMATE","6068145","2021-05-26 03:00","2021","05","26","03:00","19.1","","15.8","","81","","0.0","","20","","18","","","","96.69","","","","","","NA"
"-80.80","46.63","SUDBURY CLIMATE","6068145","2021-05-26 04:00","2021","05","26","04:00","18.2","","15.0","","82","","0.0","","21","","16","","","","96.66","","","","","","NA"
"-80.80","46.63","SUDBURY CLIMATE","6068145","2021-05-26 05:00","2021","05","26","05:00","16.7","","14.4","","87","","0.0","","19","","17","","","","96.61","","","","","","NA"
"-80.80","46.63","SUDBURY CLIMATE","6068145","2021-05-26 06:00","2021","05","26","06:00","16.3","","14.0","","86","","0.0","","21","","18","","","","96.55","","","","","","NA"
"-80.80","46.63","SUDBURY CLIMATE","6068145","2021-05-26 07:00","2021","05","26","07:00","16.4","","14.0","","86","","0.0","","21","","18","","","","96.50","","","","","","NA"
"-80.80","46.63","SUDBURY CLIMATE","6068145","2021-05-26 08:00","2021","05","26","08:00","18.0","","14.7","","81","","0.0","","22","","21","","","","96.40","","","","","","NA"
"-80.80","46.63","SUDBURY CLIMATE","6068145","2021-05-26 09:00","2021","05","26","09:00","17.4","","14.9","","85","","0.0","","21","","17","","","","96.36","","","","","","NA"
"-80.80","46.63","SUDBURY CLIMATE","6068145","2021-05-26 10:00","2021","05","26","10:00","16.7","","14.1","","85","","0.0","","21","","19","","","","96.39","","","","","","NA"
"-80.80","46.63","SUDBURY CLIMATE","6068145","2021-05-26 11:00","2021","05","26","11:00","15.5","","13.3","","86","","0.0","","20","","24","","","","96.40","","","","","","NA"
"-80.80","46.63","SUDBURY CLIMATE","6068145","2021-05-26 12:00","2021","05","26","12:00","15.6","","13.1","","85","","0.0","","22","","21","","","","96.44","","","","","","NA"
"-80.80","46.63","SUDBURY CLIMATE","6068145","2021-05-26 13:00","2021","05","26","13:00","16.6","","12.7","","78","","0.0","","23","","26","","","","96.46","","","","","","NA"
"-80.80","46.63","SUDBURY CLIMATE","6068145","2021-05-26 14:00","2021","05","26","14:00","16.7","","12.7","","77","","0.0","","24","","25","","","","96.45","","","","","","NA"
"-80.80","46.63","SUDBURY CLIMATE","6068145","2021-05-26 15:00","2021","05","26","15:00","17.4","","13.0","","75","","0.0","","24","","24","","","","96.45","","","","","","NA"
"-80.80","46.63","SUDBURY CLIMATE","6068145","2021-05-26 16:00","2021","05","26","16:00","18.8","","12.5","","67","","0.0","","23","","28","","","","96.47","","","","","","NA"
"-80.80","46.63","SUDBURY CLIMATE","6068145","2021-05-26 17:00","2021","05","26","17:00","20.8","","13.2","","62","","0.0","","23","","26","","","","96.46","","","","","","NA"
"-80.80","46.63","SUDBURY CLIMATE","6068145","2021-05-26 18:00","2021","05","26","18:00","21.3","","9.7","","48","","0.0","","25","","23","","","","96.47","","","","","","NA"
"-80.80","46.63","SUDBURY CLIMATE","6068145","2021-05-26 19:00","2021","05","26","19:00","21.9","","8.2","","41","","0.0","","26","","23","","","","96.53","","","","","","NA"
"-80.80","46.63","SUDBURY CLIMATE","6068145","2021-05-26 20:00","2021","05","26","20:00","20.3","","8.2","","46","","0.0","","27","","21","","","","96.59","","","","","","NA"
"-80.80","46.63","SUDBURY CLIMATE","6068145","2021-05-26 21:00","2021","05","26","21:00","20.4","","8.2","","45","","0.0","","27","","17","","","","96.64","","","","","","NA"
"-80.80","46.63","SUDBURY CLIMATE","6068145","2021-05-26 22:00","2021","05","26","22:00","19.1","","8.0","","48","","0.0","","29","","14","","","","96.75","","","","","","NA"
"-80.80","46.63","SUDBURY CLIMATE","6068145","2021-05-26 23:00","2021","05","26","23:00","15.5","","8.7","","64","","0.0","","33","","22","","","","96.94","","","","","","NA"
"-80.80","46.63","SUDBURY CLIMATE","6068145","2021-05-27 00:00","2021","05","27","00:00","12.6","","6.6","","67","","0.0","","33","","18","","","","97.11","","","","","","NA"
"-80.80","46.63","SUDBURY CLIMATE","6068145","2021-05-27 01:00","2021","05","27","01:00","10.9","","4.2","","63","","0.0","","35","","13","","","","97.25","","","","","","NA"
"-80.80","46.63","SUDBURY CLIMATE","6068145","2021-05-27 02:00","2021","05","27","02:00","9.8","","1.2","","55","","0.0","","35","","22","","","","97.37","","","","","","NA"
"-80.80","46.63","SUDBURY CLIMATE","6068145","2021-05-27 03:00","2021","05","27","03:00","6.8","","-0.3","","61","","0.0","","36","","20","","","","97.54","","","","","","NA"
"-80.80","46.63","SUDBURY CLIMATE","6068145","2021-05-27 04:00","2021","05","27","04:00","5.3","","-1.3","","63","","0.0","","36","","19","","","","97.63","","","","","","NA"
"-80.80","46.63","SUDBURY CLIMATE","6068145","2021-05-27 05:00","2021","05","27","05:00","4.6","","-1.5","","64","","0.0","","2","","14","","","","97.77","","","","","","NA"
"-80.80","46.63","SUDBURY CLIMATE","6068145","2021-05-27 06:00","2021","05","27","06:00","4.3","","-2.1","","63","","0.0","","1","","17","","","","97.84","","","","","","NA"
"-80.80","46.63","SUDBURY CLIMATE","6068145","2021-05-27 07:00","2021","05","27","07:00","3.5","","-3.3","","61","","0.0","","36","","17","","","","97.89","","","","","","NA"
"-80.80","46.63","SUDBURY CLIMATE","6068145","2021-05-27 08:00","2021","05","27","08:00","2.8","","-3.9","","62","","0.0","","36","","15","","","","97.87","","","","","","NA"
"-80.80","46.63","SUDBURY CLIMATE","6068145","2021-05-27 09:00","2021","05","27","09:00","2.7","","-3.7","","63","","0.0","","36","","11","","","","97.95","","","","","","NA"
"-80.80","46.63","SUDBURY CLIMATE","6068145","2021-05-27 10:00","2021","05","27","10:00","2.6","","-4.5","","60","","0.0","","36","","17","","","","97.98","","","","","","NA"
"-80.80","46.63","SUDBURY CLIMATE","6068145","2021-05-27 11:00","2021","05","27","11:00","2.7","","-4.4","","60","","0.0","","36","","12","","","","98.08","","","","","","NA"
"-80.80","46.63","SUDBURY CLIMATE","6068145","2021-05-27 12:00","2021","05","27","12:00","2.4","","-5.8","","55","","0.0","","35","","14","","","","98.16","","","","","","NA"
"-80.80","46.63","SUDBURY CLIMATE","6068145","2021-05-27 13:00","2021","05","27","13:00","3.3","","-5.2","","54","","0.0","","36","","12","","","","98.20","","","","","","NA"
"-80.80","46.63","SUDBURY CLIMATE","6068145","2021-05-27 14:00","2021","05","27","14:00","3.9","","-5.4","","51","","0.0","","34","","12","","","","98.19","","","","","","NA"
"-80.80","46.63","SUDBURY CLIMATE","6068145","2021-05-27 15:00","2021","05","27","15:00","4.5","","-4.8","","51","","0.0","","3","","17","","","","98.22","","","","","","NA"
"-80.80","46.63","SUDBURY CLIMATE","6068145","2021-05-27 16:00","2021","05","27","16:00","5.6","","-4.6","","48","","0.0","","4","","16","","","","98.25","","","","","","NA"
"-80.80","46.63","SUDBURY CLIMATE","6068145","2021-05-27 17:00","2021","05","27","17:00","6.2","","-4.6","","46","","0.0","","5","","22","","","","98.19","","","","","","NA"
"-80.80","46.63","SUDBURY CLIMATE","6068145","2021-05-27 18:00","2021","05","27","18:00","7.7","","-3.8","","44","","0.0","","3","","9","","","","98.18","","","","","","NA"
"-80.80","46.63","SUDBURY CLIMATE","6068145","2021-05-27 19:00","2021","05","27","19:00","8.6","","-2.9","","44","","0.0","","5","","16","","","","98.16","","","","","","NA"
"-80.80","46.63","SUDBURY CLIMATE","6068145","2021-05-27 20:00","2021","05","27","20:00","9.5","","-3.3","","41","","0.0","","5","","17","","","","98.10","","","","","","NA"
"-80.80","46.63","SUDBURY CLIMATE","6068145","2021-05-27 21:00","2021","05","27","21:00","9.7","","-4.2","","37","","0.0","","5","","19","","","","98.05","","","","","","NA"
"-80.80","46.63","SUDBURY CLIMATE","6068145","2021-05-27 22:00","2021","05","27","22:00","9.3","","-5.3","","35","","0.0","","5","","18","","","","98.06","","","","","","NA"
"-80.80","46.63","SUDBURY CLIMATE","6068145","2021-05-27 23:00","2021","05","27","23:00","9.1","","-5.1","","36","","0.0","","5","","17","","","","98.06","","","","","","NA"
"-80.80","46.63","SUDBURY CLIMATE","6068145","2021-05-28 00:00","2021","05","28","00:00","7.7","","-5.0","","40","","0.0","","2","","14","","","","98.08","","","","","","NA"
"-80.80","46.63","SUDBURY CLIMATE","6068145","2021-05-28 01:00","2021","05","28","01:00","5.8","","-4.7","","47","","0.0","","2","","13","","","","98.14","","","","","","NA"
"-80.80","46.63","SUDBURY CLIMATE","6068145","2021-05-28 02:00","2021","05","28","02:00","4.6","","-3.7","","55","","0.0","","2","","13","","","","98.21","","","","","","NA"
"-80.80","46.63","SUDBURY CLIMATE","6068145","2021-05-28 03:00","2021","05","28","03:00","4.2","","-3.9","","56","","0.0","","3","","16","","","","98.26","","","","","","NA"
"-80.80","46.63","SUDBURY CLIMATE","6068145","2021-05-28 04:00","2021","05","28","04:00","3.3","","-5.0","","54","","0.0","","4","","22","","","","98.24","","","","","","NA"
"-80.80","46.63","SUDBURY CLIMATE","6068145","2021-05-28 05:00","2021","05","28","05:00","3.0","","-5.8","","53","","0.0","","4","","18","","","","98.29","","","","","","NA"
"-80.80","46.63","SUDBURY CLIMATE","6068145","2021-05-28 06:00","2021","05","28","06:00","2.2","","-5.1","","58","","0.0","","4","","10","","","","98.32","","","","","","NA"
"-80.80","46.63","SUDBURY CLIMATE","6068145","2021-05-28 07:00","2021","05","28","07:00","2.0","","-5.1","","59","","0.0","","5","","11","","","","98.29","","","","","","NA"
"-80.80","46.63","SUDBURY CLIMATE","6068145","2021-05-28 08:00","2021","05","28","08:00","2.0","","-5.0","","60","","0.0","","4","","10","","","","98.27","","","","","","NA"
"-80.80","46.63","SUDBURY CLIMATE","6068145","2021-05-28 09:00","2021","05","28","09:00","0.8","","-4.4","","68","","0.0","","6","","9","","","","98.28","","","","","","NA"
"-80.80","46.63","SUDBURY CLIMATE","6068145","2021-05-28 10:00","2021","05","28","10:00","0.5","","-3.9","","73","","0.0","","4","","7","","","","98.32","","","","","","NA"
"-80.80","46.63","SUDBURY CLIMATE","6068145","2021-05-28 11:00","2021","05","28","11:00","2.3","","-3.5","","66","","0.0","","6","","10","","","","98.36","","","","","","NA"
"-80.80","46.63","SUDBURY CLIMATE","6068145","2021-05-28 12:00","2021","05","28","12:00","3.6","","-5.0","","53","","0.0","","7","","14","","","","98.38","","","","","","NA"
"-80.80","46.63","SUDBURY CLIMATE","6068145","2021-05-28 13:00","2021","05","28","13:00","5.0","","-4.5","","50","","0.0","","4","","17","","","","98.38","","","","","","NA"
"-80.80","46.63","SUDBURY CLIMATE","6068145","2021-05-28 14:00","2021","05","28","14:00","5.6","","-6.2","","42","","0.0","","5","","24","","","","98.32","","","","","","NA"
"-80.80","46.63","SUDBURY CLIMATE","6068145","2021-05-28 15:00","2021","05","28","15:00","6.8","","-5.9","","40","","0.0","","3","","21","","","","98.28","","","","","","NA"
"-80.80","46.63","SUDBURY CLIMATE","6068145","2021-05-28 16:00","2021","05","28","16:00","7.5","","-7.0","","35","","0.0","","4","","24","","","","98.23","","","","","","NA"
"-80.80","46.63","SUDBURY CLIMATE","6068145","2021-05-28 17:00","2021","05","28","17:00","8.8","","-6.7","","33","","0.0","","4","","22","","","","98.21","","","","","","NA"
"-80.80","46.63","SUDBURY CLIMATE","6068145","2021-05-28 18:00","2021","05","28","18:00","9.5","","-7.3","","30","","0.0","","3","","20","","","","98.15","","","","","","NA"
"-80.80","46.63","SUDBURY CLIMATE","6068145","2021-05-28 19:00","2021","05","28","19:00","10.9","","-6.1","","30","","0.0","","2","","19","","","","98.10","","","","","","NA"
"-80.80","46.63","SUDBURY CLIMATE","6068145","2021-05-28 20:00","2021","05","28","20:00","11.6","","-6.7","","27","","0.0","","5","","18","","","","98.04","","","","","","NA"
"-80.80","46.63","SUDBURY CLIMATE","6068145","2021-05-28 21:00","2021","05","28","21:00","12.2","","-6.1","","27","","0.0","","4","","21","","","","97.96","","","","","","NA"
"-80.80","46.63","SUDBURY CLIMATE","6068145","2021-05-28 22:00","2021","05","28","22:00","12.8","","-5.6","","27","","0.0","","6","","20","","","","97.93","","","","","","NA"
"-80.80","46.63","SUDBURY CLIMATE","6068145","2021-05-28 23:00","2021","05","28","23:00","12.6","","-5.6","","28","","0.0","","6","","20","","","","97.91","","","","","","NA"
"-80.80","46.63","SUDBURY CLIMATE","6068145","2021-05-29 00:00","2021","05","29","00:00","11.9","","-6.4","","27","","0.0","","5","","21","","","","97.93","","","","","","NA"
"-80.80","46.63","SUDBURY CLIMATE","6068145","2021-05-29 01:00","2021","05","29","01:00","9.3","","-4.7","","37","","0.0","","5","","12","","","","97.96","","","","","","NA"
"-80.80","46.63","SUDBURY CLIMATE","6068145","2021-05-29 02:00","2021","05","29","02:00","6.6","","-5.0","","43","","0.0","","6","","8","","","","98.02","","","","","","NA"
"-80.80","46.63","SUDBURY CLIMATE","6068145","2021-05-29 03:00","2021","05","29","03:00","4.3","","-4.5","","53","","0.0","","4","","6","","","","98.07","","","","","","NA"
"-80.80","46.63","SUDBURY CLIMATE","6068145","2021-05-29 04:00","2021","05","29","04:00","3.1","","-1.1","","74","","0.0","","1","","7","","","","98.09","","","","","","NA"
"-80.80","46.63","SUDBURY CLIMATE","6068145","2021-05-29 05:00","2021","05","29","05:00","2.6","","-2.9","","67","","0.0","","36","","8","","","","98.10","","","","","","NA"
"-80.80","46.63","SUDBURY CLIMATE","6068145","2021-05-29 06:00","2021","05","29","06:00","0.5","","-2.5","","80","","0.0","","36","","7","","","","98.10","","","","","","NA"
"-80.80","46.63","SUDBURY CLIMATE","6068145","2021-05-29 07:00","2021","05","29","07:00","3.1","","-1.3","","73","","0.0","","2","","11","","","","98.13","","","","","","NA"
"-80.80","46.63","SUDBURY CLIMATE","6068145","2021-05-29 08:00","2021","05","29","08:00","4.0","","-1.7","","67","","0.0","","2","","14","","","","98.12","","","","","","NA"
"-80.80","46.63","SUDBURY CLIMATE","6068145","2021-05-29 09:00","2021","05","29","09:00","4.1","","-2.2","","64","","0.0","","3","","17","","","","98.15","","","","","","NA"
"-80.80","46.63","SUDBURY CLIMATE","6068145","2021-05-29 10:00","2021","05","29","10:00","4.2","","-2.1","","64","","0.0","","3","","17","","","","98.21","","","","","","NA"
"-80.80","46.63","SUDBURY CLIMATE","6068145","2021-05-29 11:00","2021","05","29","11:00","5.1","","-1.8","","61","","0.0","","3","","16","","","","98.29","","","","","","NA"
"-80.80","46.63","SUDBURY CLIMATE","6068145","2021-05-29 12:00","2021","05","29","12:00","6.0","","-2.0","","56","","0.0","","3","","17","","","","98.35","","","","","","NA"
"-80.80","46.63","SUDBURY CLIMATE","6068145","2021-05-29 13:00","2021","05","29","13:00","7.4","","-1.6","","53","","0.0","","2","","13","","","","98.38","","","","","","NA"
"-80.80","46.63","SUDBURY CLIMATE","6068145","2021-05-29 14:00","2021","05","29","14:00","9.4","","-3.4","","40","","0.0","","6","","15","","","","98.37","","","","","","NA"
"-80.80","46.63","SUDBURY CLIMATE","6068145","2021-05-29 15:00","2021","05","29","15:00","10.4","","-5.2","","33","","0.0","","1","","14","","","","98.38","","","","","","NA"
"-80.80","46.63","SUDBURY CLIMATE","6068145","2021-05-29 16:00","2021","05","29","16:00","12.4","","-4.7","","30","","0.0","","2","","15","","","","98.35","","","","","","NA"
"-80.80","46.63","SUDBURY CLIMATE","6068145","2021-05-29 17:00","2021","05","29","17:00","13.6","","-5.2","","27","","0.0","","36","","15","","","","98.31","","","","","","NA"
"-80.80","46.63","SUDBURY CLIMATE","6068145","2021-05-29 18:00","2021","05","29","18:00","14.2","","-5.6","","25","","0.0","","6","","18","","","","98.27","","","","","","NA"
"-80.80","46.63","SUDBURY CLIMATE","6068145","2021-05-29 19:00","2021","05","29","19:00","15.0","","-5.8","","23","","0.0","","3","","14","","","","98.25","","","","","","NA"
"-80.80","46.63","SUDBURY CLIMATE","6068145","2021-05-29 20:00","2021","05","29","20:00","15.9","","-5.4","","23","","0.0","","3","","14","","","","98.20","","","","","","NA"
"-80.80","46.63","SUDBURY CLIMATE","6068145","2021-05-29 21:00","2021","05","29","21:00","15.8","","-7.5","","19","","0.0","","4","","11","","","","98.19","","","","","","NA"
"-80.80","46.63","SUDBURY CLIMATE","6068145","2021-05-29 22:00","2021","05","29","22:00","16.4","","-6.1","","21","","0.0","","6","","11","","","","98.18","","","","","","NA"
"-80.80","46.63","SUDBURY CLIMATE","6068145","2021-05-29 23:00","2021","05","29","23:00","16.0","","-6.3","","21","","0.0","","9","","12","","","","98.16","","","","","","NA"
"-80.80","46.63","SUDBURY CLIMATE","6068145","2021-05-30 00:00","2021","05","30","00:00","15.2","","-5.2","","24","","0.0","","8","","12","","","","98.19","","","","","","NA"
"-80.80","46.63","SUDBURY CLIMATE","6068145","2021-05-30 01:00","2021","05","30","01:00","12.4","","-3.5","","33","","0.0","","9","","7","","","","98.22","","","","","","NA"
"-80.80","46.63","SUDBURY CLIMATE","6068145","2021-05-30 02:00","2021","05","30","02:00","10.2","","-3.1","","39","","0.0","","9","","12","","","","98.25","","","","","","NA"
"-80.80","46.63","SUDBURY CLIMATE","6068145","2021-05-30 03:00","2021","05","30","03:00","9.1","","-3.1","","42","","0.0","","9","","8","","","","98.28","","","","","","NA"
"-80.80","46.63","SUDBURY CLIMATE","6068145","2021-05-30 04:00","2021","05","30","04:00","7.9","","-3.0","","46","","0.0","","9","","8","","","","98.30","","","","","","NA"
"-80.80","46.63","SUDBURY CLIMATE","6068145","2021-05-30 05:00","2021","05","30","05:00","4.9","","-1.9","","61","","0.0","","5","","8","","","","98.32","","","","","","NA"
"-80.80","46.63","SUDBURY CLIMATE","6068145","2021-05-30 06:00","2021","05","30","06:00","4.8","","0.2","","72","","0.0","","9","","6","","","","98.33","","","","","","NA"
"-80.80","46.63","SUDBURY CLIMATE","6068145","2021-05-30 07:00","2021","05","30","07:00","2.9","","0.9","","87","","0.0","","4","","6","","","","98.34","","","","","","NA"
"-80.80","46.63","SUDBURY CLIMATE","6068145","2021-05-30 08:00","2021","05","30","08:00","4.5","","3.0","","90","","0.0","","5","","9","","","","98.35","","","","","","NA"
"-80.80","46.63","SUDBURY CLIMATE","6068145","2021-05-30 09:00","2021","05","30","09:00","4.3","","3.2","","93","","0.0","","4","","8","","","","98.35","","","","","","NA"
"-80.80","46.63","SUDBURY CLIMATE","6068145","2021-05-30 10:00","2021","05","30","10:00","4.0","","2.9","","92","","0.0","","3","","7","","","","98.36","","","","","","NA"
"-80.80","46.63","SUDBURY CLIMATE","6068145","2021-05-30 11:00","2021","05","30","11:00","6.0","","4.0","","87","","0.0","","5","","9","","","","98.39","","","","","","NA"
"-80.80","46.63","SUDBURY CLIMATE","6068145","2021-05-30 12:00","2021","05","30","12:00","9.8","","3.9","","67","","0.0","","7","","7","","","","98.43","","","","","","NA"
"-80.80","46.63","SUDBURY CLIMATE","6068145","2021-05-30 13:00","2021","05","30","13:00","13.0","","2.8","","50","","0.0","","16","","3","","","","98.45","","","","","","NA"
"-80.80","46.63","SUDBURY CLIMATE","6068145","2021-05-30 14:00","2021","05","30","14:00","15.6","","0.2","","35","","0.0","","12","","3","","","","98.45","","","","","","NA"
"-80.80","46.63","SUDBURY CLIMATE","6068145","2021-05-30 15:00","2021","05","30","15:00","16.0","","-3.7","","26","","0.0","","28","","4","","","","98.38","","","","","","NA"
"-80.80","46.63","SUDBURY CLIMATE","6068145","2021-05-30 16:00","2021","05","30","16:00","17.3","","-3.7","","24","","0.0","","17","","8","","","","98.32","","","","","","NA"
"-80.80","46.63","SUDBURY CLIMATE","6068145","2021-05-30 17:00","2021","05","30","17:00","17.9","","-3.6","","23","","0.0","","17","","14","","","","98.29","","","","","","NA"
"-80.80","46.63","SUDBURY CLIMATE","6068145","2021-05-30 18:00","2021","05","30","18:00","18.4","","-3.2","","23","","0.0","","24","","10","","","","98.24","","","","","","NA"
"-80.80","46.63","SUDBURY CLIMATE","6068145","2021-05-30 19:00","2021","05","30","19:00","19.4","","-3.0","","22","","0.0","","25","","12","","","","98.19","","","","","","NA"
"-80.80","46.63","SUDBURY CLIMATE","6068145","2021-05-30 20:00","2021","05","30","20:00","20.5","","-1.3","","23","","0.0","","22","","11","","","","98.15","","","","","","NA"
"-80.80","46.63","SUDBURY CLIMATE","6068145","2021-05-30 21:00","2021","05","30","21:00","19.8","","-1.0","","25","","0.0","","21","","18","","","","98.11","","","","","","NA"
"-80.80","46.63","SUDBURY CLIMATE","6068145","2021-05-30 22:00","2021","05","30","22:00","19.6","","-0.7","","26","","0.0","","23","","18","","","","98.09","","","","","","NA"
"-80.80","46.63","SUDBURY CLIMATE","6068145","2021-05-30 23:00","2021","05","30","23:00","18.7","","-1.1","","26","","0.0","","23","","20","","","","98.10","","","","","","NA"
"-80.80","46.63","SUDBURY CLIMATE","6068145","2021-05-31 00:00","2021","05","31","00:00","17.0","","-1.8","","28","","0.0","","21","","23","","","","98.10","","","","","","NA"
"-80.80","46.63","SUDBURY CLIMATE","6068145","2021-05-31 01:00","2021","05","31","01:00","12.9","","-0.3","","40","","0.0","","22","","15","","","","98.12","","","","","","NA"
"-80.80","46.63","SUDBURY CLIMATE","6068145","2021-05-31 02:00","2021","05","31","02:00","11.5","","0.5","","47","","0.0","","23","","13","","","","98.15","","","","","","NA"
"-80.80","46.63","SUDBURY CLIMATE","6068145","2021-05-31 03:00","2021","05","31","03:00","10.2","","0.5","","51","","0.0","","23","","14","","","","98.15","","","","","","NA"
"-80.80","46.63","SUDBURY CLIMATE","6068145","2021-05-31 04:00","2021","05","31","04:00","9.7","","0.1","","51","","0.0","","23","","12","","","","98.13","","","","","","NA"
"-80.80","46.63","SUDBURY CLIMATE","6068145","2021-05-31 05:00","2021","05","31","05:00","8.6","","0.8","","58","","0.0","","27","","7","","","","98.14","","","","","","NA"
"-80.80","46.63","SUDBURY CLIMATE","6068145","2021-05-31 06:00","2021","05","31","06:00","7.2","","0.8","","64","","0.0","","29","","6","","","","98.11","","","","","","NA"
"-80.80","46.63","SUDBURY CLIMATE","6068145","2021-05-31 07:00","2021","05","31","07:00","6.9","","1.4","","68","","0.0","","25","","7","","","","98.10","","","","","","NA"
"-80.80","46.63","SUDBURY CLIMATE","6068145","2021-05-31 08:00","2021","05","31","08:00","8.1","","1.3","","62","","0.0","","23","","9","","","","98.10","","","","","","NA"
"-80.80","46.63","SUDBURY CLIMATE","6068145","2021-05-31 09:00","2021","05","31","09:00","7.5","","1.2","","64","","0.0","","24","","12","","","","98.13","","","","","","NA"
"-80.80","46.63","SUDBURY CLIMATE","6068145","2021-05-31 10:00","2021","05","31","10:00","6.9","","0.5","","64","","0.0","","24","","8","","","","98.15","","","","","","NA"
"-80.80","46.63","SUDBURY CLIMATE","6068145","2021-05-31 11:00","2021","05","31","11:00","8.7","","1.2","","59","","0.0","","25","","6","","","","98.20","","","","","","NA"
"-80.80","46.63","SUDBURY CLIMATE","6068145","2021-05-31 12:00","2021","05","31","12:00","10.8","","2.5","","56","","0.0","","23","","12","","","","98.21","","","","","","NA"
"-80.80","46.63","SUDBURY CLIMATE","6068145","2021-05-31 13:00","2021","05","31","13:00","13.6","","1.3","","43","","0.0","","23","","7","","","","98.19","","","","","","NA"
"-80.80","46.63","SUDBURY CLIMATE","6068145","2021-05-31 14:00","2021","05","31","14:00","16.5","","2.7","","40","","0.0","","23","","6","","","","98.16","","","","","","NA"
"-80.80","46.63","SUDBURY CLIMATE","6068145","2021-05-31 15:00","2021","05","31","15:00","19.0","","3.6","","36","","0.0","","23","","13","","","","98.10","","","","","","NA"
"-80.80","46.63","SUDBURY CLIMATE","6068145","2021-05-31 16:00","2021","05","31","16:00","19.3","","2.8","","33","","0.0","","22","","18","","","","98.07","","","","","","NA"
"-80.80","46.63","SUDBURY CLIMATE","6068145","2021-05-31 17:00","2021","05","31","17:00","20.3","","3.1","","32","","0.0","","21","","20","","","","98.02","","","","","","NA"
"-80.80","46.63","SUDBURY CLIMATE","6068145","2021-05-31 18:00","2021","05","31","18:00","20.6","","2.1","","29","","0.0","","22","","19","","","","97.98","","","","","","NA"
"-80.80","46.63","SUDBURY CLIMATE","6068145","2021-05-31 19:00","2021","05","31","19:00","20.2","","1.5","","29","","0.1","","23","","23","","","","97.93","","","","","","NA"
"-80.80","46.63","SUDBURY CLIMATE","6068145","2021-05-31 20:00","2021","05","31","20:00","19.9","","1.4","","29","","0.0","","21","","22","","","","97.90","","","","","","NA"
"-80.80","46.63","SUDBURY CLIMATE","6068145","2021-05-31 21:00","2021","05","31","21:00","19.9","","2.2","","31","","0.0","","22","","26","","","","97.89","","","","","","NA"
"-80.80","46.63","SUDBURY CLIMATE","6068145","2021-05-31 22:00","2021","05","31","22:00","19.1","","3.9","","37","","0.0","","22","","27","","","","97.89","","","","","","NA"
"-80.80","46.63","SUDBURY CLIMATE","6068145","2021-05-31 23:00","2021","05","31","23:00","18.7","","3.6","","37","","0.0","","22","","28","","","","97.84","","","","","","NA"
