"Longitude (x)","Latitude (y)","Station Name","Climate ID","Date/Time (UTC)","Year","Month","Day","Time (UTC)","Temp (°C)","Temp Flag","Dew Point Temp (°C)","Dew Point Temp Flag","Rel Hum (%)","Rel Hum Flag","Precip. Amount (mm)","Precip. Amount Flag","Wind Dir (10s deg)","Wind Dir Flag","Wind Spd (km/h)","Wind Spd Flag","Visibility (km)","Visibility Flag","Stn Press (kPa)","Stn Press Flag","Hmdx","Hmdx Flag","Wind Chill","Wind Chill Flag","Weather"
"-80.80","46.63","SUDBURY CLIMATE","6068145","2021-07-01 00:00","2021","07","01","00:00","17.8","","17.1","","96","","0.0","","22","","11","","","","97.37","","","","","","NA"
"-80.80","46.63","SUDBURY CLIMATE","6068145","2021-07-01 01:00","2021","07","01","01:00","15.2","","14.7","","97","","4.1","","3","","9","","","","97.39","","","","","","NA"
"-80.80","46.63","SUDBURY CLIMATE","6068145","2021-07-01 02:00","2021","07","01","02:00","14.9","","14.2","","96","","0.0","","1","","6","","","","97.39","","","","","","NA"
"-80.80","46.63","SUDBURY CLIMATE","6068145","2021-07-01 03:00","2021","07","01","03:00","14.2","","14.0","","99","","0.0","","34","","6","","","","97.37","","","","","","NA"
"-80.80","46.63","SUDBURY CLIMATE","6068145","2021-07-01 04:00","2021","07","01","04:00","13.9","","13.7","","99","","0.0","","34","","5","","","","97.38","","","","","","NA"
"-80.80","46.63","SUDBURY CLIMATE","6068145","2021-07-01 05:00","2021","07","01","05:00","15.0","","14.8","","99","","0.0","","2","","4","","","","97.38","","","","","","NA"
"-80.80","46.63","SUDBURY CLIMATE","6068145","2021-07-01 06:00","2021","07","01","06:00","14.5","","14.2","","98","","0.0","","2","","6","","","","97.37","","","","","","NA"
"-80.80","46.63","SUDBURY CLIMATE","6068145","2021-07-01 07:00","2021","07","01","07:00","14.9","","14.7","","98","","0.1","","36","","10","","","","97.38","","","","","","NA"
"-80.80","46.63","SUDBURY CLIMATE","6068145","2021-07-01 08:00","2021","07","01","08:00","14.6","","14.1","","97","","0.0","","1","","13","","","","97.37","","","","","","NA"
"-80.80","46.63","SUDBURY CLIMATE","6068145","2021-07-01 09:00","2021","07","01","09:00","14.4","","13.1","","92","","0.0","","3","","17","","","","97.38","","","","","","NA"
"-80.80","46.63","SUDBURY CLIMATE","6068145","2021-07-01 10:00","2021","07","01","10:00","14.1","","13.0","","93","","0.0","","2","","16","","","","97.39","","","","","","NA"
"-80.80","46.63","SUDBURY CLIMATE","6068145","2021-07-01 11:00","2021","07","01","11:00","13.5","","12.2","","92","","0.0","","2","","19","","","","97.43","","","","","","NA"
"-80.80","46.63","SUDBURY CLIMATE","6068145","2021-07-01 12:00","2021","07","01","12:00","12.6","","10.4","","86","","0.0","","3","","23","","","","97.48","","","","","","NA"
"-80.80","46.63","SUDBURY CLIMATE","6068145","2021-07-01 13:00","2021","07","01","13:00","12.4","","10.4","","87","","0.0","","2","","20","","","","97.51","","","","","","NA"
"-80.80","46.63","SUDBURY CLIMATE","6068145","2021-07-01 14:00","2021","07","01","14:00","12.5","","10.1","","85","","0.0","","2","","22","","","","97.52","","","","","","NA"
"-80.80","46.63","SUDBURY CLIMATE","6068145","2021-07-01 15:00","2021","07","01","15:00","12.8","","10.1","","84","","0.0","","1","","19","","","","97.53","","","","","","NA"
"-80.80","46.63","SUDBURY CLIMATE","6068145","2021-07-01 16:00","2021","07","01","16:00","13.3","","10.3","","82","","0.0","","2","","17","","","","97.55","","","","","","NA"
"-80.80","46.63","SUDBURY CLIMATE","6068145","2021-07-01 17:00","2021","07","01","17:00","14.1","","10.3","","78","","0.0","","3","","18","","","","97.56","","","","","","NA"
"-80.80","46.63","SUDBURY CLIMATE","6068145","2021-07-01 18:00","2021","07","01","18:00","13.8","","10.5","","80","","0.0","","35","","16","","","","97.56","","","","","","NA"
"-80.80","46.63","SUDBURY CLIMATE","6068145","2021-07-01 19:00","2021","07","01","19:00","14.5","","10.6","","78","","0.0","","1","","22","","","","97.56","","","","","","NA"
"-80.80","46.63","SUDBURY CLIMATE","6068145","2021-07-01 20:00","2021","07","01","20:00","14.3","","11.0","","81","","0.0","","2","","20","","","","97.56","","","","","","NA"
"-80.80","46.63","SUDBURY CLIMATE","6068145","2021-07-01 21:00","2021","07","01","21:00","12.9","","11.8","","93","","0.5","","1","","12","","","","97.55","","","","","","NA"
"-80.80","46.63","SUDBURY CLIMATE","6068145","2021-07-01 22:00","2021","07","01","22:00","13.4","","12.2","","92","","0.5","","36","","11","","","","97.52","","","","","","NA"
"-80.80","46.63","SUDBURY CLIMATE","6068145","2021-07-01 23:00","2021","07","01","23:00","14.3","","11.9","","86","","0.0","","1","","14","","","","97.51","","","","","","NA"
"-80.80","46.63","SUDBURY CLIMATE","6068145","2021-07-02 00:00","2021","07","02","00:00","15.1","","12.2","","83","","0.0","","1","","12","","","","97.48","","","","","","NA"
"-80.80","46.63","SUDBURY CLIMATE","6068145","2021-07-02 01:00","2021","07","02","01:00","14.7","","12.0","","84","","0.0","","36","","9","","","","97.48","","","","","","NA"
"-80.80","46.63","SUDBURY CLIMATE","6068145","2021-07-02 02:00","2021","07","02","02:00","13.4","","11.6","","89","","0.0","","35","","7","","","","97.50","","","","","","NA"
"-80.80","46.63","SUDBURY CLIMATE","6068145","2021-07-02 03:00","2021","07","02","03:00","14.0","","11.1","","83","","0.0","","36","","13","","","","97.53","","","","","","NA"
"-80.80","46.63","SUDBURY CLIMATE","6068145","2021-07-02 04:00","2021","07","02","04:00","14.1","","10.8","","80","","0.0","","1","","13","","","","97.51","","","","","","NA"
"-80.80","46.63","SUDBURY CLIMATE","6068145","2021-07-02 05:00","2021","07","02","05:00","13.8","","10.8","","82","","0.1","","1","","11","","","","97.50","","","","","","NA"
"-80.80","46.63","SUDBURY CLIMATE","6068145","2021-07-02 06:00","2021","07","02","06:00","13.2","","10.2","","82","","0.0","","1","","11","","","","97.47","","","","","","NA"
"-80.80","46.63","SUDBURY CLIMATE","6068145","2021-07-02 07:00","2021","07","02","07:00","13.2","","9.9","","81","","0.0","","36","","11","","","","97.48","","","","","","NA"
"-80.80","46.63","SUDBURY CLIMATE","6068145","2021-07-02 08:00","2021","07","02","08:00","12.3","","9.3","","82","","0.0","","36","","10","","","","97.49","","","","","","NA"
"-80.80","46.63","SUDBURY CLIMATE","6068145","2021-07-02 09:00","2021","07","02","09:00","12.1","","9.2","","82","","0.0","","1","","15","","","","97.48","","","","","","NA"
"-80.80","46.63","SUDBURY CLIMATE","6068145","2021-07-02 10:00","2021","07","02","10:00","11.8","","8.7","","81","","0.0","","2","","14","","","","97.51","","","","","","NA"
"-80.80","46.63","SUDBURY CLIMATE","6068145","2021-07-02 11:00","2021","07","02","11:00","12.9","","8.7","","75","","0.0","","1","","14","","","","97.54","","","","","","NA"
"-80.80","46.63","SUDBURY CLIMATE","6068145","2021-07-02 12:00","2021","07","02","12:00","14.2","","8.8","","70","","0.0","","2","","16","","","","97.58","","","","","","NA"
"-80.80","46.63","SUDBURY CLIMATE","6068145","2021-07-02 13:00","2021","07","02","13:00","15.8","","9.6","","66","","0.0","","2","","15","","","","97.60","","","","","","NA"
"-80.80","46.63","SUDBURY CLIMATE","6068145","2021-07-02 14:00","2021","07","02","14:00","17.6","","10.5","","63","","0.0","","3","","15","","","","97.55","","","","","","NA"
"-80.80","46.63","SUDBURY CLIMATE","6068145","2021-07-02 15:00","2021","07","02","15:00","19.1","","10.3","","56","","0.0","","2","","15","","","","97.52","","","","","","NA"
"-80.80","46.63","SUDBURY CLIMATE","6068145","2021-07-02 16:00","2021","07","02","16:00","20.5","","10.5","","52","","0.0","","1","","15","","","","97.49","","","","","","NA"
"-80.80","46.63","SUDBURY CLIMATE","6068145","2021-07-02 17:00","2021","07","02","17:00","21.3","","9.8","","48","","0.0","","2","","18","","","","97.43","","","","","","NA"
"-80.80","46.63","SUDBURY CLIMATE","6068145","2021-07-02 18:00","2021","07","02","18:00","22.0","","9.0","","44","","0.0","","2","","19","","","","97.41","","","","","","NA"
"-80.80","46.63","SUDBURY CLIMATE","6068145","2021-07-02 19:00","2021","07","02","19:00","22.9","","9.8","","44","","0.0","","3","","19","","","","97.36","","","","","","NA"
"-80.80","46.63","SUDBURY CLIMATE","6068145","2021-07-02 20:00","2021","07","02","20:00","22.6","","10.2","","45","","0.0","","4","","19","","","","97.29","","","","","","NA"
"-80.80","46.63","SUDBURY CLIMATE","6068145","2021-07-02 21:00","2021","07","02","21:00","22.2","","9.6","","45","","0.0","","2","","12","","","","97.26","","","","","","NA"
"-80.80","46.63","SUDBURY CLIMATE","6068145","2021-07-02 22:00","2021","07","02","22:00","22.2","","9.8","","45","","0.0","","36","","10","","","","97.23","","","","","","NA"
"-80.80","46.63","SUDBURY CLIMATE","6068145","2021-07-02 23:00","2021","07","02","23:00","21.9","","9.8","","46","","0.0","","34","","9","","","","97.25","","","","","","NA"
"-80.80","46.63","SUDBURY CLIMATE","6068145","2021-07-03 00:00","2021","07","03","00:00","20.0","","10.0","","52","","0.0","","34","","8","","","","97.28","","","","","","NA"
"-80.80","46.63","SUDBURY CLIMATE","6068145","2021-07-03 01:00","2021","07","03","01:00","18.4","","10.2","","58","","0.0","","35","","6","","","","97.27","","","","","","NA"
"-80.80","46.63","SUDBURY CLIMATE","6068145","2021-07-03 02:00","2021","07","03","02:00","16.3","","10.8","","70","","0.0","","30","","5","","","","97.28","","","","","","NA"
"-80.80","46.63","SUDBURY CLIMATE","6068145","2021-07-03 03:00","2021","07","03","03:00","16.5","","10.0","","66","","0.0","","34","","5","","","","97.25","","","","","","NA"
"-80.80","46.63","SUDBURY CLIMATE","6068145","2021-07-03 04:00","2021","07","03","04:00","15.6","","10.0","","69","","0.0","","33","","6","","","","97.21","","","","","","NA"
"-80.80","46.63","SUDBURY CLIMATE","6068145","2021-07-03 05:00","2021","07","03","05:00","15.0","","10.9","","77","","0.0","","33","","3","","","","97.19","","","","","","NA"
"-80.80","46.63","SUDBURY CLIMATE","6068145","2021-07-03 06:00","2021","07","03","06:00","15.1","","9.7","","70","","0.0","","33","","4","","","","97.15","","","","","","NA"
"-80.80","46.63","SUDBURY CLIMATE","6068145","2021-07-03 07:00","2021","07","03","07:00","14.8","","10.5","","76","","0.0","","28","","4","","","","97.12","","","","","","NA"
"-80.80","46.63","SUDBURY CLIMATE","6068145","2021-07-03 08:00","2021","07","03","08:00","15.0","","10.7","","75","","0.0","","26","","5","","","","97.07","","","","","","NA"
"-80.80","46.63","SUDBURY CLIMATE","6068145","2021-07-03 09:00","2021","07","03","09:00","15.0","","11.4","","79","","0.0","","24","","5","","","","97.04","","","","","","NA"
"-80.80","46.63","SUDBURY CLIMATE","6068145","2021-07-03 10:00","2021","07","03","10:00","15.2","","11.2","","77","","0.0","","20","","6","","","","97.06","","","","","","NA"
"-80.80","46.63","SUDBURY CLIMATE","6068145","2021-07-03 11:00","2021","07","03","11:00","15.7","","11.7","","77","","0.0","","19","","10","","","","97.01","","","","","","NA"
"-80.80","46.63","SUDBURY CLIMATE","6068145","2021-07-03 12:00","2021","07","03","12:00","17.2","","11.4","","68","","0.0","","23","","13","","","","97.01","","","","","","NA"
"-80.80","46.63","SUDBURY CLIMATE","6068145","2021-07-03 13:00","2021","07","03","13:00","18.4","","10.9","","62","","0.0","","22","","14","","","","96.96","","","","","","NA"
"-80.80","46.63","SUDBURY CLIMATE","6068145","2021-07-03 14:00","2021","07","03","14:00","19.5","","11.6","","60","","0.0","","21","","12","","","","96.94","","","","","","NA"
"-80.80","46.63","SUDBURY CLIMATE","6068145","2021-07-03 15:00","2021","07","03","15:00","20.8","","12.1","","57","","0.0","","22","","15","","","","96.90","","","","","","NA"
"-80.80","46.63","SUDBURY CLIMATE","6068145","2021-07-03 16:00","2021","07","03","16:00","22.3","","13.3","","57","","0.0","","21","","13","","","","96.87","","25","","","","NA"
"-80.80","46.63","SUDBURY CLIMATE","6068145","2021-07-03 17:00","2021","07","03","17:00","23.4","","13.1","","52","","0.0","","21","","12","","","","96.84","","26","","","","NA"
"-80.80","46.63","SUDBURY CLIMATE","6068145","2021-07-03 18:00","2021","07","03","18:00","24.0","","13.3","","51","","0.0","","24","","10","","","","96.79","","27","","","","NA"
"-80.80","46.63","SUDBURY CLIMATE","6068145","2021-07-03 19:00","2021","07","03","19:00","24.7","","13.9","","51","","0.0","","17","","6","","","","96.76","","28","","","","NA"
"-80.80","46.63","SUDBURY CLIMATE","6068145","2021-07-03 20:00","2021","07","03","20:00","25.9","","14.1","","48","","0.0","","21","","5","","","","96.73","","29","","","","NA"
"-80.80","46.63","SUDBURY CLIMATE","6068145","2021-07-03 21:00","2021","07","03","21:00","26.0","","14.4","","49","","0.0","","22","","12","","","","96.72","","30","","","","NA"
"-80.80","46.63","SUDBURY CLIMATE","6068145","2021-07-03 22:00","2021","07","03","22:00","25.5","","14.6","","51","","0.0","","22","","13","","","","96.73","","29","","","","NA"
"-80.80","46.63","SUDBURY CLIMATE","6068145","2021-07-03 23:00","2021","07","03","23:00","24.3","","14.9","","56","","0.0","","22","","24","","","","96.77","","28","","","","NA"
"-80.80","46.63","SUDBURY CLIMATE","6068145","2021-07-04 00:00","2021","07","04","00:00","22.2","","14.2","","60","","0.0","","19","","20","","","","96.83","","26","","","","NA"
"-80.80","46.63","SUDBURY CLIMATE","6068145","2021-07-04 01:00","2021","07","04","01:00","20.8","","14.0","","65","","0.0","","18","","17","","","","96.87","","","","","","NA"
"-80.80","46.63","SUDBURY CLIMATE","6068145","2021-07-04 02:00","2021","07","04","02:00","19.1","","13.3","","69","","0.0","","19","","18","","","","96.95","","","","","","NA"
"-80.80","46.63","SUDBURY CLIMATE","6068145","2021-07-04 03:00","2021","07","04","03:00","17.6","","12.9","","74","","0.0","","19","","15","","","","96.97","","","","","","NA"
"-80.80","46.63","SUDBURY CLIMATE","6068145","2021-07-04 04:00","2021","07","04","04:00","16.3","","12.6","","79","","0.0","","20","","11","","","","96.98","","","","","","NA"
"-80.80","46.63","SUDBURY CLIMATE","6068145","2021-07-04 05:00","2021","07","04","05:00","15.9","","12.2","","78","","0.0","","25","","8","","","","96.99","","","","","","NA"
"-80.80","46.63","SUDBURY CLIMATE","6068145","2021-07-04 06:00","2021","07","04","06:00","14.9","","12.1","","83","","0.0","","28","","7","","","","96.97","","","","","","NA"
"-80.80","46.63","SUDBURY CLIMATE","6068145","2021-07-04 07:00","2021","07","04","07:00","14.2","","12.5","","89","","0.0","","16","","7","","","","96.99","","","","","","NA"
"-80.80","46.63","SUDBURY CLIMATE","6068145","2021-07-04 08:00","2021","07","04","08:00","13.8","","12.3","","91","","0.0","","17","","9","","","","97.00","","","","","","NA"
"-80.80","46.63","SUDBURY CLIMATE","6068145","2021-07-04 09:00","2021","07","04","09:00","13.5","","12.6","","94","","0.0","","16","","11","","","","97.03","","","","","","NA"
"-80.80","46.63","SUDBURY CLIMATE","6068145","2021-07-04 10:00","2021","07","04","10:00","13.1","","12.3","","95","","0.0","","19","","5","","","","97.08","","","","","","NA"
"-80.80","46.63","SUDBURY CLIMATE","6068145","2021-07-04 11:00","2021","07","04","11:00","14.8","","13.8","","94","","0.0","","22","","8","","","","97.11","","","","","","NA"
"-80.80","46.63","SUDBURY CLIMATE","6068145","2021-07-04 12:00","2021","07","04","12:00","16.8","","13.6","","81","","0.0","","22","","10","","","","97.15","","","","","","NA"
"-80.80","46.63","SUDBURY CLIMATE","6068145","2021-07-04 13:00","2021","07","04","13:00","18.7","","12.9","","69","","0.0","","20","","12","","","","97.18","","","","","","NA"
"-80.80","46.63","SUDBURY CLIMATE","6068145","2021-07-04 14:00","2021","07","04","14:00","20.0","","13.5","","66","","0.0","","17","","12","","","","97.17","","","","","","NA"
"-80.80","46.63","SUDBURY CLIMATE","6068145","2021-07-04 15:00","2021","07","04","15:00","21.9","","13.5","","59","","0.0","","19","","14","","","","97.17","","25","","","","NA"
"-80.80","46.63","SUDBURY CLIMATE","6068145","2021-07-04 16:00","2021","07","04","16:00","24.0","","14.5","","55","","0.0","","19","","13","","","","97.18","","28","","","","NA"
"-80.80","46.63","SUDBURY CLIMATE","6068145","2021-07-04 17:00","2021","07","04","17:00","24.8","","14.2","","52","","0.0","","20","","16","","","","97.14","","28","","","","NA"
"-80.80","46.63","SUDBURY CLIMATE","6068145","2021-07-04 18:00","2021","07","04","18:00","25.4","","14.7","","51","","0.0","","20","","19","","","","97.08","","29","","","","NA"
"-80.80","46.63","SUDBURY CLIMATE","6068145","2021-07-04 19:00","2021","07","04","19:00","26.1","","14.3","","48","","0.0","","19","","16","","","","97.08","","30","","","","NA"
"-80.80","46.63","SUDBURY CLIMATE","6068145","2021-07-04 20:00","2021","07","04","20:00","26.1","","14.6","","49","","0.0","","19","","22","","","","97.10","","30","","","","NA"
"-80.80","46.63","SUDBURY CLIMATE","6068145","2021-07-04 21:00","2021","07","04","21:00","25.6","","13.1","","46","","0.0","","20","","23","","","","97.09","","28","","","","NA"
"-80.80","46.63","SUDBURY CLIMATE","6068145","2021-07-04 22:00","2021","07","04","22:00","25.1","","13.7","","49","","0.0","","19","","22","","","","97.10","","28","","","","NA"
"-80.80","46.63","SUDBURY CLIMATE","6068145","2021-07-04 23:00","2021","07","04","23:00","24.2","","13.6","","52","","0.0","","21","","21","","","","97.09","","27","","","","NA"
"-80.80","46.63","SUDBURY CLIMATE","6068145","2021-07-05 00:00","2021","07","05","00:00","22.8","","13.9","","57","","0.0","","20","","20","","","","97.12","","26","","","","NA"
"-80.80","46.63","SUDBURY CLIMATE","6068145","2021-07-05 01:00","2021","07","05","01:00","21.2","","14.3","","65","","0.0","","20","","15","","","","97.10","","25","","","","NA"
"-80.80","46.63","SUDBURY CLIMATE","6068145","2021-07-05 02:00","2021","07","05","02:00","19.8","","13.9","","69","","0.0","","20","","16","","","","97.13","","","","","","NA"
"-80.80","46.63","SUDBURY CLIMATE","6068145","2021-07-05 03:00","2021","07","05","03:00","19.0","","13.9","","72","","0.0","","20","","17","","","","97.12","","","","","","NA"
"-80.80","46.63","SUDBURY CLIMATE","6068145","2021-07-05 04:00","2021","07","05","04:00","17.4","","14.2","","82","","0.0","","22","","12","","","","97.13","","","","","","NA"
"-80.80","46.63","SUDBURY CLIMATE","6068145","2021-07-05 05:00","2021","07","05","05:00","17.1","","14.4","","84","","0.0","","21","","13","","","","97.09","","","","","","NA"
"-80.80","46.63","SUDBURY CLIMATE","6068145","2021-07-05 06:00","2021","07","05","06:00","18.0","","14.9","","83","","0.0","","20","","15","","","","97.05","","","","","","NA"
"-80.80","46.63","SUDBURY CLIMATE","6068145","2021-07-05 07:00","2021","07","05","07:00","17.8","","15.4","","86","","0.0","","21","","16","","","","97.03","","","","","","NA"
"-80.80","46.63","SUDBURY CLIMATE","6068145","2021-07-05 08:00","2021","07","05","08:00","18.0","","16.0","","88","","0.0","","19","","15","","","","97.03","","","","","","NA"
"-80.80","46.63","SUDBURY CLIMATE","6068145","2021-07-05 09:00","2021","07","05","09:00","17.7","","15.9","","89","","0.0","","18","","13","","","","96.97","","","","","","NA"
"-80.80","46.63","SUDBURY CLIMATE","6068145","2021-07-05 10:00","2021","07","05","10:00","17.1","","15.8","","92","","0.0","","17","","18","","","","96.93","","","","","","NA"
"-80.80","46.63","SUDBURY CLIMATE","6068145","2021-07-05 11:00","2021","07","05","11:00","17.3","","16.0","","92","","0.0","","18","","19","","","","96.92","","","","","","NA"
"-80.80","46.63","SUDBURY CLIMATE","6068145","2021-07-05 12:00","2021","07","05","12:00","18.9","","16.7","","87","","0.0","","19","","21","","","","96.97","","","","","","NA"
"-80.80","46.63","SUDBURY CLIMATE","6068145","2021-07-05 13:00","2021","07","05","13:00","20.7","","17.4","","81","","0.0","","20","","15","","","","96.96","","26","","","","NA"
"-80.80","46.63","SUDBURY CLIMATE","6068145","2021-07-05 14:00","2021","07","05","14:00","22.6","","18.5","","78","","0.0","","19","","16","","","","96.95","","29","","","","NA"
"-80.80","46.63","SUDBURY CLIMATE","6068145","2021-07-05 15:00","2021","07","05","15:00","23.3","","18.4","","74","","0.0","","21","","17","","","","96.97","","30","","","","NA"
"-80.80","46.63","SUDBURY CLIMATE","6068145","2021-07-05 16:00","2021","07","05","16:00","24.5","","19.5","","74","","0.0","","23","","22","","","","96.91","","32","","","","NA"
"-80.80","46.63","SUDBURY CLIMATE","6068145","2021-07-05 17:00","2021","07","05","17:00","23.7","","19.8","","79","","0.0","","19","","22","","","","96.77","","31","","","","NA"
"-80.80","46.63","SUDBURY CLIMATE","6068145","2021-07-05 18:00","2021","07","05","18:00","21.7","","19.4","","87","","0.0","","20","","27","","","","96.81","","29","","","","NA"
"-80.80","46.63","SUDBURY CLIMATE","6068145","2021-07-05 19:00","2021","07","05","19:00","22.6","","19.0","","80","","0.0","","23","","35","","","","96.95","","29","","","","NA"
"-80.80","46.63","SUDBURY CLIMATE","6068145","2021-07-05 20:00","2021","07","05","20:00","20.5","","19.4","","94","","0.5","","23","","13","","","","96.75","","28","","","","NA"
"-80.80","46.63","SUDBURY CLIMATE","6068145","2021-07-05 21:00","2021","07","05","21:00","21.1","","19.6","","91","","0.0","","23","","17","","","","96.79","","28","","","","NA"
"-80.80","46.63","SUDBURY CLIMATE","6068145","2021-07-05 22:00","2021","07","05","22:00","23.8","","20.3","","81","","0.0","","22","","21","","","","96.76","","32","","","","NA"
"-80.80","46.63","SUDBURY CLIMATE","6068145","2021-07-05 23:00","2021","07","05","23:00","24.4","","19.7","","75","","0.0","","24","","20","","","","96.75","","32","","","","NA"
"-80.80","46.63","SUDBURY CLIMATE","6068145","2021-07-06 00:00","2021","07","06","00:00","23.2","","19.6","","80","","0.0","","23","","18","","","","96.80","","30","","","","NA"
"-80.80","46.63","SUDBURY CLIMATE","6068145","2021-07-06 01:00","2021","07","06","01:00","22.1","","19.8","","87","","0.0","","23","","10","","","","96.79","","30","","","","NA"
"-80.80","46.63","SUDBURY CLIMATE","6068145","2021-07-06 02:00","2021","07","06","02:00","21.2","","19.9","","92","","0.0","","23","","13","","","","96.77","","29","","","","NA"
"-80.80","46.63","SUDBURY CLIMATE","6068145","2021-07-06 03:00","2021","07","06","03:00","20.5","","19.9","","96","","0.0","","24","","11","","","","96.79","","28","","","","NA"
"-80.80","46.63","SUDBURY CLIMATE","6068145","2021-07-06 04:00","2021","07","06","04:00","20.4","","20.0","","98","","0.0","","26","","9","","","","96.74","","28","","","","NA"
"-80.80","46.63","SUDBURY CLIMATE","6068145","2021-07-06 05:00","2021","07","06","05:00","20.5","","20.0","","97","","0.0","","25","","11","","","","96.75","","28","","","","NA"
"-80.80","46.63","SUDBURY CLIMATE","6068145","2021-07-06 06:00","2021","07","06","06:00","20.5","","19.9","","97","","0.0","","25","","9","","","","96.77","","28","","","","NA"
"-80.80","46.63","SUDBURY CLIMATE","6068145","2021-07-06 07:00","2021","07","06","07:00","19.5","","19.1","","98","","0.0","","24","","9","","","","96.76","","","","","","NA"
"-80.80","46.63","SUDBURY CLIMATE","6068145","2021-07-06 08:00","2021","07","06","08:00","19.1","","18.9","","99","","0.0","","27","","6","","","","96.80","","","","","","NA"
"-80.80","46.63","SUDBURY CLIMATE","6068145","2021-07-06 09:00","2021","07","06","09:00","19.1","","18.8","","98","","0.0","","25","","7","","","","96.84","","","","","","NA"
"-80.80","46.63","SUDBURY CLIMATE","6068145","2021-07-06 10:00","2021","07","06","10:00","18.8","","18.5","","98","","0.0","","28","","5","","","","96.93","","","","","","NA"
"-80.80","46.63","SUDBURY CLIMATE","6068145","2021-07-06 11:00","2021","07","06","11:00","19.0","","18.7","","98","","1.6","","33","","4","","","","97.02","","","","","","NA"
"-80.80","46.63","SUDBURY CLIMATE","6068145","2021-07-06 12:00","2021","07","06","12:00","20.1","","18.3","","89","","0.0","","30","","8","","","","97.09","","26","","","","NA"
"-80.80","46.63","SUDBURY CLIMATE","6068145","2021-07-06 13:00","2021","07","06","13:00","21.1","","17.0","","77","","0.0","","31","","10","","","","97.13","","26","","","","NA"
"-80.80","46.63","SUDBURY CLIMATE","6068145","2021-07-06 14:00","2021","07","06","14:00","22.0","","16.3","","70","","0.0","","32","","11","","","","97.15","","27","","","","NA"
"-80.80","46.63","SUDBURY CLIMATE","6068145","2021-07-06 15:00","2021","07","06","15:00","23.0","","15.9","","64","","0.0","","33","","10","","","","97.12","","28","","","","NA"
"-80.80","46.63","SUDBURY CLIMATE","6068145","2021-07-06 16:00","2021","07","06","16:00","23.8","","15.4","","59","","0.0","","31","","15","","","","97.16","","28","","","","NA"
"-80.80","46.63","SUDBURY CLIMATE","6068145","2021-07-06 17:00","2021","07","06","17:00","24.5","","14.6","","54","","0.0","","32","","12","","","","97.17","","28","","","","NA"
"-80.80","46.63","SUDBURY CLIMATE","6068145","2021-07-06 18:00","2021","07","06","18:00","25.8","","15.0","","51","","0.0","","31","","16","","","","97.19","","30","","","","NA"
"-80.80","46.63","SUDBURY CLIMATE","6068145","2021-07-06 19:00","2021","07","06","19:00","24.7","","15.5","","56","","0.0","","32","","16","","","","97.27","","29","","","","NA"
"-80.80","46.63","SUDBURY CLIMATE","6068145","2021-07-06 20:00","2021","07","06","20:00","22.8","","13.0","","54","","0.0","","32","","19","","","","97.32","","26","","","","NA"
"-80.80","46.63","SUDBURY CLIMATE","6068145","2021-07-06 21:00","2021","07","06","21:00","21.7","","12.0","","54","","0.0","","34","","15","","","","97.38","","","","","","NA"
"-80.80","46.63","SUDBURY CLIMATE","6068145","2021-07-06 22:00","2021","07","06","22:00","20.1","","11.2","","56","","0.0","","36","","15","","","","97.39","","","","","","NA"
"-80.80","46.63","SUDBURY CLIMATE","6068145","2021-07-06 23:00","2021","07","06","23:00","18.9","","10.6","","59","","0.0","","2","","18","","","","97.42","","","","","","NA"
"-80.80","46.63","SUDBURY CLIMATE","6068145","2021-07-07 00:00","2021","07","07","00:00","18.1","","9.8","","59","","0.0","","2","","19","","","","97.45","","","","","","NA"
"-80.80","46.63","SUDBURY CLIMATE","6068145","2021-07-07 01:00","2021","07","07","01:00","17.0","","10.0","","63","","0.0","","3","","13","","","","97.45","","","","","","NA"
"-80.80","46.63","SUDBURY CLIMATE","6068145","2021-07-07 02:00","2021","07","07","02:00","16.4","","9.8","","65","","0.0","","2","","15","","","","97.56","","","","","","NA"
"-80.80","46.63","SUDBURY CLIMATE","6068145","2021-07-07 03:00","2021","07","07","03:00","15.5","","9.8","","69","","0.0","","2","","16","","","","97.63","","","","","","NA"
"-80.80","46.63","SUDBURY CLIMATE","6068145","2021-07-07 04:00","2021","07","07","04:00","14.9","","9.5","","70","","0.0","","4","","16","","","","97.64","","","","","","NA"
"-80.80","46.63","SUDBURY CLIMATE","6068145","2021-07-07 05:00","2021","07","07","05:00","14.0","","9.3","","73","","0.0","","5","","21","","","","97.58","","","","","","NA"
"-80.80","46.63","SUDBURY CLIMATE","6068145","2021-07-07 06:00","2021","07","07","06:00","13.1","","8.6","","74","","0.0","","6","","19","","","","97.59","","","","","","NA"
"-80.80","46.63","SUDBURY CLIMATE","6068145","2021-07-07 07:00","2021","07","07","07:00","12.7","","8.3","","75","","0.0","","6","","11","","","","97.63","","","","","","NA"
"-80.80","46.63","SUDBURY CLIMATE","6068145","2021-07-07 08:00","2021","07","07","08:00","12.3","","6.8","","69","","0.0","","5","","13","","","","97.64","","","","","","NA"
"-80.80","46.63","SUDBURY CLIMATE","6068145","2021-07-07 09:00","2021","07","07","09:00","12.1","","6.6","","69","","0.0","","5","","12","","","","97.66","","","","","","NA"
"-80.80","46.63","SUDBURY CLIMATE","6068145","2021-07-07 10:00","2021","07","07","10:00","11.8","","6.9","","72","","0.0","","5","","14","","","","97.71","","","","","","NA"
"-80.80","46.63","SUDBURY CLIMATE","6068145","2021-07-07 11:00","2021","07","07","11:00","11.8","","7.6","","76","","0.0","","6","","12","","","","97.75","","","","","","NA"
"-80.80","46.63","SUDBURY CLIMATE","6068145","2021-07-07 12:00","2021","07","07","12:00","12.1","","7.4","","73","","0.0","","6","","17","","","","97.78","","","","","","NA"
"-80.80","46.63","SUDBURY CLIMATE","6068145","2021-07-07 13:00","2021","07","07","13:00","13.3","","7.3","","67","","0.0","","5","","19","","","","97.78","","","","","","NA"
"-80.80","46.63","SUDBURY CLIMATE","6068145","2021-07-07 14:00","2021","07","07","14:00","14.3","","7.7","","64","","0.0","","2","","19","","","","97.78","","","","","","NA"
"-80.80","46.63","SUDBURY CLIMATE","6068145","2021-07-07 15:00","2021","07","07","15:00","14.8","","7.6","","62","","0.0","","4","","20","","","","97.78","","","","","","NA"
"-80.80","46.63","SUDBURY CLIMATE","6068145","2021-07-07 16:00","2021","07","07","16:00","15.4","","7.1","","57","","0.0","","5","","22","","","","97.76","","","","","","NA"
"-80.80","46.63","SUDBURY CLIMATE","6068145","2021-07-07 17:00","2021","07","07","17:00","16.2","","6.2","","52","","0.0","","2","","18","","","","97.73","","","","","","NA"
"-80.80","46.63","SUDBURY CLIMATE","6068145","2021-07-07 18:00","2021","07","07","18:00","17.0","","6.2","","49","","0.0","","3","","14","","","","97.71","","","","","","NA"
"-80.80","46.63","SUDBURY CLIMATE","6068145","2021-07-07 19:00","2021","07","07","19:00","17.0","","5.5","","47","","0.0","","3","","16","","","","97.71","","","","","","NA"
"-80.80","46.63","SUDBURY CLIMATE","6068145","2021-07-07 20:00","2021","07","07","20:00","17.3","","4.4","","42","","0.0","","5","","17","","","","97.69","","","","","","NA"
"-80.80","46.63","SUDBURY CLIMATE","6068145","2021-07-07 21:00","2021","07","07","21:00","17.2","","6.2","","48","","0.0","","3","","14","","","","97.65","","","","","","NA"
"-80.80","46.63","SUDBURY CLIMATE","6068145","2021-07-07 22:00","2021","07","07","22:00","16.4","","5.5","","48","","0.0","","4","","17","","","","97.60","","","","","","NA"
"-80.80","46.63","SUDBURY CLIMATE","6068145","2021-07-07 23:00","2021","07","07","23:00","15.7","","5.7","","51","","0.0","","5","","19","","","","97.59","","","","","","NA"
"-80.80","46.63","SUDBURY CLIMATE","6068145","2021-07-08 00:00","2021","07","08","00:00","15.3","","6.3","","55","","0.0","","6","","15","","","","97.66","","","","","","NA"
"-80.80","46.63","SUDBURY CLIMATE","6068145","2021-07-08 01:00","2021","07","08","01:00","13.7","","6.4","","61","","0.0","","6","","12","","","","97.66","","","","","","NA"
"-80.80","46.63","SUDBURY CLIMATE","6068145","2021-07-08 02:00","2021","07","08","02:00","13.0","","6.3","","64","","0.0","","6","","15","","","","97.68","","","","","","NA"
"-80.80","46.63","SUDBURY CLIMATE","6068145","2021-07-08 03:00","2021","07","08","03:00","12.8","","6.5","","65","","0.0","","7","","14","","","","97.66","","","","","","NA"
"-80.80","46.63","SUDBURY CLIMATE","6068145","2021-07-08 04:00","2021","07","08","04:00","12.6","","6.3","","66","","0.0","","6","","14","","","","97.63","","","","","","NA"
"-80.80","46.63","SUDBURY CLIMATE","6068145","2021-07-08 05:00","2021","07","08","05:00","12.4","","6.1","","66","","0.0","","4","","13","","","","97.61","","","","","","NA"
"-80.80","46.63","SUDBURY CLIMATE","6068145","2021-07-08 06:00","2021","07","08","06:00","12.4","","6.1","","65","","0.0","","5","","13","","","","97.61","","","","","","NA"
"-80.80","46.63","SUDBURY CLIMATE","6068145","2021-07-08 07:00","2021","07","08","07:00","12.0","","6.5","","69","","0.0","","5","","13","","","","97.60","","","","","","NA"
"-80.80","46.63","SUDBURY CLIMATE","6068145","2021-07-08 08:00","2021","07","08","08:00","11.9","","5.8","","66","","0.0","","6","","17","","","","97.58","","","","","","NA"
"-80.80","46.63","SUDBURY CLIMATE","6068145","2021-07-08 09:00","2021","07","08","09:00","12.0","","5.8","","66","","0.0","","6","","15","","","","97.54","","","","","","NA"
"-80.80","46.63","SUDBURY CLIMATE","6068145","2021-07-08 10:00","2021","07","08","10:00","11.6","","6.0","","69","","0.0","","7","","16","","","","97.53","","","","","","NA"
"-80.80","46.63","SUDBURY CLIMATE","6068145","2021-07-08 11:00","2021","07","08","11:00","10.7","","6.8","","77","","0.0","","7","","13","","","","97.51","","","","","","NA"
"-80.80","46.63","SUDBURY CLIMATE","6068145","2021-07-08 12:00","2021","07","08","12:00","10.5","","7.3","","81","","0.0","","8","","16","","","","97.46","","","","","","NA"
"-80.80","46.63","SUDBURY CLIMATE","6068145","2021-07-08 13:00","2021","07","08","13:00","11.4","","7.0","","74","","0.0","","8","","22","","","","97.43","","","","","","NA"
"-80.80","46.63","SUDBURY CLIMATE","6068145","2021-07-08 14:00","2021","07","08","14:00","12.0","","7.8","","76","","0.0","","8","","19","","","","97.47","","","","","","NA"
"-80.80","46.63","SUDBURY CLIMATE","6068145","2021-07-08 15:00","2021","07","08","15:00","12.5","","7.9","","74","","0.0","","9","","17","","","","97.44","","","","","","NA"
"-80.80","46.63","SUDBURY CLIMATE","6068145","2021-07-08 16:00","2021","07","08","16:00","13.3","","8.0","","70","","0.0","","7","","17","","","","97.48","","","","","","NA"
"-80.80","46.63","SUDBURY CLIMATE","6068145","2021-07-08 17:00","2021","07","08","17:00","14.2","","8.1","","66","","0.0","","9","","19","","","","97.42","","","","","","NA"
"-80.80","46.63","SUDBURY CLIMATE","6068145","2021-07-08 18:00","2021","07","08","18:00","14.4","","7.7","","64","","0.0","","8","","17","","","","97.37","","","","","","NA"
"-80.80","46.63","SUDBURY CLIMATE","6068145","2021-07-08 19:00","2021","07","08","19:00","15.3","","8.1","","62","","0.0","","7","","22","","","","97.31","","","","","","NA"
"-80.80","46.63","SUDBURY CLIMATE","6068145","2021-07-08 20:00","2021","07","08","20:00","15.2","","8.5","","64","","0.0","","7","","23","","","","97.30","","","","","","NA"
"-80.80","46.63","SUDBURY CLIMATE","6068145","2021-07-08 21:00","2021","07","08","21:00","14.8","","8.9","","68","","0.0","","5","","22","","","","97.29","","","","","","NA"
"-80.80","46.63","SUDBURY CLIMATE","6068145","2021-07-08 22:00","2021","07","08","22:00","14.8","","9.0","","68","","0.0","","6","","19","","","","97.28","","","","","","NA"
"-80.80","46.63","SUDBURY CLIMATE","6068145","2021-07-08 23:00","2021","07","08","23:00","14.4","","9.0","","70","","0.0","","6","","17","","","","97.24","","","","","","NA"
"-80.80","46.63","SUDBURY CLIMATE","6068145","2021-07-09 00:00","2021","07","09","00:00","14.1","","9.4","","73","","0.0","","6","","14","","","","97.23","","","","","","NA"
"-80.80","46.63","SUDBURY CLIMATE","6068145","2021-07-09 01:00","2021","07","09","01:00","13.8","","9.6","","76","","0.0","","5","","16","","","","97.24","","","","","","NA"
"-80.80","46.63","SUDBURY CLIMATE","6068145","2021-07-09 02:00","2021","07","09","02:00","13.6","","9.8","","78","","0.0","","5","","13","","","","97.27","","","","","","NA"
"-80.80","46.63","SUDBURY CLIMATE","6068145","2021-07-09 03:00","2021","07","09","03:00","13.4","","10.1","","80","","0.0","","4","","9","","","","97.28","","","","","","NA"
"-80.80","46.63","SUDBURY CLIMATE","6068145","2021-07-09 04:00","2021","07","09","04:00","13.5","","10.0","","79","","0.0","","4","","10","","","","97.29","","","","","","NA"
"-80.80","46.63","SUDBURY CLIMATE","6068145","2021-07-09 05:00","2021","07","09","05:00","13.4","","9.9","","79","","0.0","","4","","11","","","","97.26","","","","","","NA"
"-80.80","46.63","SUDBURY CLIMATE","6068145","2021-07-09 06:00","2021","07","09","06:00","13.1","","10.2","","83","","0.0","","3","","8","","","","97.25","","","","","","NA"
"-80.80","46.63","SUDBURY CLIMATE","6068145","2021-07-09 07:00","2021","07","09","07:00","12.9","","10.7","","87","","0.0","","1","","5","","","","97.28","","","","","","NA"
"-80.80","46.63","SUDBURY CLIMATE","6068145","2021-07-09 08:00","2021","07","09","08:00","12.5","","10.6","","88","","0.0","","35","","6","","","","97.27","","","","","","NA"
"-80.80","46.63","SUDBURY CLIMATE","6068145","2021-07-09 09:00","2021","07","09","09:00","11.9","","10.0","","88","","0.0","","36","","7","","","","97.29","","","","","","NA"
"-80.80","46.63","SUDBURY CLIMATE","6068145","2021-07-09 10:00","2021","07","09","10:00","10.3","","9.1","","93","","0.0","","1","","6","","","","97.35","","","","","","NA"
"-80.80","46.63","SUDBURY CLIMATE","6068145","2021-07-09 11:00","2021","07","09","11:00","11.6","","9.6","","88","","0.0","","36","","7","","","","97.38","","","","","","NA"
"-80.80","46.63","SUDBURY CLIMATE","6068145","2021-07-09 12:00","2021","07","09","12:00","13.2","","9.7","","79","","0.0","","2","","11","","","","97.43","","","","","","NA"
"-80.80","46.63","SUDBURY CLIMATE","6068145","2021-07-09 13:00","2021","07","09","13:00","15.3","","10.7","","74","","0.0","","3","","11","","","","97.46","","","","","","NA"
"-80.80","46.63","SUDBURY CLIMATE","6068145","2021-07-09 14:00","2021","07","09","14:00","16.3","","9.3","","63","","0.0","","3","","13","","","","97.49","","","","","","NA"
"-80.80","46.63","SUDBURY CLIMATE","6068145","2021-07-09 15:00","2021","07","09","15:00","17.6","","8.2","","54","","0.0","","3","","14","","","","97.50","","","","","","NA"
"-80.80","46.63","SUDBURY CLIMATE","6068145","2021-07-09 16:00","2021","07","09","16:00","18.7","","7.7","","49","","0.0","","4","","14","","","","97.50","","","","","","NA"
"-80.80","46.63","SUDBURY CLIMATE","6068145","2021-07-09 17:00","2021","07","09","17:00","19.4","","6.6","","43","","0.0","","2","","15","","","","97.47","","","","","","NA"
"-80.80","46.63","SUDBURY CLIMATE","6068145","2021-07-09 18:00","2021","07","09","18:00","21.1","","7.7","","42","","0.0","","1","","13","","","","97.46","","","","","","NA"
"-80.80","46.63","SUDBURY CLIMATE","6068145","2021-07-09 19:00","2021","07","09","19:00","21.7","","5.7","","35","","0.0","","3","","11","","","","97.44","","","","","","NA"
"-80.80","46.63","SUDBURY CLIMATE","6068145","2021-07-09 20:00","2021","07","09","20:00","22.8","","6.2","","34","","0.0","","5","","14","","","","97.42","","","","","","NA"
"-80.80","46.63","SUDBURY CLIMATE","6068145","2021-07-09 21:00","2021","07","09","21:00","23.0","","6.7","","35","","0.0","","8","","7","","","","97.41","","","","","","NA"
"-80.80","46.63","SUDBURY CLIMATE","6068145","2021-07-09 22:00","2021","07","09","22:00","23.8","","7.3","","35","","0.0","","5","","3","","","","97.40","","","","","","NA"
"-80.80","46.63","SUDBURY CLIMATE","6068145","2021-07-09 23:00","2021","07","09","23:00","23.4","","6.2","","33","","0.0","","3","","6","","","","97.39","","","","","","NA"
"-80.80","46.63","SUDBURY CLIMATE","6068145","2021-07-10 00:00","2021","07","10","00:00","23.2","","7.0","","35","","0.0","","4","","3","","","","97.42","","","","","","NA"
"-80.80","46.63","SUDBURY CLIMATE","6068145","2021-07-10 01:00","2021","07","10","01:00","20.1","","8.1","","46","","0.0","","24","","4","","","","97.45","","","","","","NA"
"-80.80","46.63","SUDBURY CLIMATE","6068145","2021-07-10 02:00","2021","07","10","02:00","17.2","","9.1","","59","","0.0","","16","","8","","","","97.52","","","","","","NA"
"-80.80","46.63","SUDBURY CLIMATE","6068145","2021-07-10 03:00","2021","07","10","03:00","16.1","","8.3","","60","","0.0","","12","","5","","","","97.55","","","","","","NA"
"-80.80","46.63","SUDBURY CLIMATE","6068145","2021-07-10 04:00","2021","07","10","04:00","15.6","","10.0","","69","","0.0","","24","","8","","","","97.60","","","","","","NA"
"-80.80","46.63","SUDBURY CLIMATE","6068145","2021-07-10 05:00","2021","07","10","05:00","14.1","","11.0","","82","","0.0","","21","","10","","","","97.59","","","","","","NA"
"-80.80","46.63","SUDBURY CLIMATE","6068145","2021-07-10 06:00","2021","07","10","06:00","13.4","","11.4","","87","","0.0","","22","","11","","","","97.59","","","","","","NA"
"-80.80","46.63","SUDBURY CLIMATE","6068145","2021-07-10 07:00","2021","07","10","07:00","12.1","","10.1","","88","","0.0","","27","","5","","","","97.58","","","","","","NA"
"-80.80","46.63","SUDBURY CLIMATE","6068145","2021-07-10 08:00","2021","07","10","08:00","11.8","","10.7","","93","","0.0","","22","","7","","","","97.57","","","","","","NA"
"-80.80","46.63","SUDBURY CLIMATE","6068145","2021-07-10 09:00","2021","07","10","09:00","11.8","","11.3","","97","","0.0","","23","","7","","","","97.59","","","","","","NA"
"-80.80","46.63","SUDBURY CLIMATE","6068145","2021-07-10 10:00","2021","07","10","10:00","10.9","","10.2","","95","","0.0","","29","","5","","","","97.61","","","","","","NA"
"-80.80","46.63","SUDBURY CLIMATE","6068145","2021-07-10 11:00","2021","07","10","11:00","13.4","","12.6","","95","","0.0","","31","","2","","","","97.63","","","","","","NA"
"-80.80","46.63","SUDBURY CLIMATE","6068145","2021-07-10 12:00","2021","07","10","12:00","17.2","","12.6","","74","","0.0","","3","","2","","","","97.63","","","","","","NA"
"-80.80","46.63","SUDBURY CLIMATE","6068145","2021-07-10 13:00","2021","07","10","13:00","19.3","","12.3","","64","","0.0","","19","","5","","","","97.73","","","","","","NA"
"-80.80","46.63","SUDBURY CLIMATE","6068145","2021-07-10 14:00","2021","07","10","14:00","21.8","","10.7","","49","","0.0","","22","","3","","","","97.77","","","","","","NA"
"-80.80","46.63","SUDBURY CLIMATE","6068145","2021-07-10 15:00","2021","07","10","15:00","23.6","","10.2","","43","","0.0","","24","","6","","","","97.71","","25","","","","NA"
"-80.80","46.63","SUDBURY CLIMATE","6068145","2021-07-10 16:00","2021","07","10","16:00","24.4","","7.4","","34","","0.0","","3","","6","","","","97.68","","25","","","","NA"
"-80.80","46.63","SUDBURY CLIMATE","6068145","2021-07-10 17:00","2021","07","10","17:00","25.3","","7.0","","31","","0.0","","19","","11","","","","97.69","","25","","","","NA"
"-80.80","46.63","SUDBURY CLIMATE","6068145","2021-07-10 18:00","2021","07","10","18:00","26.5","","8.0","","31","","0.0","","19","","18","","","","97.64","","27","","","","NA"
"-80.80","46.63","SUDBURY CLIMATE","6068145","2021-07-10 19:00","2021","07","10","19:00","26.4","","8.2","","32","","0.0","","19","","15","","","","97.58","","27","","","","NA"
"-80.80","46.63","SUDBURY CLIMATE","6068145","2021-07-10 20:00","2021","07","10","20:00","25.5","","10.7","","39","","0.0","","20","","19","","","","97.57","","27","","","","NA"
"-80.80","46.63","SUDBURY CLIMATE","6068145","2021-07-10 21:00","2021","07","10","21:00","25.7","","10.5","","39","","0.0","","21","","23","","","","97.53","","27","","","","NA"
"-80.80","46.63","SUDBURY CLIMATE","6068145","2021-07-10 22:00","2021","07","10","22:00","24.9","","9.2","","37","","0.0","","21","","25","","","","97.56","","26","","","","NA"
"-80.80","46.63","SUDBURY CLIMATE","6068145","2021-07-10 23:00","2021","07","10","23:00","24.2","","9.6","","39","","0.0","","21","","20","","","","97.56","","25","","","","NA"
"-80.80","46.63","SUDBURY CLIMATE","6068145","2021-07-11 00:00","2021","07","11","00:00","22.8","","9.7","","43","","0.0","","20","","19","","","","97.57","","","","","","NA"
"-80.80","46.63","SUDBURY CLIMATE","6068145","2021-07-11 01:00","2021","07","11","01:00","20.3","","9.6","","50","","0.0","","20","","16","","","","97.56","","","","","","NA"
"-80.80","46.63","SUDBURY CLIMATE","6068145","2021-07-11 02:00","2021","07","11","02:00","18.0","","10.2","","60","","0.0","","21","","15","","","","97.60","","","","","","NA"
"-80.80","46.63","SUDBURY CLIMATE","6068145","2021-07-11 03:00","2021","07","11","03:00","16.5","","10.2","","66","","0.0","","22","","13","","","","97.63","","","","","","NA"
"-80.80","46.63","SUDBURY CLIMATE","6068145","2021-07-11 04:00","2021","07","11","04:00","15.2","","10.5","","73","","0.0","","22","","12","","","","97.64","","","","","","NA"
"-80.80","46.63","SUDBURY CLIMATE","6068145","2021-07-11 05:00","2021","07","11","05:00","14.9","","10.5","","75","","0.0","","24","","8","","","","97.66","","","","","","NA"
"-80.80","46.63","SUDBURY CLIMATE","6068145","2021-07-11 06:00","2021","07","11","06:00","14.7","","10.7","","77","","0.0","","23","","8","","","","97.66","","","","","","NA"
"-80.80","46.63","SUDBURY CLIMATE","6068145","2021-07-11 07:00","2021","07","11","07:00","13.0","","10.4","","84","","0.0","","27","","6","","","","97.67","","","","","","NA"
"-80.80","46.63","SUDBURY CLIMATE","6068145","2021-07-11 08:00","2021","07","11","08:00","12.4","","11.0","","91","","0.0","","29","","6","","","","97.64","","","","","","NA"
"-80.80","46.63","SUDBURY CLIMATE","6068145","2021-07-11 09:00","2021","07","11","09:00","11.9","","10.5","","91","","0.0","","27","","7","","","","97.64","","","","","","NA"
"-80.80","46.63","SUDBURY CLIMATE","6068145","2021-07-11 10:00","2021","07","11","10:00","12.0","","10.5","","91","","0.0","","29","","7","","","","97.65","","","","","","NA"
"-80.80","46.63","SUDBURY CLIMATE","6068145","2021-07-11 11:00","2021","07","11","11:00","13.3","","11.5","","89","","0.0","","30","","7","","","","97.68","","","","","","NA"
"-80.80","46.63","SUDBURY CLIMATE","6068145","2021-07-11 12:00","2021","07","11","12:00","16.1","","10.6","","70","","0.0","","31","","6","","","","97.69","","","","","","NA"
"-80.80","46.63","SUDBURY CLIMATE","6068145","2021-07-11 13:00","2021","07","11","13:00","18.8","","10.8","","60","","0.0","","36","","4","","","","97.68","","","","","","NA"
"-80.80","46.63","SUDBURY CLIMATE","6068145","2021-07-11 14:00","2021","07","11","14:00","21.1","","9.3","","47","","0.0","","24","","1","","","","97.71","","","","","","NA"
"-80.80","46.63","SUDBURY CLIMATE","6068145","2021-07-11 15:00","2021","07","11","15:00","22.4","","9.1","","43","","0.0","","12","","4","","","","97.70","","","","","","NA"
"-80.80","46.63","SUDBURY CLIMATE","6068145","2021-07-11 16:00","2021","07","11","16:00","24.5","","8.4","","36","","0.0","","9","","3","","","","97.71","","25","","","","NA"
"-80.80","46.63","SUDBURY CLIMATE","6068145","2021-07-11 17:00","2021","07","11","17:00","25.5","","8.1","","33","","0.0","","3","","5","","","","97.67","","26","","","","NA"
"-80.80","46.63","SUDBURY CLIMATE","6068145","2021-07-11 18:00","2021","07","11","18:00","25.4","","8.8","","35","","0.0","","6","","10","","","","97.68","","26","","","","NA"
"-80.80","46.63","SUDBURY CLIMATE","6068145","2021-07-11 19:00","2021","07","11","19:00","26.7","","8.7","","32","","0.0","","14","","7","","","","97.66","","27","","","","NA"
"-80.80","46.63","SUDBURY CLIMATE","6068145","2021-07-11 20:00","2021","07","11","20:00","27.0","","10.0","","34","","0.0","","6","","11","","","","97.65","","28","","","","NA"
"-80.80","46.63","SUDBURY CLIMATE","6068145","2021-07-11 21:00","2021","07","11","21:00","26.6","","9.3","","34","","0.0","","8","","6","","","","97.66","","28","","","","NA"
"-80.80","46.63","SUDBURY CLIMATE","6068145","2021-07-11 22:00","2021","07","11","22:00","26.7","","9.8","","35","","0.0","","4","","9","","","","97.66","","28","","","","NA"
"-80.80","46.63","SUDBURY CLIMATE","6068145","2021-07-11 23:00","2021","07","11","23:00","26.5","","7.0","","29","","0.0","","3","","5","","","","97.66","","27","","","","NA"
"-80.80","46.63","SUDBURY CLIMATE","6068145","2021-07-12 00:00","2021","07","12","00:00","26.0","","8.5","","33","","0.0","","4","","4","","","","97.68","","27","","","","NA"
"-80.80","46.63","SUDBURY CLIMATE","6068145","2021-07-12 01:00","2021","07","12","01:00","21.4","","13.0","","59","","0.0","","22","","10","","","","97.70","","","","","","NA"
"-80.80","46.63","SUDBURY CLIMATE","6068145","2021-07-12 02:00","2021","07","12","02:00","19.6","","12.7","","64","","0.0","","2","","9","","","","97.77","","","","","","NA"
"-80.80","46.63","SUDBURY CLIMATE","6068145","2021-07-12 03:00","2021","07","12","03:00","18.6","","13.4","","72","","0.0","","7","","9","","","","97.83","","","","","","NA"
"-80.80","46.63","SUDBURY CLIMATE","6068145","2021-07-12 04:00","2021","07","12","04:00","18.0","","13.7","","76","","0.0","","6","","8","","","","97.88","","","","","","NA"
"-80.80","46.63","SUDBURY CLIMATE","6068145","2021-07-12 05:00","2021","07","12","05:00","17.8","","14.3","","80","","0.0","","6","","8","","","","97.91","","","","","","NA"
"-80.80","46.63","SUDBURY CLIMATE","6068145","2021-07-12 06:00","2021","07","12","06:00","16.9","","14.8","","87","","0.0","","5","","11","","","","97.93","","","","","","NA"
"-80.80","46.63","SUDBURY CLIMATE","6068145","2021-07-12 07:00","2021","07","12","07:00","16.5","","15.1","","92","","0.0","","5","","11","","","","97.93","","","","","","NA"
"-80.80","46.63","SUDBURY CLIMATE","6068145","2021-07-12 08:00","2021","07","12","08:00","16.3","","15.0","","92","","0.0","","4","","11","","","","97.95","","","","","","NA"
"-80.80","46.63","SUDBURY CLIMATE","6068145","2021-07-12 09:00","2021","07","12","09:00","16.3","","14.8","","91","","0.0","","4","","10","","","","97.99","","","","","","NA"
"-80.80","46.63","SUDBURY CLIMATE","6068145","2021-07-12 10:00","2021","07","12","10:00","15.6","","14.1","","91","","0.0","","4","","10","","","","98.01","","","","","","NA"
"-80.80","46.63","SUDBURY CLIMATE","6068145","2021-07-12 11:00","2021","07","12","11:00","16.8","","14.7","","88","","0.0","","5","","12","","","","98.03","","","","","","NA"
"-80.80","46.63","SUDBURY CLIMATE","6068145","2021-07-12 12:00","2021","07","12","12:00","18.4","","14.3","","77","","0.0","","5","","14","","","","98.06","","","","","","NA"
"-80.80","46.63","SUDBURY CLIMATE","6068145","2021-07-12 13:00","2021","07","12","13:00","20.3","","14.5","","70","","0.0","","5","","12","","","","98.10","","","","","","NA"
"-80.80","46.63","SUDBURY CLIMATE","6068145","2021-07-12 14:00","2021","07","12","14:00","22.1","","15.3","","65","","0.0","","5","","9","","","","98.12","","26","","","","NA"
"-80.80","46.63","SUDBURY CLIMATE","6068145","2021-07-12 15:00","2021","07","12","15:00","23.9","","15.0","","58","","0.0","","5","","9","","","","98.11","","28","","","","NA"
"-80.80","46.63","SUDBURY CLIMATE","6068145","2021-07-12 16:00","2021","07","12","16:00","25.5","","14.2","","50","","0.0","","5","","13","","","","98.11","","29","","","","NA"
"-80.80","46.63","SUDBURY CLIMATE","6068145","2021-07-12 17:00","2021","07","12","17:00","26.1","","13.8","","46","","0.0","","4","","10","","","","98.10","","29","","","","NA"
"-80.80","46.63","SUDBURY CLIMATE","6068145","2021-07-12 18:00","2021","07","12","18:00","27.0","","12.5","","41","","0.0","","5","","12","","","","98.08","","30","","","","NA"
"-80.80","46.63","SUDBURY CLIMATE","6068145","2021-07-12 19:00","2021","07","12","19:00","26.2","","13.0","","44","","0.0","","4","","13","","","","98.04","","29","","","","NA"
"-80.80","46.63","SUDBURY CLIMATE","6068145","2021-07-12 20:00","2021","07","12","20:00","26.8","","12.1","","40","","0.0","","3","","11","","","","98.01","","29","","","","NA"
"-80.80","46.63","SUDBURY CLIMATE","6068145","2021-07-12 21:00","2021","07","12","21:00","27.2","","11.8","","38","","0.0","","4","","11","","","","97.97","","29","","","","NA"
"-80.80","46.63","SUDBURY CLIMATE","6068145","2021-07-12 22:00","2021","07","12","22:00","27.0","","12.1","","40","","0.0","","5","","9","","","","97.94","","29","","","","NA"
"-80.80","46.63","SUDBURY CLIMATE","6068145","2021-07-12 23:00","2021","07","12","23:00","26.7","","13.1","","43","","0.0","","12","","11","","","","97.90","","30","","","","NA"
"-80.80","46.63","SUDBURY CLIMATE","6068145","2021-07-13 00:00","2021","07","13","00:00","26.0","","13.2","","45","","0.0","","14","","9","","","","97.91","","29","","","","NA"
"-80.80","46.63","SUDBURY CLIMATE","6068145","2021-07-13 01:00","2021","07","13","01:00","23.9","","12.1","","48","","0.0","","16","","6","","","","97.92","","26","","","","NA"
"-80.80","46.63","SUDBURY CLIMATE","6068145","2021-07-13 02:00","2021","07","13","02:00","22.1","","12.7","","55","","0.0","","14","","5","","","","97.93","","25","","","","NA"
"-80.80","46.63","SUDBURY CLIMATE","6068145","2021-07-13 03:00","2021","07","13","03:00","22.1","","12.9","","56","","0.0","","14","","8","","","","97.93","","25","","","","NA"
"-80.80","46.63","SUDBURY CLIMATE","6068145","2021-07-13 04:00","2021","07","13","04:00","20.4","","13.4","","64","","0.0","","15","","7","","","","97.91","","","","","","NA"
"-80.80","46.63","SUDBURY CLIMATE","6068145","2021-07-13 05:00","2021","07","13","05:00","19.7","","15.4","","76","","0.0","","12","","10","","","","97.90","","","","","","NA"
"-80.80","46.63","SUDBURY CLIMATE","6068145","2021-07-13 06:00","2021","07","13","06:00","18.9","","15.1","","79","","0.0","","13","","9","","","","97.90","","","","","","NA"
"-80.80","46.63","SUDBURY CLIMATE","6068145","2021-07-13 07:00","2021","07","13","07:00","19.1","","15.5","","80","","0.0","","13","","11","","","","97.86","","","","","","NA"
"-80.80","46.63","SUDBURY CLIMATE","6068145","2021-07-13 08:00","2021","07","13","08:00","18.7","","15.6","","82","","0.0","","16","","9","","","","97.84","","","","","","NA"
"-80.80","46.63","SUDBURY CLIMATE","6068145","2021-07-13 09:00","2021","07","13","09:00","18.4","","15.5","","83","","0.0","","4","","7","","","","97.79","","","","","","NA"
"-80.80","46.63","SUDBURY CLIMATE","6068145","2021-07-13 10:00","2021","07","13","10:00","18.5","","16.1","","86","","0.0","","12","","6","","","","97.81","","","","","","NA"
"-80.80","46.63","SUDBURY CLIMATE","6068145","2021-07-13 11:00","2021","07","13","11:00","18.7","","16.4","","86","","0.0","","11","","5","","","","97.81","","","","","","NA"
"-80.80","46.63","SUDBURY CLIMATE","6068145","2021-07-13 12:00","2021","07","13","12:00","18.6","","16.4","","87","","0.0","","22","","8","","","","97.82","","","","","","NA"
"-80.80","46.63","SUDBURY CLIMATE","6068145","2021-07-13 13:00","2021","07","13","13:00","19.0","","16.5","","85","","0.0","","9","","3","","","","97.78","","","","","","NA"
"-80.80","46.63","SUDBURY CLIMATE","6068145","2021-07-13 14:00","2021","07","13","14:00","19.7","","17.1","","85","","0.0","","7","","7","","","","97.72","","","","","","NA"
"-80.80","46.63","SUDBURY CLIMATE","6068145","2021-07-13 15:00","2021","07","13","15:00","21.2","","17.3","","78","","0.0","","11","","8","","","","97.66","","27","","","","NA"
"-80.80","46.63","SUDBURY CLIMATE","6068145","2021-07-13 16:00","2021","07","13","16:00","23.4","","17.4","","69","","0.0","","14","","11","","","","97.59","","29","","","","NA"
"-80.80","46.63","SUDBURY CLIMATE","6068145","2021-07-13 17:00","2021","07","13","17:00","23.4","","17.7","","71","","0.0","","17","","15","","","","97.56","","29","","","","NA"
"-80.80","46.63","SUDBURY CLIMATE","6068145","2021-07-13 18:00","2021","07","13","18:00","23.2","","18.3","","74","","0.0","","14","","17","","","","97.51","","29","","","","NA"
"-80.80","46.63","SUDBURY CLIMATE","6068145","2021-07-13 19:00","2021","07","13","19:00","22.4","","19.0","","81","","0.0","","15","","16","","","","97.45","","29","","","","NA"
"-80.80","46.63","SUDBURY CLIMATE","6068145","2021-07-13 20:00","2021","07","13","20:00","22.6","","18.3","","77","","0.0","","17","","16","","","","97.42","","29","","","","NA"
"-80.80","46.63","SUDBURY CLIMATE","6068145","2021-07-13 21:00","2021","07","13","21:00","21.3","","18.9","","86","","0.0","","17","","15","","","","97.37","","28","","","","NA"
"-80.80","46.63","SUDBURY CLIMATE","6068145","2021-07-13 22:00","2021","07","13","22:00","20.2","","19.4","","95","","2.9","","17","","9","","","","97.30","","27","","","","NA"
"-80.80","46.63","SUDBURY CLIMATE","6068145","2021-07-13 23:00","2021","07","13","23:00","19.7","","19.4","","98","","8.7","","2","","4","","","","97.23","","","","","","NA"
"-80.80","46.63","SUDBURY CLIMATE","6068145","2021-07-14 00:00","2021","07","14","00:00","19.5","","19.3","","98","","7.7","","25","","8","","","","97.19","","","","","","NA"
"-80.80","46.63","SUDBURY CLIMATE","6068145","2021-07-14 01:00","2021","07","14","01:00","19.7","","19.5","","99","","3.6","","23","","9","","","","97.18","","","","","","NA"
"-80.80","46.63","SUDBURY CLIMATE","6068145","2021-07-14 02:00","2021","07","14","02:00","18.7","","18.6","","99","","1.2","","27","","10","","","","97.19","","","","","","NA"
"-80.80","46.63","SUDBURY CLIMATE","6068145","2021-07-14 03:00","2021","07","14","03:00","18.6","","18.4","","99","","0.0","","27","","7","","","","97.17","","","","","","NA"
"-80.80","46.63","SUDBURY CLIMATE","6068145","2021-07-14 04:00","2021","07","14","04:00","18.5","","18.3","","99","","0.0","","27","","9","","","","97.15","","","","","","NA"
"-80.80","46.63","SUDBURY CLIMATE","6068145","2021-07-14 05:00","2021","07","14","05:00","18.2","","18.1","","99","","0.0","","27","","6","","","","97.22","","","","","","NA"
"-80.80","46.63","SUDBURY CLIMATE","6068145","2021-07-14 06:00","2021","07","14","06:00","18.0","","17.8","","99","","0.0","","26","","9","","","","97.26","","","","","","NA"
"-80.80","46.63","SUDBURY CLIMATE","6068145","2021-07-14 07:00","2021","07","14","07:00","17.8","","17.6","","99","","0.0","","25","","11","","","","97.28","","","","","","NA"
"-80.80","46.63","SUDBURY CLIMATE","6068145","2021-07-14 08:00","2021","07","14","08:00","17.9","","17.6","","98","","0.0","","26","","12","","","","97.31","","","","","","NA"
"-80.80","46.63","SUDBURY CLIMATE","6068145","2021-07-14 09:00","2021","07","14","09:00","17.5","","17.1","","98","","0.0","","26","","11","","","","97.35","","","","","","NA"
"-80.80","46.63","SUDBURY CLIMATE","6068145","2021-07-14 10:00","2021","07","14","10:00","17.1","","16.8","","98","","0.0","","25","","11","","","","97.39","","","","","","NA"
"-80.80","46.63","SUDBURY CLIMATE","6068145","2021-07-14 11:00","2021","07","14","11:00","17.3","","16.7","","96","","0.0","","25","","10","","","","97.41","","","","","","NA"
"-80.80","46.63","SUDBURY CLIMATE","6068145","2021-07-14 12:00","2021","07","14","12:00","18.3","","16.5","","89","","0.0","","26","","13","","","","97.48","","","","","","NA"
"-80.80","46.63","SUDBURY CLIMATE","6068145","2021-07-14 13:00","2021","07","14","13:00","19.7","","16.4","","81","","0.0","","26","","10","","","","97.51","","","","","","NA"
"-80.80","46.63","SUDBURY CLIMATE","6068145","2021-07-14 14:00","2021","07","14","14:00","21.5","","16.2","","72","","0.0","","26","","9","","","","97.55","","26","","","","NA"
"-80.80","46.63","SUDBURY CLIMATE","6068145","2021-07-14 15:00","2021","07","14","15:00","23.1","","15.1","","61","","0.0","","26","","11","","","","97.56","","27","","","","NA"
"-80.80","46.63","SUDBURY CLIMATE","6068145","2021-07-14 16:00","2021","07","14","16:00","24.5","","14.1","","52","","0.0","","24","","13","","","","97.57","","28","","","","NA"
"-80.80","46.63","SUDBURY CLIMATE","6068145","2021-07-14 17:00","2021","07","14","17:00","25.9","","15.4","","52","","0.0","","23","","16","","","","97.59","","30","","","","NA"
"-80.80","46.63","SUDBURY CLIMATE","6068145","2021-07-14 18:00","2021","07","14","18:00","25.3","","18.6","","67","","0.0","","23","","18","","","","97.58","","32","","","","NA"
"-80.80","46.63","SUDBURY CLIMATE","6068145","2021-07-14 19:00","2021","07","14","19:00","20.7","","19.2","","92","","14.0","","24","","16","","","","97.58","","28","","","","NA"
"-80.80","46.63","SUDBURY CLIMATE","6068145","2021-07-14 20:00","2021","07","14","20:00","22.1","","18.9","","82","","0.1","","31","","4","","","","97.61","","29","","","","NA"
"-80.80","46.63","SUDBURY CLIMATE","6068145","2021-07-14 21:00","2021","07","14","21:00","23.6","","19.2","","76","","0.0","","19","","18","","","","97.56","","31","","","","NA"
"-80.80","46.63","SUDBURY CLIMATE","6068145","2021-07-14 22:00","2021","07","14","22:00","23.7","","19.2","","76","","0.0","","20","","14","","","","97.54","","31","","","","NA"
"-80.80","46.63","SUDBURY CLIMATE","6068145","2021-07-14 23:00","2021","07","14","23:00","23.2","","19.7","","81","","0.0","","17","","8","","","","97.53","","31","","","","NA"
"-80.80","46.63","SUDBURY CLIMATE","6068145","2021-07-15 00:00","2021","07","15","00:00","22.6","","20.0","","85","","0.0","","22","","9","","","","97.55","","30","","","","NA"
"-80.80","46.63","SUDBURY CLIMATE","6068145","2021-07-15 01:00","2021","07","15","01:00","21.9","","19.2","","85","","0.0","","22","","12","","","","97.56","","29","","","","NA"
"-80.80","46.63","SUDBURY CLIMATE","6068145","2021-07-15 02:00","2021","07","15","02:00","20.5","","18.1","","86","","0.0","","23","","6","","","","97.57","","27","","","","NA"
"-80.80","46.63","SUDBURY CLIMATE","6068145","2021-07-15 03:00","2021","07","15","03:00","19.3","","17.5","","89","","0.0","","29","","6","","","","97.55","","","","","","NA"
"-80.80","46.63","SUDBURY CLIMATE","6068145","2021-07-15 04:00","2021","07","15","04:00","18.1","","17.5","","96","","0.0","","6","","3","","","","97.53","","","","","","NA"
"-80.80","46.63","SUDBURY CLIMATE","6068145","2021-07-15 05:00","2021","07","15","05:00","18.5","","17.7","","95","","0.0","","16","","7","","","","97.52","","","","","","NA"
"-80.80","46.63","SUDBURY CLIMATE","6068145","2021-07-15 06:00","2021","07","15","06:00","18.7","","18.2","","97","","1.9","","18","","17","","","","97.48","","","","","","NA"
"-80.80","46.63","SUDBURY CLIMATE","6068145","2021-07-15 07:00","2021","07","15","07:00","18.4","","18.1","","98","","0.2","","17","","13","","","","97.44","","","","","","NA"
"-80.80","46.63","SUDBURY CLIMATE","6068145","2021-07-15 08:00","2021","07","15","08:00","18.0","","17.7","","98","","0.2","","15","","9","","","","97.35","","","","","","NA"
"-80.80","46.63","SUDBURY CLIMATE","6068145","2021-07-15 09:00","2021","07","15","09:00","17.9","","17.7","","99","","3.9","","23","","8","","","","97.34","","","","","","NA"
"-80.80","46.63","SUDBURY CLIMATE","6068145","2021-07-15 10:00","2021","07","15","10:00","18.0","","17.7","","98","","1.2","","20","","11","","","","97.31","","","","","","NA"
"-80.80","46.63","SUDBURY CLIMATE","6068145","2021-07-15 11:00","2021","07","15","11:00","18.1","","17.9","","99","","0.5","","20","","14","","","","97.28","","","","","","NA"
"-80.80","46.63","SUDBURY CLIMATE","6068145","2021-07-15 12:00","2021","07","15","12:00","18.1","","17.9","","99","","1.2","","19","","11","","","","97.24","","","","","","NA"
"-80.80","46.63","SUDBURY CLIMATE","6068145","2021-07-15 13:00","2021","07","15","13:00","18.0","","17.7","","98","","2.1","","16","","7","","","","97.14","","","","","","NA"
"-80.80","46.63","SUDBURY CLIMATE","6068145","2021-07-15 14:00","2021","07","15","14:00","17.9","","17.5","","98","","2.7","","15","","16","","","","97.03","","","","","","NA"
"-80.80","46.63","SUDBURY CLIMATE","6068145","2021-07-15 15:00","2021","07","15","15:00","18.4","","18.0","","97","","0.3","","17","","18","","","","96.97","","","","","","NA"
"-80.80","46.63","SUDBURY CLIMATE","6068145","2021-07-15 16:00","2021","07","15","16:00","19.1","","18.7","","97","","0.0","","18","","24","","","","96.91","","","","","","NA"
"-80.80","46.63","SUDBURY CLIMATE","6068145","2021-07-15 17:00","2021","07","15","17:00","20.1","","19.0","","93","","0.0","","19","","24","","","","96.81","","27","","","","NA"
"-80.80","46.63","SUDBURY CLIMATE","6068145","2021-07-15 18:00","2021","07","15","18:00","20.0","","19.4","","96","","0.0","","19","","24","","","","96.73","","27","","","","NA"
"-80.80","46.63","SUDBURY CLIMATE","6068145","2021-07-15 19:00","2021","07","15","19:00","20.8","","19.4","","92","","0.0","","22","","24","","","","96.67","","28","","","","NA"
"-80.80","46.63","SUDBURY CLIMATE","6068145","2021-07-15 20:00","2021","07","15","20:00","20.8","","18.8","","88","","0.0","","31","","11","","","","96.70","","27","","","","NA"
"-80.80","46.63","SUDBURY CLIMATE","6068145","2021-07-15 21:00","2021","07","15","21:00","19.1","","16.7","","86","","0.0","","1","","22","","","","96.80","","","","","","NA"
"-80.80","46.63","SUDBURY CLIMATE","6068145","2021-07-15 22:00","2021","07","15","22:00","19.0","","16.5","","85","","0.0","","1","","19","","","","96.85","","","","","","NA"
"-80.80","46.63","SUDBURY CLIMATE","6068145","2021-07-15 23:00","2021","07","15","23:00","19.6","","15.5","","77","","0.0","","1","","20","","","","96.90","","","","","","NA"
"-80.80","46.63","SUDBURY CLIMATE","6068145","2021-07-16 00:00","2021","07","16","00:00","18.6","","15.0","","80","","0.0","","36","","16","","","","97.03","","","","","","NA"
"-80.80","46.63","SUDBURY CLIMATE","6068145","2021-07-16 01:00","2021","07","16","01:00","18.2","","15.2","","83","","0.0","","35","","13","","","","97.15","","","","","","NA"
"-80.80","46.63","SUDBURY CLIMATE","6068145","2021-07-16 02:00","2021","07","16","02:00","16.6","","14.6","","88","","0.0","","35","","10","","","","97.24","","","","","","NA"
"-80.80","46.63","SUDBURY CLIMATE","6068145","2021-07-16 03:00","2021","07","16","03:00","15.2","","14.2","","94","","0.0","","34","","6","","","","97.31","","","","","","NA"
"-80.80","46.63","SUDBURY CLIMATE","6068145","2021-07-16 04:00","2021","07","16","04:00","13.6","","13.3","","98","","0.0","","31","","5","","","","97.36","","","","","","NA"
"-80.80","46.63","SUDBURY CLIMATE","6068145","2021-07-16 05:00","2021","07","16","05:00","13.0","","12.8","","99","","0.0","","28","","6","","","","97.41","","","","","","NA"
"-80.80","46.63","SUDBURY CLIMATE","6068145","2021-07-16 06:00","2021","07","16","06:00","12.7","","12.6","","99","","0.0","","28","","5","","","","97.44","","","","","","NA"
"-80.80","46.63","SUDBURY CLIMATE","6068145","2021-07-16 07:00","2021","07","16","07:00","12.6","","12.5","","99","","0.0","","29","","6","","","","97.46","","","","","","NA"
"-80.80","46.63","SUDBURY CLIMATE","6068145","2021-07-16 08:00","2021","07","16","08:00","11.9","","11.8","","100","","0.0","","29","","7","","","","97.47","","","","","","NA"
"-80.80","46.63","SUDBURY CLIMATE","6068145","2021-07-16 09:00","2021","07","16","09:00","11.7","","11.7","","100","","0.0","","29","","7","","","","97.51","","","","","","NA"
"-80.80","46.63","SUDBURY CLIMATE","6068145","2021-07-16 10:00","2021","07","16","10:00","11.9","","11.9","","100","","0.0","","29","","6","","","","97.54","","","","","","NA"
"-80.80","46.63","SUDBURY CLIMATE","6068145","2021-07-16 11:00","2021","07","16","11:00","13.3","","13.3","","100","","0.0","","29","","3","","","","97.60","","","","","","NA"
"-80.80","46.63","SUDBURY CLIMATE","6068145","2021-07-16 12:00","2021","07","16","12:00","14.2","","13.8","","97","","0.0","","28","","4","","","","97.67","","","","","","NA"
"-80.80","46.63","SUDBURY CLIMATE","6068145","2021-07-16 13:00","2021","07","16","13:00","17.4","","13.7","","79","","0.0","","30","","6","","","","97.71","","","","","","NA"
"-80.80","46.63","SUDBURY CLIMATE","6068145","2021-07-16 14:00","2021","07","16","14:00","20.3","","14.1","","68","","0.0","","29","","5","","","","97.71","","","","","","NA"
"-80.80","46.63","SUDBURY CLIMATE","6068145","2021-07-16 15:00","2021","07","16","15:00","23.1","","12.3","","51","","0.0","","31","","10","","","","97.73","","26","","","","NA"
"-80.80","46.63","SUDBURY CLIMATE","6068145","2021-07-16 16:00","2021","07","16","16:00","23.8","","11.4","","46","","0.0","","29","","9","","","","97.76","","26","","","","NA"
"-80.80","46.63","SUDBURY CLIMATE","6068145","2021-07-16 17:00","2021","07","16","17:00","25.4","","11.7","","42","","0.0","","26","","8","","","","97.74","","28","","","","NA"
"-80.80","46.63","SUDBURY CLIMATE","6068145","2021-07-16 18:00","2021","07","16","18:00","25.0","","11.0","","42","","0.0","","26","","6","","","","97.72","","27","","","","NA"
"-80.80","46.63","SUDBURY CLIMATE","6068145","2021-07-16 19:00","2021","07","16","19:00","25.7","","10.5","","39","","0.0","","30","","7","","","","97.70","","27","","","","NA"
"-80.80","46.63","SUDBURY CLIMATE","6068145","2021-07-16 20:00","2021","07","16","20:00","25.9","","11.7","","41","","0.0","","22","","5","","","","97.67","","28","","","","NA"
"-80.80","46.63","SUDBURY CLIMATE","6068145","2021-07-16 21:00","2021","07","16","21:00","26.5","","11.3","","39","","0.0","","27","","2","","","","97.65","","28","","","","NA"
"-80.80","46.63","SUDBURY CLIMATE","6068145","2021-07-16 22:00","2021","07","16","22:00","26.3","","12.1","","41","","0.0","","21","","4","","","","97.62","","29","","","","NA"
"-80.80","46.63","SUDBURY CLIMATE","6068145","2021-07-16 23:00","2021","07","16","23:00","25.0","","13.9","","50","","0.0","","21","","14","","","","97.62","","28","","","","NA"
"-80.80","46.63","SUDBURY CLIMATE","6068145","2021-07-17 00:00","2021","07","17","00:00","22.8","","16.0","","66","","0.0","","21","","17","","","","97.64","","27","","","","NA"
"-80.80","46.63","SUDBURY CLIMATE","6068145","2021-07-17 01:00","2021","07","17","01:00","21.3","","14.9","","67","","0.0","","22","","11","","","","97.66","","25","","","","NA"
"-80.80","46.63","SUDBURY CLIMATE","6068145","2021-07-17 02:00","2021","07","17","02:00","19.8","","14.3","","70","","0.0","","24","","10","","","","97.75","","","","","","NA"
"-80.80","46.63","SUDBURY CLIMATE","6068145","2021-07-17 03:00","2021","07","17","03:00","19.2","","13.7","","70","","0.0","","25","","8","","","","97.76","","","","","","NA"
"-80.80","46.63","SUDBURY CLIMATE","6068145","2021-07-17 04:00","2021","07","17","04:00","18.3","","13.4","","73","","0.0","","24","","12","","","","97.78","","","","","","NA"
"-80.80","46.63","SUDBURY CLIMATE","6068145","2021-07-17 05:00","2021","07","17","05:00","17.9","","13.2","","74","","0.0","","25","","9","","","","97.79","","","","","","NA"
"-80.80","46.63","SUDBURY CLIMATE","6068145","2021-07-17 06:00","2021","07","17","06:00","17.0","","12.7","","76","","0.0","","27","","7","","","","97.78","","","","","","NA"
"-80.80","46.63","SUDBURY CLIMATE","6068145","2021-07-17 07:00","2021","07","17","07:00","16.1","","12.5","","80","","0.0","","28","","7","","","","97.77","","","","","","NA"
"-80.80","46.63","SUDBURY CLIMATE","6068145","2021-07-17 08:00","2021","07","17","08:00","14.6","","12.6","","88","","0.0","","30","","6","","","","97.78","","","","","","NA"
"-80.80","46.63","SUDBURY CLIMATE","6068145","2021-07-17 09:00","2021","07","17","09:00","14.9","","12.6","","86","","0.0","","31","","8","","","","97.80","","","","","","NA"
"-80.80","46.63","SUDBURY CLIMATE","6068145","2021-07-17 10:00","2021","07","17","10:00","15.2","","12.9","","86","","0.0","","33","","8","","","","97.83","","","","","","NA"
"-80.80","46.63","SUDBURY CLIMATE","6068145","2021-07-17 11:00","2021","07","17","11:00","16.0","","13.1","","83","","0.0","","1","","9","","","","97.86","","","","","","NA"
"-80.80","46.63","SUDBURY CLIMATE","6068145","2021-07-17 12:00","2021","07","17","12:00","16.9","","13.0","","78","","0.0","","2","","12","","","","97.90","","","","","","NA"
"-80.80","46.63","SUDBURY CLIMATE","6068145","2021-07-17 13:00","2021","07","17","13:00","20.0","","13.8","","67","","0.0","","2","","13","","","","97.94","","","","","","NA"
"-80.80","46.63","SUDBURY CLIMATE","6068145","2021-07-17 14:00","2021","07","17","14:00","22.3","","13.4","","57","","0.0","","2","","12","","","","97.95","","25","","","","NA"
"-80.80","46.63","SUDBURY CLIMATE","6068145","2021-07-17 15:00","2021","07","17","15:00","23.7","","13.8","","54","","0.0","","5","","10","","","","97.98","","27","","","","NA"
"-80.80","46.63","SUDBURY CLIMATE","6068145","2021-07-17 16:00","2021","07","17","16:00","25.1","","13.5","","48","","0.0","","7","","8","","","","97.98","","28","","","","NA"
"-80.80","46.63","SUDBURY CLIMATE","6068145","2021-07-17 17:00","2021","07","17","17:00","26.5","","13.2","","44","","0.0","","7","","4","","","","97.97","","29","","","","NA"
"-80.80","46.63","SUDBURY CLIMATE","6068145","2021-07-17 18:00","2021","07","17","18:00","27.2","","12.0","","39","","0.0","","7","","12","","","","97.93","","29","","","","NA"
"-80.80","46.63","SUDBURY CLIMATE","6068145","2021-07-17 19:00","2021","07","17","19:00","28.1","","12.0","","37","","0.0","","6","","8","","","","97.90","","30","","","","NA"
"-80.80","46.63","SUDBURY CLIMATE","6068145","2021-07-17 20:00","2021","07","17","20:00","28.4","","11.8","","36","","0.0","","29","","3","","","","97.88","","31","","","","NA"
"-80.80","46.63","SUDBURY CLIMATE","6068145","2021-07-17 21:00","2021","07","17","21:00","28.7","","11.7","","35","","0.0","","35","","5","","","","97.85","","31","","","","NA"
"-80.80","46.63","SUDBURY CLIMATE","6068145","2021-07-17 22:00","2021","07","17","22:00","28.1","","11.1","","35","","0.0","","2","","7","","","","97.82","","30","","","","NA"
"-80.80","46.63","SUDBURY CLIMATE","6068145","2021-07-17 23:00","2021","07","17","23:00","28.0","","13.1","","40","","0.0","","31","","5","","","","97.81","","31","","","","NA"
"-80.80","46.63","SUDBURY CLIMATE","6068145","2021-07-18 00:00","2021","07","18","00:00","26.4","","14.1","","47","","0.0","","33","","4","","","","97.84","","30","","","","NA"
"-80.80","46.63","SUDBURY CLIMATE","6068145","2021-07-18 01:00","2021","07","18","01:00","23.7","","13.5","","53","","0.0","","35","","7","","","","97.87","","27","","","","NA"
"-80.80","46.63","SUDBURY CLIMATE","6068145","2021-07-18 02:00","2021","07","18","02:00","22.3","","12.9","","55","","0.0","","35","","7","","","","97.93","","25","","","","NA"
"-80.80","46.63","SUDBURY CLIMATE","6068145","2021-07-18 03:00","2021","07","18","03:00","19.1","","12.1","","64","","0.0","","35","","6","","","","97.93","","","","","","NA"
"-80.80","46.63","SUDBURY CLIMATE","6068145","2021-07-18 04:00","2021","07","18","04:00","18.8","","13.0","","69","","0.0","","36","","7","","","","97.95","","","","","","NA"
"-80.80","46.63","SUDBURY CLIMATE","6068145","2021-07-18 05:00","2021","07","18","05:00","18.7","","12.8","","69","","0.0","","31","","8","","","","97.95","","","","","","NA"
"-80.80","46.63","SUDBURY CLIMATE","6068145","2021-07-18 06:00","2021","07","18","06:00","16.2","","13.7","","85","","0.0","","31","","7","","","","97.95","","","","","","NA"
"-80.80","46.63","SUDBURY CLIMATE","6068145","2021-07-18 07:00","2021","07","18","07:00","17.2","","13.7","","79","","0.0","","32","","7","","","","97.94","","","","","","NA"
"-80.80","46.63","SUDBURY CLIMATE","6068145","2021-07-18 08:00","2021","07","18","08:00","18.3","","13.8","","75","","0.0","","33","","6","","","","97.96","","","","","","NA"
"-80.80","46.63","SUDBURY CLIMATE","6068145","2021-07-18 09:00","2021","07","18","09:00","18.3","","13.8","","75","","0.0","","32","","6","","","","97.98","","","","","","NA"
"-80.80","46.63","SUDBURY CLIMATE","6068145","2021-07-18 10:00","2021","07","18","10:00","17.7","","14.2","","80","","0.0","","35","","6","","","","98.01","","","","","","NA"
"-80.80","46.63","SUDBURY CLIMATE","6068145","2021-07-18 11:00","2021","07","18","11:00","18.9","","14.6","","76","","0.0","","35","","7","","","","98.03","","","","","","NA"
"-80.80","46.63","SUDBURY CLIMATE","6068145","2021-07-18 12:00","2021","07","18","12:00","19.1","","14.9","","77","","0.0","","1","","8","","","","98.05","","","","","","NA"
"-80.80","46.63","SUDBURY CLIMATE","6068145","2021-07-18 13:00","2021","07","18","13:00","20.5","","15.6","","74","","0.0","","1","","8","","","","98.05","","25","","","","NA"
"-80.80","46.63","SUDBURY CLIMATE","6068145","2021-07-18 14:00","2021","07","18","14:00","22.3","","15.9","","67","","0.0","","2","","10","","","","98.04","","27","","","","NA"
"-80.80","46.63","SUDBURY CLIMATE","6068145","2021-07-18 15:00","2021","07","18","15:00","24.0","","16.0","","61","","0.0","","3","","8","","","","98.04","","29","","","","NA"
"-80.80","46.63","SUDBURY CLIMATE","6068145","2021-07-18 16:00","2021","07","18","16:00","25.6","","15.7","","55","","0.0","","1","","7","","","","98.00","","30","","","","NA"
"-80.80","46.63","SUDBURY CLIMATE","6068145","2021-07-18 17:00","2021","07","18","17:00","26.5","","16.6","","55","","0.0","","34","","8","","","","97.98","","32","","","","NA"
"-80.80","46.63","SUDBURY CLIMATE","6068145","2021-07-18 18:00","2021","07","18","18:00","26.9","","16.2","","52","","0.0","","4","","14","","","","97.94","","32","","","","NA"
"-80.80","46.63","SUDBURY CLIMATE","6068145","2021-07-18 19:00","2021","07","18","19:00","26.5","","16.5","","54","","0.0","","1","","10","","","","97.92","","31","","","","NA"
"-80.80","46.63","SUDBURY CLIMATE","6068145","2021-07-18 20:00","2021","07","18","20:00","27.7","","16.2","","49","","0.0","","36","","13","","","","97.90","","32","","","","NA"
"-80.80","46.63","SUDBURY CLIMATE","6068145","2021-07-18 21:00","2021","07","18","21:00","26.7","","16.3","","53","","0.0","","2","","11","","","","97.88","","32","","","","NA"
"-80.80","46.63","SUDBURY CLIMATE","6068145","2021-07-18 22:00","2021","07","18","22:00","23.0","","18.0","","73","","0.0","","1","","9","","","","97.87","","29","","","","NA"
"-80.80","46.63","SUDBURY CLIMATE","6068145","2021-07-18 23:00","2021","07","18","23:00","25.4","","16.6","","58","","0.0","","35","","6","","","","97.84","","30","","","","NA"
"-80.80","46.63","SUDBURY CLIMATE","6068145","2021-07-19 00:00","2021","07","19","00:00","24.9","","18.0","","66","","0.0","","33","","2","","","","97.84","","31","","","","NA"
"-80.80","46.63","SUDBURY CLIMATE","6068145","2021-07-19 01:00","2021","07","19","01:00","21.9","","18.4","","80","","0.0","","34","","5","","","","97.85","","28","","","","NA"
"-80.80","46.63","SUDBURY CLIMATE","6068145","2021-07-19 02:00","2021","07","19","02:00","20.3","","18.3","","88","","0.0","","","","0","","","","97.90","","27","","","","NA"
"-80.80","46.63","SUDBURY CLIMATE","6068145","2021-07-19 03:00","2021","07","19","03:00","19.5","","17.8","","90","","0.0","","1","","5","","","","97.90","","","","","","NA"
"-80.80","46.63","SUDBURY CLIMATE","6068145","2021-07-19 04:00","2021","07","19","04:00","18.8","","18.4","","97","","0.0","","34","","6","","","","97.90","","","","","","NA"
"-80.80","46.63","SUDBURY CLIMATE","6068145","2021-07-19 05:00","2021","07","19","05:00","18.7","","18.2","","97","","0.0","","3","","4","","","","97.88","","","","","","NA"
"-80.80","46.63","SUDBURY CLIMATE","6068145","2021-07-19 06:00","2021","07","19","06:00","18.4","","17.8","","97","","0.0","","4","","6","","","","97.85","","","","","","NA"
"-80.80","46.63","SUDBURY CLIMATE","6068145","2021-07-19 07:00","2021","07","19","07:00","18.5","","18.0","","97","","0.0","","36","","7","","","","97.83","","","","","","NA"
"-80.80","46.63","SUDBURY CLIMATE","6068145","2021-07-19 08:00","2021","07","19","08:00","17.5","","17.1","","98","","0.0","","","","0","","","","97.81","","","","","","NA"
"-80.80","46.63","SUDBURY CLIMATE","6068145","2021-07-19 09:00","2021","07","19","09:00","16.7","","16.3","","98","","0.0","","33","","4","","","","97.81","","","","","","NA"
"-80.80","46.63","SUDBURY CLIMATE","6068145","2021-07-19 10:00","2021","07","19","10:00","16.4","","16.0","","97","","0.0","","28","","4","","","","97.81","","","","","","NA"
"-80.80","46.63","SUDBURY CLIMATE","6068145","2021-07-19 11:00","2021","07","19","11:00","16.9","","16.7","","99","","0.0","","28","","2","","","","97.83","","","","","","NA"
"-80.80","46.63","SUDBURY CLIMATE","6068145","2021-07-19 12:00","2021","07","19","12:00","19.1","","17.7","","92","","0.0","","25","","3","","","","97.83","","","","","","NA"
"-80.80","46.63","SUDBURY CLIMATE","6068145","2021-07-19 13:00","2021","07","19","13:00","20.9","","16.9","","78","","0.0","","22","","3","","","","97.84","","26","","","","NA"
"-80.80","46.63","SUDBURY CLIMATE","6068145","2021-07-19 14:00","2021","07","19","14:00","22.4","","17.4","","73","","0.0","","22","","9","","","","97.81","","28","","","","NA"
"-80.80","46.63","SUDBURY CLIMATE","6068145","2021-07-19 15:00","2021","07","19","15:00","24.3","","18.1","","69","","0.0","","24","","8","","","","97.76","","30","","","","NA"
"-80.80","46.63","SUDBURY CLIMATE","6068145","2021-07-19 16:00","2021","07","19","16:00","26.1","","19.1","","65","","0.0","","24","","9","","","","97.71","","33","","","","NA"
"-80.80","46.63","SUDBURY CLIMATE","6068145","2021-07-19 17:00","2021","07","19","17:00","27.5","","18.6","","58","","0.0","","26","","9","","","","97.65","","34","","","","NA"
"-80.80","46.63","SUDBURY CLIMATE","6068145","2021-07-19 18:00","2021","07","19","18:00","28.6","","17.4","","51","","0.0","","28","","10","","","","97.56","","34","","","","NA"
"-80.80","46.63","SUDBURY CLIMATE","6068145","2021-07-19 19:00","2021","07","19","19:00","29.2","","16.3","","46","","0.0","","24","","15","","","","97.53","","34","","","","NA"
"-80.80","46.63","SUDBURY CLIMATE","6068145","2021-07-19 20:00","2021","07","19","20:00","29.0","","15.7","","44","","0.0","","27","","9","","","","97.48","","33","","","","NA"
"-80.80","46.63","SUDBURY CLIMATE","6068145","2021-07-19 21:00","2021","07","19","21:00","28.2","","17.4","","52","","0.0","","33","","8","","","","97.44","","34","","","","NA"
"-80.80","46.63","SUDBURY CLIMATE","6068145","2021-07-19 22:00","2021","07","19","22:00","29.1","","17.4","","49","","0.0","","26","","8","","","","97.39","","35","","","","NA"
"-80.80","46.63","SUDBURY CLIMATE","6068145","2021-07-19 23:00","2021","07","19","23:00","28.2","","16.7","","50","","0.0","","25","","9","","","","97.35","","33","","","","NA"
"-80.80","46.63","SUDBURY CLIMATE","6068145","2021-07-20 00:00","2021","07","20","00:00","26.5","","17.7","","58","","0.0","","25","","7","","","","97.36","","32","","","","NA"
"-80.80","46.63","SUDBURY CLIMATE","6068145","2021-07-20 01:00","2021","07","20","01:00","23.5","","14.5","","57","","0.0","","34","","18","","","","97.47","","27","","","","NA"
"-80.80","46.63","SUDBURY CLIMATE","6068145","2021-07-20 02:00","2021","07","20","02:00","19.7","","15.9","","79","","0.0","","4","","10","","","","97.47","","","","","","NA"
"-80.80","46.63","SUDBURY CLIMATE","6068145","2021-07-20 03:00","2021","07","20","03:00","19.3","","16.2","","82","","0.0","","3","","3","","","","97.52","","","","","","NA"
"-80.80","46.63","SUDBURY CLIMATE","6068145","2021-07-20 04:00","2021","07","20","04:00","19.3","","16.5","","83","","0.0","","15","","10","","","","97.50","","","","","","NA"
"-80.80","46.63","SUDBURY CLIMATE","6068145","2021-07-20 05:00","2021","07","20","05:00","18.6","","16.4","","87","","0.0","","15","","6","","","","97.47","","","","","","NA"
"-80.80","46.63","SUDBURY CLIMATE","6068145","2021-07-20 06:00","2021","07","20","06:00","17.1","","15.8","","92","","0.0","","10","","6","","","","97.38","","","","","","NA"
"-80.80","46.63","SUDBURY CLIMATE","6068145","2021-07-20 07:00","2021","07","20","07:00","16.4","","15.8","","96","","0.0","","23","","2","","","","97.36","","","","","","NA"
"-80.80","46.63","SUDBURY CLIMATE","6068145","2021-07-20 08:00","2021","07","20","08:00","17.0","","16.5","","97","","0.0","","7","","5","","","","97.33","","","","","","NA"
"-80.80","46.63","SUDBURY CLIMATE","6068145","2021-07-20 09:00","2021","07","20","09:00","16.5","","16.2","","98","","0.0","","36","","11","","","","97.42","","","","","","NA"
"-80.80","46.63","SUDBURY CLIMATE","6068145","2021-07-20 10:00","2021","07","20","10:00","17.1","","16.5","","96","","0.0","","4","","18","","","","97.35","","","","","","NA"
"-80.80","46.63","SUDBURY CLIMATE","6068145","2021-07-20 11:00","2021","07","20","11:00","15.5","","14.4","","93","","0.0","","5","","21","","","","97.29","","","","","","NA"
"-80.80","46.63","SUDBURY CLIMATE","6068145","2021-07-20 12:00","2021","07","20","12:00","15.1","","13.8","","92","","0.0","","2","","15","","","","97.44","","","","","","NA"
"-80.80","46.63","SUDBURY CLIMATE","6068145","2021-07-20 13:00","2021","07","20","13:00","14.4","","13.8","","96","","3.9","","3","","24","","","","97.41","","","","","","NA"
"-80.80","46.63","SUDBURY CLIMATE","6068145","2021-07-20 14:00","2021","07","20","14:00","13.2","","12.1","","93","","0.1","","4","","28","","","","97.46","","","","","","NA"
"-80.80","46.63","SUDBURY CLIMATE","6068145","2021-07-20 15:00","2021","07","20","15:00","12.8","","11.4","","92","","0.0","","3","","24","","","","97.51","","","","","","NA"
"-80.80","46.63","SUDBURY CLIMATE","6068145","2021-07-20 16:00","2021","07","20","16:00","12.9","","11.3","","90","","0.0","","3","","22","","","","97.54","","","","","","NA"
"-80.80","46.63","SUDBURY CLIMATE","6068145","2021-07-20 17:00","2021","07","20","17:00","13.3","","11.1","","87","","0.0","","2","","18","","","","97.57","","","","","","NA"
"-80.80","46.63","SUDBURY CLIMATE","6068145","2021-07-20 18:00","2021","07","20","18:00","14.8","","11.3","","80","","0.0","","3","","22","","","","97.58","","","","","","NA"
"-80.80","46.63","SUDBURY CLIMATE","6068145","2021-07-20 19:00","2021","07","20","19:00","15.3","","11.0","","76","","0.0","","4","","25","","","","97.58","","","","","","NA"
"-80.80","46.63","SUDBURY CLIMATE","6068145","2021-07-20 20:00","2021","07","20","20:00","16.8","","9.1","","60","","0.0","","3","","24","","","","97.58","","","","","","NA"
"-80.80","46.63","SUDBURY CLIMATE","6068145","2021-07-20 21:00","2021","07","20","21:00","17.8","","10.0","","60","","0.0","","4","","25","","","","97.60","","","","","","NA"
"-80.80","46.63","SUDBURY CLIMATE","6068145","2021-07-20 22:00","2021","07","20","22:00","18.1","","8.9","","55","","0.0","","4","","21","","","","97.58","","","","","","NA"
"-80.80","46.63","SUDBURY CLIMATE","6068145","2021-07-20 23:00","2021","07","20","23:00","18.5","","9.2","","55","","0.0","","3","","15","","","","97.56","","","","","","NA"
"-80.80","46.63","SUDBURY CLIMATE","6068145","2021-07-21 00:00","2021","07","21","00:00","18.1","","8.6","","54","","0.0","","3","","15","","","","97.59","","","","","","NA"
"-80.80","46.63","SUDBURY CLIMATE","6068145","2021-07-21 01:00","2021","07","21","01:00","16.8","","8.9","","60","","0.0","","3","","12","","","","97.63","","","","","","NA"
"-80.80","46.63","SUDBURY CLIMATE","6068145","2021-07-21 02:00","2021","07","21","02:00","13.1","","7.8","","70","","0.0","","1","","6","","","","97.69","","","","","","NA"
"-80.80","46.63","SUDBURY CLIMATE","6068145","2021-07-21 03:00","2021","07","21","03:00","12.7","","9.0","","78","","0.0","","34","","7","","","","97.71","","","","","","NA"
"-80.80","46.63","SUDBURY CLIMATE","6068145","2021-07-21 04:00","2021","07","21","04:00","12.5","","8.6","","77","","0.0","","36","","8","","","","97.71","","","","","","NA"
"-80.80","46.63","SUDBURY CLIMATE","6068145","2021-07-21 05:00","2021","07","21","05:00","11.5","","7.6","","77","","0.0","","1","","6","","","","97.71","","","","","","NA"
"-80.80","46.63","SUDBURY CLIMATE","6068145","2021-07-21 06:00","2021","07","21","06:00","11.1","","7.3","","78","","0.0","","36","","7","","","","97.71","","","","","","NA"
"-80.80","46.63","SUDBURY CLIMATE","6068145","2021-07-21 07:00","2021","07","21","07:00","11.2","","7.6","","78","","0.0","","1","","11","","","","97.73","","","","","","NA"
"-80.80","46.63","SUDBURY CLIMATE","6068145","2021-07-21 08:00","2021","07","21","08:00","11.7","","8.4","","80","","0.0","","2","","10","","","","97.75","","","","","","NA"
"-80.80","46.63","SUDBURY CLIMATE","6068145","2021-07-21 09:00","2021","07","21","09:00","12.0","","8.8","","80","","0.0","","2","","13","","","","97.76","","","","","","NA"
"-80.80","46.63","SUDBURY CLIMATE","6068145","2021-07-21 10:00","2021","07","21","10:00","11.8","","8.4","","80","","0.0","","2","","12","","","","97.79","","","","","","NA"
"-80.80","46.63","SUDBURY CLIMATE","6068145","2021-07-21 11:00","2021","07","21","11:00","11.9","","8.3","","79","","0.0","","35","","9","","","","97.85","","","","","","NA"
"-80.80","46.63","SUDBURY CLIMATE","6068145","2021-07-21 12:00","2021","07","21","12:00","13.7","","8.3","","70","","0.0","","1","","13","","","","97.90","","","","","","NA"
"-80.80","46.63","SUDBURY CLIMATE","6068145","2021-07-21 13:00","2021","07","21","13:00","15.1","","8.1","","63","","0.0","","2","","16","","","","97.95","","","","","","NA"
"-80.80","46.63","SUDBURY CLIMATE","6068145","2021-07-21 14:00","2021","07","21","14:00","16.5","","8.0","","57","","0.0","","2","","16","","","","97.96","","","","","","NA"
"-80.80","46.63","SUDBURY CLIMATE","6068145","2021-07-21 15:00","2021","07","21","15:00","18.1","","8.1","","52","","0.0","","2","","20","","","","97.96","","","","","","NA"
"-80.80","46.63","SUDBURY CLIMATE","6068145","2021-07-21 16:00","2021","07","21","16:00","20.0","","9.3","","50","","0.0","","4","","20","","","","97.93","","","","","","NA"
"-80.80","46.63","SUDBURY CLIMATE","6068145","2021-07-21 17:00","2021","07","21","17:00","20.4","","7.6","","44","","0.0","","1","","16","","","","97.93","","","","","","NA"
"-80.80","46.63","SUDBURY CLIMATE","6068145","2021-07-21 18:00","2021","07","21","18:00","20.8","","7.0","","41","","0.0","","3","","16","","","","97.89","","","","","","NA"
"-80.80","46.63","SUDBURY CLIMATE","6068145","2021-07-21 19:00","2021","07","21","19:00","21.1","","6.8","","39","","0.0","","3","","16","","","","97.87","","","","","","NA"
"-80.80","46.63","SUDBURY CLIMATE","6068145","2021-07-21 20:00","2021","07","21","20:00","21.8","","6.9","","38","","0.0","","36","","9","","","","97.85","","","","","","NA"
"-80.80","46.63","SUDBURY CLIMATE","6068145","2021-07-21 21:00","2021","07","21","21:00","21.9","","8.3","","42","","0.0","","3","","8","","","","97.82","","","","","","NA"
"-80.80","46.63","SUDBURY CLIMATE","6068145","2021-07-21 22:00","2021","07","21","22:00","21.7","","7.6","","40","","0.0","","3","","9","","","","97.82","","","","","","NA"
"-80.80","46.63","SUDBURY CLIMATE","6068145","2021-07-21 23:00","2021","07","21","23:00","21.7","","8.3","","42","","0.0","","1","","6","","","","97.82","","","","","","NA"
"-80.80","46.63","SUDBURY CLIMATE","6068145","2021-07-22 00:00","2021","07","22","00:00","20.0","","10.5","","54","","0.0","","31","","4","","","","97.82","","","","","","NA"
"-80.80","46.63","SUDBURY CLIMATE","6068145","2021-07-22 01:00","2021","07","22","01:00","17.5","","10.1","","62","","0.0","","32","","6","","","","97.85","","","","","","NA"
"-80.80","46.63","SUDBURY CLIMATE","6068145","2021-07-22 02:00","2021","07","22","02:00","16.7","","9.9","","64","","0.0","","33","","6","","","","97.90","","","","","","NA"
"-80.80","46.63","SUDBURY CLIMATE","6068145","2021-07-22 03:00","2021","07","22","03:00","13.1","","9.6","","80","","0.0","","35","","4","","","","97.92","","","","","","NA"
"-80.80","46.63","SUDBURY CLIMATE","6068145","2021-07-22 04:00","2021","07","22","04:00","12.1","","9.9","","87","","0.0","","32","","4","","","","97.93","","","","","","NA"
"-80.80","46.63","SUDBURY CLIMATE","6068145","2021-07-22 05:00","2021","07","22","05:00","11.7","","9.8","","88","","0.0","","36","","4","","","","97.95","","","","","","NA"
"-80.80","46.63","SUDBURY CLIMATE","6068145","2021-07-22 06:00","2021","07","22","06:00","12.1","","10.4","","89","","0.0","","29","","8","","","","97.96","","","","","","NA"
"-80.80","46.63","SUDBURY CLIMATE","6068145","2021-07-22 07:00","2021","07","22","07:00","12.4","","10.3","","87","","0.0","","30","","7","","","","97.95","","","","","","NA"
"-80.80","46.63","SUDBURY CLIMATE","6068145","2021-07-22 08:00","2021","07","22","08:00","11.0","","9.5","","91","","0.0","","29","","7","","","","97.97","","","","","","NA"
"-80.80","46.63","SUDBURY CLIMATE","6068145","2021-07-22 09:00","2021","07","22","09:00","11.2","","9.9","","92","","0.0","","28","","6","","","","97.96","","","","","","NA"
"-80.80","46.63","SUDBURY CLIMATE","6068145","2021-07-22 10:00","2021","07","22","10:00","11.4","","9.8","","90","","0.0","","29","","5","","","","98.01","","","","","","NA"
"-80.80","46.63","SUDBURY CLIMATE","6068145","2021-07-22 11:00","2021","07","22","11:00","12.5","","10.3","","86","","0.0","","30","","6","","","","98.01","","","","","","NA"
"-80.80","46.63","SUDBURY CLIMATE","6068145","2021-07-22 12:00","2021","07","22","12:00","13.2","","10.5","","83","","0.0","","30","","6","","","","98.03","","","","","","NA"
"-80.80","46.63","SUDBURY CLIMATE","6068145","2021-07-22 13:00","2021","07","22","13:00","14.1","","10.8","","81","","0.0","","28","","6","","","","98.07","","","","","","NA"
"-80.80","46.63","SUDBURY CLIMATE","6068145","2021-07-22 14:00","2021","07","22","14:00","14.1","","11.5","","84","","0.0","","28","","6","","","","98.11","","","","","","NA"
"-80.80","46.63","SUDBURY CLIMATE","6068145","2021-07-22 15:00","2021","07","22","15:00","14.9","","12.4","","85","","0.0","","30","","4","","","","98.14","","","","","","NA"
"-80.80","46.63","SUDBURY CLIMATE","6068145","2021-07-22 16:00","2021","07","22","16:00","16.9","","12.0","","73","","0.0","","34","","7","","","","98.12","","","","","","NA"
"-80.80","46.63","SUDBURY CLIMATE","6068145","2021-07-22 17:00","2021","07","22","17:00","19.9","","11.4","","58","","0.0","","32","","4","","","","98.07","","","","","","NA"
"-80.80","46.63","SUDBURY CLIMATE","6068145","2021-07-22 18:00","2021","07","22","18:00","22.2","","11.3","","50","","0.0","","28","","9","","","","98.03","","","","","","NA"
"-80.80","46.63","SUDBURY CLIMATE","6068145","2021-07-22 19:00","2021","07","22","19:00","22.0","","10.0","","46","","0.0","","32","","7","","","","98.00","","","","","","NA"
"-80.80","46.63","SUDBURY CLIMATE","6068145","2021-07-22 20:00","2021","07","22","20:00","23.2","","10.3","","44","","0.0","","34","","6","","","","97.96","","25","","","","NA"
"-80.80","46.63","SUDBURY CLIMATE","6068145","2021-07-22 21:00","2021","07","22","21:00","22.6","","10.1","","45","","0.0","","27","","14","","","","97.96","","","","","","NA"
"-80.80","46.63","SUDBURY CLIMATE","6068145","2021-07-22 22:00","2021","07","22","22:00","21.7","","10.1","","48","","0.0","","27","","13","","","","97.94","","","","","","NA"
"-80.80","46.63","SUDBURY CLIMATE","6068145","2021-07-22 23:00","2021","07","22","23:00","22.0","","10.9","","49","","0.0","","26","","11","","","","97.95","","","","","","NA"
"-80.80","46.63","SUDBURY CLIMATE","6068145","2021-07-23 00:00","2021","07","23","00:00","20.0","","10.9","","56","","0.0","","26","","6","","","","97.98","","","","","","NA"
"-80.80","46.63","SUDBURY CLIMATE","6068145","2021-07-23 01:00","2021","07","23","01:00","18.3","","11.7","","65","","0.0","","25","","6","","","","97.97","","","","","","NA"
"-80.80","46.63","SUDBURY CLIMATE","6068145","2021-07-23 02:00","2021","07","23","02:00","17.0","","12.5","","75","","0.0","","25","","7","","","","98.00","","","","","","NA"
"-80.80","46.63","SUDBURY CLIMATE","6068145","2021-07-23 03:00","2021","07","23","03:00","16.0","","11.8","","76","","0.0","","26","","7","","","","98.02","","","","","","NA"
"-80.80","46.63","SUDBURY CLIMATE","6068145","2021-07-23 04:00","2021","07","23","04:00","15.8","","11.5","","76","","0.0","","25","","7","","","","98.04","","","","","","NA"
"-80.80","46.63","SUDBURY CLIMATE","6068145","2021-07-23 05:00","2021","07","23","05:00","13.9","","11.1","","83","","0.0","","29","","4","","","","98.05","","","","","","NA"
"-80.80","46.63","SUDBURY CLIMATE","6068145","2021-07-23 06:00","2021","07","23","06:00","13.0","","11.0","","88","","0.0","","27","","5","","","","98.05","","","","","","NA"
"-80.80","46.63","SUDBURY CLIMATE","6068145","2021-07-23 07:00","2021","07","23","07:00","12.4","","11.3","","93","","0.0","","28","","7","","","","98.03","","","","","","NA"
"-80.80","46.63","SUDBURY CLIMATE","6068145","2021-07-23 08:00","2021","07","23","08:00","11.9","","10.6","","92","","0.0","","30","","5","","","","98.02","","","","","","NA"
"-80.80","46.63","SUDBURY CLIMATE","6068145","2021-07-23 09:00","2021","07","23","09:00","11.3","","10.8","","96","","0.0","","30","","6","","","","98.04","","","","","","NA"
"-80.80","46.63","SUDBURY CLIMATE","6068145","2021-07-23 10:00","2021","07","23","10:00","11.7","","10.7","","93","","0.0","","31","","6","","","","98.08","","","","","","NA"
"-80.80","46.63","SUDBURY CLIMATE","6068145","2021-07-23 11:00","2021","07","23","11:00","13.7","","12.1","","90","","0.0","","36","","6","","","","98.10","","","","","","NA"
"-80.80","46.63","SUDBURY CLIMATE","6068145","2021-07-23 12:00","2021","07","23","12:00","16.1","","13.3","","84","","0.0","","2","","7","","","","98.12","","","","","","NA"
"-80.80","46.63","SUDBURY CLIMATE","6068145","2021-07-23 13:00","2021","07","23","13:00","18.2","","13.8","","75","","0.0","","6","","9","","","","98.12","","","","","","NA"
"-80.80","46.63","SUDBURY CLIMATE","6068145","2021-07-23 14:00","2021","07","23","14:00","20.6","","12.5","","60","","0.0","","10","","8","","","","98.13","","","","","","NA"
"-80.80","46.63","SUDBURY CLIMATE","6068145","2021-07-23 15:00","2021","07","23","15:00","21.6","","12.4","","56","","0.0","","18","","8","","","","98.11","","","","","","NA"
"-80.80","46.63","SUDBURY CLIMATE","6068145","2021-07-23 16:00","2021","07","23","16:00","23.6","","12.6","","50","","0.0","","19","","9","","","","98.07","","26","","","","NA"
"-80.80","46.63","SUDBURY CLIMATE","6068145","2021-07-23 17:00","2021","07","23","17:00","24.4","","10.3","","41","","0.0","","17","","9","","","","98.04","","26","","","","NA"
"-80.80","46.63","SUDBURY CLIMATE","6068145","2021-07-23 18:00","2021","07","23","18:00","23.8","","10.2","","42","","0.0","","19","","6","","","","97.99","","25","","","","NA"
"-80.80","46.63","SUDBURY CLIMATE","6068145","2021-07-23 19:00","2021","07","23","19:00","25.3","","9.3","","36","","0.0","","23","","10","","","","97.93","","26","","","","NA"
"-80.80","46.63","SUDBURY CLIMATE","6068145","2021-07-23 20:00","2021","07","23","20:00","26.0","","9.4","","35","","0.0","","22","","9","","","","97.89","","27","","","","NA"
"-80.80","46.63","SUDBURY CLIMATE","6068145","2021-07-23 21:00","2021","07","23","21:00","26.0","","10.7","","38","","0.0","","22","","16","","","","97.84","","28","","","","NA"
"-80.80","46.63","SUDBURY CLIMATE","6068145","2021-07-23 22:00","2021","07","23","22:00","25.4","","12.0","","43","","0.0","","21","","18","","","","97.80","","28","","","","NA"
"-80.80","46.63","SUDBURY CLIMATE","6068145","2021-07-23 23:00","2021","07","23","23:00","24.1","","11.0","","44","","0.0","","22","","22","","","","97.79","","26","","","","NA"
"-80.80","46.63","SUDBURY CLIMATE","6068145","2021-07-24 00:00","2021","07","24","00:00","22.3","","9.9","","45","","0.0","","21","","16","","","","97.77","","","","","","NA"
"-80.80","46.63","SUDBURY CLIMATE","6068145","2021-07-24 01:00","2021","07","24","01:00","19.9","","10.6","","55","","0.0","","20","","16","","","","97.77","","","","","","NA"
"-80.80","46.63","SUDBURY CLIMATE","6068145","2021-07-24 02:00","2021","07","24","02:00","16.9","","10.4","","66","","0.0","","23","","11","","","","97.81","","","","","","NA"
"-80.80","46.63","SUDBURY CLIMATE","6068145","2021-07-24 03:00","2021","07","24","03:00","15.4","","11.2","","76","","0.0","","21","","12","","","","97.78","","","","","","NA"
"-80.80","46.63","SUDBURY CLIMATE","6068145","2021-07-24 04:00","2021","07","24","04:00","15.3","","11.5","","78","","0.0","","16","","11","","","","97.69","","","","","","NA"
"-80.80","46.63","SUDBURY CLIMATE","6068145","2021-07-24 05:00","2021","07","24","05:00","15.2","","12.0","","81","","0.0","","17","","14","","","","97.66","","","","","","NA"
"-80.80","46.63","SUDBURY CLIMATE","6068145","2021-07-24 06:00","2021","07","24","06:00","14.2","","11.5","","84","","0.0","","20","","10","","","","97.67","","","","","","NA"
"-80.80","46.63","SUDBURY CLIMATE","6068145","2021-07-24 07:00","2021","07","24","07:00","15.1","","11.5","","79","","0.0","","17","","14","","","","97.58","","","","","","NA"
"-80.80","46.63","SUDBURY CLIMATE","6068145","2021-07-24 08:00","2021","07","24","08:00","15.1","","11.2","","77","","0.0","","16","","16","","","","97.50","","","","","","NA"
"-80.80","46.63","SUDBURY CLIMATE","6068145","2021-07-24 09:00","2021","07","24","09:00","15.0","","10.9","","77","","0.0","","17","","16","","","","97.44","","","","","","NA"
"-80.80","46.63","SUDBURY CLIMATE","6068145","2021-07-24 10:00","2021","07","24","10:00","15.0","","10.8","","76","","0.0","","17","","17","","","","97.36","","","","","","NA"
"-80.80","46.63","SUDBURY CLIMATE","6068145","2021-07-24 11:00","2021","07","24","11:00","14.8","","11.1","","79","","0.0","","16","","18","","","","97.29","","","","","","NA"
"-80.80","46.63","SUDBURY CLIMATE","6068145","2021-07-24 12:00","2021","07","24","12:00","15.5","","12.8","","84","","0.0","","16","","17","","","","97.26","","","","","","NA"
"-80.80","46.63","SUDBURY CLIMATE","6068145","2021-07-24 13:00","2021","07","24","13:00","17.0","","14.3","","84","","0.0","","16","","19","","","","97.25","","","","","","NA"
"-80.80","46.63","SUDBURY CLIMATE","6068145","2021-07-24 14:00","2021","07","24","14:00","16.2","","15.3","","94","","0.6","","17","","19","","","","97.18","","","","","","NA"
"-80.80","46.63","SUDBURY CLIMATE","6068145","2021-07-24 15:00","2021","07","24","15:00","16.1","","15.6","","97","","2.8","","17","","24","","","","97.13","","","","","","NA"
"-80.80","46.63","SUDBURY CLIMATE","6068145","2021-07-24 16:00","2021","07","24","16:00","16.1","","15.8","","98","","7.8","","17","","27","","","","97.03","","","","","","NA"
"-80.80","46.63","SUDBURY CLIMATE","6068145","2021-07-24 17:00","2021","07","24","17:00","15.9","","15.4","","97","","1.1","","18","","27","","","","96.98","","","","","","NA"
"-80.80","46.63","SUDBURY CLIMATE","6068145","2021-07-24 18:00","2021","07","24","18:00","15.9","","15.6","","98","","2.1","","17","","27","","","","96.82","","","","","","NA"
"-80.80","46.63","SUDBURY CLIMATE","6068145","2021-07-24 19:00","2021","07","24","19:00","16.4","","16.1","","99","","4.4","","17","","28","","","","96.73","","","","","","NA"
"-80.80","46.63","SUDBURY CLIMATE","6068145","2021-07-24 20:00","2021","07","24","20:00","16.7","","16.6","","99","","11.7","","18","","22","","","","96.69","","","","","","NA"
"-80.80","46.63","SUDBURY CLIMATE","6068145","2021-07-24 21:00","2021","07","24","21:00","17.2","","17.1","","99","","3.0","","17","","15","","","","96.58","","","","","","NA"
"-80.80","46.63","SUDBURY CLIMATE","6068145","2021-07-24 22:00","2021","07","24","22:00","17.7","","17.6","","100","","0.6","","17","","14","","","","96.49","","","","","","NA"
"-80.80","46.63","SUDBURY CLIMATE","6068145","2021-07-24 23:00","2021","07","24","23:00","18.4","","18.4","","100","","0.0","","19","","10","","","","96.43","","","","","","NA"
"-80.80","46.63","SUDBURY CLIMATE","6068145","2021-07-25 00:00","2021","07","25","00:00","18.7","","18.6","","99","","0.1","","20","","9","","","","96.35","","","","","","NA"
"-80.80","46.63","SUDBURY CLIMATE","6068145","2021-07-25 01:00","2021","07","25","01:00","18.4","","18.3","","99","","0.0","","16","","4","","","","96.26","","","","","","NA"
"-80.80","46.63","SUDBURY CLIMATE","6068145","2021-07-25 02:00","2021","07","25","02:00","17.8","","17.8","","100","","0.0","","27","","6","","","","96.33","","","","","","NA"
"-80.80","46.63","SUDBURY CLIMATE","6068145","2021-07-25 03:00","2021","07","25","03:00","18.1","","18.0","","100","","0.0","","30","","9","","","","96.44","","","","","","NA"
"-80.80","46.63","SUDBURY CLIMATE","6068145","2021-07-25 04:00","2021","07","25","04:00","17.4","","17.3","","100","","0.0","","30","","6","","","","96.46","","","","","","NA"
"-80.80","46.63","SUDBURY CLIMATE","6068145","2021-07-25 05:00","2021","07","25","05:00","16.8","","16.7","","99","","0.0","","28","","6","","","","96.47","","","","","","NA"
"-80.80","46.63","SUDBURY CLIMATE","6068145","2021-07-25 06:00","2021","07","25","06:00","16.1","","16.0","","99","","0.0","","27","","5","","","","96.53","","","","","","NA"
"-80.80","46.63","SUDBURY CLIMATE","6068145","2021-07-25 07:00","2021","07","25","07:00","16.1","","16.0","","99","","0.0","","26","","8","","","","96.56","","","","","","NA"
"-80.80","46.63","SUDBURY CLIMATE","6068145","2021-07-25 08:00","2021","07","25","08:00","16.2","","16.1","","100","","0.0","","26","","8","","","","96.60","","","","","","NA"
"-80.80","46.63","SUDBURY CLIMATE","6068145","2021-07-25 09:00","2021","07","25","09:00","16.1","","15.9","","99","","0.0","","25","","8","","","","96.61","","","","","","NA"
"-80.80","46.63","SUDBURY CLIMATE","6068145","2021-07-25 10:00","2021","07","25","10:00","15.8","","15.6","","99","","0.0","","26","","9","","","","96.63","","","","","","NA"
"-80.80","46.63","SUDBURY CLIMATE","6068145","2021-07-25 11:00","2021","07","25","11:00","15.7","","15.5","","99","","0.0","","26","","7","","","","96.65","","","","","","NA"
"-80.80","46.63","SUDBURY CLIMATE","6068145","2021-07-25 12:00","2021","07","25","12:00","16.6","","16.5","","99","","0.0","","27","","9","","","","96.70","","","","","","NA"
"-80.80","46.63","SUDBURY CLIMATE","6068145","2021-07-25 13:00","2021","07","25","13:00","18.1","","17.0","","93","","0.0","","25","","10","","","","96.72","","","","","","NA"
"-80.80","46.63","SUDBURY CLIMATE","6068145","2021-07-25 14:00","2021","07","25","14:00","20.0","","17.4","","85","","0.0","","25","","11","","","","96.73","","26","","","","NA"
"-80.80","46.63","SUDBURY CLIMATE","6068145","2021-07-25 15:00","2021","07","25","15:00","22.6","","17.6","","74","","0.0","","25","","9","","","","96.74","","28","","","","NA"
"-80.80","46.63","SUDBURY CLIMATE","6068145","2021-07-25 16:00","2021","07","25","16:00","24.1","","17.6","","67","","0.0","","25","","11","","","","96.73","","30","","","","NA"
"-80.80","46.63","SUDBURY CLIMATE","6068145","2021-07-25 17:00","2021","07","25","17:00","24.8","","17.3","","63","","0.0","","27","","10","","","","96.72","","30","","","","NA"
"-80.80","46.63","SUDBURY CLIMATE","6068145","2021-07-25 18:00","2021","07","25","18:00","25.7","","14.3","","49","","0.0","","27","","14","","","","96.71","","29","","","","NA"
"-80.80","46.63","SUDBURY CLIMATE","6068145","2021-07-25 19:00","2021","07","25","19:00","25.3","","14.2","","50","","0.0","","30","","11","","","","96.73","","29","","","","NA"
"-80.80","46.63","SUDBURY CLIMATE","6068145","2021-07-25 20:00","2021","07","25","20:00","24.3","","12.5","","48","","0.0","","30","","15","","","","96.75","","27","","","","NA"
"-80.80","46.63","SUDBURY CLIMATE","6068145","2021-07-25 21:00","2021","07","25","21:00","23.5","","13.0","","52","","0.0","","29","","13","","","","96.79","","26","","","","NA"
"-80.80","46.63","SUDBURY CLIMATE","6068145","2021-07-25 22:00","2021","07","25","22:00","23.6","","13.7","","54","","0.0","","28","","9","","","","96.81","","27","","","","NA"
"-80.80","46.63","SUDBURY CLIMATE","6068145","2021-07-25 23:00","2021","07","25","23:00","23.8","","14.6","","56","","0.0","","26","","4","","","","96.79","","28","","","","NA"
"-80.80","46.63","SUDBURY CLIMATE","6068145","2021-07-26 00:00","2021","07","26","00:00","22.1","","16.5","","71","","0.0","","22","","5","","","","96.80","","27","","","","NA"
"-80.80","46.63","SUDBURY CLIMATE","6068145","2021-07-26 01:00","2021","07","26","01:00","20.1","","16.2","","78","","0.0","","21","","4","","","","96.81","","25","","","","NA"
"-80.80","46.63","SUDBURY CLIMATE","6068145","2021-07-26 02:00","2021","07","26","02:00","18.2","","16.0","","87","","0.0","","25","","4","","","","96.87","","","","","","NA"
"-80.80","46.63","SUDBURY CLIMATE","6068145","2021-07-26 03:00","2021","07","26","03:00","18.5","","14.6","","78","","0.0","","25","","6","","","","96.91","","","","","","NA"
"-80.80","46.63","SUDBURY CLIMATE","6068145","2021-07-26 04:00","2021","07","26","04:00","17.3","","14.5","","83","","0.0","","25","","7","","","","96.97","","","","","","NA"
"-80.80","46.63","SUDBURY CLIMATE","6068145","2021-07-26 05:00","2021","07","26","05:00","17.4","","13.6","","78","","0.0","","27","","7","","","","97.00","","","","","","NA"
"-80.80","46.63","SUDBURY CLIMATE","6068145","2021-07-26 06:00","2021","07","26","06:00","16.5","","13.3","","82","","0.0","","27","","6","","","","97.01","","","","","","NA"
"-80.80","46.63","SUDBURY CLIMATE","6068145","2021-07-26 07:00","2021","07","26","07:00","15.5","","13.2","","86","","0.0","","25","","7","","","","97.00","","","","","","NA"
"-80.80","46.63","SUDBURY CLIMATE","6068145","2021-07-26 08:00","2021","07","26","08:00","14.9","","13.4","","91","","0.0","","24","","8","","","","97.02","","","","","","NA"
"-80.80","46.63","SUDBURY CLIMATE","6068145","2021-07-26 09:00","2021","07","26","09:00","14.1","","13.0","","93","","0.0","","24","","9","","","","97.01","","","","","","NA"
"-80.80","46.63","SUDBURY CLIMATE","6068145","2021-07-26 10:00","2021","07","26","10:00","13.7","","12.9","","95","","0.0","","27","","5","","","","97.03","","","","","","NA"
"-80.80","46.63","SUDBURY CLIMATE","6068145","2021-07-26 11:00","2021","07","26","11:00","14.4","","13.1","","92","","0.0","","31","","6","","","","97.07","","","","","","NA"
"-80.80","46.63","SUDBURY CLIMATE","6068145","2021-07-26 12:00","2021","07","26","12:00","16.3","","13.7","","85","","0.0","","31","","6","","","","97.13","","","","","","NA"
"-80.80","46.63","SUDBURY CLIMATE","6068145","2021-07-26 13:00","2021","07","26","13:00","19.0","","13.9","","72","","0.0","","35","","11","","","","97.18","","","","","","NA"
"-80.80","46.63","SUDBURY CLIMATE","6068145","2021-07-26 14:00","2021","07","26","14:00","19.9","","14.4","","70","","0.0","","34","","9","","","","97.22","","","","","","NA"
"-80.80","46.63","SUDBURY CLIMATE","6068145","2021-07-26 15:00","2021","07","26","15:00","21.2","","14.2","","64","","0.0","","34","","9","","","","97.24","","25","","","","NA"
"-80.80","46.63","SUDBURY CLIMATE","6068145","2021-07-26 16:00","2021","07","26","16:00","22.8","","14.4","","59","","0.0","","35","","8","","","","97.24","","26","","","","NA"
"-80.80","46.63","SUDBURY CLIMATE","6068145","2021-07-26 17:00","2021","07","26","17:00","22.9","","13.7","","56","","0.0","","35","","10","","","","97.24","","26","","","","NA"
"-80.80","46.63","SUDBURY CLIMATE","6068145","2021-07-26 18:00","2021","07","26","18:00","23.7","","13.5","","53","","0.0","","35","","12","","","","97.26","","27","","","","NA"
"-80.80","46.63","SUDBURY CLIMATE","6068145","2021-07-26 19:00","2021","07","26","19:00","24.2","","12.8","","49","","0.0","","35","","12","","","","97.27","","27","","","","NA"
"-80.80","46.63","SUDBURY CLIMATE","6068145","2021-07-26 20:00","2021","07","26","20:00","24.4","","9.7","","40","","0.0","","35","","14","","","","97.27","","26","","","","NA"
"-80.80","46.63","SUDBURY CLIMATE","6068145","2021-07-26 21:00","2021","07","26","21:00","24.5","","9.8","","39","","0.0","","1","","8","","","","97.27","","26","","","","NA"
"-80.80","46.63","SUDBURY CLIMATE","6068145","2021-07-26 22:00","2021","07","26","22:00","23.9","","10.8","","44","","0.0","","4","","10","","","","97.27","","26","","","","NA"
"-80.80","46.63","SUDBURY CLIMATE","6068145","2021-07-26 23:00","2021","07","26","23:00","23.1","","11.8","","49","","0.0","","4","","8","","","","97.27","","25","","","","NA"
"-80.80","46.63","SUDBURY CLIMATE","6068145","2021-07-27 00:00","2021","07","27","00:00","21.6","","12.3","","56","","0.0","","8","","9","","","","97.21","","","","","","NA"
"-80.80","46.63","SUDBURY CLIMATE","6068145","2021-07-27 01:00","2021","07","27","01:00","19.2","","12.4","","64","","0.0","","10","","8","","","","97.25","","","","","","NA"
"-80.80","46.63","SUDBURY CLIMATE","6068145","2021-07-27 02:00","2021","07","27","02:00","19.8","","12.5","","63","","0.0","","12","","11","","","","97.27","","","","","","NA"
"-80.80","46.63","SUDBURY CLIMATE","6068145","2021-07-27 03:00","2021","07","27","03:00","16.4","","14.8","","90","","3.1","","6","","10","","","","97.32","","","","","","NA"
"-80.80","46.63","SUDBURY CLIMATE","6068145","2021-07-27 04:00","2021","07","27","04:00","16.2","","13.6","","84","","0.0","","8","","10","","","","97.29","","","","","","NA"
"-80.80","46.63","SUDBURY CLIMATE","6068145","2021-07-27 05:00","2021","07","27","05:00","14.8","","13.5","","92","","0.0","","7","","11","","","","97.28","","","","","","NA"
"-80.80","46.63","SUDBURY CLIMATE","6068145","2021-07-27 06:00","2021","07","27","06:00","15.5","","13.2","","86","","0.0","","11","","11","","","","97.24","","","","","","NA"
"-80.80","46.63","SUDBURY CLIMATE","6068145","2021-07-27 07:00","2021","07","27","07:00","15.3","","12.7","","84","","0.0","","9","","9","","","","97.21","","","","","","NA"
"-80.80","46.63","SUDBURY CLIMATE","6068145","2021-07-27 08:00","2021","07","27","08:00","15.0","","13.4","","90","","0.0","","10","","6","","","","97.21","","","","","","NA"
"-80.80","46.63","SUDBURY CLIMATE","6068145","2021-07-27 09:00","2021","07","27","09:00","15.6","","13.1","","86","","0.0","","13","","5","","","","97.24","","","","","","NA"
"-80.80","46.63","SUDBURY CLIMATE","6068145","2021-07-27 10:00","2021","07","27","10:00","15.5","","13.3","","87","","0.0","","18","","7","","","","97.24","","","","","","NA"
"-80.80","46.63","SUDBURY CLIMATE","6068145","2021-07-27 11:00","2021","07","27","11:00","14.7","","13.2","","91","","0.0","","32","","4","","","","97.24","","","","","","NA"
"-80.80","46.63","SUDBURY CLIMATE","6068145","2021-07-27 12:00","2021","07","27","12:00","15.4","","14.3","","93","","0.0","","2","","6","","","","97.30","","","","","","NA"
"-80.80","46.63","SUDBURY CLIMATE","6068145","2021-07-27 13:00","2021","07","27","13:00","15.7","","15.0","","96","","0.0","","4","","10","","","","97.34","","","","","","NA"
"-80.80","46.63","SUDBURY CLIMATE","6068145","2021-07-27 14:00","2021","07","27","14:00","16.0","","14.8","","92","","0.0","","4","","10","","","","97.33","","","","","","NA"
"-80.80","46.63","SUDBURY CLIMATE","6068145","2021-07-27 15:00","2021","07","27","15:00","15.7","","14.5","","92","","0.0","","3","","12","","","","97.37","","","","","","NA"
"-80.80","46.63","SUDBURY CLIMATE","6068145","2021-07-27 16:00","2021","07","27","16:00","16.3","","14.3","","88","","0.0","","2","","12","","","","97.43","","","","","","NA"
"-80.80","46.63","SUDBURY CLIMATE","6068145","2021-07-27 17:00","2021","07","27","17:00","18.5","","15.1","","81","","0.0","","4","","12","","","","97.45","","","","","","NA"
"-80.80","46.63","SUDBURY CLIMATE","6068145","2021-07-27 18:00","2021","07","27","18:00","19.7","","13.9","","69","","0.0","","1","","13","","","","97.47","","","","","","NA"
"-80.80","46.63","SUDBURY CLIMATE","6068145","2021-07-27 19:00","2021","07","27","19:00","20.6","","13.3","","63","","0.0","","6","","14","","","","97.48","","","","","","NA"
"-80.80","46.63","SUDBURY CLIMATE","6068145","2021-07-27 20:00","2021","07","27","20:00","21.7","","13.8","","61","","0.0","","4","","13","","","","97.47","","25","","","","NA"
"-80.80","46.63","SUDBURY CLIMATE","6068145","2021-07-27 21:00","2021","07","27","21:00","22.1","","13.4","","58","","0.0","","4","","13","","","","97.47","","25","","","","NA"
"-80.80","46.63","SUDBURY CLIMATE","6068145","2021-07-27 22:00","2021","07","27","22:00","21.9","","13.1","","57","","0.0","","5","","14","","","","97.49","","25","","","","NA"
"-80.80","46.63","SUDBURY CLIMATE","6068145","2021-07-27 23:00","2021","07","27","23:00","21.3","","12.9","","59","","0.0","","6","","14","","","","97.52","","","","","","NA"
"-80.80","46.63","SUDBURY CLIMATE","6068145","2021-07-28 00:00","2021","07","28","00:00","20.1","","12.9","","63","","0.0","","9","","9","","","","97.55","","","","","","NA"
"-80.80","46.63","SUDBURY CLIMATE","6068145","2021-07-28 01:00","2021","07","28","01:00","18.3","","12.8","","71","","0.0","","11","","5","","","","97.60","","","","","","NA"
"-80.80","46.63","SUDBURY CLIMATE","6068145","2021-07-28 02:00","2021","07","28","02:00","16.7","","12.6","","77","","0.0","","9","","10","","","","97.65","","","","","","NA"
"-80.80","46.63","SUDBURY CLIMATE","6068145","2021-07-28 03:00","2021","07","28","03:00","15.8","","12.0","","78","","0.0","","9","","8","","","","97.70","","","","","","NA"
"-80.80","46.63","SUDBURY CLIMATE","6068145","2021-07-28 04:00","2021","07","28","04:00","14.2","","11.7","","85","","0.0","","8","","9","","","","97.71","","","","","","NA"
"-80.80","46.63","SUDBURY CLIMATE","6068145","2021-07-28 05:00","2021","07","28","05:00","14.2","","11.5","","84","","0.0","","11","","6","","","","97.72","","","","","","NA"
"-80.80","46.63","SUDBURY CLIMATE","6068145","2021-07-28 06:00","2021","07","28","06:00","13.6","","10.9","","84","","0.0","","8","","8","","","","97.69","","","","","","NA"
"-80.80","46.63","SUDBURY CLIMATE","6068145","2021-07-28 07:00","2021","07","28","07:00","13.8","","11.7","","87","","0.0","","6","","10","","","","97.71","","","","","","NA"
"-80.80","46.63","SUDBURY CLIMATE","6068145","2021-07-28 08:00","2021","07","28","08:00","13.3","","12.1","","93","","0.0","","6","","8","","","","97.72","","","","","","NA"
"-80.80","46.63","SUDBURY CLIMATE","6068145","2021-07-28 09:00","2021","07","28","09:00","13.3","","13.0","","98","","0.0","","6","","7","","","","97.74","","","","","","NA"
"-80.80","46.63","SUDBURY CLIMATE","6068145","2021-07-28 10:00","2021","07","28","10:00","11.7","","11.2","","97","","0.0","","27","","3","","","","97.80","","","","","","NA"
"-80.80","46.63","SUDBURY CLIMATE","6068145","2021-07-28 11:00","2021","07","28","11:00","14.4","","12.1","","86","","0.0","","7","","9","","","","97.82","","","","","","NA"
"-80.80","46.63","SUDBURY CLIMATE","6068145","2021-07-28 12:00","2021","07","28","12:00","16.3","","12.4","","78","","0.0","","9","","6","","","","97.87","","","","","","NA"
"-80.80","46.63","SUDBURY CLIMATE","6068145","2021-07-28 13:00","2021","07","28","13:00","18.0","","11.9","","67","","0.0","","14","","7","","","","97.87","","","","","","NA"
"-80.80","46.63","SUDBURY CLIMATE","6068145","2021-07-28 14:00","2021","07","28","14:00","19.3","","13.3","","68","","0.0","","17","","8","","","","97.81","","","","","","NA"
"-80.80","46.63","SUDBURY CLIMATE","6068145","2021-07-28 15:00","2021","07","28","15:00","20.8","","12.9","","61","","0.0","","16","","7","","","","97.79","","","","","","NA"
"-80.80","46.63","SUDBURY CLIMATE","6068145","2021-07-28 16:00","2021","07","28","16:00","21.4","","10.5","","50","","0.0","","14","","9","","","","97.74","","","","","","NA"
"-80.80","46.63","SUDBURY CLIMATE","6068145","2021-07-28 17:00","2021","07","28","17:00","22.5","","12.0","","51","","0.0","","21","","10","","","","97.74","","25","","","","NA"
"-80.80","46.63","SUDBURY CLIMATE","6068145","2021-07-28 18:00","2021","07","28","18:00","22.1","","12.2","","54","","0.0","","19","","16","","","","97.70","","","","","","NA"
"-80.80","46.63","SUDBURY CLIMATE","6068145","2021-07-28 19:00","2021","07","28","19:00","22.4","","13.8","","58","","0.0","","22","","19","","","","97.65","","26","","","","NA"
"-80.80","46.63","SUDBURY CLIMATE","6068145","2021-07-28 20:00","2021","07","28","20:00","21.5","","13.8","","61","","0.0","","21","","17","","","","97.58","","25","","","","NA"
"-80.80","46.63","SUDBURY CLIMATE","6068145","2021-07-28 21:00","2021","07","28","21:00","21.9","","14.1","","61","","0.0","","18","","13","","","","97.49","","25","","","","NA"
"-80.80","46.63","SUDBURY CLIMATE","6068145","2021-07-28 22:00","2021","07","28","22:00","19.9","","15.2","","75","","0.0","","23","","13","","","","97.47","","","","","","NA"
"-80.80","46.63","SUDBURY CLIMATE","6068145","2021-07-28 23:00","2021","07","28","23:00","20.3","","15.4","","74","","0.0","","17","","11","","","","97.41","","25","","","","NA"
"-80.80","46.63","SUDBURY CLIMATE","6068145","2021-07-29 00:00","2021","07","29","00:00","18.7","","16.3","","86","","0.4","","19","","18","","","","97.39","","","","","","NA"
"-80.80","46.63","SUDBURY CLIMATE","6068145","2021-07-29 01:00","2021","07","29","01:00","18.0","","15.8","","87","","0.3","","18","","13","","","","97.33","","","","","","NA"
"-80.80","46.63","SUDBURY CLIMATE","6068145","2021-07-29 02:00","2021","07","29","02:00","17.4","","14.9","","85","","0.0","","18","","11","","","","97.26","","","","","","NA"
"-80.80","46.63","SUDBURY CLIMATE","6068145","2021-07-29 03:00","2021","07","29","03:00","16.5","","13.6","","83","","0.0","","21","","15","","","","97.28","","","","","","NA"
"-80.80","46.63","SUDBURY CLIMATE","6068145","2021-07-29 04:00","2021","07","29","04:00","15.5","","13.8","","90","","0.0","","22","","6","","","","97.28","","","","","","NA"
"-80.80","46.63","SUDBURY CLIMATE","6068145","2021-07-29 05:00","2021","07","29","05:00","16.2","","14.9","","92","","0.0","","22","","9","","","","97.25","","","","","","NA"
"-80.80","46.63","SUDBURY CLIMATE","6068145","2021-07-29 06:00","2021","07","29","06:00","16.0","","15.2","","95","","0.6","","24","","3","","","","97.19","","","","","","NA"
"-80.80","46.63","SUDBURY CLIMATE","6068145","2021-07-29 07:00","2021","07","29","07:00","16.1","","15.6","","97","","0.3","","22","","5","","","","97.07","","","","","","NA"
"-80.80","46.63","SUDBURY CLIMATE","6068145","2021-07-29 08:00","2021","07","29","08:00","16.1","","15.5","","96","","1.2","","21","","7","","","","96.96","","","","","","NA"
"-80.80","46.63","SUDBURY CLIMATE","6068145","2021-07-29 09:00","2021","07","29","09:00","15.5","","15.2","","98","","0.6","","16","","11","","","","96.98","","","","","","NA"
"-80.80","46.63","SUDBURY CLIMATE","6068145","2021-07-29 10:00","2021","07","29","10:00","16.2","","15.7","","96","","0.1","","19","","9","","","","96.93","","","","","","NA"
"-80.80","46.63","SUDBURY CLIMATE","6068145","2021-07-29 11:00","2021","07","29","11:00","15.8","","15.4","","97","","0.0","","7","","3","","","","96.88","","","","","","NA"
"-80.80","46.63","SUDBURY CLIMATE","6068145","2021-07-29 12:00","2021","07","29","12:00","16.4","","15.6","","95","","0.0","","","","0","","","","96.89","","","","","","NA"
"-80.80","46.63","SUDBURY CLIMATE","6068145","2021-07-29 13:00","2021","07","29","13:00","16.5","","15.7","","95","","0.2","","33","","4","","","","96.91","","","","","","NA"
"-80.80","46.63","SUDBURY CLIMATE","6068145","2021-07-29 14:00","2021","07","29","14:00","17.4","","16.1","","92","","0.2","","4","","4","","","","96.90","","","","","","NA"
"-80.80","46.63","SUDBURY CLIMATE","6068145","2021-07-29 15:00","2021","07","29","15:00","17.5","","16.8","","95","","0.0","","29","","4","","","","96.90","","","","","","NA"
"-80.80","46.63","SUDBURY CLIMATE","6068145","2021-07-29 16:00","2021","07","29","16:00","19.6","","14.9","","75","","0.0","","3","","6","","","","96.88","","","","","","NA"
"-80.80","46.63","SUDBURY CLIMATE","6068145","2021-07-29 17:00","2021","07","29","17:00","20.7","","15.8","","73","","0.0","","1","","9","","","","96.84","","25","","","","NA"
"-80.80","46.63","SUDBURY CLIMATE","6068145","2021-07-29 18:00","2021","07","29","18:00","21.6","","14.8","","65","","0.0","","33","","5","","","","96.81","","25","","","","NA"
"-80.80","46.63","SUDBURY CLIMATE","6068145","2021-07-29 19:00","2021","07","29","19:00","23.2","","15.0","","60","","0.0","","29","","7","","","","96.76","","27","","","","NA"
"-80.80","46.63","SUDBURY CLIMATE","6068145","2021-07-29 20:00","2021","07","29","20:00","24.7","","15.0","","55","","0.0","","27","","10","","","","96.73","","29","","","","NA"
"-80.80","46.63","SUDBURY CLIMATE","6068145","2021-07-29 21:00","2021","07","29","21:00","23.4","","14.1","","56","","0.0","","34","","15","","","","96.77","","27","","","","NA"
"-80.80","46.63","SUDBURY CLIMATE","6068145","2021-07-29 22:00","2021","07","29","22:00","23.0","","13.9","","57","","0.0","","34","","18","","","","96.80","","26","","","","NA"
"-80.80","46.63","SUDBURY CLIMATE","6068145","2021-07-29 23:00","2021","07","29","23:00","20.2","","13.0","","63","","0.0","","1","","20","","","","96.92","","","","","","NA"
"-80.80","46.63","SUDBURY CLIMATE","6068145","2021-07-30 00:00","2021","07","30","00:00","18.2","","13.5","","74","","0.0","","2","","17","","","","97.00","","","","","","NA"
"-80.80","46.63","SUDBURY CLIMATE","6068145","2021-07-30 01:00","2021","07","30","01:00","16.1","","11.7","","75","","0.0","","1","","20","","","","97.11","","","","","","NA"
"-80.80","46.63","SUDBURY CLIMATE","6068145","2021-07-30 02:00","2021","07","30","02:00","15.2","","11.8","","80","","0.0","","36","","19","","","","97.21","","","","","","NA"
"-80.80","46.63","SUDBURY CLIMATE","6068145","2021-07-30 03:00","2021","07","30","03:00","13.9","","10.4","","79","","0.0","","1","","19","","","","97.27","","","","","","NA"
"-80.80","46.63","SUDBURY CLIMATE","6068145","2021-07-30 04:00","2021","07","30","04:00","13.0","","10.1","","83","","0.0","","36","","13","","","","97.35","","","","","","NA"
"-80.80","46.63","SUDBURY CLIMATE","6068145","2021-07-30 05:00","2021","07","30","05:00","12.4","","9.3","","82","","0.0","","36","","16","","","","97.41","","","","","","NA"
"-80.80","46.63","SUDBURY CLIMATE","6068145","2021-07-30 06:00","2021","07","30","06:00","11.8","","8.2","","78","","0.0","","1","","19","","","","97.41","","","","","","NA"
"-80.80","46.63","SUDBURY CLIMATE","6068145","2021-07-30 07:00","2021","07","30","07:00","10.7","","7.7","","82","","0.0","","36","","15","","","","97.46","","","","","","NA"
"-80.80","46.63","SUDBURY CLIMATE","6068145","2021-07-30 08:00","2021","07","30","08:00","10.5","","7.9","","84","","0.0","","36","","13","","","","97.46","","","","","","NA"
"-80.80","46.63","SUDBURY CLIMATE","6068145","2021-07-30 09:00","2021","07","30","09:00","10.0","","8.1","","88","","0.0","","36","","11","","","","97.50","","","","","","NA"
"-80.80","46.63","SUDBURY CLIMATE","6068145","2021-07-30 10:00","2021","07","30","10:00","10.1","","8.2","","88","","0.0","","35","","10","","","","97.53","","","","","","NA"
"-80.80","46.63","SUDBURY CLIMATE","6068145","2021-07-30 11:00","2021","07","30","11:00","10.4","","7.7","","84","","0.0","","33","","8","","","","97.57","","","","","","NA"
"-80.80","46.63","SUDBURY CLIMATE","6068145","2021-07-30 12:00","2021","07","30","12:00","11.5","","7.2","","75","","0.0","","1","","16","","","","97.61","","","","","","NA"
"-80.80","46.63","SUDBURY CLIMATE","6068145","2021-07-30 13:00","2021","07","30","13:00","12.3","","6.4","","67","","0.0","","1","","16","","","","97.65","","","","","","NA"
"-80.80","46.63","SUDBURY CLIMATE","6068145","2021-07-30 14:00","2021","07","30","14:00","12.3","","4.7","","60","","0.0","","36","","19","","","","97.67","","","","","","NA"
"-80.80","46.63","SUDBURY CLIMATE","6068145","2021-07-30 15:00","2021","07","30","15:00","13.1","","4.7","","57","","0.0","","36","","18","","","","97.76","","","","","","NA"
"-80.80","46.63","SUDBURY CLIMATE","6068145","2021-07-30 16:00","2021","07","30","16:00","14.3","","4.6","","52","","0.0","","1","","17","","","","97.72","","","","","","NA"
"-80.80","46.63","SUDBURY CLIMATE","6068145","2021-07-30 17:00","2021","07","30","17:00","14.8","","4.5","","50","","0.0","","1","","14","","","","97.73","","","","","","NA"
"-80.80","46.63","SUDBURY CLIMATE","6068145","2021-07-30 18:00","2021","07","30","18:00","15.8","","4.3","","46","","0.0","","35","","15","","","","97.72","","","","","","NA"
"-80.80","46.63","SUDBURY CLIMATE","6068145","2021-07-30 19:00","2021","07","30","19:00","17.0","","4.1","","42","","0.0","","34","","14","","","","97.65","","","","","","NA"
"-80.80","46.63","SUDBURY CLIMATE","6068145","2021-07-30 20:00","2021","07","30","20:00","17.7","","5.0","","43","","0.0","","35","","13","","","","97.61","","","","","","NA"
"-80.80","46.63","SUDBURY CLIMATE","6068145","2021-07-30 21:00","2021","07","30","21:00","17.8","","5.0","","43","","0.0","","33","","14","","","","97.61","","","","","","NA"
"-80.80","46.63","SUDBURY CLIMATE","6068145","2021-07-30 22:00","2021","07","30","22:00","16.5","","5.0","","47","","0.0","","35","","11","","","","97.61","","","","","","NA"
"-80.80","46.63","SUDBURY CLIMATE","6068145","2021-07-30 23:00","2021","07","30","23:00","16.6","","5.4","","47","","0.0","","32","","10","","","","97.61","","","","","","NA"
"-80.80","46.63","SUDBURY CLIMATE","6068145","2021-07-31 00:00","2021","07","31","00:00","15.5","","6.3","","54","","0.0","","32","","5","","","","97.60","","","","","","NA"
"-80.80","46.63","SUDBURY CLIMATE","6068145","2021-07-31 01:00","2021","07","31","01:00","12.7","","7.8","","72","","0.0","","30","","4","","","","97.55","","","","","","NA"
"-80.80","46.63","SUDBURY CLIMATE","6068145","2021-07-31 02:00","2021","07","31","02:00","12.3","","8.2","","76","","0.0","","28","","4","","","","97.58","","","","","","NA"
"-80.80","46.63","SUDBURY CLIMATE","6068145","2021-07-31 03:00","2021","07","31","03:00","13.0","","8.1","","72","","0.0","","26","","5","","","","97.56","","","","","","NA"
"-80.80","46.63","SUDBURY CLIMATE","6068145","2021-07-31 04:00","2021","07","31","04:00","12.6","","8.7","","77","","0.0","","29","","5","","","","97.55","","","","","","NA"
"-80.80","46.63","SUDBURY CLIMATE","6068145","2021-07-31 05:00","2021","07","31","05:00","12.6","","8.7","","77","","0.0","","28","","5","","","","97.53","","","","","","NA"
"-80.80","46.63","SUDBURY CLIMATE","6068145","2021-07-31 06:00","2021","07","31","06:00","12.6","","8.7","","77","","0.0","","27","","4","","","","97.49","","","","","","NA"
"-80.80","46.63","SUDBURY CLIMATE","6068145","2021-07-31 07:00","2021","07","31","07:00","12.0","","9.1","","82","","0.0","","25","","4","","","","97.43","","","","","","NA"
"-80.80","46.63","SUDBURY CLIMATE","6068145","2021-07-31 08:00","2021","07","31","08:00","12.2","","9.2","","82","","0.0","","25","","6","","","","97.41","","","","","","NA"
"-80.80","46.63","SUDBURY CLIMATE","6068145","2021-07-31 09:00","2021","07","31","09:00","12.5","","8.9","","79","","0.0","","26","","6","","","","97.41","","","","","","NA"
"-80.80","46.63","SUDBURY CLIMATE","6068145","2021-07-31 10:00","2021","07","31","10:00","12.6","","9.8","","83","","0.0","","22","","4","","","","97.38","","","","","","NA"
"-80.80","46.63","SUDBURY CLIMATE","6068145","2021-07-31 11:00","2021","07","31","11:00","13.2","","9.8","","80","","0.0","","23","","4","","","","97.35","","","","","","NA"
"-80.80","46.63","SUDBURY CLIMATE","6068145","2021-07-31 12:00","2021","07","31","12:00","14.5","","8.9","","69","","0.0","","25","","2","","","","97.36","","","","","","NA"
"-80.80","46.63","SUDBURY CLIMATE","6068145","2021-07-31 13:00","2021","07","31","13:00","15.4","","10.0","","70","","0.0","","21","","10","","","","97.33","","","","","","NA"
"-80.80","46.63","SUDBURY CLIMATE","6068145","2021-07-31 14:00","2021","07","31","14:00","16.2","","12.1","","77","","0.0","","20","","10","","","","97.29","","","","","","NA"
"-80.80","46.63","SUDBURY CLIMATE","6068145","2021-07-31 15:00","2021","07","31","15:00","16.6","","12.6","","77","","0.0","","21","","9","","","","97.25","","","","","","NA"
"-80.80","46.63","SUDBURY CLIMATE","6068145","2021-07-31 16:00","2021","07","31","16:00","16.1","","11.6","","74","","0.0","","25","","11","","","","97.22","","","","","","NA"
"-80.80","46.63","SUDBURY CLIMATE","6068145","2021-07-31 17:00","2021","07","31","17:00","14.5","","11.0","","80","","0.0","","26","","8","","","","97.21","","","","","","NA"
"-80.80","46.63","SUDBURY CLIMATE","6068145","2021-07-31 18:00","2021","07","31","18:00","13.2","","11.5","","90","","0.4","","29","","4","","","","97.19","","","","","","NA"
"-80.80","46.63","SUDBURY CLIMATE","6068145","2021-07-31 19:00","2021","07","31","19:00","13.1","","12.1","","94","","0.4","","35","","3","","","","97.20","","","","","","NA"
"-80.80","46.63","SUDBURY CLIMATE","6068145","2021-07-31 20:00","2021","07","31","20:00","12.9","","11.7","","92","","1.8","","28","","1","","","","97.21","","","","","","NA"
"-80.80","46.63","SUDBURY CLIMATE","6068145","2021-07-31 21:00","2021","07","31","21:00","13.4","","12.4","","93","","0.6","","20","","9","","","","97.19","","","","","","NA"
"-80.80","46.63","SUDBURY CLIMATE","6068145","2021-07-31 22:00","2021","07","31","22:00","13.4","","12.0","","92","","0.0","","21","","7","","","","97.14","","","","","","NA"
"-80.80","46.63","SUDBURY CLIMATE","6068145","2021-07-31 23:00","2021","07","31","23:00","14.1","","12.2","","88","","0.0","","15","","2","","","","97.10","","","","","","NA"
