"Longitude (x)","Latitude (y)","Station Name","Climate ID","Date/Time (UTC)","Year","Month","Day","Time (UTC)","Temp (°C)","Temp Flag","Dew Point Temp (°C)","Dew Point Temp Flag","Rel Hum (%)","Rel Hum Flag","Precip. Amount (mm)","Precip. Amount Flag","Wind Dir (10s deg)","Wind Dir Flag","Wind Spd (km/h)","Wind Spd Flag","Visibility (km)","Visibility Flag","Stn Press (kPa)","Stn Press Flag","Hmdx","Hmdx Flag","Wind Chill","Wind Chill Flag","Weather"
"-80.80","46.63","SUDBURY CLIMATE","6068145","2021-02-01 00:00","2021","02","01","00:00","-14.6","","-19.4","","67","","0.0","","4","","16","","","","98.21","","","","-23","","NA"
"-80.80","46.63","SUDBURY CLIMATE","6068145","2021-02-01 01:00","2021","02","01","01:00","-15.8","","-20.2","","68","","0.0","","3","","20","","","","98.22","","","","-25","","NA"
"-80.80","46.63","SUDBURY CLIMATE","6068145","2021-02-01 02:00","2021","02","01","02:00","-16.3","","-20.3","","71","","0.0","","4","","21","","","","98.20","","","","-26","","NA"
"-80.80","46.63","SUDBURY CLIMATE","6068145","2021-02-01 03:00","2021","02","01","03:00","-16.9","","-20.4","","74","","0.0","","4","","19","","","","98.18","","","","-26","","NA"
"-80.80","46.63","SUDBURY CLIMATE","6068145","2021-02-01 04:00","2021","02","01","04:00","-17.3","","-20.7","","75","","0.0","","4","","16","","","","98.17","","","","-26","","NA"
"-80.80","46.63","SUDBURY CLIMATE","6068145","2021-02-01 05:00","2021","02","01","05:00","-17.9","","-20.8","","78","","0.0","","4","","13","","","","98.16","","","","-26","","NA"
"-80.80","46.63","SUDBURY CLIMATE","6068145","2021-02-01 06:00","2021","02","01","06:00","-18.0","","-20.6","","80","","0.0","","4","","13","","","","98.14","","","","-26","","NA"
"-80.80","46.63","SUDBURY CLIMATE","6068145","2021-02-01 07:00","2021","02","01","07:00","-18.3","","-20.7","","81","","0.0","","4","","14","","","","98.13","","","","-27","","NA"
"-80.80","46.63","SUDBURY CLIMATE","6068145","2021-02-01 08:00","2021","02","01","08:00","-18.4","","-20.8","","81","","0.0","","4","","14","","","","98.11","","","","-27","","NA"
"-80.80","46.63","SUDBURY CLIMATE","6068145","2021-02-01 09:00","2021","02","01","09:00","-18.2","","-20.7","","81","","0.0","","3","","14","","","","98.10","","","","-27","","NA"
"-80.80","46.63","SUDBURY CLIMATE","6068145","2021-02-01 10:00","2021","02","01","10:00","-18.7","","-21.2","","81","","0.0","","4","","16","","","","98.10","","","","-28","","NA"
"-80.80","46.63","SUDBURY CLIMATE","6068145","2021-02-01 11:00","2021","02","01","11:00","-18.6","","-21.0","","81","","0.0","","4","","14","","","","98.09","","","","-27","","NA"
"-80.80","46.63","SUDBURY CLIMATE","6068145","2021-02-01 12:00","2021","02","01","12:00","-19.4","","-21.7","","82","","0.0","","4","","18","","","","98.10","","","","-29","","NA"
"-80.80","46.63","SUDBURY CLIMATE","6068145","2021-02-01 13:00","2021","02","01","13:00","-19.2","","-21.4","","83","","0.0","","4","","17","","","","98.13","","","","-29","","NA"
"-80.80","46.63","SUDBURY CLIMATE","6068145","2021-02-01 14:00","2021","02","01","14:00","-18.3","","-21.0","","80","","0.0","","4","","14","","","","98.17","","","","-27","","NA"
"-80.80","46.63","SUDBURY CLIMATE","6068145","2021-02-01 15:00","2021","02","01","15:00","-16.8","","-20.4","","74","","0.0","","4","","15","","","","98.15","","","","-25","","NA"
"-80.80","46.63","SUDBURY CLIMATE","6068145","2021-02-01 16:00","2021","02","01","16:00","-14.8","","-19.3","","68","","0.0","","5","","17","","","","98.13","","","","-23","","NA"
"-80.80","46.63","SUDBURY CLIMATE","6068145","2021-02-01 17:00","2021","02","01","17:00","-12.0","","-18.1","","60","","0.0","","5","","18","","","","98.07","","","","-20","","NA"
"-80.80","46.63","SUDBURY CLIMATE","6068145","2021-02-01 18:00","2021","02","01","18:00","-10.2","","-17.3","","56","","0.0","","5","","16","","","","98.02","","","","-17","","NA"
"-80.80","46.63","SUDBURY CLIMATE","6068145","2021-02-01 19:00","2021","02","01","19:00","-8.4","","-17.0","","50","","0.0","","5","","13","","","","97.95","","","","-14","","NA"
"-80.80","46.63","SUDBURY CLIMATE","6068145","2021-02-01 20:00","2021","02","01","20:00","-7.0","","-18.2","","41","","0.0","","5","","19","","","","97.89","","","","-14","","NA"
"-80.80","46.63","SUDBURY CLIMATE","6068145","2021-02-01 21:00","2021","02","01","21:00","-6.4","","-17.9","","40","","0.0","","4","","15","","","","97.88","","","","-12","","NA"
"-80.80","46.63","SUDBURY CLIMATE","6068145","2021-02-01 22:00","2021","02","01","22:00","-6.6","","-18.3","","39","","0.0","","4","","14","","","","97.89","","","","-12","","NA"
"-80.80","46.63","SUDBURY CLIMATE","6068145","2021-02-01 23:00","2021","02","01","23:00","-8.3","","-17.9","","46","","0.0","","4","","12","","","","97.94","","","","-14","","NA"
"-80.80","46.63","SUDBURY CLIMATE","6068145","2021-02-02 00:00","2021","02","02","00:00","-9.6","","-17.8","","51","","0.0","","4","","17","","","","97.95","","","","-17","","NA"
"-80.80","46.63","SUDBURY CLIMATE","6068145","2021-02-02 01:00","2021","02","02","01:00","-10.2","","-17.8","","54","","0.0","","4","","20","","","","97.98","","","","-18","","NA"
"-80.80","46.63","SUDBURY CLIMATE","6068145","2021-02-02 02:00","2021","02","02","02:00","-11.5","","-17.8","","59","","0.0","","3","","18","","","","97.96","","","","-19","","NA"
"-80.80","46.63","SUDBURY CLIMATE","6068145","2021-02-02 03:00","2021","02","02","03:00","-11.4","","-17.6","","60","","0.0","","3","","16","","","","97.92","","","","-19","","NA"
"-80.80","46.63","SUDBURY CLIMATE","6068145","2021-02-02 04:00","2021","02","02","04:00","-11.9","","-17.3","","64","","0.0","","2","","17","","","","97.86","","","","-20","","NA"
"-80.80","46.63","SUDBURY CLIMATE","6068145","2021-02-02 05:00","2021","02","02","05:00","-12.1","","-17.3","","65","","0.0","","3","","14","","","","97.87","","","","-19","","NA"
"-80.80","46.63","SUDBURY CLIMATE","6068145","2021-02-02 06:00","2021","02","02","06:00","-13.1","","-17.5","","69","","0.0","","3","","13","","","","97.89","","","","-20","","NA"
"-80.80","46.63","SUDBURY CLIMATE","6068145","2021-02-02 07:00","2021","02","02","07:00","-13.3","","-17.4","","71","","0.0","","3","","13","","","","97.90","","","","-20","","NA"
"-80.80","46.63","SUDBURY CLIMATE","6068145","2021-02-02 08:00","2021","02","02","08:00","-13.4","","-17.4","","72","","0.0","","2","","16","","","","97.87","","","","-21","","NA"
"-80.80","46.63","SUDBURY CLIMATE","6068145","2021-02-02 09:00","2021","02","02","09:00","-13.5","","-17.2","","73","","0.0","","2","","18","","","","97.82","","","","-22","","NA"
"-80.80","46.63","SUDBURY CLIMATE","6068145","2021-02-02 10:00","2021","02","02","10:00","-13.5","","-16.9","","75","","0.0","","2","","21","","","","97.79","","","","-22","","NA"
"-80.80","46.63","SUDBURY CLIMATE","6068145","2021-02-02 11:00","2021","02","02","11:00","-14.1","","-17.1","","78","","0.0","","2","","17","","","","97.79","","","","-22","","NA"
"-80.80","46.63","SUDBURY CLIMATE","6068145","2021-02-02 12:00","2021","02","02","12:00","-14.1","","-17.0","","78","","0.0","","2","","18","","","","97.80","","","","-23","","NA"
"-80.80","46.63","SUDBURY CLIMATE","6068145","2021-02-02 13:00","2021","02","02","13:00","-13.5","","-16.1","","81","","0.0","","2","","20","","","","97.78","","","","-22","","NA"
"-80.80","46.63","SUDBURY CLIMATE","6068145","2021-02-02 14:00","2021","02","02","14:00","-12.3","","-15.0","","80","","0.0","","2","","24","","","","97.76","","","","-22","","NA"
"-80.80","46.63","SUDBURY CLIMATE","6068145","2021-02-02 15:00","2021","02","02","15:00","-11.4","","-14.7","","77","","0.0","","2","","25","","","","97.73","","","","-21","","NA"
"-80.80","46.63","SUDBURY CLIMATE","6068145","2021-02-02 16:00","2021","02","02","16:00","-10.1","","-13.9","","73","","0.0","","2","","18","","","","97.72","","","","-18","","NA"
"-80.80","46.63","SUDBURY CLIMATE","6068145","2021-02-02 17:00","2021","02","02","17:00","-8.5","","-13.2","","69","","0.0","","3","","23","","","","97.68","","","","-17","","NA"
"-80.80","46.63","SUDBURY CLIMATE","6068145","2021-02-02 18:00","2021","02","02","18:00","-6.0","","-12.8","","59","","0.0","","2","","22","","","","97.62","","","","-13","","NA"
"-80.80","46.63","SUDBURY CLIMATE","6068145","2021-02-02 19:00","2021","02","02","19:00","-4.7","","-12.3","","55","","0.0","","2","","26","","","","97.58","","","","-12","","NA"
"-80.80","46.63","SUDBURY CLIMATE","6068145","2021-02-02 20:00","2021","02","02","20:00","-3.3","","-12.6","","49","","0.0","","1","","19","","","","97.55","","","","-9","","NA"
"-80.80","46.63","SUDBURY CLIMATE","6068145","2021-02-02 21:00","2021","02","02","21:00","-3.5","","-13.6","","45","","0.0","","2","","25","","","","97.54","","","","-10","","NA"
"-80.80","46.63","SUDBURY CLIMATE","6068145","2021-02-02 22:00","2021","02","02","22:00","-4.3","","-11.7","","56","","0.0","","1","","16","","","","97.57","","","","-10","","NA"
"-80.80","46.63","SUDBURY CLIMATE","6068145","2021-02-02 23:00","2021","02","02","23:00","-5.8","","-11.5","","64","","0.0","","2","","20","","","","97.56","","","","-13","","NA"
"-80.80","46.63","SUDBURY CLIMATE","6068145","2021-02-03 00:00","2021","02","03","00:00","-7.1","","-11.0","","74","","0.0","","36","","21","","","","97.55","","","","-14","","NA"
"-80.80","46.63","SUDBURY CLIMATE","6068145","2021-02-03 01:00","2021","02","03","01:00","-9.2","","-11.6","","83","","0.0","","36","","16","","","","97.56","","","","-16","","NA"
"-80.80","46.63","SUDBURY CLIMATE","6068145","2021-02-03 02:00","2021","02","03","02:00","-10.0","","-11.6","","88","","0.0","","36","","14","","","","97.54","","","","-16","","NA"
"-80.80","46.63","SUDBURY CLIMATE","6068145","2021-02-03 03:00","2021","02","03","03:00","-9.9","","-11.6","","88","","0.0","","36","","14","","","","97.47","","","","-16","","NA"
"-80.80","46.63","SUDBURY CLIMATE","6068145","2021-02-03 04:00","2021","02","03","04:00","-9.9","","-11.7","","87","","0.0","","36","","17","","","","97.44","","","","-17","","NA"
"-80.80","46.63","SUDBURY CLIMATE","6068145","2021-02-03 05:00","2021","02","03","05:00","-10.1","","-11.9","","87","","0.0","","36","","18","","","","97.43","","","","-18","","NA"
"-80.80","46.63","SUDBURY CLIMATE","6068145","2021-02-03 06:00","2021","02","03","06:00","-10.6","","-12.1","","88","","0.0","","1","","20","","","","97.42","","","","-19","","NA"
"-80.80","46.63","SUDBURY CLIMATE","6068145","2021-02-03 07:00","2021","02","03","07:00","-10.5","","-12.0","","89","","0.0","","1","","20","","","","97.37","","","","-18","","NA"
"-80.80","46.63","SUDBURY CLIMATE","6068145","2021-02-03 08:00","2021","02","03","08:00","-11.6","","-12.9","","90","","0.0","","36","","15","","","","97.36","","","","-19","","NA"
"-80.80","46.63","SUDBURY CLIMATE","6068145","2021-02-03 09:00","2021","02","03","09:00","-12.2","","-14.1","","86","","0.0","","1","","16","","","","97.34","","","","-20","","NA"
"-80.80","46.63","SUDBURY CLIMATE","6068145","2021-02-03 10:00","2021","02","03","10:00","-13.0","","-15.3","","83","","0.0","","36","","16","","","","97.33","","","","-21","","NA"
"-80.80","46.63","SUDBURY CLIMATE","6068145","2021-02-03 11:00","2021","02","03","11:00","-13.3","","-15.8","","81","","0.0","","36","","17","","","","97.32","","","","-21","","NA"
"-80.80","46.63","SUDBURY CLIMATE","6068145","2021-02-03 12:00","2021","02","03","12:00","-13.6","","-16.3","","80","","0.0","","36","","15","","","","97.32","","","","-21","","NA"
"-80.80","46.63","SUDBURY CLIMATE","6068145","2021-02-03 13:00","2021","02","03","13:00","-13.8","","-16.7","","78","","0.0","","36","","16","","","","97.32","","","","-22","","NA"
"-80.80","46.63","SUDBURY CLIMATE","6068145","2021-02-03 14:00","2021","02","03","14:00","-12.2","","-16.2","","72","","0.0","","1","","18","","","","97.32","","","","-20","","NA"
"-80.80","46.63","SUDBURY CLIMATE","6068145","2021-02-03 15:00","2021","02","03","15:00","-10.2","","-15.0","","68","","0.0","","1","","16","","","","97.31","","","","-17","","NA"
"-80.80","46.63","SUDBURY CLIMATE","6068145","2021-02-03 16:00","2021","02","03","16:00","-6.8","","-14.1","","56","","0.0","","1","","16","","","","97.33","","","","-13","","NA"
"-80.80","46.63","SUDBURY CLIMATE","6068145","2021-02-03 17:00","2021","02","03","17:00","-4.9","","-13.6","","51","","0.0","","2","","17","","","","97.29","","","","-11","","NA"
"-80.80","46.63","SUDBURY CLIMATE","6068145","2021-02-03 18:00","2021","02","03","18:00","-2.4","","-13.1","","43","","0.0","","1","","13","","","","97.23","","","","-7","","NA"
"-80.80","46.63","SUDBURY CLIMATE","6068145","2021-02-03 19:00","2021","02","03","19:00","-0.9","","-12.9","","40","","0.0","","35","","12","","","","97.18","","","","-5","","NA"
"-80.80","46.63","SUDBURY CLIMATE","6068145","2021-02-03 20:00","2021","02","03","20:00","-0.6","","-12.1","","42","","0.0","","1","","12","","","","97.16","","","","-5","","NA"
"-80.80","46.63","SUDBURY CLIMATE","6068145","2021-02-03 21:00","2021","02","03","21:00","-0.4","","-10.7","","46","","0.0","","2","","13","","","","97.16","","","","-5","","NA"
"-80.80","46.63","SUDBURY CLIMATE","6068145","2021-02-03 22:00","2021","02","03","22:00","-1.0","","-9.8","","51","","0.0","","36","","11","","","","97.18","","","","-5","","NA"
"-80.80","46.63","SUDBURY CLIMATE","6068145","2021-02-03 23:00","2021","02","03","23:00","-2.8","","-9.6","","59","","0.0","","35","","9","","","","97.17","","","","-6","","NA"
"-80.80","46.63","SUDBURY CLIMATE","6068145","2021-02-04 00:00","2021","02","04","00:00","-4.0","","-9.4","","66","","0.0","","32","","8","","","","97.22","","","","-7","","NA"
"-80.80","46.63","SUDBURY CLIMATE","6068145","2021-02-04 01:00","2021","02","04","01:00","-4.8","","-9.3","","70","","0.0","","34","","9","","","","97.22","","","","-9","","NA"
"-80.80","46.63","SUDBURY CLIMATE","6068145","2021-02-04 02:00","2021","02","04","02:00","-6.6","","-9.6","","79","","0.0","","33","","7","","","","97.21","","","","-10","","NA"
"-80.80","46.63","SUDBURY CLIMATE","6068145","2021-02-04 03:00","2021","02","04","03:00","-8.6","","-11.4","","80","","0.0","","2","","6","","","","97.17","","","","-12","","NA"
"-80.80","46.63","SUDBURY CLIMATE","6068145","2021-02-04 04:00","2021","02","04","04:00","-9.9","","-11.2","","90","","0.0","","31","","7","","","","97.17","","","","-14","","NA"
"-80.80","46.63","SUDBURY CLIMATE","6068145","2021-02-04 05:00","2021","02","04","05:00","-11.3","","-12.2","","93","","0.0","","34","","4","","","","97.17","","","","-14","","NA"
"-80.80","46.63","SUDBURY CLIMATE","6068145","2021-02-04 06:00","2021","02","04","06:00","-10.6","","-11.3","","94","","0.0","","2","","6","","","","97.15","","","","-14","","NA"
"-80.80","46.63","SUDBURY CLIMATE","6068145","2021-02-04 07:00","2021","02","04","07:00","-9.5","","-10.9","","90","","0.0","","35","","4","","","","97.17","","","","-12","","NA"
"-80.80","46.63","SUDBURY CLIMATE","6068145","2021-02-04 08:00","2021","02","04","08:00","-12.7","","-14.4","","88","","0.0","","30","","6","","","","97.20","","","","-17","","NA"
"-80.80","46.63","SUDBURY CLIMATE","6068145","2021-02-04 09:00","2021","02","04","09:00","-13.1","","-14.2","","91","","0.0","","1","","2","","","","97.16","","","","-14","","NA"
"-80.80","46.63","SUDBURY CLIMATE","6068145","2021-02-04 10:00","2021","02","04","10:00","-11.7","","-12.5","","94","","0.0","","9","","5","","","","97.13","","","","-15","","NA"
"-80.80","46.63","SUDBURY CLIMATE","6068145","2021-02-04 11:00","2021","02","04","11:00","-13.5","","-14.8","","90","","0.0","","12","","7","","","","97.11","","","","-18","","NA"
"-80.80","46.63","SUDBURY CLIMATE","6068145","2021-02-04 12:00","2021","02","04","12:00","-12.7","","-14.0","","90","","0.0","","14","","8","","","","97.10","","","","-18","","NA"
"-80.80","46.63","SUDBURY CLIMATE","6068145","2021-02-04 13:00","2021","02","04","13:00","-10.5","","-11.4","","93","","0.0","","16","","5","","","","97.10","","","","-14","","NA"
"-80.80","46.63","SUDBURY CLIMATE","6068145","2021-02-04 14:00","2021","02","04","14:00","-9.0","","-10.4","","90","","0.0","","16","","12","","","","97.08","","","","-15","","NA"
"-80.80","46.63","SUDBURY CLIMATE","6068145","2021-02-04 15:00","2021","02","04","15:00","-8.2","","-9.9","","88","","0.0","","16","","13","","","","97.06","","","","-14","","NA"
"-80.80","46.63","SUDBURY CLIMATE","6068145","2021-02-04 16:00","2021","02","04","16:00","-7.0","","-10.6","","76","","0.0","","18","","12","","","","97.03","","","","-12","","NA"
"-80.80","46.63","SUDBURY CLIMATE","6068145","2021-02-04 17:00","2021","02","04","17:00","-3.2","","-8.2","","68","","0.0","","17","","13","","","","96.87","","","","-8","","NA"
"-80.80","46.63","SUDBURY CLIMATE","6068145","2021-02-04 18:00","2021","02","04","18:00","-0.6","","-7.1","","61","","0.0","","17","","18","","","","96.79","","","","-6","","NA"
"-80.80","46.63","SUDBURY CLIMATE","6068145","2021-02-04 19:00","2021","02","04","19:00","0.1","","-6.7","","60","","0.0","","19","","15","","","","96.74","","","","","","NA"
"-80.80","46.63","SUDBURY CLIMATE","6068145","2021-02-04 20:00","2021","02","04","20:00","1.1","","-6.5","","57","","0.0","","18","","18","","","","96.66","","","","","","NA"
"-80.80","46.63","SUDBURY CLIMATE","6068145","2021-02-04 21:00","2021","02","04","21:00","0.9","","-7.9","","52","","0.0","","18","","21","","","","96.53","","","","","","NA"
"-80.80","46.63","SUDBURY CLIMATE","6068145","2021-02-04 22:00","2021","02","04","22:00","-0.4","","-9.5","","50","","0.0","","17","","19","","","","96.45","","","","-6","","NA"
"-80.80","46.63","SUDBURY CLIMATE","6068145","2021-02-04 23:00","2021","02","04","23:00","-3.2","","-10.0","","59","","0.0","","16","","12","","","","96.38","","","","-8","","NA"
"-80.80","46.63","SUDBURY CLIMATE","6068145","2021-02-05 00:00","2021","02","05","00:00","-3.7","","-9.8","","63","","0.0","","15","","10","","","","96.31","","","","-8","","NA"
"-80.80","46.63","SUDBURY CLIMATE","6068145","2021-02-05 01:00","2021","02","05","01:00","-3.6","","-10.3","","60","","0.0","","13","","17","","","","96.13","","","","-9","","NA"
"-80.80","46.63","SUDBURY CLIMATE","6068145","2021-02-05 02:00","2021","02","05","02:00","-3.4","","-11.1","","55","","0.0","","13","","19","","","","95.95","","","","-9","","NA"
"-80.80","46.63","SUDBURY CLIMATE","6068145","2021-02-05 03:00","2021","02","05","03:00","-3.8","","-11.4","","55","","0.0","","15","","20","","","","95.88","","","","-10","","NA"
"-80.80","46.63","SUDBURY CLIMATE","6068145","2021-02-05 04:00","2021","02","05","04:00","-3.1","","-11.6","","52","","0.0","","14","","21","","","","95.76","","","","-9","","NA"
"-80.80","46.63","SUDBURY CLIMATE","6068145","2021-02-05 05:00","2021","02","05","05:00","-2.3","","-12.4","","46","","0.0","","14","","24","","","","95.60","","","","-9","","NA"
"-80.80","46.63","SUDBURY CLIMATE","6068145","2021-02-05 06:00","2021","02","05","06:00","-2.6","","-12.8","","46","","0.0","","14","","22","","","","95.46","","","","-9","","NA"
"-80.80","46.63","SUDBURY CLIMATE","6068145","2021-02-05 07:00","2021","02","05","07:00","-2.4","","-13.3","","43","","0.0","","13","","25","","","","95.24","","","","-9","","NA"
"-80.80","46.63","SUDBURY CLIMATE","6068145","2021-02-05 08:00","2021","02","05","08:00","-2.1","","-12.2","","46","","0.0","","13","","27","","","","95.06","","","","-9","","NA"
"-80.80","46.63","SUDBURY CLIMATE","6068145","2021-02-05 09:00","2021","02","05","09:00","-4.4","","-5.6","","91","","0.4","","13","","25","","","","94.94","","","","-12","","NA"
"-80.80","46.63","SUDBURY CLIMATE","6068145","2021-02-05 10:00","2021","02","05","10:00","-3.5","","-4.3","","94","","0.6","","12","","21","","","","94.79","","","","-10","","NA"
"-80.80","46.63","SUDBURY CLIMATE","6068145","2021-02-05 11:00","2021","02","05","11:00","-2.1","","-2.9","","95","","0.6","","14","","27","","","","94.66","","","","-9","","NA"
"-80.80","46.63","SUDBURY CLIMATE","6068145","2021-02-05 12:00","2021","02","05","12:00","-1.6","","-2.3","","95","","0.1","","14","","28","","","","94.57","","","","-8","","NA"
"-80.80","46.63","SUDBURY CLIMATE","6068145","2021-02-05 13:00","2021","02","05","13:00","-1.4","","-2.0","","96","","0.4","","13","","26","","","","94.50","","","","-8","","NA"
"-80.80","46.63","SUDBURY CLIMATE","6068145","2021-02-05 14:00","2021","02","05","14:00","-1.2","","-1.8","","96","","0.2","","15","","21","","","","94.44","","","","-7","","NA"
"-80.80","46.63","SUDBURY CLIMATE","6068145","2021-02-05 15:00","2021","02","05","15:00","-0.7","","-1.2","","96","","0.1","","14","","17","","","","94.38","","","","-6","","NA"
"-80.80","46.63","SUDBURY CLIMATE","6068145","2021-02-05 16:00","2021","02","05","16:00","-0.2","","-0.7","","97","","0.3","","17","","20","","","","94.35","","","","-5","","NA"
"-80.80","46.63","SUDBURY CLIMATE","6068145","2021-02-05 17:00","2021","02","05","17:00","-1.7","","-3.3","","89","","0.3","","21","","43","","","","94.42","","","","-10","","NA"
"-80.80","46.63","SUDBURY CLIMATE","6068145","2021-02-05 18:00","2021","02","05","18:00","-2.2","","-3.5","","90","","0.0","","19","","35","","","","94.45","","","","-10","","NA"
"-80.80","46.63","SUDBURY CLIMATE","6068145","2021-02-05 19:00","2021","02","05","19:00","-3.3","","-5.6","","84","","0.0","","23","","47","","","","94.52","","","","-12","","NA"
"-80.80","46.63","SUDBURY CLIMATE","6068145","2021-02-05 20:00","2021","02","05","20:00","-4.2","","-6.4","","84","","0.0","","22","","47","","","","94.69","","","","-14","","NA"
"-80.80","46.63","SUDBURY CLIMATE","6068145","2021-02-05 21:00","2021","02","05","21:00","-4.7","","-7.3","","82","","0.0","","23","","38","","","","94.81","","","","-13","","NA"
"-80.80","46.63","SUDBURY CLIMATE","6068145","2021-02-05 22:00","2021","02","05","22:00","-5.4","","-6.5","","92","","0.0","","23","","31","","","","94.94","","","","-14","","NA"
"-80.80","46.63","SUDBURY CLIMATE","6068145","2021-02-05 23:00","2021","02","05","23:00","-6.0","","-7.5","","89","","0.0","","23","","32","","","","95.04","","","","-15","","NA"
"-80.80","46.63","SUDBURY CLIMATE","6068145","2021-02-06 00:00","2021","02","06","00:00","-6.6","","-8.9","","84","","0.0","","23","","34","","","","95.14","","","","-16","","NA"
"-80.80","46.63","SUDBURY CLIMATE","6068145","2021-02-06 01:00","2021","02","06","01:00","-7.3","","-9.2","","86","","0.0","","23","","30","","","","95.22","","","","-16","","NA"
"-80.80","46.63","SUDBURY CLIMATE","6068145","2021-02-06 02:00","2021","02","06","02:00","-8.0","","-10.6","","82","","0.0","","23","","33","","","","95.29","","","","-17","","NA"
"-80.80","46.63","SUDBURY CLIMATE","6068145","2021-02-06 03:00","2021","02","06","03:00","-8.4","","-10.8","","83","","0.0","","23","","30","","","","95.33","","","","-17","","NA"
"-80.80","46.63","SUDBURY CLIMATE","6068145","2021-02-06 04:00","2021","02","06","04:00","-9.1","","-11.0","","86","","0.0","","22","","25","","","","95.39","","","","-18","","NA"
"-80.80","46.63","SUDBURY CLIMATE","6068145","2021-02-06 05:00","2021","02","06","05:00","-10.1","","-11.8","","87","","0.0","","22","","21","","","","95.44","","","","-18","","NA"
"-80.80","46.63","SUDBURY CLIMATE","6068145","2021-02-06 06:00","2021","02","06","06:00","-11.3","","-12.6","","90","","0.0","","22","","18","","","","95.47","","","","-19","","NA"
"-80.80","46.63","SUDBURY CLIMATE","6068145","2021-02-06 07:00","2021","02","06","07:00","-10.5","","-12.8","","83","","0.0","","22","","20","","","","95.48","","","","-18","","NA"
"-80.80","46.63","SUDBURY CLIMATE","6068145","2021-02-06 08:00","2021","02","06","08:00","-10.5","","-13.2","","80","","0.0","","23","","23","","","","95.53","","","","-19","","NA"
"-80.80","46.63","SUDBURY CLIMATE","6068145","2021-02-06 09:00","2021","02","06","09:00","-10.9","","-13.4","","82","","0.0","","23","","20","","","","95.59","","","","-19","","NA"
"-80.80","46.63","SUDBURY CLIMATE","6068145","2021-02-06 10:00","2021","02","06","10:00","-11.7","","-14.0","","83","","0.0","","23","","19","","","","95.64","","","","-20","","NA"
"-80.80","46.63","SUDBURY CLIMATE","6068145","2021-02-06 11:00","2021","02","06","11:00","-11.8","","-14.7","","79","","0.0","","23","","17","","","","95.70","","","","-19","","NA"
"-80.80","46.63","SUDBURY CLIMATE","6068145","2021-02-06 12:00","2021","02","06","12:00","-12.1","","-15.0","","79","","0.0","","23","","20","","","","95.79","","","","-21","","NA"
"-80.80","46.63","SUDBURY CLIMATE","6068145","2021-02-06 13:00","2021","02","06","13:00","-13.1","","-16.3","","77","","0.0","","23","","19","","","","95.90","","","","-22","","NA"
"-80.80","46.63","SUDBURY CLIMATE","6068145","2021-02-06 14:00","2021","02","06","14:00","-13.2","","-16.8","","74","","0.0","","22","","23","","","","96.00","","","","-23","","NA"
"-80.80","46.63","SUDBURY CLIMATE","6068145","2021-02-06 15:00","2021","02","06","15:00","-12.4","","-17.7","","65","","0.0","","24","","23","","","","96.09","","","","-21","","NA"
"-80.80","46.63","SUDBURY CLIMATE","6068145","2021-02-06 16:00","2021","02","06","16:00","-11.4","","-17.8","","59","","0.0","","25","","25","","","","96.16","","","","-21","","NA"
"-80.80","46.63","SUDBURY CLIMATE","6068145","2021-02-06 17:00","2021","02","06","17:00","-10.5","","-17.3","","58","","0.0","","24","","26","","","","96.22","","","","-20","","NA"
"-80.80","46.63","SUDBURY CLIMATE","6068145","2021-02-06 18:00","2021","02","06","18:00","-10.5","","-16.1","","64","","0.0","","23","","29","","","","96.28","","","","-20","","NA"
"-80.80","46.63","SUDBURY CLIMATE","6068145","2021-02-06 19:00","2021","02","06","19:00","-9.7","","-15.8","","61","","0.0","","23","","32","","","","96.33","","","","-19","","NA"
"-80.80","46.63","SUDBURY CLIMATE","6068145","2021-02-06 20:00","2021","02","06","20:00","-9.7","","-16.0","","60","","0.0","","25","","27","","","","96.42","","","","-19","","NA"
"-80.80","46.63","SUDBURY CLIMATE","6068145","2021-02-06 21:00","2021","02","06","21:00","-9.3","","-16.0","","58","","0.0","","25","","30","","","","96.55","","","","-19","","NA"
"-80.80","46.63","SUDBURY CLIMATE","6068145","2021-02-06 22:00","2021","02","06","22:00","-9.9","","-16.4","","59","","0.0","","24","","26","","","","96.61","","","","-19","","NA"
"-80.80","46.63","SUDBURY CLIMATE","6068145","2021-02-06 23:00","2021","02","06","23:00","-11.3","","-15.7","","70","","0.0","","23","","24","","","","96.67","","","","-20","","NA"
"-80.80","46.63","SUDBURY CLIMATE","6068145","2021-02-07 00:00","2021","02","07","00:00","-11.8","","-16.1","","70","","0.0","","23","","20","","","","96.77","","","","-20","","NA"
"-80.80","46.63","SUDBURY CLIMATE","6068145","2021-02-07 01:00","2021","02","07","01:00","-12.2","","-16.2","","72","","0.0","","24","","19","","","","96.82","","","","-20","","NA"
"-80.80","46.63","SUDBURY CLIMATE","6068145","2021-02-07 02:00","2021","02","07","02:00","-12.0","","-14.9","","79","","0.0","","23","","11","","","","96.85","","","","-18","","NA"
"-80.80","46.63","SUDBURY CLIMATE","6068145","2021-02-07 03:00","2021","02","07","03:00","-11.3","","-14.2","","79","","0.0","","23","","12","","","","96.86","","","","-17","","NA"
"-80.80","46.63","SUDBURY CLIMATE","6068145","2021-02-07 04:00","2021","02","07","04:00","-11.5","","-14.0","","82","","0.0","","24","","8","","","","96.81","","","","-16","","NA"
"-80.80","46.63","SUDBURY CLIMATE","6068145","2021-02-07 05:00","2021","02","07","05:00","-12.0","","-13.8","","86","","0.0","","25","","4","","","","96.77","","","","-15","","NA"
"-80.80","46.63","SUDBURY CLIMATE","6068145","2021-02-07 06:00","2021","02","07","06:00","-12.2","","-13.9","","87","","0.1","","19","","6","","","","96.76","","","","-16","","NA"
"-80.80","46.63","SUDBURY CLIMATE","6068145","2021-02-07 07:00","2021","02","07","07:00","-12.3","","-13.8","","88","","0.1","","18","","4","","","","96.74","","","","-15","","NA"
"-80.80","46.63","SUDBURY CLIMATE","6068145","2021-02-07 08:00","2021","02","07","08:00","-12.5","","-14.1","","88","","0.3","","34","","3","","","","96.72","","","","-14","","NA"
"-80.80","46.63","SUDBURY CLIMATE","6068145","2021-02-07 09:00","2021","02","07","09:00","-12.6","","-14.4","","87","","0.2","","29","","3","","","","96.68","","","","-15","","NA"
"-80.80","46.63","SUDBURY CLIMATE","6068145","2021-02-07 10:00","2021","02","07","10:00","-13.1","","-14.9","","86","","0.1","","28","","6","","","","96.68","","","","-17","","NA"
"-80.80","46.63","SUDBURY CLIMATE","6068145","2021-02-07 11:00","2021","02","07","11:00","-13.9","","-16.1","","83","","0.0","","26","","7","","","","96.71","","","","-19","","NA"
"-80.80","46.63","SUDBURY CLIMATE","6068145","2021-02-07 12:00","2021","02","07","12:00","-14.6","","-19.2","","68","","0.0","","26","","14","","","","96.76","","","","-22","","NA"
"-80.80","46.63","SUDBURY CLIMATE","6068145","2021-02-07 13:00","2021","02","07","13:00","-16.5","","-20.2","","73","","0.0","","25","","13","","","","96.82","","","","-24","","NA"
"-80.80","46.63","SUDBURY CLIMATE","6068145","2021-02-07 14:00","2021","02","07","14:00","-15.8","","-21.6","","61","","0.0","","26","","11","","","","96.89","","","","-23","","NA"
"-80.80","46.63","SUDBURY CLIMATE","6068145","2021-02-07 15:00","2021","02","07","15:00","-15.1","","-22.1","","55","","0.0","","27","","15","","","","96.90","","","","-23","","NA"
"-80.80","46.63","SUDBURY CLIMATE","6068145","2021-02-07 16:00","2021","02","07","16:00","-13.8","","-21.9","","51","","0.0","","27","","15","","","","96.93","","","","-21","","NA"
"-80.80","46.63","SUDBURY CLIMATE","6068145","2021-02-07 17:00","2021","02","07","17:00","-13.4","","-21.3","","52","","0.0","","24","","18","","","","96.93","","","","-22","","NA"
"-80.80","46.63","SUDBURY CLIMATE","6068145","2021-02-07 18:00","2021","02","07","18:00","-12.3","","-20.3","","52","","0.0","","24","","16","","","","96.91","","","","-20","","NA"
"-80.80","46.63","SUDBURY CLIMATE","6068145","2021-02-07 19:00","2021","02","07","19:00","-11.8","","-20.2","","49","","0.0","","25","","13","","","","96.90","","","","-18","","NA"
"-80.80","46.63","SUDBURY CLIMATE","6068145","2021-02-07 20:00","2021","02","07","20:00","-11.3","","-20.0","","49","","0.0","","24","","22","","","","96.93","","","","-20","","NA"
"-80.80","46.63","SUDBURY CLIMATE","6068145","2021-02-07 21:00","2021","02","07","21:00","-11.2","","-19.5","","50","","0.0","","25","","20","","","","96.99","","","","-19","","NA"
"-80.80","46.63","SUDBURY CLIMATE","6068145","2021-02-07 22:00","2021","02","07","22:00","-11.7","","-19.4","","53","","0.0","","26","","15","","","","97.04","","","","-19","","NA"
"-80.80","46.63","SUDBURY CLIMATE","6068145","2021-02-07 23:00","2021","02","07","23:00","-13.4","","-19.4","","61","","0.0","","26","","7","","","","97.12","","","","-18","","NA"
"-80.80","46.63","SUDBURY CLIMATE","6068145","2021-02-08 00:00","2021","02","08","00:00","-18.4","","-21.9","","74","","0.0","","22","","10","","","","97.20","","","","-25","","NA"
"-80.80","46.63","SUDBURY CLIMATE","6068145","2021-02-08 01:00","2021","02","08","01:00","-19.2","","-22.6","","74","","0.0","","23","","11","","","","97.24","","","","-27","","NA"
"-80.80","46.63","SUDBURY CLIMATE","6068145","2021-02-08 02:00","2021","02","08","02:00","-16.3","","-20.1","","73","","0.0","","24","","16","","","","97.31","","","","-25","","NA"
"-80.80","46.63","SUDBURY CLIMATE","6068145","2021-02-08 03:00","2021","02","08","03:00","-17.0","","-20.3","","76","","0.0","","24","","10","","","","97.39","","","","-24","","NA"
"-80.80","46.63","SUDBURY CLIMATE","6068145","2021-02-08 04:00","2021","02","08","04:00","-17.5","","-20.4","","79","","0.0","","25","","7","","","","97.47","","","","-23","","NA"
"-80.80","46.63","SUDBURY CLIMATE","6068145","2021-02-08 05:00","2021","02","08","05:00","-17.0","","-20.4","","75","","0.0","","26","","8","","","","97.51","","","","-23","","NA"
"-80.80","46.63","SUDBURY CLIMATE","6068145","2021-02-08 06:00","2021","02","08","06:00","-19.1","","-21.3","","83","","0.0","","24","","7","","","","97.56","","","","-25","","NA"
"-80.80","46.63","SUDBURY CLIMATE","6068145","2021-02-08 07:00","2021","02","08","07:00","-22.1","","-23.7","","86","","0.0","","22","","14","","","","97.62","","","","-31","","NA"
"-80.80","46.63","SUDBURY CLIMATE","6068145","2021-02-08 08:00","2021","02","08","08:00","-21.8","","-23.7","","84","","0.0","","23","","12","","","","97.68","","","","-30","","NA"
"-80.80","46.63","SUDBURY CLIMATE","6068145","2021-02-08 09:00","2021","02","08","09:00","-20.8","","-23.2","","80","","0.0","","23","","13","","","","97.74","","","","-29","","NA"
"-80.80","46.63","SUDBURY CLIMATE","6068145","2021-02-08 10:00","2021","02","08","10:00","-20.7","","-22.9","","82","","0.0","","24","","9","","","","97.74","","","","-28","","NA"
"-80.80","46.63","SUDBURY CLIMATE","6068145","2021-02-08 11:00","2021","02","08","11:00","-20.2","","-22.8","","80","","0.0","","24","","11","","","","97.78","","","","-28","","NA"
"-80.80","46.63","SUDBURY CLIMATE","6068145","2021-02-08 12:00","2021","02","08","12:00","-19.9","","-22.6","","79","","0.0","","25","","8","","","","97.85","","","","-26","","NA"
"-80.80","46.63","SUDBURY CLIMATE","6068145","2021-02-08 13:00","2021","02","08","13:00","-20.4","","-23.1","","79","","0.0","","25","","5","","","","97.93","","","","-25","","NA"
"-80.80","46.63","SUDBURY CLIMATE","6068145","2021-02-08 14:00","2021","02","08","14:00","-19.0","","-22.1","","76","","0.0","","28","","2","","","","97.96","","","","-21","","NA"
"-80.80","46.63","SUDBURY CLIMATE","6068145","2021-02-08 15:00","2021","02","08","15:00","-18.1","","-21.6","","74","","0.0","","20","","7","","","","98.01","","","","-23","","NA"
"-80.80","46.63","SUDBURY CLIMATE","6068145","2021-02-08 16:00","2021","02","08","16:00","-16.6","","-21.1","","69","","0.0","","18","","12","","","","98.06","","","","-24","","NA"
"-80.80","46.63","SUDBURY CLIMATE","6068145","2021-02-08 17:00","2021","02","08","17:00","-14.1","","-19.3","","65","","0.0","","20","","16","","","","98.00","","","","-22","","NA"
"-80.80","46.63","SUDBURY CLIMATE","6068145","2021-02-08 18:00","2021","02","08","18:00","-12.4","","-18.4","","61","","0.0","","23","","18","","","","97.96","","","","-20","","NA"
"-80.80","46.63","SUDBURY CLIMATE","6068145","2021-02-08 19:00","2021","02","08","19:00","-11.7","","-18.0","","60","","0.0","","23","","19","","","","97.88","","","","-20","","NA"
"-80.80","46.63","SUDBURY CLIMATE","6068145","2021-02-08 20:00","2021","02","08","20:00","-11.8","","-17.4","","63","","0.0","","21","","20","","","","97.89","","","","-20","","NA"
"-80.80","46.63","SUDBURY CLIMATE","6068145","2021-02-08 21:00","2021","02","08","21:00","-11.1","","-16.9","","62","","0.0","","22","","23","","","","97.87","","","","-20","","NA"
"-80.80","46.63","SUDBURY CLIMATE","6068145","2021-02-08 22:00","2021","02","08","22:00","-11.1","","-16.2","","66","","0.0","","22","","19","","","","97.88","","","","-19","","NA"
"-80.80","46.63","SUDBURY CLIMATE","6068145","2021-02-08 23:00","2021","02","08","23:00","-11.5","","-15.8","","70","","0.0","","22","","18","","","","97.96","","","","-19","","NA"
"-80.80","46.63","SUDBURY CLIMATE","6068145","2021-02-09 00:00","2021","02","09","00:00","-11.9","","-15.6","","74","","0.0","","22","","12","","","","98.00","","","","-18","","NA"
"-80.80","46.63","SUDBURY CLIMATE","6068145","2021-02-09 01:00","2021","02","09","01:00","-12.2","","-15.6","","76","","0.0","","22","","10","","","","97.98","","","","-18","","NA"
"-80.80","46.63","SUDBURY CLIMATE","6068145","2021-02-09 02:00","2021","02","09","02:00","-12.9","","-15.8","","79","","0.0","","23","","9","","","","97.96","","","","-18","","NA"
"-80.80","46.63","SUDBURY CLIMATE","6068145","2021-02-09 03:00","2021","02","09","03:00","-13.3","","-16.0","","80","","0.0","","23","","6","","","","97.97","","","","-17","","NA"
"-80.80","46.63","SUDBURY CLIMATE","6068145","2021-02-09 04:00","2021","02","09","04:00","-13.2","","-15.6","","82","","0.0","","25","","3","","","","97.96","","","","-15","","NA"
"-80.80","46.63","SUDBURY CLIMATE","6068145","2021-02-09 05:00","2021","02","09","05:00","-13.5","","-15.7","","84","","0.0","","26","","1","","","","97.95","","","","-14","","NA"
"-80.80","46.63","SUDBURY CLIMATE","6068145","2021-02-09 06:00","2021","02","09","06:00","-13.9","","-15.9","","85","","0.0","","23","","2","","","","97.96","","","","-15","","NA"
"-80.80","46.63","SUDBURY CLIMATE","6068145","2021-02-09 07:00","2021","02","09","07:00","-13.9","","-15.8","","86","","0.1","","21","","4","","","","97.99","","","","-17","","NA"
"-80.80","46.63","SUDBURY CLIMATE","6068145","2021-02-09 08:00","2021","02","09","08:00","-14.2","","-16.1","","86","","0.2","","22","","3","","","","97.98","","","","-16","","NA"
"-80.80","46.63","SUDBURY CLIMATE","6068145","2021-02-09 09:00","2021","02","09","09:00","-15.3","","-16.7","","89","","0.1","","20","","2","","","","97.93","","","","-17","","NA"
"-80.80","46.63","SUDBURY CLIMATE","6068145","2021-02-09 10:00","2021","02","09","10:00","-16.7","","-18.1","","89","","0.0","","21","","4","","","","97.92","","","","-20","","NA"
"-80.80","46.63","SUDBURY CLIMATE","6068145","2021-02-09 11:00","2021","02","09","11:00","-16.8","","-18.7","","85","","0.0","","19","","4","","","","97.91","","","","-20","","NA"
"-80.80","46.63","SUDBURY CLIMATE","6068145","2021-02-09 12:00","2021","02","09","12:00","-15.1","","-17.0","","85","","0.0","","18","","5","","","","97.91","","","","-19","","NA"
"-80.80","46.63","SUDBURY CLIMATE","6068145","2021-02-09 13:00","2021","02","09","13:00","-14.9","","-16.8","","85","","0.0","","20","","7","","","","97.96","","","","-20","","NA"
"-80.80","46.63","SUDBURY CLIMATE","6068145","2021-02-09 14:00","2021","02","09","14:00","-14.7","","-16.6","","86","","0.0","","23","","8","","","","98.00","","","","-20","","NA"
"-80.80","46.63","SUDBURY CLIMATE","6068145","2021-02-09 15:00","2021","02","09","15:00","-14.9","","-18.5","","74","","0.0","","22","","11","","","","97.99","","","","-21","","NA"
"-80.80","46.63","SUDBURY CLIMATE","6068145","2021-02-09 16:00","2021","02","09","16:00","-12.6","","-19.0","","58","","0.0","","24","","14","","","","97.95","","","","-20","","NA"
"-80.80","46.63","SUDBURY CLIMATE","6068145","2021-02-09 17:00","2021","02","09","17:00","-12.2","","-18.6","","59","","0.0","","22","","16","","","","97.92","","","","-20","","NA"
"-80.80","46.63","SUDBURY CLIMATE","6068145","2021-02-09 18:00","2021","02","09","18:00","-11.3","","-17.8","","59","","0.0","","22","","27","","","","97.84","","","","-21","","NA"
"-80.80","46.63","SUDBURY CLIMATE","6068145","2021-02-09 19:00","2021","02","09","19:00","-11.2","","-19.3","","51","","0.0","","23","","21","","","","97.81","","","","-20","","NA"
"-80.80","46.63","SUDBURY CLIMATE","6068145","2021-02-09 20:00","2021","02","09","20:00","-11.1","","-18.9","","52","","0.0","","23","","26","","","","97.80","","","","-20","","NA"
"-80.80","46.63","SUDBURY CLIMATE","6068145","2021-02-09 21:00","2021","02","09","21:00","-11.4","","-20.1","","49","","0.0","","23","","22","","","","97.79","","","","-20","","NA"
"-80.80","46.63","SUDBURY CLIMATE","6068145","2021-02-09 22:00","2021","02","09","22:00","-12.1","","-20.4","","50","","0.0","","23","","21","","","","97.80","","","","-21","","NA"
"-80.80","46.63","SUDBURY CLIMATE","6068145","2021-02-09 23:00","2021","02","09","23:00","-14.2","","-20.5","","59","","0.0","","23","","14","","","","97.84","","","","-22","","NA"
"-80.80","46.63","SUDBURY CLIMATE","6068145","2021-02-10 00:00","2021","02","10","00:00","-16.1","","-21.1","","65","","0.0","","23","","15","","","","97.89","","","","-24","","NA"
"-80.80","46.63","SUDBURY CLIMATE","6068145","2021-02-10 01:00","2021","02","10","01:00","-17.3","","-21.8","","68","","0.0","","23","","11","","","","97.95","","","","-24","","NA"
"-80.80","46.63","SUDBURY CLIMATE","6068145","2021-02-10 02:00","2021","02","10","02:00","-15.9","","-21.4","","63","","0.0","","26","","9","","","","97.98","","","","-22","","NA"
"-80.80","46.63","SUDBURY CLIMATE","6068145","2021-02-10 03:00","2021","02","10","03:00","-18.2","","-22.8","","67","","0.0","","26","","3","","","","98.01","","","","-21","","NA"
"-80.80","46.63","SUDBURY CLIMATE","6068145","2021-02-10 04:00","2021","02","10","04:00","-19.8","","-23.8","","71","","0.0","","23","","8","","","","98.04","","","","-26","","NA"
"-80.80","46.63","SUDBURY CLIMATE","6068145","2021-02-10 05:00","2021","02","10","05:00","-18.7","","-23.7","","64","","0.0","","28","","6","","","","98.03","","","","-24","","NA"
"-80.80","46.63","SUDBURY CLIMATE","6068145","2021-02-10 06:00","2021","02","10","06:00","-21.2","","-24.5","","75","","0.0","","24","","6","","","","98.03","","","","-26","","NA"
"-80.80","46.63","SUDBURY CLIMATE","6068145","2021-02-10 07:00","2021","02","10","07:00","-23.5","","-28.3","","65","","0.0","","24","","5","","","","98.03","","","","-28","","NA"
"-80.80","46.63","SUDBURY CLIMATE","6068145","2021-02-10 08:00","2021","02","10","08:00","-24.5","","-27.7","","75","","0.0","","16","","4","","","","98.03","","","","-28","","NA"
"-80.80","46.63","SUDBURY CLIMATE","6068145","2021-02-10 09:00","2021","02","10","09:00","-22.5","","-24.7","","83","","0.0","","16","","3","","","","98.03","","","","-25","","NA"
"-80.80","46.63","SUDBURY CLIMATE","6068145","2021-02-10 10:00","2021","02","10","10:00","-22.1","","-24.8","","78","","0.0","","26","","6","","","","98.07","","","","-27","","NA"
"-80.80","46.63","SUDBURY CLIMATE","6068145","2021-02-10 11:00","2021","02","10","11:00","-23.5","","-25.5","","84","","0.0","","27","","5","","","","98.10","","","","-28","","NA"
"-80.80","46.63","SUDBURY CLIMATE","6068145","2021-02-10 12:00","2021","02","10","12:00","-22.7","","-25.2","","80","","0.0","","28","","8","","","","98.12","","","","-29","","NA"
"-80.80","46.63","SUDBURY CLIMATE","6068145","2021-02-10 13:00","2021","02","10","13:00","-24.9","","-27.3","","81","","0.0","","28","","5","","","","98.18","","","","-30","","NA"
"-80.80","46.63","SUDBURY CLIMATE","6068145","2021-02-10 14:00","2021","02","10","14:00","-19.1","","-22.7","","73","","0.0","","28","","5","","","","98.19","","","","-23","","NA"
"-80.80","46.63","SUDBURY CLIMATE","6068145","2021-02-10 15:00","2021","02","10","15:00","-17.6","","-23.6","","60","","0.0","","25","","3","","","","98.20","","","","-20","","NA"
"-80.80","46.63","SUDBURY CLIMATE","6068145","2021-02-10 16:00","2021","02","10","16:00","-14.9","","-22.4","","53","","0.0","","22","","2","","","","98.17","","","","-16","","NA"
"-80.80","46.63","SUDBURY CLIMATE","6068145","2021-02-10 17:00","2021","02","10","17:00","-13.6","","-22.9","","45","","0.0","","20","","9","","","","98.17","","","","-19","","NA"
"-80.80","46.63","SUDBURY CLIMATE","6068145","2021-02-10 18:00","2021","02","10","18:00","-12.2","","-23.1","","40","","0.0","","22","","9","","","","98.10","","","","-17","","NA"
"-80.80","46.63","SUDBURY CLIMATE","6068145","2021-02-10 19:00","2021","02","10","19:00","-11.6","","-22.1","","41","","0.0","","21","","9","","","","98.06","","","","-17","","NA"
"-80.80","46.63","SUDBURY CLIMATE","6068145","2021-02-10 20:00","2021","02","10","20:00","-10.9","","-21.9","","40","","0.0","","22","","15","","","","98.09","","","","-18","","NA"
"-80.80","46.63","SUDBURY CLIMATE","6068145","2021-02-10 21:00","2021","02","10","21:00","-11.0","","-19.6","","49","","0.0","","22","","15","","","","98.08","","","","-18","","NA"
"-80.80","46.63","SUDBURY CLIMATE","6068145","2021-02-10 22:00","2021","02","10","22:00","-10.9","","-18.1","","55","","0.0","","22","","13","","","","98.04","","","","-17","","NA"
"-80.80","46.63","SUDBURY CLIMATE","6068145","2021-02-10 23:00","2021","02","10","23:00","-10.9","","-17.6","","58","","0.0","","24","","12","","","","98.07","","","","-17","","NA"
"-80.80","46.63","SUDBURY CLIMATE","6068145","2021-02-11 00:00","2021","02","11","00:00","-11.6","","-17.1","","64","","0.0","","25","","8","","","","98.10","","","","-16","","NA"
"-80.80","46.63","SUDBURY CLIMATE","6068145","2021-02-11 01:00","2021","02","11","01:00","-12.8","","-16.6","","73","","0.0","","25","","5","","","","98.11","","","","-16","","NA"
"-80.80","46.63","SUDBURY CLIMATE","6068145","2021-02-11 02:00","2021","02","11","02:00","-14.5","","-17.5","","78","","0.0","","24","","6","","","","98.12","","","","-19","","NA"
"-80.80","46.63","SUDBURY CLIMATE","6068145","2021-02-11 03:00","2021","02","11","03:00","-15.1","","-18.2","","77","","0.0","","26","","7","","","","98.12","","","","-20","","NA"
"-80.80","46.63","SUDBURY CLIMATE","6068145","2021-02-11 04:00","2021","02","11","04:00","-16.5","","-19.0","","81","","0.0","","35","","7","","","","98.14","","","","-22","","NA"
"-80.80","46.63","SUDBURY CLIMATE","6068145","2021-02-11 05:00","2021","02","11","05:00","-16.7","","-18.5","","86","","0.0","","3","","11","","","","98.20","","","","-24","","NA"
"-80.80","46.63","SUDBURY CLIMATE","6068145","2021-02-11 06:00","2021","02","11","06:00","-17.1","","-18.8","","87","","0.0","","3","","12","","","","98.24","","","","-25","","NA"
"-80.80","46.63","SUDBURY CLIMATE","6068145","2021-02-11 07:00","2021","02","11","07:00","-18.4","","-20.0","","87","","0.0","","4","","12","","","","98.30","","","","-26","","NA"
"-80.80","46.63","SUDBURY CLIMATE","6068145","2021-02-11 08:00","2021","02","11","08:00","-18.0","","-20.1","","84","","0.0","","3","","12","","","","98.36","","","","-26","","NA"
"-80.80","46.63","SUDBURY CLIMATE","6068145","2021-02-11 09:00","2021","02","11","09:00","-17.3","","-19.8","","81","","0.0","","3","","16","","","","98.42","","","","-26","","NA"
"-80.80","46.63","SUDBURY CLIMATE","6068145","2021-02-11 10:00","2021","02","11","10:00","-17.9","","-20.3","","81","","0.0","","4","","22","","","","98.45","","","","-28","","NA"
"-80.80","46.63","SUDBURY CLIMATE","6068145","2021-02-11 11:00","2021","02","11","11:00","-19.2","","-22.2","","77","","0.0","","4","","20","","","","98.52","","","","-29","","NA"
"-80.80","46.63","SUDBURY CLIMATE","6068145","2021-02-11 12:00","2021","02","11","12:00","-20.1","","-23.7","","73","","0.0","","4","","19","","","","98.58","","","","-30","","NA"
"-80.80","46.63","SUDBURY CLIMATE","6068145","2021-02-11 13:00","2021","02","11","13:00","-21.1","","-24.8","","72","","0.0","","4","","17","","","","98.69","","","","-31","","NA"
"-80.80","46.63","SUDBURY CLIMATE","6068145","2021-02-11 14:00","2021","02","11","14:00","-21.4","","-25.3","","70","","0.0","","4","","14","","","","98.73","","","","-30","","NA"
"-80.80","46.63","SUDBURY CLIMATE","6068145","2021-02-11 15:00","2021","02","11","15:00","-21.3","","-26.6","","62","","0.0","","4","","15","","","","98.80","","","","-31","","NA"
"-80.80","46.63","SUDBURY CLIMATE","6068145","2021-02-11 16:00","2021","02","11","16:00","-20.2","","-26.9","","55","","0.0","","3","","15","","","","98.87","","","","-29","","NA"
"-80.80","46.63","SUDBURY CLIMATE","6068145","2021-02-11 17:00","2021","02","11","17:00","-18.9","","-26.3","","52","","0.0","","4","","14","","","","98.89","","","","-27","","NA"
"-80.80","46.63","SUDBURY CLIMATE","6068145","2021-02-11 18:00","2021","02","11","18:00","-17.9","","-25.8","","50","","0.0","","5","","15","","","","98.80","","","","-26","","NA"
"-80.80","46.63","SUDBURY CLIMATE","6068145","2021-02-11 19:00","2021","02","11","19:00","-17.0","","-25.4","","48","","0.0","","5","","16","","","","98.75","","","","-26","","NA"
"-80.80","46.63","SUDBURY CLIMATE","6068145","2021-02-11 20:00","2021","02","11","20:00","-16.0","","-24.7","","47","","0.0","","6","","12","","","","98.78","","","","-23","","NA"
"-80.80","46.63","SUDBURY CLIMATE","6068145","2021-02-11 21:00","2021","02","11","21:00","-16.0","","-24.6","","48","","0.0","","6","","14","","","","98.77","","","","-24","","NA"
"-80.80","46.63","SUDBURY CLIMATE","6068145","2021-02-11 22:00","2021","02","11","22:00","-15.6","","-25.2","","44","","0.0","","3","","8","","","","98.81","","","","-21","","NA"
"-80.80","46.63","SUDBURY CLIMATE","6068145","2021-02-11 23:00","2021","02","11","23:00","-17.2","","-25.2","","50","","0.0","","1","","8","","","","98.79","","","","-23","","NA"
"-80.80","46.63","SUDBURY CLIMATE","6068145","2021-02-12 00:00","2021","02","12","00:00","-19.7","","-26.8","","54","","0.0","","33","","4","","","","98.91","","","","-23","","NA"
"-80.80","46.63","SUDBURY CLIMATE","6068145","2021-02-12 01:00","2021","02","12","01:00","-19.8","","-25.6","","60","","0.0","","4","","9","","","","98.92","","","","-27","","NA"
"-80.80","46.63","SUDBURY CLIMATE","6068145","2021-02-12 02:00","2021","02","12","02:00","-20.1","","-26.0","","59","","0.0","","3","","9","","","","98.91","","","","-27","","NA"
"-80.80","46.63","SUDBURY CLIMATE","6068145","2021-02-12 03:00","2021","02","12","03:00","-21.3","","-26.6","","62","","0.0","","4","","10","","","","98.93","","","","-29","","NA"
"-80.80","46.63","SUDBURY CLIMATE","6068145","2021-02-12 04:00","2021","02","12","04:00","-21.8","","-26.9","","63","","0.0","","3","","11","","","","98.92","","","","-30","","NA"
"-80.80","46.63","SUDBURY CLIMATE","6068145","2021-02-12 05:00","2021","02","12","05:00","-22.3","","-27.4","","63","","0.0","","3","","12","","","","98.93","","","","-31","","NA"
"-80.80","46.63","SUDBURY CLIMATE","6068145","2021-02-12 06:00","2021","02","12","06:00","-23.5","","-27.9","","67","","0.0","","4","","13","","","","98.93","","","","-33","","NA"
"-80.80","46.63","SUDBURY CLIMATE","6068145","2021-02-12 07:00","2021","02","12","07:00","-23.6","","-28.7","","63","","0.0","","3","","7","","","","98.93","","","","-30","","NA"
"-80.80","46.63","SUDBURY CLIMATE","6068145","2021-02-12 08:00","2021","02","12","08:00","-23.8","","-28.7","","64","","0.0","","3","","7","","","","98.93","","","","-30","","NA"
"-80.80","46.63","SUDBURY CLIMATE","6068145","2021-02-12 09:00","2021","02","12","09:00","-24.8","","-29.0","","68","","0.0","","4","","10","","","","98.88","","","","-33","","NA"
"-80.80","46.63","SUDBURY CLIMATE","6068145","2021-02-12 10:00","2021","02","12","10:00","-25.2","","-28.3","","75","","0.0","","4","","10","","","","98.87","","","","-33","","NA"
"-80.80","46.63","SUDBURY CLIMATE","6068145","2021-02-12 11:00","2021","02","12","11:00","-24.3","","-27.7","","73","","0.0","","3","","7","","","","98.88","","","","-31","","NA"
"-80.80","46.63","SUDBURY CLIMATE","6068145","2021-02-12 12:00","2021","02","12","12:00","-24.1","","-27.9","","71","","0.0","","1","","5","","","","98.92","","","","-29","","NA"
"-80.80","46.63","SUDBURY CLIMATE","6068145","2021-02-12 13:00","2021","02","12","13:00","-23.7","","-27.7","","70","","0.0","","2","","5","","","","98.92","","","","-28","","NA"
"-80.80","46.63","SUDBURY CLIMATE","6068145","2021-02-12 14:00","2021","02","12","14:00","-23.1","","-27.2","","69","","0.0","","4","","11","","","","98.93","","","","-31","","NA"
"-80.80","46.63","SUDBURY CLIMATE","6068145","2021-02-12 15:00","2021","02","12","15:00","-22.6","","-26.8","","68","","0.0","","4","","15","","","","98.87","","","","-32","","NA"
"-80.80","46.63","SUDBURY CLIMATE","6068145","2021-02-12 16:00","2021","02","12","16:00","-21.2","","-26.4","","63","","0.0","","4","","12","","","","98.83","","","","-29","","NA"
"-80.80","46.63","SUDBURY CLIMATE","6068145","2021-02-12 17:00","2021","02","12","17:00","-19.8","","-26.2","","57","","0.0","","4","","11","","","","98.79","","","","-27","","NA"
"-80.80","46.63","SUDBURY CLIMATE","6068145","2021-02-12 18:00","2021","02","12","18:00","-18.7","","-26.2","","52","","0.0","","4","","10","","","","98.73","","","","-26","","NA"
"-80.80","46.63","SUDBURY CLIMATE","6068145","2021-02-12 19:00","2021","02","12","19:00","-17.8","","-25.9","","49","","0.0","","2","","9","","","","98.71","","","","-24","","NA"
"-80.80","46.63","SUDBURY CLIMATE","6068145","2021-02-12 20:00","2021","02","12","20:00","-16.8","","-25.6","","47","","0.0","","5","","13","","","","98.66","","","","-25","","NA"
"-80.80","46.63","SUDBURY CLIMATE","6068145","2021-02-12 21:00","2021","02","12","21:00","-16.3","","-25.2","","46","","0.0","","3","","11","","","","98.67","","","","-23","","NA"
"-80.80","46.63","SUDBURY CLIMATE","6068145","2021-02-12 22:00","2021","02","12","22:00","-16.4","","-25.1","","47","","0.0","","5","","10","","","","98.67","","","","-23","","NA"
"-80.80","46.63","SUDBURY CLIMATE","6068145","2021-02-12 23:00","2021","02","12","23:00","-18.6","","-26.7","","49","","0.0","","4","","2","","","","98.69","","","","-20","","NA"
"-80.80","46.63","SUDBURY CLIMATE","6068145","2021-02-13 00:00","2021","02","13","00:00","-19.5","","-25.4","","60","","0.0","","5","","6","","","","98.72","","","","-24","","NA"
"-80.80","46.63","SUDBURY CLIMATE","6068145","2021-02-13 01:00","2021","02","13","01:00","-19.5","","-26.0","","56","","0.0","","4","","7","","","","98.71","","","","-25","","NA"
"-80.80","46.63","SUDBURY CLIMATE","6068145","2021-02-13 02:00","2021","02","13","02:00","-20.8","","-26.3","","62","","0.0","","4","","5","","","","98.77","","","","-25","","NA"
"-80.80","46.63","SUDBURY CLIMATE","6068145","2021-02-13 03:00","2021","02","13","03:00","-21.6","","-26.0","","67","","0.0","","2","","8","","","","98.79","","","","-28","","NA"
"-80.80","46.63","SUDBURY CLIMATE","6068145","2021-02-13 04:00","2021","02","13","04:00","-22.2","","-26.7","","66","","0.0","","4","","5","","","","98.82","","","","-27","","NA"
"-80.80","46.63","SUDBURY CLIMATE","6068145","2021-02-13 05:00","2021","02","13","05:00","-22.3","","-26.6","","68","","0.0","","3","","10","","","","98.86","","","","-30","","NA"
"-80.80","46.63","SUDBURY CLIMATE","6068145","2021-02-13 06:00","2021","02","13","06:00","-23.0","","-27.5","","67","","0.0","","3","","8","","","","98.86","","","","-30","","NA"
"-80.80","46.63","SUDBURY CLIMATE","6068145","2021-02-13 07:00","2021","02","13","07:00","-23.3","","-27.5","","68","","0.0","","3","","11","","","","98.86","","","","-32","","NA"
"-80.80","46.63","SUDBURY CLIMATE","6068145","2021-02-13 08:00","2021","02","13","08:00","-24.8","","-28.4","","72","","0.0","","3","","8","","","","98.86","","","","-32","","NA"
"-80.80","46.63","SUDBURY CLIMATE","6068145","2021-02-13 09:00","2021","02","13","09:00","-25.1","","-28.5","","73","","0.0","","2","","11","","","","98.84","","","","-34","","NA"
"-80.80","46.63","SUDBURY CLIMATE","6068145","2021-02-13 10:00","2021","02","13","10:00","-24.4","","-28.3","","70","","0.0","","3","","12","","","","98.85","","","","-33","","NA"
"-80.80","46.63","SUDBURY CLIMATE","6068145","2021-02-13 11:00","2021","02","13","11:00","-24.9","","-28.6","","71","","0.0","","3","","14","","","","98.86","","","","-35","","NA"
"-80.80","46.63","SUDBURY CLIMATE","6068145","2021-02-13 12:00","2021","02","13","12:00","-25.8","","-28.9","","75","","0.0","","4","","9","","","","98.89","","","","-34","","NA"
"-80.80","46.63","SUDBURY CLIMATE","6068145","2021-02-13 13:00","2021","02","13","13:00","-25.6","","-28.5","","76","","0.0","","4","","12","","","","98.91","","","","-35","","NA"
"-80.80","46.63","SUDBURY CLIMATE","6068145","2021-02-13 14:00","2021","02","13","14:00","-24.6","","-28.0","","74","","0.0","","4","","10","","","","98.93","","","","-33","","NA"
"-80.80","46.63","SUDBURY CLIMATE","6068145","2021-02-13 15:00","2021","02","13","15:00","-23.5","","-27.1","","72","","0.0","","5","","13","","","","98.88","","","","-33","","NA"
"-80.80","46.63","SUDBURY CLIMATE","6068145","2021-02-13 16:00","2021","02","13","16:00","-20.6","","-25.6","","64","","0.0","","4","","10","","","","98.83","","","","-28","","NA"
"-80.80","46.63","SUDBURY CLIMATE","6068145","2021-02-13 17:00","2021","02","13","17:00","-19.0","","-25.2","","58","","0.0","","3","","12","","","","98.78","","","","-27","","NA"
"-80.80","46.63","SUDBURY CLIMATE","6068145","2021-02-13 18:00","2021","02","13","18:00","-17.7","","-24.4","","56","","0.0","","4","","12","","","","98.67","","","","-25","","NA"
"-80.80","46.63","SUDBURY CLIMATE","6068145","2021-02-13 19:00","2021","02","13","19:00","-16.8","","-24.2","","53","","0.0","","4","","12","","","","98.55","","","","-24","","NA"
"-80.80","46.63","SUDBURY CLIMATE","6068145","2021-02-13 20:00","2021","02","13","20:00","-15.8","","-23.5","","52","","0.0","","3","","13","","","","98.44","","","","-23","","NA"
"-80.80","46.63","SUDBURY CLIMATE","6068145","2021-02-13 21:00","2021","02","13","21:00","-15.7","","-23.5","","51","","0.0","","3","","15","","","","98.40","","","","-24","","NA"
"-80.80","46.63","SUDBURY CLIMATE","6068145","2021-02-13 22:00","2021","02","13","22:00","-15.9","","-23.4","","52","","0.0","","3","","15","","","","98.38","","","","-24","","NA"
"-80.80","46.63","SUDBURY CLIMATE","6068145","2021-02-13 23:00","2021","02","13","23:00","-16.1","","-23.0","","55","","0.0","","4","","15","","","","98.34","","","","-24","","NA"
"-80.80","46.63","SUDBURY CLIMATE","6068145","2021-02-14 00:00","2021","02","14","00:00","-16.6","","-20.7","","71","","0.0","","5","","18","","","","98.33","","","","-26","","NA"
"-80.80","46.63","SUDBURY CLIMATE","6068145","2021-02-14 01:00","2021","02","14","01:00","-16.9","","-20.0","","77","","0.1","","4","","17","","","","98.27","","","","-26","","NA"
"-80.80","46.63","SUDBURY CLIMATE","6068145","2021-02-14 02:00","2021","02","14","02:00","-17.2","","-19.8","","81","","0.2","","5","","16","","","","98.23","","","","-26","","NA"
"-80.80","46.63","SUDBURY CLIMATE","6068145","2021-02-14 03:00","2021","02","14","03:00","-17.6","","-19.9","","82","","0.3","","4","","16","","","","98.17","","","","-26","","NA"
"-80.80","46.63","SUDBURY CLIMATE","6068145","2021-02-14 04:00","2021","02","14","04:00","-17.8","","-20.2","","82","","0.2","","4","","15","","","","98.11","","","","-26","","NA"
"-80.80","46.63","SUDBURY CLIMATE","6068145","2021-02-14 05:00","2021","02","14","05:00","-17.9","","-20.3","","82","","0.1","","3","","13","","","","98.07","","","","-26","","NA"
"-80.80","46.63","SUDBURY CLIMATE","6068145","2021-02-14 06:00","2021","02","14","06:00","-18.0","","-20.4","","81","","0.1","","3","","12","","","","98.08","","","","-26","","NA"
"-80.80","46.63","SUDBURY CLIMATE","6068145","2021-02-14 07:00","2021","02","14","07:00","-19.0","","-21.2","","83","","0.1","","3","","10","","","","98.07","","","","-26","","NA"
"-80.80","46.63","SUDBURY CLIMATE","6068145","2021-02-14 08:00","2021","02","14","08:00","-19.8","","-22.0","","82","","0.0","","3","","11","","","","98.04","","","","-27","","NA"
"-80.80","46.63","SUDBURY CLIMATE","6068145","2021-02-14 09:00","2021","02","14","09:00","-20.1","","-22.2","","83","","0.0","","3","","12","","","","98.02","","","","-28","","NA"
"-80.80","46.63","SUDBURY CLIMATE","6068145","2021-02-14 10:00","2021","02","14","10:00","-20.6","","-22.8","","83","","0.0","","2","","11","","","","98.04","","","","-28","","NA"
"-80.80","46.63","SUDBURY CLIMATE","6068145","2021-02-14 11:00","2021","02","14","11:00","-21.9","","-24.1","","82","","0.0","","1","","7","","","","98.09","","","","-28","","NA"
"-80.80","46.63","SUDBURY CLIMATE","6068145","2021-02-14 12:00","2021","02","14","12:00","-21.0","","-23.1","","83","","0.0","","3","","9","","","","98.09","","","","-28","","NA"
"-80.80","46.63","SUDBURY CLIMATE","6068145","2021-02-14 13:00","2021","02","14","13:00","-21.7","","-24.1","","81","","0.0","","3","","9","","","","98.13","","","","-29","","NA"
"-80.80","46.63","SUDBURY CLIMATE","6068145","2021-02-14 14:00","2021","02","14","14:00","-19.6","","-22.3","","79","","0.0","","2","","7","","","","98.17","","","","-25","","NA"
"-80.80","46.63","SUDBURY CLIMATE","6068145","2021-02-14 15:00","2021","02","14","15:00","-18.7","","-22.4","","73","","0.0","","4","","8","","","","98.21","","","","-25","","NA"
"-80.80","46.63","SUDBURY CLIMATE","6068145","2021-02-14 16:00","2021","02","14","16:00","-15.1","","-21.3","","59","","0.0","","","","0","","","","98.25","","","","","","NA"
"-80.80","46.63","SUDBURY CLIMATE","6068145","2021-02-14 17:00","2021","02","14","17:00","-13.8","","-20.4","","57","","0.0","","5","","4","","","","98.22","","","","-17","","NA"
"-80.80","46.63","SUDBURY CLIMATE","6068145","2021-02-14 18:00","2021","02","14","18:00","-11.6","","-20.4","","48","","0.0","","0","","1","","","","98.19","","","","-12","","NA"
"-80.80","46.63","SUDBURY CLIMATE","6068145","2021-02-14 19:00","2021","02","14","19:00","-10.8","","-18.8","","52","","0.0","","23","","2","","","","98.15","","","","-12","","NA"
"-80.80","46.63","SUDBURY CLIMATE","6068145","2021-02-14 20:00","2021","02","14","20:00","-11.1","","-16.4","","65","","0.0","","23","","6","","","","98.15","","","","-15","","NA"
"-80.80","46.63","SUDBURY CLIMATE","6068145","2021-02-14 21:00","2021","02","14","21:00","-11.2","","-14.8","","74","","0.0","","24","","6","","","","98.19","","","","-15","","NA"
"-80.80","46.63","SUDBURY CLIMATE","6068145","2021-02-14 22:00","2021","02","14","22:00","-11.1","","-14.1","","78","","0.0","","26","","3","","","","98.13","","","","-13","","NA"
"-80.80","46.63","SUDBURY CLIMATE","6068145","2021-02-14 23:00","2021","02","14","23:00","-11.8","","-14.1","","83","","0.0","","22","","3","","","","98.19","","","","-14","","NA"
"-80.80","46.63","SUDBURY CLIMATE","6068145","2021-02-15 00:00","2021","02","15","00:00","-12.0","","-14.2","","84","","0.0","","27","","4","","","","98.27","","","","-15","","NA"
"-80.80","46.63","SUDBURY CLIMATE","6068145","2021-02-15 01:00","2021","02","15","01:00","-11.9","","-14.1","","84","","0.0","","25","","4","","","","98.27","","","","-14","","NA"
"-80.80","46.63","SUDBURY CLIMATE","6068145","2021-02-15 02:00","2021","02","15","02:00","-12.1","","-13.8","","87","","0.0","","26","","5","","","","98.25","","","","-15","","NA"
"-80.80","46.63","SUDBURY CLIMATE","6068145","2021-02-15 03:00","2021","02","15","03:00","-12.4","","-13.9","","88","","0.0","","28","","6","","","","98.21","","","","-16","","NA"
"-80.80","46.63","SUDBURY CLIMATE","6068145","2021-02-15 04:00","2021","02","15","04:00","-13.1","","-14.6","","89","","0.0","","29","","7","","","","98.21","","","","-18","","NA"
"-80.80","46.63","SUDBURY CLIMATE","6068145","2021-02-15 05:00","2021","02","15","05:00","-14.0","","-15.4","","89","","0.0","","31","","5","","","","98.17","","","","-17","","NA"
"-80.80","46.63","SUDBURY CLIMATE","6068145","2021-02-15 06:00","2021","02","15","06:00","-14.6","","-16.2","","88","","0.0","","28","","4","","","","98.21","","","","-17","","NA"
"-80.80","46.63","SUDBURY CLIMATE","6068145","2021-02-15 07:00","2021","02","15","07:00","-14.9","","-16.5","","87","","0.0","","29","","5","","","","98.23","","","","-18","","NA"
"-80.80","46.63","SUDBURY CLIMATE","6068145","2021-02-15 08:00","2021","02","15","08:00","-15.3","","-17.1","","86","","0.0","","32","","6","","","","98.23","","","","-20","","NA"
"-80.80","46.63","SUDBURY CLIMATE","6068145","2021-02-15 09:00","2021","02","15","09:00","-15.2","","-17.1","","86","","0.0","","33","","8","","","","98.22","","","","-21","","NA"
"-80.80","46.63","SUDBURY CLIMATE","6068145","2021-02-15 10:00","2021","02","15","10:00","-15.6","","-17.7","","84","","0.0","","34","","8","","","","98.22","","","","-21","","NA"
"-80.80","46.63","SUDBURY CLIMATE","6068145","2021-02-15 11:00","2021","02","15","11:00","-15.8","","-17.9","","83","","0.0","","33","","7","","","","98.29","","","","-21","","NA"
"-80.80","46.63","SUDBURY CLIMATE","6068145","2021-02-15 12:00","2021","02","15","12:00","-16.3","","-18.8","","81","","0.0","","34","","6","","","","98.28","","","","-21","","NA"
"-80.80","46.63","SUDBURY CLIMATE","6068145","2021-02-15 13:00","2021","02","15","13:00","-17.3","","-19.7","","82","","0.0","","33","","6","","","","98.30","","","","-22","","NA"
"-80.80","46.63","SUDBURY CLIMATE","6068145","2021-02-15 14:00","2021","02","15","14:00","-16.6","","-19.9","","75","","0.0","","34","","8","","","","98.31","","","","-22","","NA"
"-80.80","46.63","SUDBURY CLIMATE","6068145","2021-02-15 15:00","2021","02","15","15:00","-14.7","","-22.1","","54","","0.0","","32","","12","","","","98.31","","","","-22","","NA"
"-80.80","46.63","SUDBURY CLIMATE","6068145","2021-02-15 16:00","2021","02","15","16:00","-13.9","","-23.3","","45","","0.0","","34","","13","","","","98.27","","","","-21","","NA"
"-80.80","46.63","SUDBURY CLIMATE","6068145","2021-02-15 17:00","2021","02","15","17:00","-13.0","","-24.3","","38","","0.0","","32","","9","","","","98.26","","","","-18","","NA"
"-80.80","46.63","SUDBURY CLIMATE","6068145","2021-02-15 18:00","2021","02","15","18:00","-12.5","","-24.6","","36","","0.0","","30","","11","","","","98.14","","","","-19","","NA"
"-80.80","46.63","SUDBURY CLIMATE","6068145","2021-02-15 19:00","2021","02","15","19:00","-12.0","","-24.1","","36","","0.0","","29","","11","","","","98.24","","","","-18","","NA"
"-80.80","46.63","SUDBURY CLIMATE","6068145","2021-02-15 20:00","2021","02","15","20:00","-11.6","","-23.5","","37","","0.0","","28","","8","","","","98.19","","","","-16","","NA"
"-80.80","46.63","SUDBURY CLIMATE","6068145","2021-02-15 21:00","2021","02","15","21:00","-12.1","","-23.8","","37","","0.0","","28","","12","","","","98.20","","","","-18","","NA"
"-80.80","46.63","SUDBURY CLIMATE","6068145","2021-02-15 22:00","2021","02","15","22:00","-13.3","","-25.2","","36","","0.0","","34","","13","","","","98.18","","","","-20","","NA"
"-80.80","46.63","SUDBURY CLIMATE","6068145","2021-02-15 23:00","2021","02","15","23:00","-15.2","","-24.2","","46","","0.0","","34","","10","","","","98.18","","","","-21","","NA"
"-80.80","46.63","SUDBURY CLIMATE","6068145","2021-02-16 00:00","2021","02","16","00:00","-16.5","","-24.1","","52","","0.0","","36","","11","","","","98.21","","","","-23","","NA"
"-80.80","46.63","SUDBURY CLIMATE","6068145","2021-02-16 01:00","2021","02","16","01:00","-17.3","","-23.6","","58","","0.0","","1","","17","","","","98.17","","","","-26","","NA"
"-80.80","46.63","SUDBURY CLIMATE","6068145","2021-02-16 02:00","2021","02","16","02:00","-17.7","","-23.7","","60","","0.0","","2","","19","","","","98.08","","","","-27","","NA"
"-80.80","46.63","SUDBURY CLIMATE","6068145","2021-02-16 03:00","2021","02","16","03:00","-17.7","","-23.4","","61","","0.0","","2","","19","","","","98.08","","","","-27","","NA"
"-80.80","46.63","SUDBURY CLIMATE","6068145","2021-02-16 04:00","2021","02","16","04:00","-17.7","","-23.0","","63","","0.0","","3","","20","","","","97.94","","","","-28","","NA"
"-80.80","46.63","SUDBURY CLIMATE","6068145","2021-02-16 05:00","2021","02","16","05:00","-17.5","","-22.1","","67","","0.0","","3","","21","","","","97.76","","","","-28","","NA"
"-80.80","46.63","SUDBURY CLIMATE","6068145","2021-02-16 06:00","2021","02","16","06:00","-17.5","","-21.9","","68","","0.0","","4","","21","","","","97.78","","","","-28","","NA"
"-80.80","46.63","SUDBURY CLIMATE","6068145","2021-02-16 07:00","2021","02","16","07:00","-17.5","","-21.7","","69","","0.0","","4","","23","","","","97.66","","","","-28","","NA"
"-80.80","46.63","SUDBURY CLIMATE","6068145","2021-02-16 08:00","2021","02","16","08:00","-17.6","","-22.0","","68","","0.0","","3","","23","","","","97.41","","","","-28","","NA"
"-80.80","46.63","SUDBURY CLIMATE","6068145","2021-02-16 09:00","2021","02","16","09:00","-17.6","","-21.9","","69","","0.0","","5","","24","","","","97.45","","","","-28","","NA"
"-80.80","46.63","SUDBURY CLIMATE","6068145","2021-02-16 10:00","2021","02","16","10:00","-17.8","","-22.2","","68","","0.0","","3","","20","","","","97.41","","","","-28","","NA"
"-80.80","46.63","SUDBURY CLIMATE","6068145","2021-02-16 11:00","2021","02","16","11:00","-18.2","","-20.9","","80","","0.3","","2","","20","","","","97.38","","","","-28","","NA"
"-80.80","46.63","SUDBURY CLIMATE","6068145","2021-02-16 12:00","2021","02","16","12:00","-18.5","","-21.1","","80","","0.2","","2","","24","","","","97.30","","","","-29","","NA"
"-80.80","46.63","SUDBURY CLIMATE","6068145","2021-02-16 13:00","2021","02","16","13:00","-18.5","","-21.2","","80","","0.4","","2","","20","","","","97.30","","","","-29","","NA"
"-80.80","46.63","SUDBURY CLIMATE","6068145","2021-02-16 14:00","2021","02","16","14:00","-18.6","","-21.6","","77","","0.2","","1","","22","","","","97.18","","","","-29","","NA"
"-80.80","46.63","SUDBURY CLIMATE","6068145","2021-02-16 15:00","2021","02","16","15:00","-18.2","","-21.8","","74","","0.0","","2","","25","","","","97.10","","","","-29","","NA"
"-80.80","46.63","SUDBURY CLIMATE","6068145","2021-02-16 16:00","2021","02","16","16:00","-17.0","","-21.2","","70","","0.0","","2","","22","","","","97.06","","","","-27","","NA"
"-80.80","46.63","SUDBURY CLIMATE","6068145","2021-02-16 17:00","2021","02","16","17:00","-15.8","","-20.9","","65","","0.0","","2","","22","","","","96.99","","","","-26","","NA"
"-80.80","46.63","SUDBURY CLIMATE","6068145","2021-02-16 18:00","2021","02","16","18:00","-14.1","","-21.1","","55","","0.0","","2","","24","","","","96.91","","","","-24","","NA"
"-80.80","46.63","SUDBURY CLIMATE","6068145","2021-02-16 19:00","2021","02","16","19:00","-13.2","","-21.8","","49","","0.0","","2","","17","","","","96.87","","","","-21","","NA"
"-80.80","46.63","SUDBURY CLIMATE","6068145","2021-02-16 20:00","2021","02","16","20:00","-12.6","","-21.4","","48","","0.0","","3","","20","","","","96.93","","","","-21","","NA"
"-80.80","46.63","SUDBURY CLIMATE","6068145","2021-02-16 21:00","2021","02","16","21:00","-12.3","","-21.5","","46","","0.0","","2","","17","","","","96.99","","","","-20","","NA"
"-80.80","46.63","SUDBURY CLIMATE","6068145","2021-02-16 22:00","2021","02","16","22:00","-12.1","","-21.9","","44","","0.0","","34","","12","","","","97.10","","","","-18","","NA"
"-80.80","46.63","SUDBURY CLIMATE","6068145","2021-02-16 23:00","2021","02","16","23:00","-13.3","","-22.0","","48","","0.0","","35","","6","","","","97.18","","","","-17","","NA"
"-80.80","46.63","SUDBURY CLIMATE","6068145","2021-02-17 00:00","2021","02","17","00:00","-14.5","","-21.9","","53","","0.0","","32","","6","","","","97.30","","","","-19","","NA"
"-80.80","46.63","SUDBURY CLIMATE","6068145","2021-02-17 01:00","2021","02","17","01:00","-16.5","","-22.2","","61","","0.0","","29","","6","","","","97.37","","","","-21","","NA"
"-80.80","46.63","SUDBURY CLIMATE","6068145","2021-02-17 02:00","2021","02","17","02:00","-18.1","","-23.1","","64","","0.0","","29","","5","","","","97.40","","","","-22","","NA"
"-80.80","46.63","SUDBURY CLIMATE","6068145","2021-02-17 03:00","2021","02","17","03:00","-18.5","","-22.8","","69","","0.0","","27","","6","","","","97.48","","","","-23","","NA"
"-80.80","46.63","SUDBURY CLIMATE","6068145","2021-02-17 04:00","2021","02","17","04:00","-18.3","","-22.5","","70","","0.0","","29","","7","","","","97.52","","","","-24","","NA"
"-80.80","46.63","SUDBURY CLIMATE","6068145","2021-02-17 05:00","2021","02","17","05:00","-18.7","","-22.5","","72","","0.0","","28","","8","","","","97.57","","","","-25","","NA"
"-80.80","46.63","SUDBURY CLIMATE","6068145","2021-02-17 06:00","2021","02","17","06:00","-19.5","","-23.2","","73","","0.0","","28","","6","","","","97.65","","","","-24","","NA"
"-80.80","46.63","SUDBURY CLIMATE","6068145","2021-02-17 07:00","2021","02","17","07:00","-21.3","","-23.6","","82","","0.0","","29","","5","","","","97.72","","","","-26","","NA"
"-80.80","46.63","SUDBURY CLIMATE","6068145","2021-02-17 08:00","2021","02","17","08:00","-21.4","","-23.2","","85","","0.0","","30","","7","","","","97.77","","","","-27","","NA"
"-80.80","46.63","SUDBURY CLIMATE","6068145","2021-02-17 09:00","2021","02","17","09:00","-22.1","","-24.6","","80","","0.0","","30","","5","","","","97.80","","","","-27","","NA"
"-80.80","46.63","SUDBURY CLIMATE","6068145","2021-02-17 10:00","2021","02","17","10:00","-21.8","","-24.3","","81","","0.0","","29","","8","","","","97.89","","","","-28","","NA"
"-80.80","46.63","SUDBURY CLIMATE","6068145","2021-02-17 11:00","2021","02","17","11:00","-22.5","","-25.0","","80","","0.0","","28","","9","","","","97.98","","","","-30","","NA"
"-80.80","46.63","SUDBURY CLIMATE","6068145","2021-02-17 12:00","2021","02","17","12:00","-23.6","","-26.2","","79","","0.0","","26","","9","","","","98.10","","","","-31","","NA"
"-80.80","46.63","SUDBURY CLIMATE","6068145","2021-02-17 13:00","2021","02","17","13:00","-21.4","","-24.1","","79","","0.0","","27","","4","","","","98.18","","","","-25","","NA"
"-80.80","46.63","SUDBURY CLIMATE","6068145","2021-02-17 14:00","2021","02","17","14:00","-18.5","","-22.0","","74","","0.0","","28","","6","","","","98.25","","","","-23","","NA"
"-80.80","46.63","SUDBURY CLIMATE","6068145","2021-02-17 15:00","2021","02","17","15:00","-18.3","","-22.1","","72","","0.0","","23","","9","","","","98.28","","","","-25","","NA"
"-80.80","46.63","SUDBURY CLIMATE","6068145","2021-02-17 16:00","2021","02","17","16:00","-13.8","","-18.4","","68","","0.0","","23","","12","","","","98.30","","","","-21","","NA"
"-80.80","46.63","SUDBURY CLIMATE","6068145","2021-02-17 17:00","2021","02","17","17:00","-11.4","","-16.4","","67","","0.0","","22","","12","","","","98.31","","","","-18","","NA"
"-80.80","46.63","SUDBURY CLIMATE","6068145","2021-02-17 18:00","2021","02","17","18:00","-9.9","","-15.1","","66","","0.0","","22","","17","","","","98.27","","","","-17","","NA"
"-80.80","46.63","SUDBURY CLIMATE","6068145","2021-02-17 19:00","2021","02","17","19:00","-8.3","","-14.1","","63","","0.0","","21","","18","","","","98.24","","","","-15","","NA"
"-80.80","46.63","SUDBURY CLIMATE","6068145","2021-02-17 20:00","2021","02","17","20:00","-7.0","","-13.4","","60","","0.0","","23","","24","","","","98.24","","","","-15","","NA"
"-80.80","46.63","SUDBURY CLIMATE","6068145","2021-02-17 21:00","2021","02","17","21:00","-6.6","","-14.3","","54","","0.0","","23","","22","","","","98.29","","","","-14","","NA"
"-80.80","46.63","SUDBURY CLIMATE","6068145","2021-02-17 22:00","2021","02","17","22:00","-7.5","","-14.4","","58","","0.0","","22","","19","","","","98.31","","","","-15","","NA"
"-80.80","46.63","SUDBURY CLIMATE","6068145","2021-02-17 23:00","2021","02","17","23:00","-8.6","","-14.9","","61","","0.0","","23","","16","","","","98.32","","","","-15","","NA"
"-80.80","46.63","SUDBURY CLIMATE","6068145","2021-02-18 00:00","2021","02","18","00:00","-12.2","","-16.4","","71","","0.0","","21","","12","","","","98.39","","","","-19","","NA"
"-80.80","46.63","SUDBURY CLIMATE","6068145","2021-02-18 01:00","2021","02","18","01:00","-12.2","","-15.1","","79","","0.0","","21","","12","","","","98.47","","","","-19","","NA"
"-80.80","46.63","SUDBURY CLIMATE","6068145","2021-02-18 02:00","2021","02","18","02:00","-11.2","","-14.5","","77","","0.0","","24","","6","","","","98.52","","","","-15","","NA"
"-80.80","46.63","SUDBURY CLIMATE","6068145","2021-02-18 03:00","2021","02","18","03:00","-12.2","","-14.4","","84","","0.0","","29","","6","","","","98.57","","","","-16","","NA"
"-80.80","46.63","SUDBURY CLIMATE","6068145","2021-02-18 04:00","2021","02","18","04:00","-13.0","","-15.0","","85","","0.0","","31","","6","","","","98.56","","","","-17","","NA"
"-80.80","46.63","SUDBURY CLIMATE","6068145","2021-02-18 05:00","2021","02","18","05:00","-14.4","","-16.2","","86","","0.0","","28","","5","","","","98.61","","","","-18","","NA"
"-80.80","46.63","SUDBURY CLIMATE","6068145","2021-02-18 06:00","2021","02","18","06:00","-14.3","","-16.5","","83","","0.0","","25","","6","","","","98.73","","","","-18","","NA"
"-80.80","46.63","SUDBURY CLIMATE","6068145","2021-02-18 07:00","2021","02","18","07:00","-15.8","","-18.0","","83","","0.0","","29","","6","","","","98.66","","","","-20","","NA"
"-80.80","46.63","SUDBURY CLIMATE","6068145","2021-02-18 08:00","2021","02","18","08:00","-15.5","","-17.8","","82","","0.0","","30","","6","","","","98.73","","","","-20","","NA"
"-80.80","46.63","SUDBURY CLIMATE","6068145","2021-02-18 09:00","2021","02","18","09:00","-16.7","","-18.7","","84","","0.0","","30","","6","","","","98.75","","","","-21","","NA"
"-80.80","46.63","SUDBURY CLIMATE","6068145","2021-02-18 10:00","2021","02","18","10:00","-16.0","","-17.8","","86","","0.0","","34","","7","","","","98.78","","","","-21","","NA"
"-80.80","46.63","SUDBURY CLIMATE","6068145","2021-02-18 11:00","2021","02","18","11:00","-16.6","","-18.7","","84","","0.0","","36","","7","","","","98.81","","","","-22","","NA"
"-80.80","46.63","SUDBURY CLIMATE","6068145","2021-02-18 12:00","2021","02","18","12:00","-17.0","","-19.2","","83","","0.0","","3","","10","","","","98.77","","","","-24","","NA"
"-80.80","46.63","SUDBURY CLIMATE","6068145","2021-02-18 13:00","2021","02","18","13:00","-17.1","","-19.4","","82","","0.0","","3","","11","","","","98.75","","","","-24","","NA"
"-80.80","46.63","SUDBURY CLIMATE","6068145","2021-02-18 14:00","2021","02","18","14:00","-17.6","","-20.2","","80","","0.0","","3","","11","","","","98.69","","","","-25","","NA"
"-80.80","46.63","SUDBURY CLIMATE","6068145","2021-02-18 15:00","2021","02","18","15:00","-15.5","","-19.2","","73","","0.0","","4","","7","","","","98.77","","","","-20","","NA"
"-80.80","46.63","SUDBURY CLIMATE","6068145","2021-02-18 16:00","2021","02","18","16:00","-12.0","","-17.9","","62","","0.0","","4","","10","","","","98.71","","","","-18","","NA"
"-80.80","46.63","SUDBURY CLIMATE","6068145","2021-02-18 17:00","2021","02","18","17:00","-10.2","","-17.7","","54","","0.0","","4","","6","","","","98.70","","","","-14","","NA"
"-80.80","46.63","SUDBURY CLIMATE","6068145","2021-02-18 18:00","2021","02","18","18:00","-7.4","","-17.8","","43","","0.0","","5","","3","","","","98.61","","","","-9","","NA"
"-80.80","46.63","SUDBURY CLIMATE","6068145","2021-02-18 19:00","2021","02","18","19:00","-6.4","","-17.4","","41","","0.0","","3","","6","","","","98.56","","","","-9","","NA"
"-80.80","46.63","SUDBURY CLIMATE","6068145","2021-02-18 20:00","2021","02","18","20:00","-6.2","","-17.0","","42","","0.0","","3","","5","","","","98.51","","","","-9","","NA"
"-80.80","46.63","SUDBURY CLIMATE","6068145","2021-02-18 21:00","2021","02","18","21:00","-5.8","","-17.4","","39","","0.0","","3","","9","","","","98.48","","","","-10","","NA"
"-80.80","46.63","SUDBURY CLIMATE","6068145","2021-02-18 22:00","2021","02","18","22:00","-6.0","","-17.5","","40","","0.0","","3","","8","","","","98.44","","","","-10","","NA"
"-80.80","46.63","SUDBURY CLIMATE","6068145","2021-02-18 23:00","2021","02","18","23:00","-7.6","","-17.7","","44","","0.0","","1","","4","","","","98.43","","","","-10","","NA"
"-80.80","46.63","SUDBURY CLIMATE","6068145","2021-02-19 00:00","2021","02","19","00:00","-10.5","","-17.6","","56","","0.0","","4","","1","","","","98.43","","","","-11","","NA"
"-80.80","46.63","SUDBURY CLIMATE","6068145","2021-02-19 01:00","2021","02","19","01:00","-10.3","","-17.4","","56","","0.0","","5","","6","","","","98.40","","","","-14","","NA"
"-80.80","46.63","SUDBURY CLIMATE","6068145","2021-02-19 02:00","2021","02","19","02:00","-10.0","","-17.6","","54","","0.0","","5","","6","","","","98.35","","","","-14","","NA"
"-80.80","46.63","SUDBURY CLIMATE","6068145","2021-02-19 03:00","2021","02","19","03:00","-11.0","","-17.8","","57","","0.0","","4","","7","","","","98.32","","","","-15","","NA"
"-80.80","46.63","SUDBURY CLIMATE","6068145","2021-02-19 04:00","2021","02","19","04:00","-12.2","","-18.6","","59","","0.0","","4","","9","","","","98.25","","","","-17","","NA"
"-80.80","46.63","SUDBURY CLIMATE","6068145","2021-02-19 05:00","2021","02","19","05:00","-12.3","","-17.7","","64","","0.0","","5","","9","","","","98.25","","","","-18","","NA"
"-80.80","46.63","SUDBURY CLIMATE","6068145","2021-02-19 06:00","2021","02","19","06:00","-12.0","","-17.9","","61","","0.0","","5","","10","","","","98.20","","","","-18","","NA"
"-80.80","46.63","SUDBURY CLIMATE","6068145","2021-02-19 07:00","2021","02","19","07:00","-12.9","","-17.9","","66","","0.0","","4","","10","","","","98.16","","","","-19","","NA"
"-80.80","46.63","SUDBURY CLIMATE","6068145","2021-02-19 08:00","2021","02","19","08:00","-13.0","","-18.1","","66","","0.0","","4","","11","","","","98.11","","","","-19","","NA"
"-80.80","46.63","SUDBURY CLIMATE","6068145","2021-02-19 09:00","2021","02","19","09:00","-14.0","","-18.4","","69","","0.0","","4","","9","","","","98.06","","","","-20","","NA"
"-80.80","46.63","SUDBURY CLIMATE","6068145","2021-02-19 10:00","2021","02","19","10:00","-13.2","","-17.9","","68","","0.0","","4","","9","","","","98.03","","","","-19","","NA"
"-80.80","46.63","SUDBURY CLIMATE","6068145","2021-02-19 11:00","2021","02","19","11:00","-14.2","","-18.4","","70","","0.0","","5","","7","","","","98.03","","","","-19","","NA"
"-80.80","46.63","SUDBURY CLIMATE","6068145","2021-02-19 12:00","2021","02","19","12:00","-14.2","","-18.7","","69","","0.0","","4","","8","","","","97.98","","","","-19","","NA"
"-80.80","46.63","SUDBURY CLIMATE","6068145","2021-02-19 13:00","2021","02","19","13:00","-14.6","","-18.8","","70","","0.0","","4","","8","","","","97.98","","","","-20","","NA"
"-80.80","46.63","SUDBURY CLIMATE","6068145","2021-02-19 14:00","2021","02","19","14:00","-12.8","","-17.9","","66","","0.0","","4","","7","","","","97.98","","","","-17","","NA"
"-80.80","46.63","SUDBURY CLIMATE","6068145","2021-02-19 15:00","2021","02","19","15:00","-11.3","","-17.1","","62","","0.0","","5","","10","","","","97.93","","","","-17","","NA"
"-80.80","46.63","SUDBURY CLIMATE","6068145","2021-02-19 16:00","2021","02","19","16:00","-9.4","","-15.9","","59","","0.0","","7","","6","","","","97.92","","","","-13","","NA"
"-80.80","46.63","SUDBURY CLIMATE","6068145","2021-02-19 17:00","2021","02","19","17:00","-7.5","","-13.6","","61","","0.0","","6","","6","","","","97.88","","","","-11","","NA"
"-80.80","46.63","SUDBURY CLIMATE","6068145","2021-02-19 18:00","2021","02","19","18:00","-6.9","","-12.6","","64","","0.0","","5","","8","","","","97.81","","","","-11","","NA"
"-80.80","46.63","SUDBURY CLIMATE","6068145","2021-02-19 19:00","2021","02","19","19:00","-6.1","","-12.4","","61","","0.0","","7","","5","","","","97.74","","","","-9","","NA"
"-80.80","46.63","SUDBURY CLIMATE","6068145","2021-02-19 20:00","2021","02","19","20:00","-5.0","","-13.6","","51","","0.0","","0","","1","","","","97.69","","","","-5","","NA"
"-80.80","46.63","SUDBURY CLIMATE","6068145","2021-02-19 21:00","2021","02","19","21:00","-5.2","","-13.2","","54","","0.0","","20","","3","","","","97.68","","","","-7","","NA"
"-80.80","46.63","SUDBURY CLIMATE","6068145","2021-02-19 22:00","2021","02","19","22:00","-5.2","","-13.9","","50","","0.0","","","","0","","","","97.68","","","","","","NA"
"-80.80","46.63","SUDBURY CLIMATE","6068145","2021-02-19 23:00","2021","02","19","23:00","-6.9","","-13.9","","58","","0.0","","4","","2","","","","97.68","","","","-8","","NA"
"-80.80","46.63","SUDBURY CLIMATE","6068145","2021-02-20 00:00","2021","02","20","00:00","-8.2","","-13.7","","64","","0.0","","5","","5","","","","97.72","","","","-11","","NA"
"-80.80","46.63","SUDBURY CLIMATE","6068145","2021-02-20 01:00","2021","02","20","01:00","-11.0","","-13.6","","81","","0.0","","0","","1","","","","97.73","","","","-12","","NA"
"-80.80","46.63","SUDBURY CLIMATE","6068145","2021-02-20 02:00","2021","02","20","02:00","-11.3","","-12.4","","91","","0.0","","24","","2","","","","97.72","","","","-13","","NA"
"-80.80","46.63","SUDBURY CLIMATE","6068145","2021-02-20 03:00","2021","02","20","03:00","-11.9","","-13.1","","91","","0.0","","0","","1","","","","97.73","","","","-13","","NA"
"-80.80","46.63","SUDBURY CLIMATE","6068145","2021-02-20 04:00","2021","02","20","04:00","-12.1","","-13.2","","92","","0.0","","36","","5","","","","97.73","","","","-15","","NA"
"-80.80","46.63","SUDBURY CLIMATE","6068145","2021-02-20 05:00","2021","02","20","05:00","-13.2","","-14.3","","92","","0.0","","33","","4","","","","97.72","","","","-16","","NA"
"-80.80","46.63","SUDBURY CLIMATE","6068145","2021-02-20 06:00","2021","02","20","06:00","-13.9","","-15.2","","90","","0.0","","2","","7","","","","97.73","","","","-19","","NA"
"-80.80","46.63","SUDBURY CLIMATE","6068145","2021-02-20 07:00","2021","02","20","07:00","-12.6","","-13.6","","92","","0.0","","3","","7","","","","97.74","","","","-17","","NA"
"-80.80","46.63","SUDBURY CLIMATE","6068145","2021-02-20 08:00","2021","02","20","08:00","-14.0","","-15.6","","88","","0.0","","36","","7","","","","97.74","","","","-19","","NA"
"-80.80","46.63","SUDBURY CLIMATE","6068145","2021-02-20 09:00","2021","02","20","09:00","-13.2","","-14.6","","89","","0.0","","36","","7","","","","97.75","","","","-18","","NA"
"-80.80","46.63","SUDBURY CLIMATE","6068145","2021-02-20 10:00","2021","02","20","10:00","-12.9","","-14.4","","89","","0.0","","36","","8","","","","97.77","","","","-18","","NA"
"-80.80","46.63","SUDBURY CLIMATE","6068145","2021-02-20 11:00","2021","02","20","11:00","-13.1","","-14.6","","89","","0.0","","35","","8","","","","97.80","","","","-18","","NA"
"-80.80","46.63","SUDBURY CLIMATE","6068145","2021-02-20 12:00","2021","02","20","12:00","-14.1","","-15.6","","88","","0.0","","35","","6","","","","97.80","","","","-18","","NA"
"-80.80","46.63","SUDBURY CLIMATE","6068145","2021-02-20 13:00","2021","02","20","13:00","-13.6","","-15.0","","89","","0.0","","36","","6","","","","97.85","","","","-18","","NA"
"-80.80","46.63","SUDBURY CLIMATE","6068145","2021-02-20 14:00","2021","02","20","14:00","-11.3","","-13.0","","87","","0.0","","35","","6","","","","97.91","","","","-15","","NA"
"-80.80","46.63","SUDBURY CLIMATE","6068145","2021-02-20 15:00","2021","02","20","15:00","-9.8","","-12.0","","84","","0.0","","3","","8","","","","97.92","","","","-14","","NA"
"-80.80","46.63","SUDBURY CLIMATE","6068145","2021-02-20 16:00","2021","02","20","16:00","-8.5","","-12.6","","72","","0.0","","5","","10","","","","97.95","","","","-13","","NA"
"-80.80","46.63","SUDBURY CLIMATE","6068145","2021-02-20 17:00","2021","02","20","17:00","-6.4","","-12.6","","61","","0.0","","4","","12","","","","97.99","","","","-12","","NA"
"-80.80","46.63","SUDBURY CLIMATE","6068145","2021-02-20 18:00","2021","02","20","18:00","-5.7","","-12.5","","59","","0.0","","7","","11","","","","97.97","","","","-10","","NA"
"-80.80","46.63","SUDBURY CLIMATE","6068145","2021-02-20 19:00","2021","02","20","19:00","-5.7","","-12.3","","59","","0.0","","6","","10","","","","97.96","","","","-10","","NA"
"-80.80","46.63","SUDBURY CLIMATE","6068145","2021-02-20 20:00","2021","02","20","20:00","-4.9","","-12.5","","55","","0.0","","7","","10","","","","97.96","","","","-9","","NA"
"-80.80","46.63","SUDBURY CLIMATE","6068145","2021-02-20 21:00","2021","02","20","21:00","-3.8","","-12.9","","49","","0.0","","","","0","","","","97.99","","","","","","NA"
"-80.80","46.63","SUDBURY CLIMATE","6068145","2021-02-20 22:00","2021","02","20","22:00","-4.1","","-12.9","","50","","0.0","","28","","6","","","","98.02","","","","-7","","NA"
"-80.80","46.63","SUDBURY CLIMATE","6068145","2021-02-20 23:00","2021","02","20","23:00","-4.9","","-12.4","","56","","0.0","","19","","7","","","","98.06","","","","-8","","NA"
"-80.80","46.63","SUDBURY CLIMATE","6068145","2021-02-21 00:00","2021","02","21","00:00","-6.1","","-11.8","","64","","0.0","","19","","9","","","","98.14","","","","-10","","NA"
"-80.80","46.63","SUDBURY CLIMATE","6068145","2021-02-21 01:00","2021","02","21","01:00","-6.4","","-12.2","","63","","0.0","","22","","5","","","","98.17","","","","-9","","NA"
"-80.80","46.63","SUDBURY CLIMATE","6068145","2021-02-21 02:00","2021","02","21","02:00","-6.9","","-11.3","","71","","0.0","","23","","9","","","","98.20","","","","-11","","NA"
"-80.80","46.63","SUDBURY CLIMATE","6068145","2021-02-21 03:00","2021","02","21","03:00","-8.1","","-11.3","","77","","0.0","","23","","7","","","","98.23","","","","-12","","NA"
"-80.80","46.63","SUDBURY CLIMATE","6068145","2021-02-21 04:00","2021","02","21","04:00","-7.0","","-10.7","","75","","0.0","","22","","10","","","","98.27","","","","-12","","NA"
"-80.80","46.63","SUDBURY CLIMATE","6068145","2021-02-21 05:00","2021","02","21","05:00","-8.5","","-11.7","","78","","0.0","","24","","8","","","","98.32","","","","-13","","NA"
"-80.80","46.63","SUDBURY CLIMATE","6068145","2021-02-21 06:00","2021","02","21","06:00","-10.3","","-12.3","","85","","0.0","","24","","7","","","","98.36","","","","-14","","NA"
"-80.80","46.63","SUDBURY CLIMATE","6068145","2021-02-21 07:00","2021","02","21","07:00","-11.5","","-12.8","","90","","0.0","","24","","8","","","","98.42","","","","-16","","NA"
"-80.80","46.63","SUDBURY CLIMATE","6068145","2021-02-21 08:00","2021","02","21","08:00","-12.2","","-13.3","","91","","0.0","","25","","4","","","","98.42","","","","-15","","NA"
"-80.80","46.63","SUDBURY CLIMATE","6068145","2021-02-21 09:00","2021","02","21","09:00","-11.8","","-12.9","","91","","0.0","","24","","12","","","","98.46","","","","-18","","NA"
"-80.80","46.63","SUDBURY CLIMATE","6068145","2021-02-21 10:00","2021","02","21","10:00","-11.3","","-12.7","","89","","0.0","","24","","6","","","","98.49","","","","-15","","NA"
"-80.80","46.63","SUDBURY CLIMATE","6068145","2021-02-21 11:00","2021","02","21","11:00","-10.6","","-12.0","","89","","0.0","","23","","5","","","","98.51","","","","-14","","NA"
"-80.80","46.63","SUDBURY CLIMATE","6068145","2021-02-21 12:00","2021","02","21","12:00","-10.4","","-12.2","","86","","0.0","","19","","9","","","","98.49","","","","-15","","NA"
"-80.80","46.63","SUDBURY CLIMATE","6068145","2021-02-21 13:00","2021","02","21","13:00","-10.0","","-11.7","","88","","0.0","","19","","9","","","","98.50","","","","-15","","NA"
"-80.80","46.63","SUDBURY CLIMATE","6068145","2021-02-21 14:00","2021","02","21","14:00","-9.1","","-10.9","","87","","0.0","","18","","11","","","","98.50","","","","-15","","NA"
"-80.80","46.63","SUDBURY CLIMATE","6068145","2021-02-21 15:00","2021","02","21","15:00","-7.6","","-10.0","","83","","0.0","","18","","11","","","","98.50","","","","-13","","NA"
"-80.80","46.63","SUDBURY CLIMATE","6068145","2021-02-21 16:00","2021","02","21","16:00","-5.5","","-8.9","","77","","0.0","","20","","22","","","","98.51","","","","-13","","NA"
"-80.80","46.63","SUDBURY CLIMATE","6068145","2021-02-21 17:00","2021","02","21","17:00","-5.0","","-8.2","","79","","0.0","","20","","23","","","","98.49","","","","-12","","NA"
"-80.80","46.63","SUDBURY CLIMATE","6068145","2021-02-21 18:00","2021","02","21","18:00","-4.9","","-8.7","","75","","0.0","","23","","26","","","","98.41","","","","-12","","NA"
"-80.80","46.63","SUDBURY CLIMATE","6068145","2021-02-21 19:00","2021","02","21","19:00","-4.6","","-9.1","","71","","0.0","","22","","25","","","","98.30","","","","-12","","NA"
"-80.80","46.63","SUDBURY CLIMATE","6068145","2021-02-21 20:00","2021","02","21","20:00","-4.6","","-8.5","","74","","0.0","","21","","27","","","","98.31","","","","-12","","NA"
"-80.80","46.63","SUDBURY CLIMATE","6068145","2021-02-21 21:00","2021","02","21","21:00","-4.6","","-8.7","","73","","0.0","","21","","24","","","","98.24","","","","-12","","NA"
"-80.80","46.63","SUDBURY CLIMATE","6068145","2021-02-21 22:00","2021","02","21","22:00","-4.8","","-8.4","","76","","0.0","","20","","27","","","","98.17","","","","-12","","NA"
"-80.80","46.63","SUDBURY CLIMATE","6068145","2021-02-21 23:00","2021","02","21","23:00","-4.9","","-8.3","","77","","0.0","","20","","21","","","","98.11","","","","-12","","NA"
"-80.80","46.63","SUDBURY CLIMATE","6068145","2021-02-22 00:00","2021","02","22","00:00","-5.1","","-7.3","","84","","0.0","","18","","19","","","","98.03","","","","-12","","NA"
"-80.80","46.63","SUDBURY CLIMATE","6068145","2021-02-22 01:00","2021","02","22","01:00","-5.3","","-7.0","","88","","0.0","","19","","21","","","","97.92","","","","-12","","NA"
"-80.80","46.63","SUDBURY CLIMATE","6068145","2021-02-22 02:00","2021","02","22","02:00","-5.7","","-8.2","","82","","0.0","","18","","23","","","","97.83","","","","-13","","NA"
"-80.80","46.63","SUDBURY CLIMATE","6068145","2021-02-22 03:00","2021","02","22","03:00","-6.1","","-9.1","","79","","0.0","","16","","17","","","","97.68","","","","-12","","NA"
"-80.80","46.63","SUDBURY CLIMATE","6068145","2021-02-22 04:00","2021","02","22","04:00","-6.2","","-8.6","","83","","0.0","","17","","19","","","","97.56","","","","-13","","NA"
"-80.80","46.63","SUDBURY CLIMATE","6068145","2021-02-22 05:00","2021","02","22","05:00","-6.4","","-7.7","","90","","0.3","","16","","17","","","","97.43","","","","-13","","NA"
"-80.80","46.63","SUDBURY CLIMATE","6068145","2021-02-22 06:00","2021","02","22","06:00","-6.2","","-7.4","","92","","0.2","","16","","18","","","","97.30","","","","-13","","NA"
"-80.80","46.63","SUDBURY CLIMATE","6068145","2021-02-22 07:00","2021","02","22","07:00","-6.2","","-7.3","","92","","0.3","","16","","22","","","","97.17","","","","-13","","NA"
"-80.80","46.63","SUDBURY CLIMATE","6068145","2021-02-22 08:00","2021","02","22","08:00","-6.6","","-7.8","","91","","0.1","","15","","23","","","","97.00","","","","-14","","NA"
"-80.80","46.63","SUDBURY CLIMATE","6068145","2021-02-22 09:00","2021","02","22","09:00","-6.8","","-7.9","","92","","0.1","","14","","20","","","","96.75","","","","-14","","NA"
"-80.80","46.63","SUDBURY CLIMATE","6068145","2021-02-22 10:00","2021","02","22","10:00","-6.6","","-8.2","","89","","0.0","","13","","19","","","","96.51","","","","-13","","NA"
"-80.80","46.63","SUDBURY CLIMATE","6068145","2021-02-22 11:00","2021","02","22","11:00","-6.5","","-7.8","","90","","0.0","","13","","22","","","","96.34","","","","-14","","NA"
"-80.80","46.63","SUDBURY CLIMATE","6068145","2021-02-22 12:00","2021","02","22","12:00","-6.2","","-7.2","","92","","0.6","","12","","17","","","","96.17","","","","-12","","NA"
"-80.80","46.63","SUDBURY CLIMATE","6068145","2021-02-22 13:00","2021","02","22","13:00","-5.8","","-6.9","","92","","0.7","","13","","15","","","","96.06","","","","-12","","NA"
"-80.80","46.63","SUDBURY CLIMATE","6068145","2021-02-22 14:00","2021","02","22","14:00","-5.2","","-6.4","","91","","0.4","","11","","13","","","","95.98","","","","-10","","NA"
"-80.80","46.63","SUDBURY CLIMATE","6068145","2021-02-22 15:00","2021","02","22","15:00","-4.4","","-5.8","","90","","0.4","","12","","13","","","","95.85","","","","-9","","NA"
"-80.80","46.63","SUDBURY CLIMATE","6068145","2021-02-22 16:00","2021","02","22","16:00","-3.4","","-5.1","","88","","0.2","","14","","14","","","","95.74","","","","-8","","NA"
"-80.80","46.63","SUDBURY CLIMATE","6068145","2021-02-22 17:00","2021","02","22","17:00","-2.8","","-4.4","","89","","0.0","","14","","11","","","","95.68","","","","-7","","NA"
"-80.80","46.63","SUDBURY CLIMATE","6068145","2021-02-22 18:00","2021","02","22","18:00","-2.5","","-3.9","","90","","0.0","","14","","8","","","","95.60","","","","-6","","NA"
"-80.80","46.63","SUDBURY CLIMATE","6068145","2021-02-22 19:00","2021","02","22","19:00","-2.0","","-3.4","","90","","0.0","","16","","6","","","","95.54","","","","-4","","NA"
"-80.80","46.63","SUDBURY CLIMATE","6068145","2021-02-22 20:00","2021","02","22","20:00","-1.6","","-3.3","","88","","0.0","","","","0","","","","95.52","","","","","","NA"
"-80.80","46.63","SUDBURY CLIMATE","6068145","2021-02-22 21:00","2021","02","22","21:00","-1.5","","-3.0","","90","","0.0","","19","","3","","","","95.49","","","","-3","","NA"
"-80.80","46.63","SUDBURY CLIMATE","6068145","2021-02-22 22:00","2021","02","22","22:00","-1.3","","-2.8","","90","","0.0","","26","","11","","","","95.56","","","","-5","","NA"
"-80.80","46.63","SUDBURY CLIMATE","6068145","2021-02-22 23:00","2021","02","22","23:00","-1.6","","-3.0","","90","","0.0","","25","","10","","","","95.56","","","","-5","","NA"
"-80.80","46.63","SUDBURY CLIMATE","6068145","2021-02-23 00:00","2021","02","23","00:00","-1.7","","-3.0","","91","","0.0","","23","","16","","","","95.63","","","","-7","","NA"
"-80.80","46.63","SUDBURY CLIMATE","6068145","2021-02-23 01:00","2021","02","23","01:00","-1.9","","-3.3","","90","","0.0","","23","","25","","","","95.62","","","","-8","","NA"
"-80.80","46.63","SUDBURY CLIMATE","6068145","2021-02-23 02:00","2021","02","23","02:00","-2.4","","-4.4","","86","","0.0","","23","","24","","","","95.59","","","","-9","","NA"
"-80.80","46.63","SUDBURY CLIMATE","6068145","2021-02-23 03:00","2021","02","23","03:00","-2.3","","-4.0","","88","","0.0","","23","","24","","","","95.64","","","","-9","","NA"
"-80.80","46.63","SUDBURY CLIMATE","6068145","2021-02-23 04:00","2021","02","23","04:00","-2.6","","-3.9","","91","","0.0","","21","","23","","","","95.53","","","","-9","","NA"
"-80.80","46.63","SUDBURY CLIMATE","6068145","2021-02-23 05:00","2021","02","23","05:00","-2.5","","-3.4","","93","","0.0","","19","","24","","","","95.41","","","","-9","","NA"
"-80.80","46.63","SUDBURY CLIMATE","6068145","2021-02-23 06:00","2021","02","23","06:00","-1.9","","-2.7","","94","","0.0","","20","","28","","","","95.39","","","","-9","","NA"
"-80.80","46.63","SUDBURY CLIMATE","6068145","2021-02-23 07:00","2021","02","23","07:00","-1.4","","-2.7","","91","","0.0","","22","","27","","","","95.32","","","","-8","","NA"
"-80.80","46.63","SUDBURY CLIMATE","6068145","2021-02-23 08:00","2021","02","23","08:00","-1.5","","-2.8","","91","","0.0","","22","","23","","","","95.24","","","","-8","","NA"
"-80.80","46.63","SUDBURY CLIMATE","6068145","2021-02-23 09:00","2021","02","23","09:00","-1.8","","-2.3","","97","","0.7","","21","","19","","","","95.18","","","","-7","","NA"
"-80.80","46.63","SUDBURY CLIMATE","6068145","2021-02-23 10:00","2021","02","23","10:00","-1.7","","-2.1","","97","","0.7","","20","","22","","","","95.16","","","","-8","","NA"
"-80.80","46.63","SUDBURY CLIMATE","6068145","2021-02-23 11:00","2021","02","23","11:00","-1.6","","-2.0","","97","","1.0","","21","","17","","","","95.12","","","","-7","","NA"
"-80.80","46.63","SUDBURY CLIMATE","6068145","2021-02-23 12:00","2021","02","23","12:00","-1.4","","-1.7","","98","","1.1","","22","","17","","","","95.12","","","","-7","","NA"
"-80.80","46.63","SUDBURY CLIMATE","6068145","2021-02-23 13:00","2021","02","23","13:00","-1.2","","-1.6","","98","","0.4","","23","","15","","","","95.17","","","","-6","","NA"
"-80.80","46.63","SUDBURY CLIMATE","6068145","2021-02-23 14:00","2021","02","23","14:00","-0.8","","-1.4","","96","","0.0","","25","","12","","","","95.22","","","","-5","","NA"
"-80.80","46.63","SUDBURY CLIMATE","6068145","2021-02-23 15:00","2021","02","23","15:00","-0.4","","-1.3","","94","","0.0","","26","","13","","","","95.23","","","","-5","","NA"
"-80.80","46.63","SUDBURY CLIMATE","6068145","2021-02-23 16:00","2021","02","23","16:00","0.4","","-1.3","","88","","0.0","","26","","15","","","","95.29","","","","","","NA"
"-80.80","46.63","SUDBURY CLIMATE","6068145","2021-02-23 17:00","2021","02","23","17:00","1.0","","-1.5","","84","","0.0","","27","","16","","","","95.36","","","","","","NA"
"-80.80","46.63","SUDBURY CLIMATE","6068145","2021-02-23 18:00","2021","02","23","18:00","1.7","","-0.9","","83","","0.0","","27","","15","","","","95.43","","","","","","NA"
"-80.80","46.63","SUDBURY CLIMATE","6068145","2021-02-23 19:00","2021","02","23","19:00","3.1","","-1.3","","73","","0.0","","27","","18","","","","95.46","","","","","","NA"
"-80.80","46.63","SUDBURY CLIMATE","6068145","2021-02-23 20:00","2021","02","23","20:00","4.0","","-2.1","","64","","0.0","","26","","18","","","","95.53","","","","","","NA"
"-80.80","46.63","SUDBURY CLIMATE","6068145","2021-02-23 21:00","2021","02","23","21:00","3.3","","-2.0","","68","","0.0","","26","","22","","","","95.63","","","","","","NA"
"-80.80","46.63","SUDBURY CLIMATE","6068145","2021-02-23 22:00","2021","02","23","22:00","0.8","","-0.8","","89","","0.0","","29","","11","","","","95.79","","","","","","NA"
"-80.80","46.63","SUDBURY CLIMATE","6068145","2021-02-23 23:00","2021","02","23","23:00","1.0","","-1.5","","83","","0.0","","29","","10","","","","95.94","","","","","","NA"
"-80.80","46.63","SUDBURY CLIMATE","6068145","2021-02-24 00:00","2021","02","24","00:00","0.5","","-2.4","","81","","0.0","","30","","9","","","","96.13","","","","","","NA"
"-80.80","46.63","SUDBURY CLIMATE","6068145","2021-02-24 01:00","2021","02","24","01:00","0.6","","-3.0","","77","","0.0","","30","","7","","","","96.28","","","","","","NA"
"-80.80","46.63","SUDBURY CLIMATE","6068145","2021-02-24 02:00","2021","02","24","02:00","0.8","","-4.7","","67","","0.0","","31","","6","","","","96.42","","","","","","NA"
"-80.80","46.63","SUDBURY CLIMATE","6068145","2021-02-24 03:00","2021","02","24","03:00","0.3","","-5.4","","66","","0.0","","32","","11","","","","96.51","","","","","","NA"
"-80.80","46.63","SUDBURY CLIMATE","6068145","2021-02-24 04:00","2021","02","24","04:00","-0.1","","-5.5","","67","","0.0","","28","","6","","","","96.60","","","","-2","","NA"
"-80.80","46.63","SUDBURY CLIMATE","6068145","2021-02-24 05:00","2021","02","24","05:00","-0.3","","-6.7","","62","","0.0","","29","","6","","","","96.67","","","","-2","","NA"
"-80.80","46.63","SUDBURY CLIMATE","6068145","2021-02-24 06:00","2021","02","24","06:00","-0.6","","-6.5","","64","","0.0","","29","","6","","","","96.74","","","","-3","","NA"
"-80.80","46.63","SUDBURY CLIMATE","6068145","2021-02-24 07:00","2021","02","24","07:00","-1.0","","-6.6","","65","","0.0","","32","","5","","","","96.73","","","","-3","","NA"
"-80.80","46.63","SUDBURY CLIMATE","6068145","2021-02-24 08:00","2021","02","24","08:00","-1.4","","-7.6","","63","","0.0","","32","","7","","","","96.74","","","","-4","","NA"
"-80.80","46.63","SUDBURY CLIMATE","6068145","2021-02-24 09:00","2021","02","24","09:00","-1.9","","-8.0","","63","","0.0","","35","","4","","","","96.78","","","","-3","","NA"
"-80.80","46.63","SUDBURY CLIMATE","6068145","2021-02-24 10:00","2021","02","24","10:00","-2.3","","-8.1","","64","","0.0","","2","","5","","","","96.78","","","","-4","","NA"
"-80.80","46.63","SUDBURY CLIMATE","6068145","2021-02-24 11:00","2021","02","24","11:00","-2.5","","-8.1","","65","","0.0","","3","","6","","","","96.77","","","","-5","","NA"
"-80.80","46.63","SUDBURY CLIMATE","6068145","2021-02-24 12:00","2021","02","24","12:00","-3.4","","-7.8","","72","","0.0","","8","","3","","","","96.70","","","","-5","","NA"
"-80.80","46.63","SUDBURY CLIMATE","6068145","2021-02-24 13:00","2021","02","24","13:00","-3.0","","-6.5","","77","","0.0","","8","","9","","","","96.69","","","","-7","","NA"
"-80.80","46.63","SUDBURY CLIMATE","6068145","2021-02-24 14:00","2021","02","24","14:00","-3.4","","-5.4","","86","","0.1","","8","","18","","","","96.64","","","","-9","","NA"
"-80.80","46.63","SUDBURY CLIMATE","6068145","2021-02-24 15:00","2021","02","24","15:00","-3.7","","-4.9","","91","","0.4","","7","","12","","","","96.61","","","","-8","","NA"
"-80.80","46.63","SUDBURY CLIMATE","6068145","2021-02-24 16:00","2021","02","24","16:00","-3.5","","-4.8","","90","","0.4","","5","","18","","","","96.49","","","","-9","","NA"
"-80.80","46.63","SUDBURY CLIMATE","6068145","2021-02-24 17:00","2021","02","24","17:00","-3.1","","-4.3","","91","","0.3","","4","","19","","","","96.36","","","","-9","","NA"
"-80.80","46.63","SUDBURY CLIMATE","6068145","2021-02-24 18:00","2021","02","24","18:00","-2.8","","-4.1","","90","","0.2","","5","","19","","","","96.27","","","","-9","","NA"
"-80.80","46.63","SUDBURY CLIMATE","6068145","2021-02-24 19:00","2021","02","24","19:00","-2.9","","-4.0","","92","","0.3","","3","","17","","","","96.22","","","","-8","","NA"
"-80.80","46.63","SUDBURY CLIMATE","6068145","2021-02-24 20:00","2021","02","24","20:00","-2.9","","-4.1","","91","","0.5","","3","","21","","","","96.23","","","","-9","","NA"
"-80.80","46.63","SUDBURY CLIMATE","6068145","2021-02-24 21:00","2021","02","24","21:00","-3.1","","-4.3","","91","","0.4","","2","","21","","","","96.29","","","","-9","","NA"
"-80.80","46.63","SUDBURY CLIMATE","6068145","2021-02-24 22:00","2021","02","24","22:00","-3.3","","-4.5","","92","","0.3","","1","","19","","","","96.41","","","","-9","","NA"
"-80.80","46.63","SUDBURY CLIMATE","6068145","2021-02-24 23:00","2021","02","24","23:00","-3.2","","-4.8","","89","","0.2","","2","","18","","","","96.51","","","","-9","","NA"
"-80.80","46.63","SUDBURY CLIMATE","6068145","2021-02-25 00:00","2021","02","25","00:00","-3.3","","-4.7","","90","","0.0","","35","","11","","","","96.68","","","","-8","","NA"
"-80.80","46.63","SUDBURY CLIMATE","6068145","2021-02-25 01:00","2021","02","25","01:00","-3.7","","-6.0","","84","","0.0","","35","","12","","","","96.81","","","","-8","","NA"
"-80.80","46.63","SUDBURY CLIMATE","6068145","2021-02-25 02:00","2021","02","25","02:00","-5.0","","-7.0","","86","","0.0","","36","","8","","","","96.89","","","","-9","","NA"
"-80.80","46.63","SUDBURY CLIMATE","6068145","2021-02-25 03:00","2021","02","25","03:00","-5.0","","-6.8","","87","","0.0","","33","","5","","","","97.01","","","","-7","","NA"
"-80.80","46.63","SUDBURY CLIMATE","6068145","2021-02-25 04:00","2021","02","25","04:00","-7.4","","-9.5","","85","","0.0","","34","","20","","","","97.18","","","","-15","","NA"
"-80.80","46.63","SUDBURY CLIMATE","6068145","2021-02-25 05:00","2021","02","25","05:00","-9.7","","-12.7","","79","","0.0","","34","","20","","","","97.33","","","","-17","","NA"
"-80.80","46.63","SUDBURY CLIMATE","6068145","2021-02-25 06:00","2021","02","25","06:00","-11.3","","-14.4","","78","","0.0","","35","","13","","","","97.47","","","","-18","","NA"
"-80.80","46.63","SUDBURY CLIMATE","6068145","2021-02-25 07:00","2021","02","25","07:00","-13.1","","-16.2","","78","","0.0","","35","","11","","","","97.60","","","","-19","","NA"
"-80.80","46.63","SUDBURY CLIMATE","6068145","2021-02-25 08:00","2021","02","25","08:00","-14.2","","-17.4","","77","","0.0","","34","","20","","","","97.67","","","","-23","","NA"
"-80.80","46.63","SUDBURY CLIMATE","6068145","2021-02-25 09:00","2021","02","25","09:00","-15.4","","-18.1","","80","","0.0","","35","","7","","","","97.69","","","","-20","","NA"
"-80.80","46.63","SUDBURY CLIMATE","6068145","2021-02-25 10:00","2021","02","25","10:00","-16.4","","-19.8","","76","","0.0","","35","","7","","","","97.79","","","","-21","","NA"
"-80.80","46.63","SUDBURY CLIMATE","6068145","2021-02-25 11:00","2021","02","25","11:00","-18.4","","-20.6","","83","","0.0","","35","","4","","","","97.85","","","","-22","","NA"
"-80.80","46.63","SUDBURY CLIMATE","6068145","2021-02-25 12:00","2021","02","25","12:00","-19.3","","-21.3","","84","","0.0","","30","","6","","","","97.87","","","","-24","","NA"
"-80.80","46.63","SUDBURY CLIMATE","6068145","2021-02-25 13:00","2021","02","25","13:00","-18.0","","-20.3","","82","","0.0","","29","","5","","","","97.92","","","","-22","","NA"
"-80.80","46.63","SUDBURY CLIMATE","6068145","2021-02-25 14:00","2021","02","25","14:00","-16.2","","-20.4","","70","","0.0","","30","","4","","","","98.01","","","","-19","","NA"
"-80.80","46.63","SUDBURY CLIMATE","6068145","2021-02-25 15:00","2021","02","25","15:00","-14.2","","-21.5","","54","","0.0","","27","","7","","","","98.03","","","","-19","","NA"
"-80.80","46.63","SUDBURY CLIMATE","6068145","2021-02-25 16:00","2021","02","25","16:00","-12.5","","-21.1","","49","","0.0","","26","","9","","","","98.04","","","","-18","","NA"
"-80.80","46.63","SUDBURY CLIMATE","6068145","2021-02-25 17:00","2021","02","25","17:00","-11.6","","-20.0","","50","","0.0","","23","","8","","","","98.04","","","","-16","","NA"
"-80.80","46.63","SUDBURY CLIMATE","6068145","2021-02-25 18:00","2021","02","25","18:00","-10.6","","-19.2","","49","","0.0","","24","","12","","","","98.01","","","","-17","","NA"
"-80.80","46.63","SUDBURY CLIMATE","6068145","2021-02-25 19:00","2021","02","25","19:00","-9.8","","-18.5","","49","","0.0","","22","","10","","","","97.94","","","","-15","","NA"
"-80.80","46.63","SUDBURY CLIMATE","6068145","2021-02-25 20:00","2021","02","25","20:00","-10.0","","-17.4","","55","","0.0","","21","","14","","","","97.90","","","","-16","","NA"
"-80.80","46.63","SUDBURY CLIMATE","6068145","2021-02-25 21:00","2021","02","25","21:00","-9.5","","-15.7","","61","","0.0","","21","","17","","","","97.90","","","","-17","","NA"
"-80.80","46.63","SUDBURY CLIMATE","6068145","2021-02-25 22:00","2021","02","25","22:00","-9.2","","-13.4","","72","","0.0","","22","","17","","","","97.91","","","","-16","","NA"
"-80.80","46.63","SUDBURY CLIMATE","6068145","2021-02-25 23:00","2021","02","25","23:00","-9.3","","-12.4","","79","","0.0","","21","","14","","","","97.91","","","","-16","","NA"
"-80.80","46.63","SUDBURY CLIMATE","6068145","2021-02-26 00:00","2021","02","26","00:00","-9.5","","-11.8","","83","","0.0","","20","","11","","","","97.92","","","","-15","","NA"
"-80.80","46.63","SUDBURY CLIMATE","6068145","2021-02-26 01:00","2021","02","26","01:00","-9.7","","-11.4","","87","","0.0","","20","","10","","","","97.93","","","","-15","","NA"
"-80.80","46.63","SUDBURY CLIMATE","6068145","2021-02-26 02:00","2021","02","26","02:00","-11.3","","-12.8","","89","","0.0","","20","","12","","","","97.94","","","","-17","","NA"
"-80.80","46.63","SUDBURY CLIMATE","6068145","2021-02-26 03:00","2021","02","26","03:00","-13.9","","-15.3","","89","","0.0","","21","","13","","","","97.96","","","","-21","","NA"
"-80.80","46.63","SUDBURY CLIMATE","6068145","2021-02-26 04:00","2021","02","26","04:00","-12.1","","-13.1","","92","","0.0","","23","","10","","","","98.00","","","","-18","","NA"
"-80.80","46.63","SUDBURY CLIMATE","6068145","2021-02-26 05:00","2021","02","26","05:00","-13.4","","-14.4","","92","","0.0","","23","","9","","","","98.02","","","","-19","","NA"
"-80.80","46.63","SUDBURY CLIMATE","6068145","2021-02-26 06:00","2021","02","26","06:00","-13.1","","-14.2","","92","","0.0","","24","","5","","","","98.05","","","","-16","","NA"
"-80.80","46.63","SUDBURY CLIMATE","6068145","2021-02-26 07:00","2021","02","26","07:00","-12.7","","-13.9","","91","","0.0","","25","","7","","","","98.10","","","","-17","","NA"
"-80.80","46.63","SUDBURY CLIMATE","6068145","2021-02-26 08:00","2021","02","26","08:00","-13.2","","-14.6","","89","","0.0","","23","","8","","","","98.09","","","","-18","","NA"
"-80.80","46.63","SUDBURY CLIMATE","6068145","2021-02-26 09:00","2021","02","26","09:00","-12.2","","-13.5","","90","","0.0","","21","","8","","","","98.06","","","","-17","","NA"
"-80.80","46.63","SUDBURY CLIMATE","6068145","2021-02-26 10:00","2021","02","26","10:00","-11.4","","-12.7","","90","","0.0","","21","","10","","","","98.12","","","","-17","","NA"
"-80.80","46.63","SUDBURY CLIMATE","6068145","2021-02-26 11:00","2021","02","26","11:00","-10.4","","-11.6","","91","","0.0","","19","","10","","","","98.14","","","","-16","","NA"
"-80.80","46.63","SUDBURY CLIMATE","6068145","2021-02-26 12:00","2021","02","26","12:00","-11.6","","-13.0","","90","","0.0","","19","","11","","","","98.06","","","","-18","","NA"
"-80.80","46.63","SUDBURY CLIMATE","6068145","2021-02-26 13:00","2021","02","26","13:00","-10.3","","-11.5","","91","","0.0","","18","","18","","","","98.07","","","","-18","","NA"
"-80.80","46.63","SUDBURY CLIMATE","6068145","2021-02-26 14:00","2021","02","26","14:00","-8.9","","-10.1","","91","","0.0","","18","","15","","","","98.03","","","","-15","","NA"
"-80.80","46.63","SUDBURY CLIMATE","6068145","2021-02-26 15:00","2021","02","26","15:00","-6.6","","-7.7","","92","","0.0","","18","","14","","","","97.96","","","","-12","","NA"
"-80.80","46.63","SUDBURY CLIMATE","6068145","2021-02-26 16:00","2021","02","26","16:00","-3.7","","-4.5","","94","","0.0","","20","","20","","","","97.91","","","","-10","","NA"
"-80.80","46.63","SUDBURY CLIMATE","6068145","2021-02-26 17:00","2021","02","26","17:00","-2.2","","-2.9","","94","","0.0","","20","","31","","","","97.99","","","","-9","","NA"
"-80.80","46.63","SUDBURY CLIMATE","6068145","2021-02-26 18:00","2021","02","26","18:00","0.1","","-3.1","","79","","0.2","","22","","35","","","","97.97","","","","","","NA"
"-80.80","46.63","SUDBURY CLIMATE","6068145","2021-02-26 19:00","2021","02","26","19:00","0.8","","-4.7","","67","","0.0","","22","","42","","","","97.99","","","","","","NA"
"-80.80","46.63","SUDBURY CLIMATE","6068145","2021-02-26 20:00","2021","02","26","20:00","0.4","","-4.4","","70","","0.0","","21","","37","","","","97.93","","","","","","NA"
"-80.80","46.63","SUDBURY CLIMATE","6068145","2021-02-26 21:00","2021","02","26","21:00","0.4","","-4.5","","70","","0.0","","21","","32","","","","97.81","","","","","","NA"
"-80.80","46.63","SUDBURY CLIMATE","6068145","2021-02-26 22:00","2021","02","26","22:00","-0.3","","-4.9","","72","","0.0","","20","","33","","","","97.71","","","","-7","","NA"
"-80.80","46.63","SUDBURY CLIMATE","6068145","2021-02-26 23:00","2021","02","26","23:00","-1.5","","-6.0","","71","","0.0","","20","","29","","","","97.65","","","","-8","","NA"
"-80.80","46.63","SUDBURY CLIMATE","6068145","2021-02-27 00:00","2021","02","27","00:00","-2.1","","-6.2","","73","","0.0","","20","","32","","","","97.70","","","","-9","","NA"
"-80.80","46.63","SUDBURY CLIMATE","6068145","2021-02-27 01:00","2021","02","27","01:00","-2.9","","-6.7","","76","","0.0","","20","","25","","","","97.69","","","","-10","","NA"
"-80.80","46.63","SUDBURY CLIMATE","6068145","2021-02-27 02:00","2021","02","27","02:00","-3.3","","-6.3","","79","","0.0","","19","","23","","","","97.63","","","","-10","","NA"
"-80.80","46.63","SUDBURY CLIMATE","6068145","2021-02-27 03:00","2021","02","27","03:00","-3.6","","-7.0","","78","","0.0","","18","","22","","","","97.55","","","","-10","","NA"
"-80.80","46.63","SUDBURY CLIMATE","6068145","2021-02-27 04:00","2021","02","27","04:00","-3.3","","-7.1","","75","","0.0","","18","","24","","","","97.47","","","","-10","","NA"
"-80.80","46.63","SUDBURY CLIMATE","6068145","2021-02-27 05:00","2021","02","27","05:00","-3.4","","-6.2","","81","","0.0","","18","","22","","","","97.39","","","","-10","","NA"
"-80.80","46.63","SUDBURY CLIMATE","6068145","2021-02-27 06:00","2021","02","27","06:00","-4.7","","-7.6","","80","","0.0","","16","","20","","","","97.32","","","","-11","","NA"
"-80.80","46.63","SUDBURY CLIMATE","6068145","2021-02-27 07:00","2021","02","27","07:00","-5.4","","-8.0","","82","","0.0","","16","","19","","","","97.24","","","","-12","","NA"
"-80.80","46.63","SUDBURY CLIMATE","6068145","2021-02-27 08:00","2021","02","27","08:00","-7.2","","-8.9","","88","","0.0","","13","","4","","","","97.13","","","","-9","","NA"
"-80.80","46.63","SUDBURY CLIMATE","6068145","2021-02-27 09:00","2021","02","27","09:00","-6.9","","-9.3","","83","","0.0","","14","","11","","","","97.00","","","","-12","","NA"
"-80.80","46.63","SUDBURY CLIMATE","6068145","2021-02-27 10:00","2021","02","27","10:00","-6.0","","-8.9","","80","","0.0","","15","","18","","","","96.85","","","","-12","","NA"
"-80.80","46.63","SUDBURY CLIMATE","6068145","2021-02-27 11:00","2021","02","27","11:00","-5.7","","-8.3","","82","","0.0","","16","","18","","","","96.82","","","","-12","","NA"
"-80.80","46.63","SUDBURY CLIMATE","6068145","2021-02-27 12:00","2021","02","27","12:00","-5.6","","-8.4","","81","","0.0","","10","","3","","","","96.82","","","","-7","","NA"
"-80.80","46.63","SUDBURY CLIMATE","6068145","2021-02-27 13:00","2021","02","27","13:00","-6.1","","-8.2","","85","","0.0","","7","","6","","","","96.80","","","","-9","","NA"
"-80.80","46.63","SUDBURY CLIMATE","6068145","2021-02-27 14:00","2021","02","27","14:00","-5.6","","-8.2","","82","","0.0","","5","","6","","","","96.80","","","","-8","","NA"
"-80.80","46.63","SUDBURY CLIMATE","6068145","2021-02-27 15:00","2021","02","27","15:00","-4.9","","-7.1","","85","","0.0","","8","","4","","","","96.78","","","","-7","","NA"
"-80.80","46.63","SUDBURY CLIMATE","6068145","2021-02-27 16:00","2021","02","27","16:00","-3.7","","-6.1","","84","","0.3","","12","","1","","","","96.77","","","","-4","","NA"
"-80.80","46.63","SUDBURY CLIMATE","6068145","2021-02-27 17:00","2021","02","27","17:00","-2.5","","-4.7","","85","","0.0","","23","","11","","","","96.83","","","","-7","","NA"
"-80.80","46.63","SUDBURY CLIMATE","6068145","2021-02-27 18:00","2021","02","27","18:00","-0.5","","-3.8","","78","","0.0","","25","","11","","","","96.88","","","","-4","","NA"
"-80.80","46.63","SUDBURY CLIMATE","6068145","2021-02-27 19:00","2021","02","27","19:00","0.8","","-2.9","","77","","0.0","","24","","16","","","","96.94","","","","","","NA"
"-80.80","46.63","SUDBURY CLIMATE","6068145","2021-02-27 20:00","2021","02","27","20:00","1.5","","-2.9","","73","","0.0","","27","","11","","","","97.07","","","","","","NA"
"-80.80","46.63","SUDBURY CLIMATE","6068145","2021-02-27 21:00","2021","02","27","21:00","1.9","","-2.8","","71","","0.0","","26","","12","","","","97.16","","","","","","NA"
"-80.80","46.63","SUDBURY CLIMATE","6068145","2021-02-27 22:00","2021","02","27","22:00","1.9","","-2.8","","70","","0.0","","26","","12","","","","97.31","","","","","","NA"
"-80.80","46.63","SUDBURY CLIMATE","6068145","2021-02-27 23:00","2021","02","27","23:00","0.5","","-3.4","","75","","0.0","","23","","17","","","","97.41","","","","","","NA"
"-80.80","46.63","SUDBURY CLIMATE","6068145","2021-02-28 00:00","2021","02","28","00:00","-1.5","","-4.1","","83","","0.0","","22","","13","","","","97.50","","","","-6","","NA"
"-80.80","46.63","SUDBURY CLIMATE","6068145","2021-02-28 01:00","2021","02","28","01:00","-1.1","","-3.1","","87","","0.0","","22","","7","","","","97.62","","","","-4","","NA"
"-80.80","46.63","SUDBURY CLIMATE","6068145","2021-02-28 02:00","2021","02","28","02:00","-0.5","","-2.3","","88","","0.0","","21","","13","","","","97.71","","","","-5","","NA"
"-80.80","46.63","SUDBURY CLIMATE","6068145","2021-02-28 03:00","2021","02","28","03:00","-0.6","","-2.9","","85","","0.0","","23","","6","","","","97.74","","","","-3","","NA"
"-80.80","46.63","SUDBURY CLIMATE","6068145","2021-02-28 04:00","2021","02","28","04:00","-3.0","","-4.2","","91","","0.0","","21","","16","","","","97.76","","","","-8","","NA"
"-80.80","46.63","SUDBURY CLIMATE","6068145","2021-02-28 05:00","2021","02","28","05:00","-3.5","","-4.0","","96","","0.0","","19","","11","","","","97.77","","","","-8","","NA"
"-80.80","46.63","SUDBURY CLIMATE","6068145","2021-02-28 06:00","2021","02","28","06:00","-2.1","","-2.3","","98","","0.0","","19","","12","","","","97.80","","","","-6","","NA"
"-80.80","46.63","SUDBURY CLIMATE","6068145","2021-02-28 07:00","2021","02","28","07:00","-1.5","","-1.7","","99","","0.0","","20","","11","","","","97.85","","","","-5","","NA"
"-80.80","46.63","SUDBURY CLIMATE","6068145","2021-02-28 08:00","2021","02","28","08:00","-0.9","","-1.1","","99","","0.0","","18","","10","","","","97.82","","","","-4","","NA"
"-80.80","46.63","SUDBURY CLIMATE","6068145","2021-02-28 09:00","2021","02","28","09:00","-0.7","","-0.8","","99","","0.0","","18","","13","","","","97.78","","","","-5","","NA"
"-80.80","46.63","SUDBURY CLIMATE","6068145","2021-02-28 10:00","2021","02","28","10:00","-0.6","","-0.7","","99","","0.0","","17","","16","","","","97.75","","","","-5","","NA"
"-80.80","46.63","SUDBURY CLIMATE","6068145","2021-02-28 11:00","2021","02","28","11:00","-0.5","","-0.6","","99","","0.0","","17","","11","","","","97.74","","","","-4","","NA"
"-80.80","46.63","SUDBURY CLIMATE","6068145","2021-02-28 12:00","2021","02","28","12:00","-0.5","","-0.6","","99","","0.0","","15","","13","","","","97.69","","","","-5","","NA"
"-80.80","46.63","SUDBURY CLIMATE","6068145","2021-02-28 13:00","2021","02","28","13:00","-0.3","","-0.4","","99","","0.0","","16","","13","","","","97.63","","","","-4","","NA"
"-80.80","46.63","SUDBURY CLIMATE","6068145","2021-02-28 14:00","2021","02","28","14:00","-0.1","","-0.2","","99","","0.1","","16","","16","","","","97.55","","","","-5","","NA"
"-80.80","46.63","SUDBURY CLIMATE","6068145","2021-02-28 15:00","2021","02","28","15:00","0.0","","-0.1","","99","","0.0","","16","","14","","","","97.45","","","","-4","","NA"
"-80.80","46.63","SUDBURY CLIMATE","6068145","2021-02-28 16:00","2021","02","28","16:00","0.0","","-0.1","","99","","0.0","","16","","20","","","","97.40","","","","-5","","NA"
"-80.80","46.63","SUDBURY CLIMATE","6068145","2021-02-28 17:00","2021","02","28","17:00","1.3","","-0.8","","86","","0.0","","14","","15","","","","97.23","","","","","","NA"
"-80.80","46.63","SUDBURY CLIMATE","6068145","2021-02-28 18:00","2021","02","28","18:00","3.7","","-1.6","","68","","0.0","","14","","18","","","","96.95","","","","","","NA"
"-80.80","46.63","SUDBURY CLIMATE","6068145","2021-02-28 19:00","2021","02","28","19:00","4.9","","-2.5","","59","","0.0","","15","","21","","","","96.69","","","","","","NA"
"-80.80","46.63","SUDBURY CLIMATE","6068145","2021-02-28 20:00","2021","02","28","20:00","5.5","","-2.7","","55","","0.0","","13","","25","","","","96.48","","","","","","NA"
"-80.80","46.63","SUDBURY CLIMATE","6068145","2021-02-28 21:00","2021","02","28","21:00","6.6","","-4.0","","47","","0.0","","14","","21","","","","96.29","","","","","","NA"
"-80.80","46.63","SUDBURY CLIMATE","6068145","2021-02-28 22:00","2021","02","28","22:00","5.7","","-4.2","","49","","0.0","","15","","25","","","","96.01","","","","","","NA"
"-80.80","46.63","SUDBURY CLIMATE","6068145","2021-02-28 23:00","2021","02","28","23:00","2.0","","0.0","","87","","1.4","","17","","25","","","","95.83","","","","","","NA"
