"Longitude (x)","Latitude (y)","Station Name","Climate ID","Date/Time (UTC)","Year","Month","Day","Time (UTC)","Temp (°C)","Temp Flag","Dew Point Temp (°C)","Dew Point Temp Flag","Rel Hum (%)","Rel Hum Flag","Precip. Amount (mm)","Precip. Amount Flag","Wind Dir (10s deg)","Wind Dir Flag","Wind Spd (km/h)","Wind Spd Flag","Visibility (km)","Visibility Flag","Stn Press (kPa)","Stn Press Flag","Hmdx","Hmdx Flag","Wind Chill","Wind Chill Flag","Weather"
"-80.80","46.63","SUDBURY CLIMATE","6068145","2021-12-01 00:00","2021","12","01","00:00","-0.7","","-0.9","","99","","0.1","","28","","7","","","","96.34","","","","-3","","NA"
"-80.80","46.63","SUDBURY CLIMATE","6068145","2021-12-01 01:00","2021","12","01","01:00","-1.2","","-1.4","","99","","0.0","","29","","9","","","","96.46","","","","-4","","NA"
"-80.80","46.63","SUDBURY CLIMATE","6068145","2021-12-01 02:00","2021","12","01","02:00","-1.1","","-3.5","","83","","0.0","","33","","15","","","","96.55","","","","-6","","NA"
"-80.80","46.63","SUDBURY CLIMATE","6068145","2021-12-01 03:00","2021","12","01","03:00","-2.5","","-6.1","","76","","0.0","","34","","16","","","","96.70","","","","-8","","NA"
"-80.80","46.63","SUDBURY CLIMATE","6068145","2021-12-01 04:00","2021","12","01","04:00","-3.0","","-6.5","","77","","0.0","","32","","16","","","","96.81","","","","-8","","NA"
"-80.80","46.63","SUDBURY CLIMATE","6068145","2021-12-01 05:00","2021","12","01","05:00","-4.9","","-12.3","","56","","0.0","","33","","21","","","","96.93","","","","-12","","NA"
"-80.80","46.63","SUDBURY CLIMATE","6068145","2021-12-01 06:00","2021","12","01","06:00","-6.3","","-11.5","","67","","0.0","","33","","12","","","","97.02","","","","-11","","NA"
"-80.80","46.63","SUDBURY CLIMATE","6068145","2021-12-01 07:00","2021","12","01","07:00","-7.1","","-11.5","","71","","0.0","","31","","7","","","","97.13","","","","-11","","NA"
"-80.80","46.63","SUDBURY CLIMATE","6068145","2021-12-01 08:00","2021","12","01","08:00","-7.6","","-11.3","","74","","0.0","","26","","6","","","","97.21","","","","-11","","NA"
"-80.80","46.63","SUDBURY CLIMATE","6068145","2021-12-01 09:00","2021","12","01","09:00","-8.9","","-11.5","","81","","0.0","","23","","6","","","","97.26","","","","-12","","NA"
"-80.80","46.63","SUDBURY CLIMATE","6068145","2021-12-01 10:00","2021","12","01","10:00","-9.7","","-11.9","","84","","0.0","","23","","5","","","","97.28","","","","-13","","NA"
"-80.80","46.63","SUDBURY CLIMATE","6068145","2021-12-01 11:00","2021","12","01","11:00","-10.3","","-12.0","","87","","0.0","","23","","6","","","","97.33","","","","-14","","NA"
"-80.80","46.63","SUDBURY CLIMATE","6068145","2021-12-01 12:00","2021","12","01","12:00","-11.1","","-12.5","","89","","0.0","","22","","8","","","","97.35","","","","-16","","NA"
"-80.80","46.63","SUDBURY CLIMATE","6068145","2021-12-01 13:00","2021","12","01","13:00","-9.6","","-10.7","","91","","0.0","","25","","9","","","","97.40","","","","-14","","NA"
"-80.80","46.63","SUDBURY CLIMATE","6068145","2021-12-01 14:00","2021","12","01","14:00","-9.2","","-11.0","","87","","0.0","","27","","2","","","","97.43","","","","-10","","NA"
"-80.80","46.63","SUDBURY CLIMATE","6068145","2021-12-01 15:00","2021","12","01","15:00","-7.1","","-10.5","","77","","0.0","","29","","4","","","","97.47","","","","-9","","NA"
"-80.80","46.63","SUDBURY CLIMATE","6068145","2021-12-01 16:00","2021","12","01","16:00","-6.4","","-10.4","","73","","0.0","","18","","3","","","","97.41","","","","-8","","NA"
"-80.80","46.63","SUDBURY CLIMATE","6068145","2021-12-01 17:00","2021","12","01","17:00","-5.5","","-9.2","","76","","0.0","","17","","8","","","","97.31","","","","-9","","NA"
"-80.80","46.63","SUDBURY CLIMATE","6068145","2021-12-01 18:00","2021","12","01","18:00","-5.0","","-8.9","","74","","0.0","","19","","11","","","","97.27","","","","-10","","NA"
"-80.80","46.63","SUDBURY CLIMATE","6068145","2021-12-01 19:00","2021","12","01","19:00","-4.6","","-8.4","","75","","0.0","","15","","13","","","","97.17","","","","-10","","NA"
"-80.80","46.63","SUDBURY CLIMATE","6068145","2021-12-01 20:00","2021","12","01","20:00","-4.4","","-6.9","","82","","0.0","","15","","18","","","","97.03","","","","-10","","NA"
"-80.80","46.63","SUDBURY CLIMATE","6068145","2021-12-01 21:00","2021","12","01","21:00","-4.3","","-6.1","","87","","0.0","","14","","18","","","","96.95","","","","-10","","NA"
"-80.80","46.63","SUDBURY CLIMATE","6068145","2021-12-01 22:00","2021","12","01","22:00","-4.0","","-4.9","","93","","0.0","","15","","16","","","","96.85","","","","-10","","NA"
"-80.80","46.63","SUDBURY CLIMATE","6068145","2021-12-01 23:00","2021","12","01","23:00","-3.2","","-3.6","","97","","0.1","","16","","18","","","","96.74","","","","-9","","NA"
"-80.80","46.63","SUDBURY CLIMATE","6068145","2021-12-02 00:00","2021","12","02","00:00","-2.3","","-2.6","","98","","0.2","","16","","19","","","","96.58","","","","-8","","NA"
"-80.80","46.63","SUDBURY CLIMATE","6068145","2021-12-02 01:00","2021","12","02","01:00","-1.3","","-1.5","","99","","0.6","","17","","22","","","","96.39","","","","-7","","NA"
"-80.80","46.63","SUDBURY CLIMATE","6068145","2021-12-02 02:00","2021","12","02","02:00","0.2","","-0.3","","96","","0.4","","18","","35","","","","96.26","","","","","","NA"
"-80.80","46.63","SUDBURY CLIMATE","6068145","2021-12-02 03:00","2021","12","02","03:00","0.1","","-0.2","","98","","0.2","","18","","30","","","","96.10","","","","","","NA"
"-80.80","46.63","SUDBURY CLIMATE","6068145","2021-12-02 04:00","2021","12","02","04:00","0.3","","0.1","","99","","0.4","","18","","29","","","","95.93","","","","","","NA"
"-80.80","46.63","SUDBURY CLIMATE","6068145","2021-12-02 05:00","2021","12","02","05:00","0.4","","0.3","","99","","0.1","","17","","25","","","","95.73","","","","","","NA"
"-80.80","46.63","SUDBURY CLIMATE","6068145","2021-12-02 06:00","2021","12","02","06:00","1.7","","1.7","","99","","0.8","","18","","33","","","","95.55","","","","","","NA"
"-80.80","46.63","SUDBURY CLIMATE","6068145","2021-12-02 07:00","2021","12","02","07:00","2.2","","2.1","","100","","0.7","","18","","37","","","","95.30","","","","","","NA"
"-80.80","46.63","SUDBURY CLIMATE","6068145","2021-12-02 08:00","2021","12","02","08:00","2.7","","2.6","","100","","2.1","","19","","35","","","","95.21","","","","","","NA"
"-80.80","46.63","SUDBURY CLIMATE","6068145","2021-12-02 09:00","2021","12","02","09:00","2.9","","2.7","","99","","1.6","","21","","31","","","","95.03","","","","","","NA"
"-80.80","46.63","SUDBURY CLIMATE","6068145","2021-12-02 10:00","2021","12","02","10:00","3.1","","2.9","","98","","0.6","","21","","32","","","","94.88","","","","","","NA"
"-80.80","46.63","SUDBURY CLIMATE","6068145","2021-12-02 11:00","2021","12","02","11:00","3.4","","3.2","","98","","0.3","","23","","28","","","","94.84","","","","","","NA"
"-80.80","46.63","SUDBURY CLIMATE","6068145","2021-12-02 12:00","2021","12","02","12:00","3.1","","3.0","","99","","0.0","","23","","15","","","","94.85","","","","","","NA"
"-80.80","46.63","SUDBURY CLIMATE","6068145","2021-12-02 13:00","2021","12","02","13:00","3.0","","2.9","","99","","0.1","","23","","18","","","","94.81","","","","","","NA"
"-80.80","46.63","SUDBURY CLIMATE","6068145","2021-12-02 14:00","2021","12","02","14:00","2.9","","2.6","","98","","0.0","","23","","20","","","","94.81","","","","","","NA"
"-80.80","46.63","SUDBURY CLIMATE","6068145","2021-12-02 15:00","2021","12","02","15:00","3.0","","1.6","","90","","0.2","","27","","15","","","","94.87","","","","","","NA"
"-80.80","46.63","SUDBURY CLIMATE","6068145","2021-12-02 16:00","2021","12","02","16:00","2.8","","1.1","","89","","0.0","","26","","17","","","","94.94","","","","","","NA"
"-80.80","46.63","SUDBURY CLIMATE","6068145","2021-12-02 17:00","2021","12","02","17:00","1.6","","0.1","","90","","0.1","","30","","19","","","","95.06","","","","","","NA"
"-80.80","46.63","SUDBURY CLIMATE","6068145","2021-12-02 18:00","2021","12","02","18:00","0.4","","-3.0","","78","","0.0","","32","","25","","","","95.23","","","","","","NA"
"-80.80","46.63","SUDBURY CLIMATE","6068145","2021-12-02 19:00","2021","12","02","19:00","-1.5","","-4.7","","79","","0.0","","32","","27","","","","95.45","","","","-8","","NA"
"-80.80","46.63","SUDBURY CLIMATE","6068145","2021-12-02 20:00","2021","12","02","20:00","-2.1","","-5.9","","75","","0.0","","32","","23","","","","95.66","","","","-8","","NA"
"-80.80","46.63","SUDBURY CLIMATE","6068145","2021-12-02 21:00","2021","12","02","21:00","-3.2","","-7.7","","71","","0.0","","33","","23","","","","95.96","","","","-10","","NA"
"-80.80","46.63","SUDBURY CLIMATE","6068145","2021-12-02 22:00","2021","12","02","22:00","-4.0","","-8.2","","72","","0.0","","34","","21","","","","96.19","","","","-10","","NA"
"-80.80","46.63","SUDBURY CLIMATE","6068145","2021-12-02 23:00","2021","12","02","23:00","-4.3","","-8.1","","75","","0.0","","33","","22","","","","96.40","","","","-11","","NA"
"-80.80","46.63","SUDBURY CLIMATE","6068145","2021-12-03 00:00","2021","12","03","00:00","-4.9","","-8.3","","77","","0.0","","33","","15","","","","96.56","","","","-10","","NA"
"-80.80","46.63","SUDBURY CLIMATE","6068145","2021-12-03 01:00","2021","12","03","01:00","-5.2","","-8.7","","76","","0.0","","33","","19","","","","96.69","","","","-12","","NA"
"-80.80","46.63","SUDBURY CLIMATE","6068145","2021-12-03 02:00","2021","12","03","02:00","-5.7","","-9.3","","76","","0.0","","34","","17","","","","96.80","","","","-12","","NA"
"-80.80","46.63","SUDBURY CLIMATE","6068145","2021-12-03 03:00","2021","12","03","03:00","-5.9","","-9.6","","75","","0.0","","32","","14","","","","96.92","","","","-11","","NA"
"-80.80","46.63","SUDBURY CLIMATE","6068145","2021-12-03 04:00","2021","12","03","04:00","-6.7","","-11.8","","68","","0.0","","33","","21","","","","97.02","","","","-14","","NA"
"-80.80","46.63","SUDBURY CLIMATE","6068145","2021-12-03 05:00","2021","12","03","05:00","-7.9","","-11.7","","74","","0.0","","33","","11","","","","97.11","","","","-13","","NA"
"-80.80","46.63","SUDBURY CLIMATE","6068145","2021-12-03 06:00","2021","12","03","06:00","-9.0","","-12.0","","79","","0.0","","34","","10","","","","97.10","","","","-14","","NA"
"-80.80","46.63","SUDBURY CLIMATE","6068145","2021-12-03 07:00","2021","12","03","07:00","-10.4","","-12.9","","82","","0.0","","33","","9","","","","97.21","","","","-15","","NA"
"-80.80","46.63","SUDBURY CLIMATE","6068145","2021-12-03 08:00","2021","12","03","08:00","-11.8","","-15.4","","75","","0.0","","31","","9","","","","97.36","","","","-17","","NA"
"-80.80","46.63","SUDBURY CLIMATE","6068145","2021-12-03 09:00","2021","12","03","09:00","-13.0","","-18.0","","66","","0.0","","34","","18","","","","97.38","","","","-21","","NA"
"-80.80","46.63","SUDBURY CLIMATE","6068145","2021-12-03 10:00","2021","12","03","10:00","-14.1","","-17.8","","74","","0.0","","35","","7","","","","97.40","","","","-19","","NA"
"-80.80","46.63","SUDBURY CLIMATE","6068145","2021-12-03 11:00","2021","12","03","11:00","-15.1","","-17.8","","80","","0.0","","31","","6","","","","97.49","","","","-19","","NA"
"-80.80","46.63","SUDBURY CLIMATE","6068145","2021-12-03 12:00","2021","12","03","12:00","-15.6","","-17.9","","82","","0.0","","30","","5","","","","97.55","","","","-19","","NA"
"-80.80","46.63","SUDBURY CLIMATE","6068145","2021-12-03 13:00","2021","12","03","13:00","-16.2","","-18.2","","85","","0.0","","29","","5","","","","97.59","","","","-20","","NA"
"-80.80","46.63","SUDBURY CLIMATE","6068145","2021-12-03 14:00","2021","12","03","14:00","-14.5","","-17.7","","77","","0.0","","31","","7","","","","97.63","","","","-19","","NA"
"-80.80","46.63","SUDBURY CLIMATE","6068145","2021-12-03 15:00","2021","12","03","15:00","-12.8","","-18.0","","65","","0.0","","30","","8","","","","97.65","","","","-18","","NA"
"-80.80","46.63","SUDBURY CLIMATE","6068145","2021-12-03 16:00","2021","12","03","16:00","-11.3","","-18.6","","55","","0.0","","30","","8","","","","97.62","","","","-16","","NA"
"-80.80","46.63","SUDBURY CLIMATE","6068145","2021-12-03 17:00","2021","12","03","17:00","-9.5","","-18.5","","48","","0.0","","30","","9","","","","97.57","","","","-14","","NA"
"-80.80","46.63","SUDBURY CLIMATE","6068145","2021-12-03 18:00","2021","12","03","18:00","-9.1","","-18.8","","45","","0.0","","26","","9","","","","97.52","","","","-14","","NA"
"-80.80","46.63","SUDBURY CLIMATE","6068145","2021-12-03 19:00","2021","12","03","19:00","-8.1","","-18.5","","43","","0.0","","26","","9","","","","97.43","","","","-13","","NA"
"-80.80","46.63","SUDBURY CLIMATE","6068145","2021-12-03 20:00","2021","12","03","20:00","-7.8","","-17.5","","46","","0.0","","26","","9","","","","97.44","","","","-12","","NA"
"-80.80","46.63","SUDBURY CLIMATE","6068145","2021-12-03 21:00","2021","12","03","21:00","-8.2","","-17.7","","46","","0.0","","25","","7","","","","97.47","","","","-12","","NA"
"-80.80","46.63","SUDBURY CLIMATE","6068145","2021-12-03 22:00","2021","12","03","22:00","-8.7","","-16.6","","52","","0.0","","24","","7","","","","97.45","","","","-13","","NA"
"-80.80","46.63","SUDBURY CLIMATE","6068145","2021-12-03 23:00","2021","12","03","23:00","-8.7","","-16.4","","54","","0.0","","27","","5","","","","97.49","","","","-11","","NA"
"-80.80","46.63","SUDBURY CLIMATE","6068145","2021-12-04 00:00","2021","12","04","00:00","-9.2","","-16.0","","58","","0.0","","26","","5","","","","97.48","","","","-12","","NA"
"-80.80","46.63","SUDBURY CLIMATE","6068145","2021-12-04 01:00","2021","12","04","01:00","-9.5","","-14.3","","68","","0.0","","23","","3","","","","97.44","","","","-11","","NA"
"-80.80","46.63","SUDBURY CLIMATE","6068145","2021-12-04 02:00","2021","12","04","02:00","-8.8","","-14.4","","63","","0.0","","23","","5","","","","97.43","","","","-12","","NA"
"-80.80","46.63","SUDBURY CLIMATE","6068145","2021-12-04 03:00","2021","12","04","03:00","-8.1","","-14.6","","60","","0.0","","23","","8","","","","97.37","","","","-12","","NA"
"-80.80","46.63","SUDBURY CLIMATE","6068145","2021-12-04 04:00","2021","12","04","04:00","-8.0","","-12.6","","69","","0.0","","17","","7","","","","97.30","","","","-12","","NA"
"-80.80","46.63","SUDBURY CLIMATE","6068145","2021-12-04 05:00","2021","12","04","05:00","-8.1","","-12.3","","72","","0.0","","15","","9","","","","97.30","","","","-13","","NA"
"-80.80","46.63","SUDBURY CLIMATE","6068145","2021-12-04 06:00","2021","12","04","06:00","-8.5","","-11.8","","77","","0.1","","14","","11","","","","97.20","","","","-14","","NA"
"-80.80","46.63","SUDBURY CLIMATE","6068145","2021-12-04 07:00","2021","12","04","07:00","-8.9","","-10.4","","89","","0.5","","13","","14","","","","97.07","","","","-15","","NA"
"-80.80","46.63","SUDBURY CLIMATE","6068145","2021-12-04 08:00","2021","12","04","08:00","-9.0","","-10.4","","90","","0.4","","13","","18","","","","96.96","","","","-16","","NA"
"-80.80","46.63","SUDBURY CLIMATE","6068145","2021-12-04 09:00","2021","12","04","09:00","-8.5","","-9.9","","90","","0.3","","14","","13","","","","96.87","","","","-14","","NA"
"-80.80","46.63","SUDBURY CLIMATE","6068145","2021-12-04 10:00","2021","12","04","10:00","-8.1","","-9.3","","91","","0.4","","16","","10","","","","96.82","","","","-13","","NA"
"-80.80","46.63","SUDBURY CLIMATE","6068145","2021-12-04 11:00","2021","12","04","11:00","-7.8","","-8.8","","93","","0.0","","17","","10","","","","96.80","","","","-13","","NA"
"-80.80","46.63","SUDBURY CLIMATE","6068145","2021-12-04 12:00","2021","12","04","12:00","-7.4","","-8.3","","93","","0.0","","25","","6","","","","96.84","","","","-11","","NA"
"-80.80","46.63","SUDBURY CLIMATE","6068145","2021-12-04 13:00","2021","12","04","13:00","-8.3","","-9.0","","95","","0.0","","24","","10","","","","96.81","","","","-13","","NA"
"-80.80","46.63","SUDBURY CLIMATE","6068145","2021-12-04 14:00","2021","12","04","14:00","-9.3","","-10.2","","93","","0.0","","25","","4","","","","96.85","","","","-12","","NA"
"-80.80","46.63","SUDBURY CLIMATE","6068145","2021-12-04 15:00","2021","12","04","15:00","-6.8","","-7.8","","92","","0.0","","26","","7","","","","96.89","","","","-10","","NA"
"-80.80","46.63","SUDBURY CLIMATE","6068145","2021-12-04 16:00","2021","12","04","16:00","-4.4","","-6.2","","88","","0.0","","27","","11","","","","96.95","","","","-9","","NA"
"-80.80","46.63","SUDBURY CLIMATE","6068145","2021-12-04 17:00","2021","12","04","17:00","-2.8","","-5.2","","84","","0.0","","28","","10","","","","96.95","","","","-7","","NA"
"-80.80","46.63","SUDBURY CLIMATE","6068145","2021-12-04 18:00","2021","12","04","18:00","-2.4","","-6.1","","75","","0.0","","30","","16","","","","96.97","","","","-8","","NA"
"-80.80","46.63","SUDBURY CLIMATE","6068145","2021-12-04 19:00","2021","12","04","19:00","-1.7","","-9.0","","57","","0.0","","30","","15","","","","97.04","","","","-7","","NA"
"-80.80","46.63","SUDBURY CLIMATE","6068145","2021-12-04 20:00","2021","12","04","20:00","-1.8","","-10.1","","53","","0.0","","30","","15","","","","97.11","","","","-7","","NA"
"-80.80","46.63","SUDBURY CLIMATE","6068145","2021-12-04 21:00","2021","12","04","21:00","-2.5","","-9.1","","60","","0.0","","31","","12","","","","97.24","","","","-7","","NA"
"-80.80","46.63","SUDBURY CLIMATE","6068145","2021-12-04 22:00","2021","12","04","22:00","-3.4","","-9.3","","64","","0.0","","31","","12","","","","97.37","","","","-8","","NA"
"-80.80","46.63","SUDBURY CLIMATE","6068145","2021-12-04 23:00","2021","12","04","23:00","-4.7","","-8.5","","75","","0.0","","34","","10","","","","97.48","","","","-9","","NA"
"-80.80","46.63","SUDBURY CLIMATE","6068145","2021-12-05 00:00","2021","12","05","00:00","-5.8","","-9.7","","74","","0.0","","32","","8","","","","97.55","","","","-10","","NA"
"-80.80","46.63","SUDBURY CLIMATE","6068145","2021-12-05 01:00","2021","12","05","01:00","-7.9","","-10.5","","81","","0.0","","29","","4","","","","97.61","","","","-10","","NA"
"-80.80","46.63","SUDBURY CLIMATE","6068145","2021-12-05 02:00","2021","12","05","02:00","-8.0","","-11.3","","77","","0.0","","32","","7","","","","97.65","","","","-12","","NA"
"-80.80","46.63","SUDBURY CLIMATE","6068145","2021-12-05 03:00","2021","12","05","03:00","-8.7","","-12.4","","75","","0.0","","32","","8","","","","97.69","","","","-13","","NA"
"-80.80","46.63","SUDBURY CLIMATE","6068145","2021-12-05 04:00","2021","12","05","04:00","-11.4","","-13.4","","85","","0.0","","30","","5","","","","97.78","","","","-15","","NA"
"-80.80","46.63","SUDBURY CLIMATE","6068145","2021-12-05 05:00","2021","12","05","05:00","-9.8","","-12.5","","81","","0.0","","31","","5","","","","97.88","","","","-13","","NA"
"-80.80","46.63","SUDBURY CLIMATE","6068145","2021-12-05 06:00","2021","12","05","06:00","-11.3","","-12.9","","88","","0.0","","26","","6","","","","97.92","","","","-15","","NA"
"-80.80","46.63","SUDBURY CLIMATE","6068145","2021-12-05 07:00","2021","12","05","07:00","-9.8","","-12.2","","83","","0.0","","31","","6","","","","97.98","","","","-13","","NA"
"-80.80","46.63","SUDBURY CLIMATE","6068145","2021-12-05 08:00","2021","12","05","08:00","-9.3","","-12.0","","81","","0.0","","31","","5","","","","98.04","","","","-12","","NA"
"-80.80","46.63","SUDBURY CLIMATE","6068145","2021-12-05 09:00","2021","12","05","09:00","-9.7","","-11.9","","84","","0.0","","28","","4","","","","98.09","","","","-12","","NA"
"-80.80","46.63","SUDBURY CLIMATE","6068145","2021-12-05 10:00","2021","12","05","10:00","-10.2","","-12.1","","86","","0.0","","29","","3","","","","98.13","","","","-12","","NA"
"-80.80","46.63","SUDBURY CLIMATE","6068145","2021-12-05 11:00","2021","12","05","11:00","-11.8","","-13.0","","91","","0.0","","27","","3","","","","98.17","","","","-14","","NA"
"-80.80","46.63","SUDBURY CLIMATE","6068145","2021-12-05 12:00","2021","12","05","12:00","-12.7","","-13.9","","91","","0.0","","36","","6","","","","98.22","","","","-17","","NA"
"-80.80","46.63","SUDBURY CLIMATE","6068145","2021-12-05 13:00","2021","12","05","13:00","-13.5","","-14.9","","90","","0.0","","18","","4","","","","98.25","","","","-16","","NA"
"-80.80","46.63","SUDBURY CLIMATE","6068145","2021-12-05 14:00","2021","12","05","14:00","-11.2","","-12.7","","88","","0.0","","16","","7","","","","98.26","","","","-15","","NA"
"-80.80","46.63","SUDBURY CLIMATE","6068145","2021-12-05 15:00","2021","12","05","15:00","-9.5","","-11.5","","86","","0.0","","13","","6","","","","98.31","","","","-13","","NA"
"-80.80","46.63","SUDBURY CLIMATE","6068145","2021-12-05 16:00","2021","12","05","16:00","-8.3","","-11.3","","79","","0.0","","14","","7","","","","98.34","","","","-12","","NA"
"-80.80","46.63","SUDBURY CLIMATE","6068145","2021-12-05 17:00","2021","12","05","17:00","-7.7","","-12.3","","69","","0.0","","14","","8","","","","98.22","","","","-12","","NA"
"-80.80","46.63","SUDBURY CLIMATE","6068145","2021-12-05 18:00","2021","12","05","18:00","-7.3","","-11.9","","70","","0.0","","11","","9","","","","98.18","","","","-12","","NA"
"-80.80","46.63","SUDBURY CLIMATE","6068145","2021-12-05 19:00","2021","12","05","19:00","-7.1","","-11.6","","70","","0.0","","13","","10","","","","98.10","","","","-12","","NA"
"-80.80","46.63","SUDBURY CLIMATE","6068145","2021-12-05 20:00","2021","12","05","20:00","-6.9","","-11.2","","71","","0.0","","10","","12","","","","97.99","","","","-12","","NA"
"-80.80","46.63","SUDBURY CLIMATE","6068145","2021-12-05 21:00","2021","12","05","21:00","-7.1","","-11.6","","71","","0.0","","9","","15","","","","97.90","","","","-13","","NA"
"-80.80","46.63","SUDBURY CLIMATE","6068145","2021-12-05 22:00","2021","12","05","22:00","-7.3","","-11.1","","74","","0.0","","8","","18","","","","97.74","","","","-14","","NA"
"-80.80","46.63","SUDBURY CLIMATE","6068145","2021-12-05 23:00","2021","12","05","23:00","-7.6","","-10.7","","78","","0.0","","9","","19","","","","97.63","","","","-15","","NA"
"-80.80","46.63","SUDBURY CLIMATE","6068145","2021-12-06 00:00","2021","12","06","00:00","-7.9","","-9.6","","88","","0.3","","8","","19","","","","97.46","","","","-15","","NA"
"-80.80","46.63","SUDBURY CLIMATE","6068145","2021-12-06 01:00","2021","12","06","01:00","-7.5","","-8.8","","90","","0.8","","8","","20","","","","97.30","","","","-15","","NA"
"-80.80","46.63","SUDBURY CLIMATE","6068145","2021-12-06 02:00","2021","12","06","02:00","-6.7","","-8.0","","91","","0.7","","8","","22","","","","97.16","","","","-14","","NA"
"-80.80","46.63","SUDBURY CLIMATE","6068145","2021-12-06 03:00","2021","12","06","03:00","-6.5","","-7.8","","91","","0.6","","7","","26","","","","96.88","","","","-14","","NA"
"-80.80","46.63","SUDBURY CLIMATE","6068145","2021-12-06 04:00","2021","12","06","04:00","-5.7","","-7.2","","90","","0.5","","8","","30","","","","96.66","","","","-14","","NA"
"-80.80","46.63","SUDBURY CLIMATE","6068145","2021-12-06 05:00","2021","12","06","05:00","-6.0","","-7.3","","91","","0.5","","9","","28","","","","96.43","","","","-14","","NA"
"-80.80","46.63","SUDBURY CLIMATE","6068145","2021-12-06 06:00","2021","12","06","06:00","-5.9","","-7.1","","91","","0.7","","8","","22","","","","96.28","","","","-13","","NA"
"-80.80","46.63","SUDBURY CLIMATE","6068145","2021-12-06 07:00","2021","12","06","07:00","-6.0","","-7.1","","92","","0.7","","7","","21","","","","96.13","","","","-13","","NA"
"-80.80","46.63","SUDBURY CLIMATE","6068145","2021-12-06 08:00","2021","12","06","08:00","-6.0","","-7.1","","92","","1.0","","7","","19","","","","95.92","","","","-13","","NA"
"-80.80","46.63","SUDBURY CLIMATE","6068145","2021-12-06 09:00","2021","12","06","09:00","-6.0","","-7.1","","92","","0.2","","6","","17","","","","95.78","","","","-12","","NA"
"-80.80","46.63","SUDBURY CLIMATE","6068145","2021-12-06 10:00","2021","12","06","10:00","-5.9","","-6.7","","93","","0.1","","7","","18","","","","95.60","","","","-12","","NA"
"-80.80","46.63","SUDBURY CLIMATE","6068145","2021-12-06 11:00","2021","12","06","11:00","-5.7","","-6.3","","95","","0.1","","7","","15","","","","95.47","","","","-11","","NA"
"-80.80","46.63","SUDBURY CLIMATE","6068145","2021-12-06 12:00","2021","12","06","12:00","-5.4","","-6.0","","96","","0.0","","8","","8","","","","95.41","","","","-9","","NA"
"-80.80","46.63","SUDBURY CLIMATE","6068145","2021-12-06 13:00","2021","12","06","13:00","-5.2","","-5.7","","96","","0.0","","8","","7","","","","95.32","","","","-8","","NA"
"-80.80","46.63","SUDBURY CLIMATE","6068145","2021-12-06 14:00","2021","12","06","14:00","-5.0","","-5.5","","96","","0.1","","12","","5","","","","95.20","","","","-7","","NA"
"-80.80","46.63","SUDBURY CLIMATE","6068145","2021-12-06 15:00","2021","12","06","15:00","-4.5","","-4.9","","97","","0.0","","19","","9","","","","95.18","","","","-8","","NA"
"-80.80","46.63","SUDBURY CLIMATE","6068145","2021-12-06 16:00","2021","12","06","16:00","-3.2","","-3.6","","97","","0.0","","21","","17","","","","95.16","","","","-9","","NA"
"-80.80","46.63","SUDBURY CLIMATE","6068145","2021-12-06 17:00","2021","12","06","17:00","-1.7","","-2.0","","97","","0.0","","23","","20","","","","95.11","","","","-7","","NA"
"-80.80","46.63","SUDBURY CLIMATE","6068145","2021-12-06 18:00","2021","12","06","18:00","-1.6","","-2.2","","96","","0.1","","23","","19","","","","95.10","","","","-7","","NA"
"-80.80","46.63","SUDBURY CLIMATE","6068145","2021-12-06 19:00","2021","12","06","19:00","-1.0","","-1.9","","93","","0.2","","23","","19","","","","95.05","","","","-6","","NA"
"-80.80","46.63","SUDBURY CLIMATE","6068145","2021-12-06 20:00","2021","12","06","20:00","-0.8","","-2.6","","87","","0.1","","24","","23","","","","95.02","","","","-7","","NA"
"-80.80","46.63","SUDBURY CLIMATE","6068145","2021-12-06 21:00","2021","12","06","21:00","-0.6","","-2.6","","86","","0.0","","24","","22","","","","95.09","","","","-6","","NA"
"-80.80","46.63","SUDBURY CLIMATE","6068145","2021-12-06 22:00","2021","12","06","22:00","-5.1","","-8.0","","80","","0.5","","31","","25","","","","95.42","","","","-12","","NA"
"-80.80","46.63","SUDBURY CLIMATE","6068145","2021-12-06 23:00","2021","12","06","23:00","-7.5","","-11.8","","71","","0.0","","32","","24","","","","95.70","","","","-15","","NA"
"-80.80","46.63","SUDBURY CLIMATE","6068145","2021-12-07 00:00","2021","12","07","00:00","-8.6","","-13.1","","70","","0.0","","31","","21","","","","95.96","","","","-16","","NA"
"-80.80","46.63","SUDBURY CLIMATE","6068145","2021-12-07 01:00","2021","12","07","01:00","-10.0","","-14.4","","70","","0.0","","31","","18","","","","96.20","","","","-17","","NA"
"-80.80","46.63","SUDBURY CLIMATE","6068145","2021-12-07 02:00","2021","12","07","02:00","-10.1","","-14.8","","69","","0.0","","31","","20","","","","96.37","","","","-18","","NA"
"-80.80","46.63","SUDBURY CLIMATE","6068145","2021-12-07 03:00","2021","12","07","03:00","-11.2","","-14.9","","74","","0.0","","29","","15","","","","96.58","","","","-18","","NA"
"-80.80","46.63","SUDBURY CLIMATE","6068145","2021-12-07 04:00","2021","12","07","04:00","-13.3","","-16.7","","75","","0.0","","29","","8","","","","96.73","","","","-18","","NA"
"-80.80","46.63","SUDBURY CLIMATE","6068145","2021-12-07 05:00","2021","12","07","05:00","-14.5","","-17.5","","78","","0.0","","30","","10","","","","96.89","","","","-21","","NA"
"-80.80","46.63","SUDBURY CLIMATE","6068145","2021-12-07 06:00","2021","12","07","06:00","-14.9","","-17.8","","79","","0.0","","32","","9","","","","97.02","","","","-21","","NA"
"-80.80","46.63","SUDBURY CLIMATE","6068145","2021-12-07 07:00","2021","12","07","07:00","-15.7","","-19.2","","75","","0.0","","33","","11","","","","97.16","","","","-22","","NA"
"-80.80","46.63","SUDBURY CLIMATE","6068145","2021-12-07 08:00","2021","12","07","08:00","-16.0","","-19.5","","75","","0.0","","31","","14","","","","97.30","","","","-24","","NA"
"-80.80","46.63","SUDBURY CLIMATE","6068145","2021-12-07 09:00","2021","12","07","09:00","-17.2","","-20.6","","75","","0.0","","31","","11","","","","97.41","","","","-24","","NA"
"-80.80","46.63","SUDBURY CLIMATE","6068145","2021-12-07 10:00","2021","12","07","10:00","-18.4","","-21.8","","75","","0.0","","31","","11","","","","97.51","","","","-26","","NA"
"-80.80","46.63","SUDBURY CLIMATE","6068145","2021-12-07 11:00","2021","12","07","11:00","-19.4","","-22.8","","74","","0.0","","31","","9","","","","97.55","","","","-26","","NA"
"-80.80","46.63","SUDBURY CLIMATE","6068145","2021-12-07 12:00","2021","12","07","12:00","-20.6","","-23.4","","78","","0.0","","36","","7","","","","97.61","","","","-26","","NA"
"-80.80","46.63","SUDBURY CLIMATE","6068145","2021-12-07 13:00","2021","12","07","13:00","-22.2","","-24.5","","82","","0.0","","27","","3","","","","97.66","","","","-25","","NA"
"-80.80","46.63","SUDBURY CLIMATE","6068145","2021-12-07 14:00","2021","12","07","14:00","-20.2","","-23.1","","78","","0.0","","33","","7","","","","97.69","","","","-26","","NA"
"-80.80","46.63","SUDBURY CLIMATE","6068145","2021-12-07 15:00","2021","12","07","15:00","-18.8","","-22.5","","73","","0.0","","31","","6","","","","97.78","","","","-24","","NA"
"-80.80","46.63","SUDBURY CLIMATE","6068145","2021-12-07 16:00","2021","12","07","16:00","-16.8","","-21.8","","65","","0.0","","31","","6","","","","97.78","","","","-21","","NA"
"-80.80","46.63","SUDBURY CLIMATE","6068145","2021-12-07 17:00","2021","12","07","17:00","-15.2","","-22.3","","54","","0.0","","26","","5","","","","97.77","","","","-19","","NA"
"-80.80","46.63","SUDBURY CLIMATE","6068145","2021-12-07 18:00","2021","12","07","18:00","-15.0","","-22.2","","54","","0.0","","17","","4","","","","97.73","","","","-18","","NA"
"-80.80","46.63","SUDBURY CLIMATE","6068145","2021-12-07 19:00","2021","12","07","19:00","-14.0","","-21.3","","54","","0.0","","21","","4","","","","97.69","","","","-17","","NA"
"-80.80","46.63","SUDBURY CLIMATE","6068145","2021-12-07 20:00","2021","12","07","20:00","-13.3","","-21.2","","51","","0.0","","18","","4","","","","97.72","","","","-16","","NA"
"-80.80","46.63","SUDBURY CLIMATE","6068145","2021-12-07 21:00","2021","12","07","21:00","-14.5","","-20.7","","59","","0.0","","18","","11","","","","97.75","","","","-21","","NA"
"-80.80","46.63","SUDBURY CLIMATE","6068145","2021-12-07 22:00","2021","12","07","22:00","-16.3","","-21.2","","66","","0.0","","17","","9","","","","97.71","","","","-22","","NA"
"-80.80","46.63","SUDBURY CLIMATE","6068145","2021-12-07 23:00","2021","12","07","23:00","-16.8","","-20.4","","73","","0.0","","17","","11","","","","97.71","","","","-24","","NA"
"-80.80","46.63","SUDBURY CLIMATE","6068145","2021-12-08 00:00","2021","12","08","00:00","-15.3","","-18.5","","77","","0.0","","16","","16","","","","97.66","","","","-24","","NA"
"-80.80","46.63","SUDBURY CLIMATE","6068145","2021-12-08 01:00","2021","12","08","01:00","-14.8","","-18.3","","75","","0.0","","16","","16","","","","97.62","","","","-23","","NA"
"-80.80","46.63","SUDBURY CLIMATE","6068145","2021-12-08 02:00","2021","12","08","02:00","-15.1","","-18.2","","77","","0.0","","16","","13","","","","97.59","","","","-22","","NA"
"-80.80","46.63","SUDBURY CLIMATE","6068145","2021-12-08 03:00","2021","12","08","03:00","-14.1","","-17.0","","79","","0.0","","16","","17","","","","97.55","","","","-22","","NA"
"-80.80","46.63","SUDBURY CLIMATE","6068145","2021-12-08 04:00","2021","12","08","04:00","-13.7","","-16.3","","81","","0.0","","16","","15","","","","97.53","","","","-21","","NA"
"-80.80","46.63","SUDBURY CLIMATE","6068145","2021-12-08 05:00","2021","12","08","05:00","-13.2","","-15.7","","82","","0.0","","16","","11","","","","97.49","","","","-19","","NA"
"-80.80","46.63","SUDBURY CLIMATE","6068145","2021-12-08 06:00","2021","12","08","06:00","-13.1","","-15.3","","84","","0.0","","15","","14","","","","97.44","","","","-20","","NA"
"-80.80","46.63","SUDBURY CLIMATE","6068145","2021-12-08 07:00","2021","12","08","07:00","-12.8","","-14.8","","85","","0.1","","15","","15","","","","97.38","","","","-20","","NA"
"-80.80","46.63","SUDBURY CLIMATE","6068145","2021-12-08 08:00","2021","12","08","08:00","-12.5","","-14.3","","87","","0.0","","14","","12","","","","97.36","","","","-19","","NA"
"-80.80","46.63","SUDBURY CLIMATE","6068145","2021-12-08 09:00","2021","12","08","09:00","-12.4","","-13.9","","88","","0.1","","14","","14","","","","97.28","","","","-19","","NA"
"-80.80","46.63","SUDBURY CLIMATE","6068145","2021-12-08 10:00","2021","12","08","10:00","-12.1","","-13.6","","89","","0.0","","14","","14","","","","97.22","","","","-19","","NA"
"-80.80","46.63","SUDBURY CLIMATE","6068145","2021-12-08 11:00","2021","12","08","11:00","-11.7","","-13.1","","90","","0.0","","13","","16","","","","97.16","","","","-19","","NA"
"-80.80","46.63","SUDBURY CLIMATE","6068145","2021-12-08 12:00","2021","12","08","12:00","-11.4","","-12.8","","89","","0.1","","14","","12","","","","97.14","","","","-18","","NA"
"-80.80","46.63","SUDBURY CLIMATE","6068145","2021-12-08 13:00","2021","12","08","13:00","-10.9","","-12.3","","89","","0.3","","13","","12","","","","97.10","","","","-17","","NA"
"-80.80","46.63","SUDBURY CLIMATE","6068145","2021-12-08 14:00","2021","12","08","14:00","-10.4","","-11.8","","90","","0.3","","12","","14","","","","97.04","","","","-17","","NA"
"-80.80","46.63","SUDBURY CLIMATE","6068145","2021-12-08 15:00","2021","12","08","15:00","-9.3","","-10.7","","90","","0.3","","9","","14","","","","96.94","","","","-16","","NA"
"-80.80","46.63","SUDBURY CLIMATE","6068145","2021-12-08 16:00","2021","12","08","16:00","-8.7","","-10.2","","89","","0.8","","6","","11","","","","96.89","","","","-14","","NA"
"-80.80","46.63","SUDBURY CLIMATE","6068145","2021-12-08 17:00","2021","12","08","17:00","-8.3","","-9.8","","88","","1.0","","4","","11","","","","96.79","","","","-14","","NA"
"-80.80","46.63","SUDBURY CLIMATE","6068145","2021-12-08 18:00","2021","12","08","18:00","-7.8","","-9.9","","85","","0.1","","6","","13","","","","96.74","","","","-14","","NA"
"-80.80","46.63","SUDBURY CLIMATE","6068145","2021-12-08 19:00","2021","12","08","19:00","-6.8","","-9.1","","84","","0.0","","5","","4","","","","96.74","","","","-9","","NA"
"-80.80","46.63","SUDBURY CLIMATE","6068145","2021-12-08 20:00","2021","12","08","20:00","-6.6","","-8.7","","85","","0.0","","33","","7","","","","96.80","","","","-10","","NA"
"-80.80","46.63","SUDBURY CLIMATE","6068145","2021-12-08 21:00","2021","12","08","21:00","-7.2","","-9.7","","82","","0.0","","32","","7","","","","96.87","","","","-11","","NA"
"-80.80","46.63","SUDBURY CLIMATE","6068145","2021-12-08 22:00","2021","12","08","22:00","-8.6","","-10.1","","89","","0.0","","33","","4","","","","96.97","","","","-11","","NA"
"-80.80","46.63","SUDBURY CLIMATE","6068145","2021-12-08 23:00","2021","12","08","23:00","-8.4","","-10.3","","86","","0.0","","31","","8","","","","97.04","","","","-13","","NA"
"-80.80","46.63","SUDBURY CLIMATE","6068145","2021-12-09 00:00","2021","12","09","00:00","-9.9","","-11.6","","87","","0.0","","31","","8","","","","97.13","","","","-14","","NA"
"-80.80","46.63","SUDBURY CLIMATE","6068145","2021-12-09 01:00","2021","12","09","01:00","-10.8","","-12.2","","89","","0.0","","34","","8","","","","97.23","","","","-15","","NA"
"-80.80","46.63","SUDBURY CLIMATE","6068145","2021-12-09 02:00","2021","12","09","02:00","-11.6","","-13.3","","88","","0.0","","35","","8","","","","97.27","","","","-16","","NA"
"-80.80","46.63","SUDBURY CLIMATE","6068145","2021-12-09 03:00","2021","12","09","03:00","-14.1","","-15.6","","88","","0.0","","28","","5","","","","97.37","","","","-18","","NA"
"-80.80","46.63","SUDBURY CLIMATE","6068145","2021-12-09 04:00","2021","12","09","04:00","-15.1","","-16.7","","88","","0.0","","30","","4","","","","97.42","","","","-18","","NA"
"-80.80","46.63","SUDBURY CLIMATE","6068145","2021-12-09 05:00","2021","12","09","05:00","-14.5","","-16.2","","87","","0.0","","36","","8","","","","97.49","","","","-20","","NA"
"-80.80","46.63","SUDBURY CLIMATE","6068145","2021-12-09 06:00","2021","12","09","06:00","-15.3","","-16.9","","87","","0.0","","36","","8","","","","97.52","","","","-21","","NA"
"-80.80","46.63","SUDBURY CLIMATE","6068145","2021-12-09 07:00","2021","12","09","07:00","-15.8","","-17.6","","86","","0.0","","34","","7","","","","97.57","","","","-21","","NA"
"-80.80","46.63","SUDBURY CLIMATE","6068145","2021-12-09 08:00","2021","12","09","08:00","-16.8","","-18.1","","89","","0.0","","3","","2","","","","97.67","","","","-18","","NA"
"-80.80","46.63","SUDBURY CLIMATE","6068145","2021-12-09 09:00","2021","12","09","09:00","-17.9","","-19.8","","85","","0.0","","30","","7","","","","97.74","","","","-23","","NA"
"-80.80","46.63","SUDBURY CLIMATE","6068145","2021-12-09 10:00","2021","12","09","10:00","-17.9","","-19.8","","85","","0.0","","34","","7","","","","97.78","","","","-23","","NA"
"-80.80","46.63","SUDBURY CLIMATE","6068145","2021-12-09 11:00","2021","12","09","11:00","-19.4","","-21.4","","84","","0.0","","8","","4","","","","97.79","","","","-23","","NA"
"-80.80","46.63","SUDBURY CLIMATE","6068145","2021-12-09 12:00","2021","12","09","12:00","-15.7","","-17.4","","87","","0.0","","9","","8","","","","97.84","","","","-21","","NA"
"-80.80","46.63","SUDBURY CLIMATE","6068145","2021-12-09 13:00","2021","12","09","13:00","-15.8","","-17.6","","86","","0.0","","7","","9","","","","97.86","","","","-22","","NA"
"-80.80","46.63","SUDBURY CLIMATE","6068145","2021-12-09 14:00","2021","12","09","14:00","-15.7","","-17.6","","85","","0.0","","9","","8","","","","97.89","","","","-21","","NA"
"-80.80","46.63","SUDBURY CLIMATE","6068145","2021-12-09 15:00","2021","12","09","15:00","-15.1","","-17.0","","86","","0.0","","10","","7","","","","97.96","","","","-20","","NA"
"-80.80","46.63","SUDBURY CLIMATE","6068145","2021-12-09 16:00","2021","12","09","16:00","-14.5","","-16.5","","85","","0.0","","10","","7","","","","97.94","","","","-19","","NA"
"-80.80","46.63","SUDBURY CLIMATE","6068145","2021-12-09 17:00","2021","12","09","17:00","-13.6","","-15.6","","85","","0.0","","10","","11","","","","97.79","","","","-20","","NA"
"-80.80","46.63","SUDBURY CLIMATE","6068145","2021-12-09 18:00","2021","12","09","18:00","-12.9","","-14.9","","85","","0.0","","13","","8","","","","97.77","","","","-18","","NA"
"-80.80","46.63","SUDBURY CLIMATE","6068145","2021-12-09 19:00","2021","12","09","19:00","-12.5","","-15.0","","82","","0.0","","14","","12","","","","97.70","","","","-19","","NA"
"-80.80","46.63","SUDBURY CLIMATE","6068145","2021-12-09 20:00","2021","12","09","20:00","-11.5","","-14.6","","78","","0.0","","12","","13","","","","97.57","","","","-18","","NA"
"-80.80","46.63","SUDBURY CLIMATE","6068145","2021-12-09 21:00","2021","12","09","21:00","-11.4","","-14.0","","81","","0.0","","11","","16","","","","97.43","","","","-19","","NA"
"-80.80","46.63","SUDBURY CLIMATE","6068145","2021-12-09 22:00","2021","12","09","22:00","-11.3","","-13.4","","84","","0.0","","12","","17","","","","97.38","","","","-19","","NA"
"-80.80","46.63","SUDBURY CLIMATE","6068145","2021-12-09 23:00","2021","12","09","23:00","-11.2","","-12.9","","87","","0.0","","12","","23","","","","97.28","","","","-20","","NA"
"-80.80","46.63","SUDBURY CLIMATE","6068145","2021-12-10 00:00","2021","12","10","00:00","-11.0","","-12.7","","87","","0.0","","11","","18","","","","97.21","","","","-19","","NA"
"-80.80","46.63","SUDBURY CLIMATE","6068145","2021-12-10 01:00","2021","12","10","01:00","-9.8","","-12.3","","82","","0.0","","13","","24","","","","97.16","","","","-18","","NA"
"-80.80","46.63","SUDBURY CLIMATE","6068145","2021-12-10 02:00","2021","12","10","02:00","-9.3","","-11.0","","87","","0.1","","13","","24","","","","97.09","","","","-18","","NA"
"-80.80","46.63","SUDBURY CLIMATE","6068145","2021-12-10 03:00","2021","12","10","03:00","-9.2","","-10.7","","89","","0.9","","13","","21","","","","96.97","","","","-17","","NA"
"-80.80","46.63","SUDBURY CLIMATE","6068145","2021-12-10 04:00","2021","12","10","04:00","-8.4","","-10.0","","89","","0.8","","13","","28","","","","96.87","","","","-17","","NA"
"-80.80","46.63","SUDBURY CLIMATE","6068145","2021-12-10 05:00","2021","12","10","05:00","-8.0","","-9.4","","89","","0.1","","13","","25","","","","96.81","","","","-16","","NA"
"-80.80","46.63","SUDBURY CLIMATE","6068145","2021-12-10 06:00","2021","12","10","06:00","-7.5","","-8.9","","89","","0.1","","14","","26","","","","96.76","","","","-16","","NA"
"-80.80","46.63","SUDBURY CLIMATE","6068145","2021-12-10 07:00","2021","12","10","07:00","-7.2","","-8.2","","92","","0.0","","13","","25","","","","96.69","","","","-15","","NA"
"-80.80","46.63","SUDBURY CLIMATE","6068145","2021-12-10 08:00","2021","12","10","08:00","-6.5","","-7.3","","94","","0.0","","14","","22","","","","96.71","","","","-14","","NA"
"-80.80","46.63","SUDBURY CLIMATE","6068145","2021-12-10 09:00","2021","12","10","09:00","-6.3","","-7.0","","94","","0.0","","15","","25","","","","96.54","","","","-14","","NA"
"-80.80","46.63","SUDBURY CLIMATE","6068145","2021-12-10 10:00","2021","12","10","10:00","-5.2","","-5.8","","95","","0.0","","16","","15","","","","96.64","","","","-11","","NA"
"-80.80","46.63","SUDBURY CLIMATE","6068145","2021-12-10 11:00","2021","12","10","11:00","-4.8","","-5.4","","96","","0.0","","16","","7","","","","96.74","","","","-8","","NA"
"-80.80","46.63","SUDBURY CLIMATE","6068145","2021-12-10 12:00","2021","12","10","12:00","-4.6","","-5.2","","96","","0.0","","16","","8","","","","96.78","","","","-8","","NA"
"-80.80","46.63","SUDBURY CLIMATE","6068145","2021-12-10 13:00","2021","12","10","13:00","-4.5","","-5.1","","96","","0.0","","17","","8","","","","96.86","","","","-8","","NA"
"-80.80","46.63","SUDBURY CLIMATE","6068145","2021-12-10 14:00","2021","12","10","14:00","-3.7","","-4.2","","96","","0.0","","22","","4","","","","96.94","","","","-5","","NA"
"-80.80","46.63","SUDBURY CLIMATE","6068145","2021-12-10 15:00","2021","12","10","15:00"
"-80.80","46.63","SUDBURY CLIMATE","6068145","2021-12-10 16:00","2021","12","10","16:00"
"-80.80","46.63","SUDBURY CLIMATE","6068145","2021-12-10 17:00","2021","12","10","17:00"
"-80.80","46.63","SUDBURY CLIMATE","6068145","2021-12-10 18:00","2021","12","10","18:00"
"-80.80","46.63","SUDBURY CLIMATE","6068145","2021-12-10 19:00","2021","12","10","19:00"
"-80.80","46.63","SUDBURY CLIMATE","6068145","2021-12-10 20:00","2021","12","10","20:00"
"-80.80","46.63","SUDBURY CLIMATE","6068145","2021-12-10 21:00","2021","12","10","21:00","-0.3","","-1.7","","90","","0.0","","28","","5","","","","97.32","","","","-2","","NA"
"-80.80","46.63","SUDBURY CLIMATE","6068145","2021-12-10 22:00","2021","12","10","22:00","-2.6","","-2.8","","98","","0.0","","24","","4","","","","97.36","","","","-4","","NA"
"-80.80","46.63","SUDBURY CLIMATE","6068145","2021-12-10 23:00","2021","12","10","23:00","-5.3","","-5.6","","98","","0.0","","18","","3","","","","97.35","","","","-7","","NA"
"-80.80","46.63","SUDBURY CLIMATE","6068145","2021-12-11 00:00","2021","12","11","00:00","-3.5","","-3.6","","99","","0.0","","9","","6","","","","97.36","","","","-6","","NA"
"-80.80","46.63","SUDBURY CLIMATE","6068145","2021-12-11 01:00","2021","12","11","01:00","-3.0","","-3.2","","98","","0.0","","11","","8","","","","97.34","","","","-6","","NA"
"-80.80","46.63","SUDBURY CLIMATE","6068145","2021-12-11 02:00","2021","12","11","02:00","-1.9","","-2.0","","99","","0.0","","11","","15","","","","97.16","","","","-7","","NA"
"-80.80","46.63","SUDBURY CLIMATE","6068145","2021-12-11 03:00","2021","12","11","03:00","-2.1","","-2.3","","98","","0.0","","11","","13","","","","97.14","","","","-7","","NA"
"-80.80","46.63","SUDBURY CLIMATE","6068145","2021-12-11 04:00","2021","12","11","04:00","-2.0","","-2.4","","97","","0.0","","10","","18","","","","97.00","","","","-7","","NA"
"-80.80","46.63","SUDBURY CLIMATE","6068145","2021-12-11 05:00","2021","12","11","05:00","-2.0","","-2.6","","96","","0.0","","10","","19","","","","96.83","","","","-8","","NA"
"-80.80","46.63","SUDBURY CLIMATE","6068145","2021-12-11 06:00","2021","12","11","06:00","-2.0","","-2.5","","96","","0.0","","9","","21","","","","96.58","","","","-8","","NA"
"-80.80","46.63","SUDBURY CLIMATE","6068145","2021-12-11 07:00","2021","12","11","07:00","-1.8","","-2.1","","98","","0.0","","7","","23","","","","96.33","","","","-8","","NA"
"-80.80","46.63","SUDBURY CLIMATE","6068145","2021-12-11 08:00","2021","12","11","08:00","-1.7","","-2.1","","97","","0.9","","7","","23","","","","96.09","","","","-8","","NA"
"-80.80","46.63","SUDBURY CLIMATE","6068145","2021-12-11 09:00","2021","12","11","09:00","-1.7","","-2.2","","96","","2.6","","7","","27","","","","95.78","","","","-8","","NA"
"-80.80","46.63","SUDBURY CLIMATE","6068145","2021-12-11 10:00","2021","12","11","10:00","-1.7","","-2.2","","96","","2.1","","6","","27","","","","95.50","","","","-8","","NA"
"-80.80","46.63","SUDBURY CLIMATE","6068145","2021-12-11 11:00","2021","12","11","11:00","-0.7","","-1.0","","98","","1.5","","6","","21","","","","95.12","","","","-6","","NA"
"-80.80","46.63","SUDBURY CLIMATE","6068145","2021-12-11 12:00","2021","12","11","12:00","0.5","","0.1","","97","","1.3","","10","","10","","","","94.94","","","","","","NA"
"-80.80","46.63","SUDBURY CLIMATE","6068145","2021-12-11 13:00","2021","12","11","13:00","0.2","","-0.1","","98","","1.1","","10","","9","","","","94.70","","","","","","NA"
"-80.80","46.63","SUDBURY CLIMATE","6068145","2021-12-11 14:00","2021","12","11","14:00","0.3","","0.1","","99","","0.4","","10","","7","","","","94.61","","","","","","NA"
"-80.80","46.63","SUDBURY CLIMATE","6068145","2021-12-11 15:00","2021","12","11","15:00","0.5","","0.4","","99","","0.6","","10","","7","","","","94.39","","","","","","NA"
"-80.80","46.63","SUDBURY CLIMATE","6068145","2021-12-11 16:00","2021","12","11","16:00","0.8","","0.7","","99","","1.4","","12","","17","","","","94.20","","","","","","NA"
"-80.80","46.63","SUDBURY CLIMATE","6068145","2021-12-11 17:00","2021","12","11","17:00","1.8","","1.7","","100","","2.8","","14","","18","","","","93.91","","","","","","NA"
"-80.80","46.63","SUDBURY CLIMATE","6068145","2021-12-11 18:00","2021","12","11","18:00","4.2","","4.1","","100","","1.7","","20","","26","","","","93.81","","","","","","NA"
"-80.80","46.63","SUDBURY CLIMATE","6068145","2021-12-11 19:00","2021","12","11","19:00","4.2","","4.2","","100","","2.3","","21","","20","","","","93.67","","","","","","NA"
"-80.80","46.63","SUDBURY CLIMATE","6068145","2021-12-11 20:00","2021","12","11","20:00","5.9","","4.7","","92","","0.0","","23","","28","","","","93.59","","","","","","NA"
"-80.80","46.63","SUDBURY CLIMATE","6068145","2021-12-11 21:00","2021","12","11","21:00","4.3","","2.7","","89","","0.0","","23","","39","","","","93.66","","","","","","NA"
"-80.80","46.63","SUDBURY CLIMATE","6068145","2021-12-11 22:00","2021","12","11","22:00","-0.6","","-1.5","","93","","1.0","","31","","19","","","","93.95","","","","-6","","NA"
"-80.80","46.63","SUDBURY CLIMATE","6068145","2021-12-11 23:00","2021","12","11","23:00","-2.6","","-4.4","","87","","0.3","","31","","24","","","","94.36","","","","-9","","NA"
"-80.80","46.63","SUDBURY CLIMATE","6068145","2021-12-12 00:00","2021","12","12","00:00","-3.2","","-6.1","","80","","0.0","","31","","25","","","","94.81","","","","-10","","NA"
"-80.80","46.63","SUDBURY CLIMATE","6068145","2021-12-12 01:00","2021","12","12","01:00","-2.8","","-6.3","","77","","0.0","","30","","21","","","","95.25","","","","-9","","NA"
"-80.80","46.63","SUDBURY CLIMATE","6068145","2021-12-12 02:00","2021","12","12","02:00","-2.4","","-6.2","","75","","0.0","","29","","22","","","","95.58","","","","-9","","NA"
"-80.80","46.63","SUDBURY CLIMATE","6068145","2021-12-12 03:00","2021","12","12","03:00","-2.8","","-6.9","","73","","0.0","","27","","17","","","","95.87","","","","-8","","NA"
"-80.80","46.63","SUDBURY CLIMATE","6068145","2021-12-12 04:00","2021","12","12","04:00","-3.4","","-7.0","","76","","0.0","","26","","18","","","","96.05","","","","-9","","NA"
"-80.80","46.63","SUDBURY CLIMATE","6068145","2021-12-12 05:00","2021","12","12","05:00","-3.7","","-6.7","","80","","0.0","","26","","15","","","","96.18","","","","-9","","NA"
"-80.80","46.63","SUDBURY CLIMATE","6068145","2021-12-12 06:00","2021","12","12","06:00","-3.7","","-6.1","","83","","0.0","","26","","16","","","","96.24","","","","-9","","NA"
"-80.80","46.63","SUDBURY CLIMATE","6068145","2021-12-12 07:00","2021","12","12","07:00","-3.5","","-5.6","","85","","0.0","","25","","17","","","","96.33","","","","-9","","NA"
"-80.80","46.63","SUDBURY CLIMATE","6068145","2021-12-12 08:00","2021","12","12","08:00","-3.0","","-5.3","","84","","0.0","","25","","18","","","","96.46","","","","-9","","NA"
"-80.80","46.63","SUDBURY CLIMATE","6068145","2021-12-12 09:00","2021","12","12","09:00","-3.5","","-5.8","","84","","0.0","","24","","21","","","","96.53","","","","-10","","NA"
"-80.80","46.63","SUDBURY CLIMATE","6068145","2021-12-12 10:00","2021","12","12","10:00","-3.0","","-7.3","","72","","0.0","","24","","25","","","","96.56","","","","-10","","NA"
"-80.80","46.63","SUDBURY CLIMATE","6068145","2021-12-12 11:00","2021","12","12","11:00","-3.1","","-5.9","","81","","0.0","","23","","26","","","","96.56","","","","-10","","NA"
"-80.80","46.63","SUDBURY CLIMATE","6068145","2021-12-12 12:00","2021","12","12","12:00","-3.1","","-5.2","","85","","0.0","","23","","27","","","","96.61","","","","-10","","NA"
"-80.80","46.63","SUDBURY CLIMATE","6068145","2021-12-12 13:00","2021","12","12","13:00","-3.1","","-4.3","","91","","0.0","","23","","25","","","","96.61","","","","-10","","NA"
"-80.80","46.63","SUDBURY CLIMATE","6068145","2021-12-12 14:00","2021","12","12","14:00","-2.1","","-3.7","","88","","0.0","","23","","25","","","","96.65","","","","-9","","NA"
"-80.80","46.63","SUDBURY CLIMATE","6068145","2021-12-12 15:00","2021","12","12","15:00","-0.8","","-3.1","","84","","0.0","","23","","29","","","","96.69","","","","-7","","NA"
"-80.80","46.63","SUDBURY CLIMATE","6068145","2021-12-12 16:00","2021","12","12","16:00","0.0","","-3.3","","78","","0.0","","24","","32","","","","96.67","","","","-7","","NA"
"-80.80","46.63","SUDBURY CLIMATE","6068145","2021-12-12 17:00","2021","12","12","17:00","1.1","","-3.3","","73","","0.0","","23","","33","","","","96.62","","","","","","NA"
"-80.80","46.63","SUDBURY CLIMATE","6068145","2021-12-12 18:00","2021","12","12","18:00","1.6","","-3.2","","70","","0.0","","22","","31","","","","96.56","","","","","","NA"
"-80.80","46.63","SUDBURY CLIMATE","6068145","2021-12-12 19:00","2021","12","12","19:00","2.3","","-3.4","","66","","0.0","","22","","38","","","","96.55","","","","","","NA"
"-80.80","46.63","SUDBURY CLIMATE","6068145","2021-12-12 20:00","2021","12","12","20:00","3.0","","-3.8","","61","","0.0","","23","","37","","","","96.48","","","","","","NA"
"-80.80","46.63","SUDBURY CLIMATE","6068145","2021-12-12 21:00","2021","12","12","21:00","2.7","","-3.6","","63","","0.0","","22","","36","","","","96.49","","","","","","NA"
"-80.80","46.63","SUDBURY CLIMATE","6068145","2021-12-12 22:00","2021","12","12","22:00","2.2","","-3.6","","65","","0.0","","23","","28","","","","96.52","","","","","","NA"
"-80.80","46.63","SUDBURY CLIMATE","6068145","2021-12-12 23:00","2021","12","12","23:00","2.0","","-3.0","","70","","0.0","","22","","33","","","","96.55","","","","","","NA"
"-80.80","46.63","SUDBURY CLIMATE","6068145","2021-12-13 00:00","2021","12","13","00:00","1.7","","-2.7","","72","","0.0","","22","","28","","","","96.56","","","","","","NA"
"-80.80","46.63","SUDBURY CLIMATE","6068145","2021-12-13 01:00","2021","12","13","01:00","2.0","","-2.1","","74","","0.0","","23","","24","","","","96.62","","","","","","NA"
"-80.80","46.63","SUDBURY CLIMATE","6068145","2021-12-13 02:00","2021","12","13","02:00","2.4","","-2.1","","72","","0.0","","24","","28","","","","96.62","","","","","","NA"
"-80.80","46.63","SUDBURY CLIMATE","6068145","2021-12-13 03:00","2021","12","13","03:00","2.4","","-1.9","","73","","0.0","","24","","25","","","","96.68","","","","","","NA"
"-80.80","46.63","SUDBURY CLIMATE","6068145","2021-12-13 04:00","2021","12","13","04:00","2.5","","-1.8","","73","","0.0","","26","","23","","","","96.76","","","","","","NA"
"-80.80","46.63","SUDBURY CLIMATE","6068145","2021-12-13 05:00","2021","12","13","05:00","2.1","","-1.8","","76","","0.0","","25","","16","","","","96.84","","","","","","NA"
"-80.80","46.63","SUDBURY CLIMATE","6068145","2021-12-13 06:00","2021","12","13","06:00","1.7","","-1.8","","77","","0.0","","25","","15","","","","96.89","","","","","","NA"
"-80.80","46.63","SUDBURY CLIMATE","6068145","2021-12-13 07:00","2021","12","13","07:00","1.9","","-1.8","","77","","0.0","","25","","13","","","","96.97","","","","","","NA"
"-80.80","46.63","SUDBURY CLIMATE","6068145","2021-12-13 08:00","2021","12","13","08:00","1.8","","-1.4","","79","","0.0","","23","","16","","","","97.03","","","","","","NA"
"-80.80","46.63","SUDBURY CLIMATE","6068145","2021-12-13 09:00","2021","12","13","09:00","1.6","","-1.2","","82","","0.0","","22","","18","","","","97.02","","","","","","NA"
"-80.80","46.63","SUDBURY CLIMATE","6068145","2021-12-13 10:00","2021","12","13","10:00","1.6","","-1.2","","82","","0.0","","22","","16","","","","97.03","","","","","","NA"
"-80.80","46.63","SUDBURY CLIMATE","6068145","2021-12-13 11:00","2021","12","13","11:00","1.6","","-1.3","","81","","0.0","","22","","16","","","","97.04","","","","","","NA"
"-80.80","46.63","SUDBURY CLIMATE","6068145","2021-12-13 12:00","2021","12","13","12:00","1.0","","-1.5","","84","","0.0","","20","","14","","","","97.02","","","","","","NA"
"-80.80","46.63","SUDBURY CLIMATE","6068145","2021-12-13 13:00","2021","12","13","13:00","1.3","","-1.3","","83","","0.0","","19","","18","","","","97.00","","","","","","NA"
"-80.80","46.63","SUDBURY CLIMATE","6068145","2021-12-13 14:00","2021","12","13","14:00","0.9","","-2.1","","80","","0.0","","22","","16","","","","97.01","","","","","","NA"
"-80.80","46.63","SUDBURY CLIMATE","6068145","2021-12-13 15:00","2021","12","13","15:00","2.7","","-1.5","","74","","0.0","","22","","25","","","","97.01","","","","","","NA"
"-80.80","46.63","SUDBURY CLIMATE","6068145","2021-12-13 16:00","2021","12","13","16:00","3.8","","-1.5","","68","","0.0","","23","","31","","","","97.00","","","","","","NA"
"-80.80","46.63","SUDBURY CLIMATE","6068145","2021-12-13 17:00","2021","12","13","17:00","4.5","","-1.6","","65","","0.0","","23","","32","","","","96.95","","","","","","NA"
"-80.80","46.63","SUDBURY CLIMATE","6068145","2021-12-13 18:00","2021","12","13","18:00","4.8","","-1.6","","63","","0.0","","23","","32","","","","96.98","","","","","","NA"
"-80.80","46.63","SUDBURY CLIMATE","6068145","2021-12-13 19:00","2021","12","13","19:00","5.5","","-1.4","","61","","0.0","","25","","21","","","","97.09","","","","","","NA"
"-80.80","46.63","SUDBURY CLIMATE","6068145","2021-12-13 20:00","2021","12","13","20:00","5.6","","-1.2","","62","","0.0","","24","","23","","","","97.14","","","","","","NA"
"-80.80","46.63","SUDBURY CLIMATE","6068145","2021-12-13 21:00","2021","12","13","21:00","4.7","","-0.8","","67","","0.0","","24","","19","","","","97.24","","","","","","NA"
"-80.80","46.63","SUDBURY CLIMATE","6068145","2021-12-13 22:00","2021","12","13","22:00","3.4","","-0.9","","74","","0.0","","23","","21","","","","97.36","","","","","","NA"
"-80.80","46.63","SUDBURY CLIMATE","6068145","2021-12-13 23:00","2021","12","13","23:00","2.6","","-1.3","","75","","0.0","","28","","8","","","","97.55","","","","","","NA"
"-80.80","46.63","SUDBURY CLIMATE","6068145","2021-12-14 00:00","2021","12","14","00:00","3.4","","-2.3","","66","","0.0","","31","","15","","","","97.72","","","","","","NA"
"-80.80","46.63","SUDBURY CLIMATE","6068145","2021-12-14 01:00","2021","12","14","01:00","2.0","","-2.4","","73","","0.0","","30","","10","","","","97.87","","","","","","NA"
"-80.80","46.63","SUDBURY CLIMATE","6068145","2021-12-14 02:00","2021","12","14","02:00","1.7","","-1.2","","81","","0.0","","32","","12","","","","98.04","","","","","","NA"
"-80.80","46.63","SUDBURY CLIMATE","6068145","2021-12-14 03:00","2021","12","14","03:00","0.7","","-3.0","","76","","0.0","","32","","11","","","","98.19","","","","","","NA"
"-80.80","46.63","SUDBURY CLIMATE","6068145","2021-12-14 04:00","2021","12","14","04:00","-0.3","","-3.6","","78","","0.0","","32","","8","","","","98.33","","","","-3","","NA"
"-80.80","46.63","SUDBURY CLIMATE","6068145","2021-12-14 05:00","2021","12","14","05:00","0.1","","-3.5","","77","","0.0","","33","","11","","","","98.48","","","","","","NA"
"-80.80","46.63","SUDBURY CLIMATE","6068145","2021-12-14 06:00","2021","12","14","06:00","0.1","","-4.1","","74","","0.0","","1","","10","","","","98.56","","","","","","NA"
"-80.80","46.63","SUDBURY CLIMATE","6068145","2021-12-14 07:00","2021","12","14","07:00","-0.5","","-5.2","","70","","0.0","","1","","12","","","","98.71","","","","-4","","NA"
"-80.80","46.63","SUDBURY CLIMATE","6068145","2021-12-14 08:00","2021","12","14","08:00","-1.5","","-6.0","","71","","0.0","","36","","10","","","","98.85","","","","-5","","NA"
"-80.80","46.63","SUDBURY CLIMATE","6068145","2021-12-14 09:00","2021","12","14","09:00","-2.5","","-6.1","","76","","0.0","","34","","6","","","","98.90","","","","-5","","NA"
"-80.80","46.63","SUDBURY CLIMATE","6068145","2021-12-14 10:00","2021","12","14","10:00","-2.7","","-6.4","","76","","0.0","","1","","11","","","","98.98","","","","-7","","NA"
"-80.80","46.63","SUDBURY CLIMATE","6068145","2021-12-14 11:00","2021","12","14","11:00","-2.9","","-6.8","","74","","0.0","","1","","13","","","","99.02","","","","-8","","NA"
"-80.80","46.63","SUDBURY CLIMATE","6068145","2021-12-14 12:00","2021","12","14","12:00","-3.5","","-7.4","","74","","0.0","","2","","16","","","","99.12","","","","-9","","NA"
"-80.80","46.63","SUDBURY CLIMATE","6068145","2021-12-14 13:00","2021","12","14","13:00","-4.7","","-7.3","","82","","0.0","","4","","5","","","","99.20","","","","-7","","NA"
"-80.80","46.63","SUDBURY CLIMATE","6068145","2021-12-14 14:00","2021","12","14","14:00","-4.1","","-7.4","","77","","0.0","","6","","13","","","","99.26","","","","-9","","NA"
"-80.80","46.63","SUDBURY CLIMATE","6068145","2021-12-14 15:00","2021","12","14","15:00","-4.1","","-7.5","","77","","0.0","","6","","12","","","","99.34","","","","-9","","NA"
"-80.80","46.63","SUDBURY CLIMATE","6068145","2021-12-14 16:00","2021","12","14","16:00","-3.4","","-7.9","","71","","0.0","","5","","7","","","","99.41","","","","-6","","NA"
"-80.80","46.63","SUDBURY CLIMATE","6068145","2021-12-14 17:00","2021","12","14","17:00","-2.5","","-8.2","","65","","0.0","","5","","2","","","","99.39","","","","-3","","NA"
"-80.80","46.63","SUDBURY CLIMATE","6068145","2021-12-14 18:00","2021","12","14","18:00","-2.5","","-7.8","","67","","0.0","","4","","6","","","","99.37","","","","-5","","NA"
"-80.80","46.63","SUDBURY CLIMATE","6068145","2021-12-14 19:00","2021","12","14","19:00","-2.1","","-7.1","","69","","0.0","","4","","6","","","","99.35","","","","-4","","NA"
"-80.80","46.63","SUDBURY CLIMATE","6068145","2021-12-14 20:00","2021","12","14","20:00","-2.4","","-6.8","","72","","0.0","","3","","7","","","","99.33","","","","-5","","NA"
"-80.80","46.63","SUDBURY CLIMATE","6068145","2021-12-14 21:00","2021","12","14","21:00","-2.1","","-7.3","","68","","0.0","","10","","8","","","","99.33","","","","-5","","NA"
"-80.80","46.63","SUDBURY CLIMATE","6068145","2021-12-14 22:00","2021","12","14","22:00","-2.8","","-7.2","","72","","0.0","","11","","7","","","","99.29","","","","-6","","NA"
"-80.80","46.63","SUDBURY CLIMATE","6068145","2021-12-14 23:00","2021","12","14","23:00","-3.0","","-7.4","","72","","0.0","","13","","7","","","","99.33","","","","-6","","NA"
"-80.80","46.63","SUDBURY CLIMATE","6068145","2021-12-15 00:00","2021","12","15","00:00","-3.3","","-7.5","","73","","0.0","","12","","9","","","","99.27","","","","-7","","NA"
"-80.80","46.63","SUDBURY CLIMATE","6068145","2021-12-15 01:00","2021","12","15","01:00","-3.6","","-7.6","","74","","0.0","","9","","11","","","","99.25","","","","-8","","NA"
"-80.80","46.63","SUDBURY CLIMATE","6068145","2021-12-15 02:00","2021","12","15","02:00","-3.6","","-7.6","","73","","0.0","","10","","12","","","","99.20","","","","-8","","NA"
"-80.80","46.63","SUDBURY CLIMATE","6068145","2021-12-15 03:00","2021","12","15","03:00","-3.5","","-7.5","","73","","0.0","","10","","14","","","","99.16","","","","-9","","NA"
"-80.80","46.63","SUDBURY CLIMATE","6068145","2021-12-15 04:00","2021","12","15","04:00","-3.5","","-7.8","","72","","0.0","","10","","15","","","","99.09","","","","-9","","NA"
"-80.80","46.63","SUDBURY CLIMATE","6068145","2021-12-15 05:00","2021","12","15","05:00","-3.8","","-8.1","","72","","0.0","","12","","16","","","","98.99","","","","-9","","NA"
"-80.80","46.63","SUDBURY CLIMATE","6068145","2021-12-15 06:00","2021","12","15","06:00","-4.1","","-8.0","","74","","0.0","","12","","18","","","","98.87","","","","-10","","NA"
"-80.80","46.63","SUDBURY CLIMATE","6068145","2021-12-15 07:00","2021","12","15","07:00","-4.3","","-8.0","","75","","0.0","","13","","17","","","","98.78","","","","-10","","NA"
"-80.80","46.63","SUDBURY CLIMATE","6068145","2021-12-15 08:00","2021","12","15","08:00","-3.4","","-7.1","","75","","0.0","","13","","19","","","","98.72","","","","-9","","NA"
"-80.80","46.63","SUDBURY CLIMATE","6068145","2021-12-15 09:00","2021","12","15","09:00","-2.3","","-7.0","","70","","0.0","","14","","18","","","","98.62","","","","-8","","NA"
"-80.80","46.63","SUDBURY CLIMATE","6068145","2021-12-15 10:00","2021","12","15","10:00","-2.4","","-6.9","","71","","0.0","","13","","25","","","","98.43","","","","-9","","NA"
"-80.80","46.63","SUDBURY CLIMATE","6068145","2021-12-15 11:00","2021","12","15","11:00","-2.0","","-6.9","","69","","0.0","","14","","19","","","","98.34","","","","-8","","NA"
"-80.80","46.63","SUDBURY CLIMATE","6068145","2021-12-15 12:00","2021","12","15","12:00","-1.7","","-6.9","","68","","0.0","","13","","20","","","","98.22","","","","-7","","NA"
"-80.80","46.63","SUDBURY CLIMATE","6068145","2021-12-15 13:00","2021","12","15","13:00","-1.2","","-7.0","","65","","0.0","","15","","17","","","","98.15","","","","-6","","NA"
"-80.80","46.63","SUDBURY CLIMATE","6068145","2021-12-15 14:00","2021","12","15","14:00","-0.9","","-4.3","","78","","0.3","","15","","24","","","","97.99","","","","-7","","NA"
"-80.80","46.63","SUDBURY CLIMATE","6068145","2021-12-15 15:00","2021","12","15","15:00","-0.7","","-1.7","","93","","0.4","","16","","22","","","","97.93","","","","-6","","NA"
"-80.80","46.63","SUDBURY CLIMATE","6068145","2021-12-15 16:00","2021","12","15","16:00","-0.3","","-0.7","","97","","0.8","","15","","8","","","","97.79","","","","-3","","NA"
"-80.80","46.63","SUDBURY CLIMATE","6068145","2021-12-15 17:00","2021","12","15","17:00","0.0","","-0.3","","98","","0.5","","16","","6","","","","97.58","","","","-2","","NA"
"-80.80","46.63","SUDBURY CLIMATE","6068145","2021-12-15 18:00","2021","12","15","18:00","0.1","","-0.1","","99","","0.0","","16","","4","","","","97.47","","","","","","NA"
"-80.80","46.63","SUDBURY CLIMATE","6068145","2021-12-15 19:00","2021","12","15","19:00","0.4","","0.3","","99","","2.0","","17","","4","","","","97.32","","","","","","NA"
"-80.80","46.63","SUDBURY CLIMATE","6068145","2021-12-15 20:00","2021","12","15","20:00","0.7","","0.6","","99","","0.0","","17","","23","","","","97.24","","","","","","NA"
"-80.80","46.63","SUDBURY CLIMATE","6068145","2021-12-15 21:00","2021","12","15","21:00","1.0","","0.9","","99","","0.1","","17","","22","","","","97.17","","","","","","NA"
"-80.80","46.63","SUDBURY CLIMATE","6068145","2021-12-15 22:00","2021","12","15","22:00","1.2","","1.1","","100","","0.1","","17","","22","","","","97.12","","","","","","NA"
"-80.80","46.63","SUDBURY CLIMATE","6068145","2021-12-15 23:00","2021","12","15","23:00","1.4","","1.4","","100","","0.0","","17","","18","","","","97.07","","","","","","NA"
"-80.80","46.63","SUDBURY CLIMATE","6068145","2021-12-16 00:00","2021","12","16","00:00","1.8","","1.8","","100","","0.0","","17","","20","","","","96.99","","","","","","NA"
"-80.80","46.63","SUDBURY CLIMATE","6068145","2021-12-16 01:00","2021","12","16","01:00","2.5","","2.5","","100","","0.1","","17","","23","","","","96.91","","","","","","NA"
"-80.80","46.63","SUDBURY CLIMATE","6068145","2021-12-16 02:00","2021","12","16","02:00","2.9","","2.9","","100","","0.1","","16","","17","","","","96.80","","","","","","NA"
"-80.80","46.63","SUDBURY CLIMATE","6068145","2021-12-16 03:00","2021","12","16","03:00","2.7","","2.7","","100","","0.3","","15","","15","","","","96.69","","","","","","NA"
"-80.80","46.63","SUDBURY CLIMATE","6068145","2021-12-16 04:00","2021","12","16","04:00","2.8","","2.8","","100","","0.1","","16","","14","","","","96.63","","","","","","NA"
"-80.80","46.63","SUDBURY CLIMATE","6068145","2021-12-16 05:00","2021","12","16","05:00","3.3","","3.3","","100","","0.1","","17","","12","","","","96.56","","","","","","NA"
"-80.80","46.63","SUDBURY CLIMATE","6068145","2021-12-16 06:00","2021","12","16","06:00","3.4","","3.4","","100","","0.2","","16","","14","","","","96.40","","","","","","NA"
"-80.80","46.63","SUDBURY CLIMATE","6068145","2021-12-16 07:00","2021","12","16","07:00","4.6","","4.6","","100","","0.9","","18","","22","","","","96.42","","","","","","NA"
"-80.80","46.63","SUDBURY CLIMATE","6068145","2021-12-16 08:00","2021","12","16","08:00","5.5","","5.5","","100","","0.3","","16","","24","","","","96.13","","","","","","NA"
"-80.80","46.63","SUDBURY CLIMATE","6068145","2021-12-16 09:00","2021","12","16","09:00","5.4","","5.4","","100","","0.1","","18","","26","","","","96.08","","","","","","NA"
"-80.80","46.63","SUDBURY CLIMATE","6068145","2021-12-16 10:00","2021","12","16","10:00","5.4","","5.4","","100","","0.2","","16","","27","","","","95.80","","","","","","NA"
"-80.80","46.63","SUDBURY CLIMATE","6068145","2021-12-16 11:00","2021","12","16","11:00","5.1","","5.1","","100","","0.1","","17","","27","","","","95.66","","","","","","NA"
"-80.80","46.63","SUDBURY CLIMATE","6068145","2021-12-16 12:00","2021","12","16","12:00","5.1","","4.6","","96","","0.1","","18","","28","","","","95.55","","","","","","NA"
"-80.80","46.63","SUDBURY CLIMATE","6068145","2021-12-16 13:00","2021","12","16","13:00","7.3","","3.9","","79","","0.0","","19","","45","","","","95.39","","","","","","NA"
"-80.80","46.63","SUDBURY CLIMATE","6068145","2021-12-16 14:00","2021","12","16","14:00","7.9","","4.8","","81","","0.0","","19","","52","","","","95.28","","","","","","NA"
"-80.80","46.63","SUDBURY CLIMATE","6068145","2021-12-16 15:00","2021","12","16","15:00","8.3","","5.7","","83","","0.0","","19","","53","","","","95.21","","","","","","NA"
"-80.80","46.63","SUDBURY CLIMATE","6068145","2021-12-16 16:00","2021","12","16","16:00","8.9","","6.3","","84","","0.0","","20","","54","","","","95.17","","","","","","NA"
"-80.80","46.63","SUDBURY CLIMATE","6068145","2021-12-16 17:00","2021","12","16","17:00","9.0","","6.7","","85","","0.0","","21","","42","","","","95.12","","","","","","NA"
"-80.80","46.63","SUDBURY CLIMATE","6068145","2021-12-16 18:00","2021","12","16","18:00","9.4","","5.5","","77","","0.0","","22","","36","","","","95.06","","","","","","NA"
"-80.80","46.63","SUDBURY CLIMATE","6068145","2021-12-16 19:00","2021","12","16","19:00","7.0","","2.1","","71","","0.0","","24","","34","","","","95.16","","","","","","NA"
"-80.80","46.63","SUDBURY CLIMATE","6068145","2021-12-16 20:00","2021","12","16","20:00","5.5","","1.4","","75","","0.0","","24","","35","","","","95.20","","","","","","NA"
"-80.80","46.63","SUDBURY CLIMATE","6068145","2021-12-16 21:00","2021","12","16","21:00","4.9","","1.2","","77","","0.0","","24","","32","","","","95.22","","","","","","NA"
"-80.80","46.63","SUDBURY CLIMATE","6068145","2021-12-16 22:00","2021","12","16","22:00","4.3","","1.1","","80","","0.0","","24","","27","","","","95.24","","","","","","NA"
"-80.80","46.63","SUDBURY CLIMATE","6068145","2021-12-16 23:00","2021","12","16","23:00","3.0","","1.1","","87","","0.0","","24","","31","","","","95.35","","","","","","NA"
"-80.80","46.63","SUDBURY CLIMATE","6068145","2021-12-17 00:00","2021","12","17","00:00","1.6","","-0.7","","85","","0.0","","25","","34","","","","95.45","","","","","","NA"
"-80.80","46.63","SUDBURY CLIMATE","6068145","2021-12-17 01:00","2021","12","17","01:00","1.2","","-2.3","","78","","0.0","","25","","31","","","","95.58","","","","","","NA"
"-80.80","46.63","SUDBURY CLIMATE","6068145","2021-12-17 02:00","2021","12","17","02:00","0.5","","-2.7","","79","","0.0","","25","","34","","","","95.71","","","","","","NA"
"-80.80","46.63","SUDBURY CLIMATE","6068145","2021-12-17 03:00","2021","12","17","03:00","0.2","","-4.2","","72","","0.0","","25","","26","","","","95.85","","","","","","NA"
"-80.80","46.63","SUDBURY CLIMATE","6068145","2021-12-17 04:00","2021","12","17","04:00","-0.1","","-4.9","","70","","0.0","","26","","32","","","","96.01","","","","-7","","NA"
"-80.80","46.63","SUDBURY CLIMATE","6068145","2021-12-17 05:00","2021","12","17","05:00","-0.6","","-5.1","","71","","0.0","","25","","25","","","","96.15","","","","-7","","NA"
"-80.80","46.63","SUDBURY CLIMATE","6068145","2021-12-17 06:00","2021","12","17","06:00","-1.0","","-5.3","","72","","0.0","","25","","26","","","","96.25","","","","-7","","NA"
"-80.80","46.63","SUDBURY CLIMATE","6068145","2021-12-17 07:00","2021","12","17","07:00","-1.1","","-6.0","","69","","0.0","","25","","26","","","","96.38","","","","-7","","NA"
"-80.80","46.63","SUDBURY CLIMATE","6068145","2021-12-17 08:00","2021","12","17","08:00","-1.2","","-6.2","","69","","0.0","","26","","24","","","","96.57","","","","-7","","NA"
"-80.80","46.63","SUDBURY CLIMATE","6068145","2021-12-17 09:00","2021","12","17","09:00","-1.7","","-5.7","","74","","0.0","","25","","28","","","","96.71","","","","-8","","NA"
"-80.80","46.63","SUDBURY CLIMATE","6068145","2021-12-17 10:00","2021","12","17","10:00","-1.9","","-5.2","","78","","0.0","","25","","26","","","","96.78","","","","-8","","NA"
"-80.80","46.63","SUDBURY CLIMATE","6068145","2021-12-17 11:00","2021","12","17","11:00","-2.2","","-5.3","","79","","0.0","","24","","26","","","","96.91","","","","-9","","NA"
"-80.80","46.63","SUDBURY CLIMATE","6068145","2021-12-17 12:00","2021","12","17","12:00","-2.3","","-5.5","","78","","0.0","","25","","20","","","","97.04","","","","-8","","NA"
"-80.80","46.63","SUDBURY CLIMATE","6068145","2021-12-17 13:00","2021","12","17","13:00","-2.6","","-6.3","","76","","0.0","","25","","22","","","","97.11","","","","-9","","NA"
"-80.80","46.63","SUDBURY CLIMATE","6068145","2021-12-17 14:00","2021","12","17","14:00","-2.5","","-7.2","","70","","0.0","","26","","17","","","","97.24","","","","-8","","NA"
"-80.80","46.63","SUDBURY CLIMATE","6068145","2021-12-17 15:00","2021","12","17","15:00","-2.9","","-7.7","","69","","0.0","","26","","24","","","","97.39","","","","-10","","NA"
"-80.80","46.63","SUDBURY CLIMATE","6068145","2021-12-17 16:00","2021","12","17","16:00","-3.0","","-7.7","","70","","0.0","","25","","22","","","","97.53","","","","-9","","NA"
"-80.80","46.63","SUDBURY CLIMATE","6068145","2021-12-17 17:00","2021","12","17","17:00","-3.1","","-7.9","","70","","0.0","","26","","15","","","","97.61","","","","-8","","NA"
"-80.80","46.63","SUDBURY CLIMATE","6068145","2021-12-17 18:00","2021","12","17","18:00","-2.5","","-8.2","","65","","0.0","","27","","13","","","","97.68","","","","-7","","NA"
"-80.80","46.63","SUDBURY CLIMATE","6068145","2021-12-17 19:00","2021","12","17","19:00","-2.5","","-9.5","","58","","0.0","","30","","16","","","","97.78","","","","-8","","NA"
"-80.80","46.63","SUDBURY CLIMATE","6068145","2021-12-17 20:00","2021","12","17","20:00","-2.4","","-10.4","","54","","0.0","","29","","13","","","","97.85","","","","-7","","NA"
"-80.80","46.63","SUDBURY CLIMATE","6068145","2021-12-17 21:00","2021","12","17","21:00","-2.9","","-11.1","","53","","0.0","","30","","12","","","","97.94","","","","-7","","NA"
"-80.80","46.63","SUDBURY CLIMATE","6068145","2021-12-17 22:00","2021","12","17","22:00","-4.1","","-10.9","","59","","0.0","","32","","7","","","","98.04","","","","-7","","NA"
"-80.80","46.63","SUDBURY CLIMATE","6068145","2021-12-17 23:00","2021","12","17","23:00","-5.3","","-11.0","","64","","0.0","","31","","6","","","","98.17","","","","-8","","NA"
"-80.80","46.63","SUDBURY CLIMATE","6068145","2021-12-18 00:00","2021","12","18","00:00","-6.1","","-11.3","","67","","0.0","","34","","7","","","","98.22","","","","-9","","NA"
"-80.80","46.63","SUDBURY CLIMATE","6068145","2021-12-18 01:00","2021","12","18","01:00","-6.3","","-10.9","","70","","0.0","","36","","11","","","","98.24","","","","-11","","NA"
"-80.80","46.63","SUDBURY CLIMATE","6068145","2021-12-18 02:00","2021","12","18","02:00","-6.6","","-11.1","","70","","0.0","","36","","7","","","","98.30","","","","-10","","NA"
"-80.80","46.63","SUDBURY CLIMATE","6068145","2021-12-18 03:00","2021","12","18","03:00","-6.7","","-11.1","","71","","0.0","","1","","13","","","","98.31","","","","-12","","NA"
"-80.80","46.63","SUDBURY CLIMATE","6068145","2021-12-18 04:00","2021","12","18","04:00","-7.5","","-11.4","","73","","0.0","","2","","13","","","","98.35","","","","-13","","NA"
"-80.80","46.63","SUDBURY CLIMATE","6068145","2021-12-18 05:00","2021","12","18","05:00","-7.7","","-11.9","","72","","0.0","","5","","20","","","","98.34","","","","-15","","NA"
"-80.80","46.63","SUDBURY CLIMATE","6068145","2021-12-18 06:00","2021","12","18","06:00","-8.3","","-12.0","","75","","0.0","","5","","19","","","","98.31","","","","-16","","NA"
"-80.80","46.63","SUDBURY CLIMATE","6068145","2021-12-18 07:00","2021","12","18","07:00","-8.8","","-12.2","","76","","0.0","","5","","14","","","","98.34","","","","-15","","NA"
"-80.80","46.63","SUDBURY CLIMATE","6068145","2021-12-18 08:00","2021","12","18","08:00","-8.5","","-11.9","","76","","0.0","","5","","14","","","","98.35","","","","-15","","NA"
"-80.80","46.63","SUDBURY CLIMATE","6068145","2021-12-18 09:00","2021","12","18","09:00","-8.7","","-12.1","","76","","0.0","","6","","15","","","","98.30","","","","-15","","NA"
"-80.80","46.63","SUDBURY CLIMATE","6068145","2021-12-18 10:00","2021","12","18","10:00","-8.9","","-12.3","","76","","0.0","","6","","15","","","","98.24","","","","-15","","NA"
"-80.80","46.63","SUDBURY CLIMATE","6068145","2021-12-18 11:00","2021","12","18","11:00","-9.3","","-12.6","","77","","0.0","","6","","17","","","","98.18","","","","-16","","NA"
"-80.80","46.63","SUDBURY CLIMATE","6068145","2021-12-18 12:00","2021","12","18","12:00","-9.4","","-12.5","","78","","0.0","","6","","17","","","","98.12","","","","-16","","NA"
"-80.80","46.63","SUDBURY CLIMATE","6068145","2021-12-18 13:00","2021","12","18","13:00","-9.1","","-12.3","","78","","0.0","","6","","15","","","","98.11","","","","-16","","NA"
"-80.80","46.63","SUDBURY CLIMATE","6068145","2021-12-18 14:00","2021","12","18","14:00","-8.9","","-12.6","","75","","0.0","","6","","17","","","","98.06","","","","-16","","NA"
"-80.80","46.63","SUDBURY CLIMATE","6068145","2021-12-18 15:00","2021","12","18","15:00","-8.5","","-12.5","","73","","0.0","","5","","17","","","","98.00","","","","-15","","NA"
"-80.80","46.63","SUDBURY CLIMATE","6068145","2021-12-18 16:00","2021","12","18","16:00","-8.2","","-12.3","","73","","0.0","","6","","15","","","","97.93","","","","-15","","NA"
"-80.80","46.63","SUDBURY CLIMATE","6068145","2021-12-18 17:00","2021","12","18","17:00","-8.1","","-11.6","","75","","0.0","","5","","18","","","","97.83","","","","-15","","NA"
"-80.80","46.63","SUDBURY CLIMATE","6068145","2021-12-18 18:00","2021","12","18","18:00","-7.9","","-10.9","","79","","0.0","","5","","15","","","","97.72","","","","-14","","NA"
"-80.80","46.63","SUDBURY CLIMATE","6068145","2021-12-18 19:00","2021","12","18","19:00","-8.0","","-10.6","","81","","0.0","","5","","17","","","","97.62","","","","-15","","NA"
"-80.80","46.63","SUDBURY CLIMATE","6068145","2021-12-18 20:00","2021","12","18","20:00","-8.1","","-10.8","","81","","0.0","","6","","15","","","","97.56","","","","-14","","NA"
"-80.80","46.63","SUDBURY CLIMATE","6068145","2021-12-18 21:00","2021","12","18","21:00","-8.1","","-10.6","","82","","0.1","","6","","13","","","","97.57","","","","-14","","NA"
"-80.80","46.63","SUDBURY CLIMATE","6068145","2021-12-18 22:00","2021","12","18","22:00","-8.0","","-11.0","","79","","0.1","","3","","10","","","","97.61","","","","-13","","NA"
"-80.80","46.63","SUDBURY CLIMATE","6068145","2021-12-18 23:00","2021","12","18","23:00","-8.7","","-11.3","","81","","0.0","","1","","11","","","","97.63","","","","-14","","NA"
"-80.80","46.63","SUDBURY CLIMATE","6068145","2021-12-19 00:00","2021","12","19","00:00","-8.9","","-12.1","","77","","0.0","","1","","12","","","","97.65","","","","-15","","NA"
"-80.80","46.63","SUDBURY CLIMATE","6068145","2021-12-19 01:00","2021","12","19","01:00","-9.4","","-12.3","","79","","0.0","","1","","11","","","","97.67","","","","-15","","NA"
"-80.80","46.63","SUDBURY CLIMATE","6068145","2021-12-19 02:00","2021","12","19","02:00","-10.2","","-12.7","","82","","0.0","","36","","11","","","","97.70","","","","-16","","NA"
"-80.80","46.63","SUDBURY CLIMATE","6068145","2021-12-19 03:00","2021","12","19","03:00","-11.5","","-13.8","","83","","0.0","","35","","10","","","","97.76","","","","-17","","NA"
"-80.80","46.63","SUDBURY CLIMATE","6068145","2021-12-19 04:00","2021","12","19","04:00","-12.5","","-14.5","","85","","0.0","","35","","10","","","","97.79","","","","-18","","NA"
"-80.80","46.63","SUDBURY CLIMATE","6068145","2021-12-19 05:00","2021","12","19","05:00","-13.7","","-15.7","","85","","0.0","","34","","11","","","","97.87","","","","-20","","NA"
"-80.80","46.63","SUDBURY CLIMATE","6068145","2021-12-19 06:00","2021","12","19","06:00","-14.5","","-16.5","","85","","0.0","","34","","9","","","","97.92","","","","-20","","NA"
"-80.80","46.63","SUDBURY CLIMATE","6068145","2021-12-19 07:00","2021","12","19","07:00","-14.9","","-17.0","","84","","0.0","","34","","9","","","","97.99","","","","-21","","NA"
"-80.80","46.63","SUDBURY CLIMATE","6068145","2021-12-19 08:00","2021","12","19","08:00","-15.4","","-17.6","","83","","0.0","","34","","11","","","","98.07","","","","-22","","NA"
"-80.80","46.63","SUDBURY CLIMATE","6068145","2021-12-19 09:00","2021","12","19","09:00","-15.7","","-18.2","","81","","0.0","","36","","12","","","","98.14","","","","-23","","NA"
"-80.80","46.63","SUDBURY CLIMATE","6068145","2021-12-19 10:00","2021","12","19","10:00","-15.4","","-17.7","","82","","0.0","","35","","14","","","","98.17","","","","-23","","NA"
"-80.80","46.63","SUDBURY CLIMATE","6068145","2021-12-19 11:00","2021","12","19","11:00","-14.9","","-17.1","","84","","0.0","","34","","9","","","","98.27","","","","-21","","NA"
"-80.80","46.63","SUDBURY CLIMATE","6068145","2021-12-19 12:00","2021","12","19","12:00","-14.7","","-17.0","","83","","0.0","","35","","10","","","","98.32","","","","-21","","NA"
"-80.80","46.63","SUDBURY CLIMATE","6068145","2021-12-19 13:00","2021","12","19","13:00","-14.7","","-16.8","","84","","0.0","","36","","8","","","","98.36","","","","-20","","NA"
"-80.80","46.63","SUDBURY CLIMATE","6068145","2021-12-19 14:00","2021","12","19","14:00","-14.1","","-16.5","","82","","0.0","","3","","11","","","","98.42","","","","-21","","NA"
"-80.80","46.63","SUDBURY CLIMATE","6068145","2021-12-19 15:00","2021","12","19","15:00","-14.0","","-17.1","","78","","0.0","","2","","15","","","","98.46","","","","-22","","NA"
"-80.80","46.63","SUDBURY CLIMATE","6068145","2021-12-19 16:00","2021","12","19","16:00","-13.7","","-17.6","","72","","0.0","","1","","11","","","","98.57","","","","-20","","NA"
"-80.80","46.63","SUDBURY CLIMATE","6068145","2021-12-19 17:00","2021","12","19","17:00","-13.1","","-17.3","","70","","0.0","","5","","8","","","","98.50","","","","-18","","NA"
"-80.80","46.63","SUDBURY CLIMATE","6068145","2021-12-19 18:00","2021","12","19","18:00","-12.5","","-17.3","","67","","0.0","","6","","7","","","","98.40","","","","-17","","NA"
"-80.80","46.63","SUDBURY CLIMATE","6068145","2021-12-19 19:00","2021","12","19","19:00","-11.7","","-17.9","","60","","0.0","","8","","3","","","","98.38","","","","-14","","NA"
"-80.80","46.63","SUDBURY CLIMATE","6068145","2021-12-19 20:00","2021","12","19","20:00","-10.8","","-17.7","","57","","0.0","","17","","3","","","","98.40","","","","-13","","NA"
"-80.80","46.63","SUDBURY CLIMATE","6068145","2021-12-19 21:00","2021","12","19","21:00","-10.6","","-17.0","","60","","0.0","","17","","7","","","","98.36","","","","-15","","NA"
"-80.80","46.63","SUDBURY CLIMATE","6068145","2021-12-19 22:00","2021","12","19","22:00","-12.1","","-16.5","","70","","0.0","","17","","8","","","","98.34","","","","-17","","NA"
"-80.80","46.63","SUDBURY CLIMATE","6068145","2021-12-19 23:00","2021","12","19","23:00","-11.7","","-16.3","","68","","0.0","","19","","9","","","","98.34","","","","-17","","NA"
"-80.80","46.63","SUDBURY CLIMATE","6068145","2021-12-20 00:00","2021","12","20","00:00","-11.6","","-15.8","","71","","0.0","","16","","13","","","","98.28","","","","-18","","NA"
"-80.80","46.63","SUDBURY CLIMATE","6068145","2021-12-20 01:00","2021","12","20","01:00","-11.7","","-15.4","","74","","0.0","","17","","11","","","","98.23","","","","-18","","NA"
"-80.80","46.63","SUDBURY CLIMATE","6068145","2021-12-20 02:00","2021","12","20","02:00","-11.6","","-15.0","","76","","0.0","","16","","13","","","","98.18","","","","-18","","NA"
"-80.80","46.63","SUDBURY CLIMATE","6068145","2021-12-20 03:00","2021","12","20","03:00","-11.5","","-14.6","","78","","0.0","","17","","15","","","","98.09","","","","-19","","NA"
"-80.80","46.63","SUDBURY CLIMATE","6068145","2021-12-20 04:00","2021","12","20","04:00","-11.4","","-14.2","","80","","0.0","","17","","14","","","","98.01","","","","-18","","NA"
"-80.80","46.63","SUDBURY CLIMATE","6068145","2021-12-20 05:00","2021","12","20","05:00","-11.1","","-13.5","","83","","0.0","","15","","22","","","","97.87","","","","-20","","NA"
"-80.80","46.63","SUDBURY CLIMATE","6068145","2021-12-20 06:00","2021","12","20","06:00","-10.1","","-12.2","","85","","0.0","","16","","19","","","","97.73","","","","-18","","NA"
"-80.80","46.63","SUDBURY CLIMATE","6068145","2021-12-20 07:00","2021","12","20","07:00","-8.5","","-10.4","","86","","0.0","","17","","22","","","","97.66","","","","-16","","NA"
"-80.80","46.63","SUDBURY CLIMATE","6068145","2021-12-20 08:00","2021","12","20","08:00","-8.0","","-9.7","","88","","0.0","","16","","25","","","","97.54","","","","-16","","NA"
"-80.80","46.63","SUDBURY CLIMATE","6068145","2021-12-20 09:00","2021","12","20","09:00","-7.0","","-8.4","","90","","0.0","","16","","26","","","","97.36","","","","-15","","NA"
"-80.80","46.63","SUDBURY CLIMATE","6068145","2021-12-20 10:00","2021","12","20","10:00","-4.5","","-5.6","","92","","0.0","","18","","23","","","","97.26","","","","-11","","NA"
"-80.80","46.63","SUDBURY CLIMATE","6068145","2021-12-20 11:00","2021","12","20","11:00","-1.3","","-3.2","","87","","0.0","","20","","29","","","","97.12","","","","-8","","NA"
"-80.80","46.63","SUDBURY CLIMATE","6068145","2021-12-20 12:00","2021","12","20","12:00","-0.3","","-3.1","","82","","0.0","","22","","32","","","","97.12","","","","-7","","NA"
"-80.80","46.63","SUDBURY CLIMATE","6068145","2021-12-20 13:00","2021","12","20","13:00","-0.1","","-3.2","","80","","0.0","","22","","32","","","","97.07","","","","-7","","NA"
"-80.80","46.63","SUDBURY CLIMATE","6068145","2021-12-20 14:00","2021","12","20","14:00","-0.4","","-2.6","","85","","0.1","","22","","32","","","","97.03","","","","-7","","NA"
"-80.80","46.63","SUDBURY CLIMATE","6068145","2021-12-20 15:00","2021","12","20","15:00","0.0","","-2.7","","82","","0.0","","22","","32","","","","96.97","","","","-7","","NA"
"-80.80","46.63","SUDBURY CLIMATE","6068145","2021-12-20 16:00","2021","12","20","16:00","0.1","","-2.5","","82","","0.0","","23","","34","","","","96.96","","","","","","NA"
"-80.80","46.63","SUDBURY CLIMATE","6068145","2021-12-20 17:00","2021","12","20","17:00","0.4","","-2.5","","81","","0.0","","23","","31","","","","96.88","","","","","","NA"
"-80.80","46.63","SUDBURY CLIMATE","6068145","2021-12-20 18:00","2021","12","20","18:00","0.4","","-2.4","","82","","0.0","","23","","27","","","","96.79","","","","","","NA"
"-80.80","46.63","SUDBURY CLIMATE","6068145","2021-12-20 19:00","2021","12","20","19:00","0.3","","-2.1","","84","","0.0","","22","","24","","","","96.73","","","","","","NA"
"-80.80","46.63","SUDBURY CLIMATE","6068145","2021-12-20 20:00","2021","12","20","20:00","0.1","","-1.6","","88","","0.1","","23","","26","","","","96.69","","","","","","NA"
"-80.80","46.63","SUDBURY CLIMATE","6068145","2021-12-20 21:00","2021","12","20","21:00","-0.2","","-1.6","","90","","0.2","","23","","32","","","","96.69","","","","-7","","NA"
"-80.80","46.63","SUDBURY CLIMATE","6068145","2021-12-20 22:00","2021","12","20","22:00","-0.4","","-2.2","","88","","0.0","","24","","24","","","","96.73","","","","-6","","NA"
"-80.80","46.63","SUDBURY CLIMATE","6068145","2021-12-20 23:00","2021","12","20","23:00","-0.6","","-2.3","","88","","0.0","","24","","24","","","","96.74","","","","-7","","NA"
"-80.80","46.63","SUDBURY CLIMATE","6068145","2021-12-21 00:00","2021","12","21","00:00","-0.7","","-2.8","","86","","0.0","","25","","18","","","","96.78","","","","-6","","NA"
"-80.80","46.63","SUDBURY CLIMATE","6068145","2021-12-21 01:00","2021","12","21","01:00","-0.8","","-3.9","","79","","0.0","","26","","19","","","","96.81","","","","-6","","NA"
"-80.80","46.63","SUDBURY CLIMATE","6068145","2021-12-21 02:00","2021","12","21","02:00","-1.0","","-4.6","","77","","0.0","","24","","23","","","","96.79","","","","-7","","NA"
"-80.80","46.63","SUDBURY CLIMATE","6068145","2021-12-21 03:00","2021","12","21","03:00","-2.3","","-7.9","","65","","0.3","","29","","15","","","","96.89","","","","-7","","NA"
"-80.80","46.63","SUDBURY CLIMATE","6068145","2021-12-21 04:00","2021","12","21","04:00","-3.4","","-8.6","","67","","0.0","","29","","16","","","","96.97","","","","-9","","NA"
"-80.80","46.63","SUDBURY CLIMATE","6068145","2021-12-21 05:00","2021","12","21","05:00","-5.6","","-13.0","","56","","0.0","","29","","18","","","","97.09","","","","-12","","NA"
"-80.80","46.63","SUDBURY CLIMATE","6068145","2021-12-21 06:00","2021","12","21","06:00","-6.6","","-13.6","","58","","0.0","","30","","18","","","","97.17","","","","-13","","NA"
"-80.80","46.63","SUDBURY CLIMATE","6068145","2021-12-21 07:00","2021","12","21","07:00","-7.4","","-13.5","","61","","0.0","","31","","11","","","","97.24","","","","-12","","NA"
"-80.80","46.63","SUDBURY CLIMATE","6068145","2021-12-21 08:00","2021","12","21","08:00","-8.2","","-13.9","","63","","0.0","","32","","9","","","","97.37","","","","-13","","NA"
"-80.80","46.63","SUDBURY CLIMATE","6068145","2021-12-21 09:00","2021","12","21","09:00","-9.4","","-14.5","","66","","0.0","","32","","9","","","","97.48","","","","-14","","NA"
"-80.80","46.63","SUDBURY CLIMATE","6068145","2021-12-21 10:00","2021","12","21","10:00","-10.5","","-14.5","","73","","0.0","","33","","8","","","","97.50","","","","-15","","NA"
"-80.80","46.63","SUDBURY CLIMATE","6068145","2021-12-21 11:00","2021","12","21","11:00","-11.7","","-15.2","","75","","0.0","","36","","5","","","","97.46","","","","-15","","NA"
"-80.80","46.63","SUDBURY CLIMATE","6068145","2021-12-21 12:00","2021","12","21","12:00","-12.6","","-15.7","","78","","0.0","","30","","6","","","","97.58","","","","-17","","NA"
"-80.80","46.63","SUDBURY CLIMATE","6068145","2021-12-21 13:00","2021","12","21","13:00","-12.5","","-15.7","","77","","0.0","","34","","7","","","","97.57","","","","-17","","NA"
"-80.80","46.63","SUDBURY CLIMATE","6068145","2021-12-21 14:00","2021","12","21","14:00","-12.6","","-15.4","","80","","0.0","","1","","8","","","","97.56","","","","-18","","NA"
"-80.80","46.63","SUDBURY CLIMATE","6068145","2021-12-21 15:00","2021","12","21","15:00","-11.3","","-14.9","","75","","0.0","","8","","7","","","","97.52","","","","-16","","NA"
"-80.80","46.63","SUDBURY CLIMATE","6068145","2021-12-21 16:00","2021","12","21","16:00","-10.9","","-14.7","","74","","0.0","","5","","10","","","","97.46","","","","-16","","NA"
"-80.80","46.63","SUDBURY CLIMATE","6068145","2021-12-21 17:00","2021","12","21","17:00","-10.2","","-15.1","","67","","0.0","","9","","7","","","","97.32","","","","-14","","NA"
"-80.80","46.63","SUDBURY CLIMATE","6068145","2021-12-21 18:00","2021","12","21","18:00","-9.6","","-14.3","","69","","0.0","","16","","10","","","","97.20","","","","-15","","NA"
"-80.80","46.63","SUDBURY CLIMATE","6068145","2021-12-21 19:00","2021","12","21","19:00","-9.4","","-14.3","","68","","0.0","","15","","9","","","","97.07","","","","-14","","NA"
"-80.80","46.63","SUDBURY CLIMATE","6068145","2021-12-21 20:00","2021","12","21","20:00","-9.3","","-13.4","","72","","0.0","","12","","15","","","","96.94","","","","-16","","NA"
"-80.80","46.63","SUDBURY CLIMATE","6068145","2021-12-21 21:00","2021","12","21","21:00","-9.4","","-13.0","","75","","0.0","","11","","18","","","","96.78","","","","-17","","NA"
"-80.80","46.63","SUDBURY CLIMATE","6068145","2021-12-21 22:00","2021","12","21","22:00","-9.3","","-12.2","","80","","0.0","","10","","16","","","","96.66","","","","-16","","NA"
"-80.80","46.63","SUDBURY CLIMATE","6068145","2021-12-21 23:00","2021","12","21","23:00","-9.1","","-11.4","","83","","0.0","","11","","19","","","","96.46","","","","-17","","NA"
"-80.80","46.63","SUDBURY CLIMATE","6068145","2021-12-22 00:00","2021","12","22","00:00","-9.0","","-10.6","","88","","0.5","","11","","20","","","","96.28","","","","-17","","NA"
"-80.80","46.63","SUDBURY CLIMATE","6068145","2021-12-22 01:00","2021","12","22","01:00","-8.3","","-9.7","","90","","0.5","","12","","21","","","","96.10","","","","-16","","NA"
"-80.80","46.63","SUDBURY CLIMATE","6068145","2021-12-22 02:00","2021","12","22","02:00","-7.6","","-8.9","","90","","0.2","","11","","22","","","","95.90","","","","-15","","NA"
"-80.80","46.63","SUDBURY CLIMATE","6068145","2021-12-22 03:00","2021","12","22","03:00","-7.1","","-8.3","","91","","0.3","","11","","22","","","","95.66","","","","-15","","NA"
"-80.80","46.63","SUDBURY CLIMATE","6068145","2021-12-22 04:00","2021","12","22","04:00","-6.5","","-7.6","","92","","0.4","","10","","21","","","","95.46","","","","-14","","NA"
"-80.80","46.63","SUDBURY CLIMATE","6068145","2021-12-22 05:00","2021","12","22","05:00","-5.9","","-6.9","","93","","0.5","","11","","16","","","","95.32","","","","-12","","NA"
"-80.80","46.63","SUDBURY CLIMATE","6068145","2021-12-22 06:00","2021","12","22","06:00","-5.7","","-6.6","","93","","0.4","","8","","13","","","","95.20","","","","-11","","NA"
"-80.80","46.63","SUDBURY CLIMATE","6068145","2021-12-22 07:00","2021","12","22","07:00","-5.7","","-6.6","","93","","0.4","","8","","2","","","","95.22","","","","-7","","NA"
"-80.80","46.63","SUDBURY CLIMATE","6068145","2021-12-22 08:00","2021","12","22","08:00","-5.2","","-6.2","","93","","0.1","","25","","7","","","","95.23","","","","-8","","NA"
"-80.80","46.63","SUDBURY CLIMATE","6068145","2021-12-22 09:00","2021","12","22","09:00","-5.4","","-6.3","","93","","0.1","","26","","12","","","","95.27","","","","-10","","NA"
"-80.80","46.63","SUDBURY CLIMATE","6068145","2021-12-22 10:00","2021","12","22","10:00","-7.6","","-9.0","","89","","0.2","","33","","7","","","","95.42","","","","-11","","NA"
"-80.80","46.63","SUDBURY CLIMATE","6068145","2021-12-22 11:00","2021","12","22","11:00","-9.3","","-11.4","","85","","0.1","","32","","14","","","","95.55","","","","-16","","NA"
"-80.80","46.63","SUDBURY CLIMATE","6068145","2021-12-22 12:00","2021","12","22","12:00","-11.1","","-13.5","","82","","0.0","","32","","15","","","","95.75","","","","-18","","NA"
"-80.80","46.63","SUDBURY CLIMATE","6068145","2021-12-22 13:00","2021","12","22","13:00","-12.5","","-15.0","","81","","0.0","","33","","14","","","","95.91","","","","-20","","NA"
"-80.80","46.63","SUDBURY CLIMATE","6068145","2021-12-22 14:00","2021","12","22","14:00","-13.5","","-16.2","","80","","0.0","","33","","14","","","","96.05","","","","-21","","NA"
"-80.80","46.63","SUDBURY CLIMATE","6068145","2021-12-22 15:00","2021","12","22","15:00","-13.1","","-16.9","","73","","0.0","","32","","16","","","","96.27","","","","-21","","NA"
"-80.80","46.63","SUDBURY CLIMATE","6068145","2021-12-22 16:00","2021","12","22","16:00","-13.4","","-17.3","","72","","0.0","","33","","16","","","","96.40","","","","-21","","NA"
"-80.80","46.63","SUDBURY CLIMATE","6068145","2021-12-22 17:00","2021","12","22","17:00","-12.3","","-17.3","","67","","0.0","","34","","16","","","","96.43","","","","-20","","NA"
"-80.80","46.63","SUDBURY CLIMATE","6068145","2021-12-22 18:00","2021","12","22","18:00","-11.9","","-17.4","","64","","0.0","","33","","13","","","","96.50","","","","-19","","NA"
"-80.80","46.63","SUDBURY CLIMATE","6068145","2021-12-22 19:00","2021","12","22","19:00","-11.8","","-17.2","","64","","0.0","","30","","14","","","","96.63","","","","-19","","NA"
"-80.80","46.63","SUDBURY CLIMATE","6068145","2021-12-22 20:00","2021","12","22","20:00","-12.7","","-18.0","","64","","0.0","","31","","12","","","","96.74","","","","-19","","NA"
"-80.80","46.63","SUDBURY CLIMATE","6068145","2021-12-22 21:00","2021","12","22","21:00","-13.6","","-18.1","","69","","0.0","","33","","10","","","","96.85","","","","-20","","NA"
"-80.80","46.63","SUDBURY CLIMATE","6068145","2021-12-22 22:00","2021","12","22","22:00","-15.7","","-18.8","","77","","0.0","","33","","8","","","","96.97","","","","-21","","NA"
"-80.80","46.63","SUDBURY CLIMATE","6068145","2021-12-22 23:00","2021","12","22","23:00","-17.2","","-19.5","","83","","0.0","","31","","7","","","","97.09","","","","-22","","NA"
"-80.80","46.63","SUDBURY CLIMATE","6068145","2021-12-23 00:00","2021","12","23","00:00","-18.2","","-20.4","","83","","0.0","","30","","6","","","","97.18","","","","-23","","NA"
"-80.80","46.63","SUDBURY CLIMATE","6068145","2021-12-23 01:00","2021","12","23","01:00","-18.9","","-20.8","","85","","0.0","","32","","5","","","","97.28","","","","-23","","NA"
"-80.80","46.63","SUDBURY CLIMATE","6068145","2021-12-23 02:00","2021","12","23","02:00","-20.4","","-22.6","","83","","0.0","","32","","5","","","","97.28","","","","-25","","NA"
"-80.80","46.63","SUDBURY CLIMATE","6068145","2021-12-23 03:00","2021","12","23","03:00","-21.7","","-23.7","","84","","0.0","","27","","4","","","","97.32","","","","-25","","NA"
"-80.80","46.63","SUDBURY CLIMATE","6068145","2021-12-23 04:00","2021","12","23","04:00","-20.8","","-23.0","","83","","0.0","","27","","5","","","","97.35","","","","-25","","NA"
"-80.80","46.63","SUDBURY CLIMATE","6068145","2021-12-23 05:00","2021","12","23","05:00","-20.8","","-22.7","","85","","0.0","","30","","5","","","","97.37","","","","-25","","NA"
"-80.80","46.63","SUDBURY CLIMATE","6068145","2021-12-23 06:00","2021","12","23","06:00","-21.4","","-23.7","","82","","0.0","","28","","6","","","","97.44","","","","-27","","NA"
"-80.80","46.63","SUDBURY CLIMATE","6068145","2021-12-23 07:00","2021","12","23","07:00","-22.9","","-25.2","","82","","0.0","","32","","5","","","","97.45","","","","-28","","NA"
"-80.80","46.63","SUDBURY CLIMATE","6068145","2021-12-23 08:00","2021","12","23","08:00","-20.4","","-22.3","","85","","0.0","","33","","8","","","","97.52","","","","-27","","NA"
"-80.80","46.63","SUDBURY CLIMATE","6068145","2021-12-23 09:00","2021","12","23","09:00","-20.3","","-22.2","","85","","0.0","","33","","6","","","","97.52","","","","-25","","NA"
"-80.80","46.63","SUDBURY CLIMATE","6068145","2021-12-23 10:00","2021","12","23","10:00","-21.0","","-23.1","","83","","0.0","","25","","5","","","","97.57","","","","-25","","NA"
"-80.80","46.63","SUDBURY CLIMATE","6068145","2021-12-23 11:00","2021","12","23","11:00","-21.5","","-23.9","","81","","0.0","","15","","4","","","","97.59","","","","-25","","NA"
"-80.80","46.63","SUDBURY CLIMATE","6068145","2021-12-23 12:00","2021","12","23","12:00","-18.4","","-20.0","","87","","0.0","","15","","9","","","","97.57","","","","-25","","NA"
"-80.80","46.63","SUDBURY CLIMATE","6068145","2021-12-23 13:00","2021","12","23","13:00","-18.7","","-20.8","","83","","0.0","","17","","8","","","","97.65","","","","-25","","NA"
"-80.80","46.63","SUDBURY CLIMATE","6068145","2021-12-23 14:00","2021","12","23","14:00","-17.8","","-19.8","","84","","0.0","","18","","12","","","","97.66","","","","-25","","NA"
"-80.80","46.63","SUDBURY CLIMATE","6068145","2021-12-23 15:00","2021","12","23","15:00","-16.9","","-19.0","","84","","0.0","","16","","15","","","","97.64","","","","-25","","NA"
"-80.80","46.63","SUDBURY CLIMATE","6068145","2021-12-23 16:00","2021","12","23","16:00","-16.0","","-18.0","","84","","0.0","","14","","10","","","","97.62","","","","-22","","NA"
"-80.80","46.63","SUDBURY CLIMATE","6068145","2021-12-23 17:00","2021","12","23","17:00","-14.9","","-17.1","","84","","0.0","","14","","11","","","","97.56","","","","-21","","NA"
"-80.80","46.63","SUDBURY CLIMATE","6068145","2021-12-23 18:00","2021","12","23","18:00","-13.6","","-15.9","","82","","0.0","","13","","9","","","","97.47","","","","-19","","NA"
"-80.80","46.63","SUDBURY CLIMATE","6068145","2021-12-23 19:00","2021","12","23","19:00","-12.2","","-15.0","","80","","0.0","","12","","9","","","","97.41","","","","-17","","NA"
"-80.80","46.63","SUDBURY CLIMATE","6068145","2021-12-23 20:00","2021","12","23","20:00","-11.5","","-14.0","","82","","0.0","","11","","10","","","","97.36","","","","-17","","NA"
"-80.80","46.63","SUDBURY CLIMATE","6068145","2021-12-23 21:00","2021","12","23","21:00","-11.4","","-13.4","","85","","0.4","","10","","10","","","","97.31","","","","-17","","NA"
"-80.80","46.63","SUDBURY CLIMATE","6068145","2021-12-23 22:00","2021","12","23","22:00","-11.4","","-13.1","","87","","0.2","","10","","12","","","","97.27","","","","-18","","NA"
"-80.80","46.63","SUDBURY CLIMATE","6068145","2021-12-23 23:00","2021","12","23","23:00","-11.1","","-12.6","","88","","0.1","","12","","15","","","","97.23","","","","-18","","NA"
"-80.80","46.63","SUDBURY CLIMATE","6068145","2021-12-24 00:00","2021","12","24","00:00","-10.8","","-12.3","","89","","0.0","","12","","13","","","","97.23","","","","-17","","NA"
"-80.80","46.63","SUDBURY CLIMATE","6068145","2021-12-24 01:00","2021","12","24","01:00","-10.2","","-11.8","","88","","0.0","","12","","12","","","","97.19","","","","-16","","NA"
"-80.80","46.63","SUDBURY CLIMATE","6068145","2021-12-24 02:00","2021","12","24","02:00","-9.6","","-11.4","","87","","0.0","","14","","16","","","","97.13","","","","-16","","NA"
"-80.80","46.63","SUDBURY CLIMATE","6068145","2021-12-24 03:00","2021","12","24","03:00","-8.2","","-10.1","","86","","0.0","","14","","20","","","","97.10","","","","-16","","NA"
"-80.80","46.63","SUDBURY CLIMATE","6068145","2021-12-24 04:00","2021","12","24","04:00","-7.8","","-9.5","","87","","0.0","","13","","19","","","","97.13","","","","-15","","NA"
"-80.80","46.63","SUDBURY CLIMATE","6068145","2021-12-24 05:00","2021","12","24","05:00","-7.6","","-9.1","","89","","0.0","","14","","20","","","","97.10","","","","-15","","NA"
"-80.80","46.63","SUDBURY CLIMATE","6068145","2021-12-24 06:00","2021","12","24","06:00","-7.3","","-8.7","","90","","0.0","","14","","22","","","","97.06","","","","-15","","NA"
"-80.80","46.63","SUDBURY CLIMATE","6068145","2021-12-24 07:00","2021","12","24","07:00","-7.1","","-8.6","","89","","0.0","","14","","18","","","","97.11","","","","-14","","NA"
"-80.80","46.63","SUDBURY CLIMATE","6068145","2021-12-24 08:00","2021","12","24","08:00","-7.2","","-8.7","","90","","0.0","","14","","20","","","","97.14","","","","-14","","NA"
"-80.80","46.63","SUDBURY CLIMATE","6068145","2021-12-24 09:00","2021","12","24","09:00","-7.2","","-8.6","","90","","0.0","","13","","18","","","","97.15","","","","-14","","NA"
"-80.80","46.63","SUDBURY CLIMATE","6068145","2021-12-24 10:00","2021","12","24","10:00","-7.0","","-8.5","","90","","0.0","","13","","19","","","","97.17","","","","-14","","NA"
"-80.80","46.63","SUDBURY CLIMATE","6068145","2021-12-24 11:00","2021","12","24","11:00","-7.0","","-8.4","","89","","0.0","","12","","18","","","","97.18","","","","-14","","NA"
"-80.80","46.63","SUDBURY CLIMATE","6068145","2021-12-24 12:00","2021","12","24","12:00","-6.9","","-8.3","","90","","0.0","","14","","20","","","","97.16","","","","-14","","NA"
"-80.80","46.63","SUDBURY CLIMATE","6068145","2021-12-24 13:00","2021","12","24","13:00","-6.9","","-8.2","","90","","0.0","","15","","17","","","","97.20","","","","-13","","NA"
"-80.80","46.63","SUDBURY CLIMATE","6068145","2021-12-24 14:00","2021","12","24","14:00","-6.7","","-8.0","","90","","0.0","","12","","17","","","","97.03","","","","-13","","NA"
"-80.80","46.63","SUDBURY CLIMATE","6068145","2021-12-24 15:00","2021","12","24","15:00","-6.0","","-7.5","","89","","0.0","","13","","15","","","","97.13","","","","-12","","NA"
"-80.80","46.63","SUDBURY CLIMATE","6068145","2021-12-24 16:00","2021","12","24","16:00","-5.6","","-7.2","","89","","0.0","","15","","15","","","","97.20","","","","-11","","NA"
"-80.80","46.63","SUDBURY CLIMATE","6068145","2021-12-24 17:00","2021","12","24","17:00","-5.4","","-6.4","","93","","0.0","","13","","19","","","","96.97","","","","-12","","NA"
"-80.80","46.63","SUDBURY CLIMATE","6068145","2021-12-24 18:00","2021","12","24","18:00","-5.0","","-5.9","","93","","0.0","","11","","16","","","","96.85","","","","-11","","NA"
"-80.80","46.63","SUDBURY CLIMATE","6068145","2021-12-24 19:00","2021","12","24","19:00","-4.5","","-5.7","","92","","0.0","","12","","12","","","","96.83","","","","-9","","NA"
"-80.80","46.63","SUDBURY CLIMATE","6068145","2021-12-24 20:00","2021","12","24","20:00","-4.3","","-5.1","","93","","0.0","","12","","14","","","","96.74","","","","-9","","NA"
"-80.80","46.63","SUDBURY CLIMATE","6068145","2021-12-24 21:00","2021","12","24","21:00","-4.0","","-5.0","","93","","0.0","","11","","16","","","","96.75","","","","-10","","NA"
"-80.80","46.63","SUDBURY CLIMATE","6068145","2021-12-24 22:00","2021","12","24","22:00","-3.7","","-4.7","","93","","0.0","","12","","17","","","","96.64","","","","-9","","NA"
"-80.80","46.63","SUDBURY CLIMATE","6068145","2021-12-24 23:00","2021","12","24","23:00","-3.5","","-4.4","","93","","0.0","","11","","21","","","","96.51","","","","-10","","NA"
"-80.80","46.63","SUDBURY CLIMATE","6068145","2021-12-25 00:00","2021","12","25","00:00","-3.3","","-4.2","","93","","0.0","","13","","23","","","","96.41","","","","-10","","NA"
"-80.80","46.63","SUDBURY CLIMATE","6068145","2021-12-25 01:00","2021","12","25","01:00","-3.0","","-4.2","","91","","0.0","","14","","30","","","","96.26","","","","-10","","NA"
"-80.80","46.63","SUDBURY CLIMATE","6068145","2021-12-25 02:00","2021","12","25","02:00","-2.2","","-2.9","","95","","0.3","","14","","24","","","","96.17","","","","-9","","NA"
"-80.80","46.63","SUDBURY CLIMATE","6068145","2021-12-25 03:00","2021","12","25","03:00","-2.3","","-2.6","","97","","0.7","","14","","19","","","","96.09","","","","-8","","NA"
"-80.80","46.63","SUDBURY CLIMATE","6068145","2021-12-25 04:00","2021","12","25","04:00","-2.4","","-2.7","","98","","0.1","","14","","16","","","","96.01","","","","-8","","NA"
"-80.80","46.63","SUDBURY CLIMATE","6068145","2021-12-25 05:00","2021","12","25","05:00","-2.0","","-2.2","","99","","0.0","","14","","12","","","","95.94","","","","-6","","NA"
"-80.80","46.63","SUDBURY CLIMATE","6068145","2021-12-25 06:00","2021","12","25","06:00","-1.7","","-1.8","","99","","0.0","","13","","8","","","","95.85","","","","-5","","NA"
"-80.80","46.63","SUDBURY CLIMATE","6068145","2021-12-25 07:00","2021","12","25","07:00","-1.4","","-1.5","","99","","0.1","","12","","6","","","","95.79","","","","-4","","NA"
"-80.80","46.63","SUDBURY CLIMATE","6068145","2021-12-25 08:00","2021","12","25","08:00","-1.0","","-1.1","","99","","0.5","","11","","6","","","","95.69","","","","-3","","NA"
"-80.80","46.63","SUDBURY CLIMATE","6068145","2021-12-25 09:00","2021","12","25","09:00","-0.9","","-1.0","","99","","0.1","","13","","5","","","","95.65","","","","-3","","NA"
"-80.80","46.63","SUDBURY CLIMATE","6068145","2021-12-25 10:00","2021","12","25","10:00","-1.0","","-1.0","","99","","0.0","","12","","5","","","","95.63","","","","-3","","NA"
"-80.80","46.63","SUDBURY CLIMATE","6068145","2021-12-25 11:00","2021","12","25","11:00","-0.9","","-1.0","","99","","0.2","","6","","3","","","","95.66","","","","-2","","NA"
"-80.80","46.63","SUDBURY CLIMATE","6068145","2021-12-25 12:00","2021","12","25","12:00","-0.9","","-0.9","","100","","0.5","","7","","6","","","","95.62","","","","-3","","NA"
"-80.80","46.63","SUDBURY CLIMATE","6068145","2021-12-25 13:00","2021","12","25","13:00","-0.9","","-1.0","","100","","0.0","","5","","5","","","","95.65","","","","-3","","NA"
"-80.80","46.63","SUDBURY CLIMATE","6068145","2021-12-25 14:00","2021","12","25","14:00","-0.8","","-0.8","","100","","0.1","","3","","4","","","","95.70","","","","-2","","NA"
"-80.80","46.63","SUDBURY CLIMATE","6068145","2021-12-25 15:00","2021","12","25","15:00","-0.4","","-0.5","","100","","0.0","","36","","2","","","","95.78","","","","-1","","NA"
"-80.80","46.63","SUDBURY CLIMATE","6068145","2021-12-25 16:00","2021","12","25","16:00","-0.2","","-0.2","","100","","0.0","","","","0","","","","95.78","","","","","","NA"
"-80.80","46.63","SUDBURY CLIMATE","6068145","2021-12-25 17:00","2021","12","25","17:00","0.0","","-0.1","","99","","1.7","","30","","6","","","","95.80","","","","-2","","NA"
"-80.80","46.63","SUDBURY CLIMATE","6068145","2021-12-25 18:00","2021","12","25","18:00","1.1","","0.8","","98","","0.0","","30","","7","","","","95.83","","","","","","NA"
"-80.80","46.63","SUDBURY CLIMATE","6068145","2021-12-25 19:00","2021","12","25","19:00","2.5","","0.6","","87","","0.0","","33","","14","","","","95.87","","","","","","NA"
"-80.80","46.63","SUDBURY CLIMATE","6068145","2021-12-25 20:00","2021","12","25","20:00","2.5","","0.0","","83","","0.0","","32","","13","","","","95.96","","","","","","NA"
"-80.80","46.63","SUDBURY CLIMATE","6068145","2021-12-25 21:00","2021","12","25","21:00","1.7","","-0.3","","86","","0.0","","31","","8","","","","96.09","","","","","","NA"
"-80.80","46.63","SUDBURY CLIMATE","6068145","2021-12-25 22:00","2021","12","25","22:00","1.5","","-0.7","","85","","0.0","","32","","12","","","","96.22","","","","","","NA"
"-80.80","46.63","SUDBURY CLIMATE","6068145","2021-12-25 23:00","2021","12","25","23:00","0.2","","-1.3","","90","","0.0","","32","","6","","","","96.29","","","","","","NA"
"-80.80","46.63","SUDBURY CLIMATE","6068145","2021-12-26 00:00","2021","12","26","00:00","-0.2","","-1.3","","92","","0.0","","33","","8","","","","96.37","","","","-3","","NA"
"-80.80","46.63","SUDBURY CLIMATE","6068145","2021-12-26 01:00","2021","12","26","01:00","-0.5","","-1.8","","90","","0.0","","32","","11","","","","96.47","","","","-4","","NA"
"-80.80","46.63","SUDBURY CLIMATE","6068145","2021-12-26 02:00","2021","12","26","02:00","-0.6","","-3.4","","81","","0.0","","34","","13","","","","96.56","","","","-5","","NA"
"-80.80","46.63","SUDBURY CLIMATE","6068145","2021-12-26 03:00","2021","12","26","03:00","-1.4","","-3.8","","84","","0.0","","34","","9","","","","96.65","","","","-5","","NA"
"-80.80","46.63","SUDBURY CLIMATE","6068145","2021-12-26 04:00","2021","12","26","04:00","-1.8","","-4.8","","80","","0.0","","34","","11","","","","96.74","","","","-6","","NA"
"-80.80","46.63","SUDBURY CLIMATE","6068145","2021-12-26 05:00","2021","12","26","05:00","-2.6","","-6.4","","75","","0.0","","35","","14","","","","96.86","","","","-7","","NA"
"-80.80","46.63","SUDBURY CLIMATE","6068145","2021-12-26 06:00","2021","12","26","06:00","-3.4","","-6.9","","77","","0.0","","36","","10","","","","96.88","","","","-7","","NA"
"-80.80","46.63","SUDBURY CLIMATE","6068145","2021-12-26 07:00","2021","12","26","07:00","-4.0","","-7.5","","77","","0.0","","35","","11","","","","97.00","","","","-8","","NA"
"-80.80","46.63","SUDBURY CLIMATE","6068145","2021-12-26 08:00","2021","12","26","08:00","-4.4","","-7.6","","78","","0.0","","2","","13","","","","97.11","","","","-9","","NA"
"-80.80","46.63","SUDBURY CLIMATE","6068145","2021-12-26 09:00","2021","12","26","09:00","-5.1","","-8.1","","80","","0.0","","36","","12","","","","97.15","","","","-10","","NA"
"-80.80","46.63","SUDBURY CLIMATE","6068145","2021-12-26 10:00","2021","12","26","10:00","-6.1","","-9.1","","79","","0.0","","1","","16","","","","97.13","","","","-12","","NA"
"-80.80","46.63","SUDBURY CLIMATE","6068145","2021-12-26 11:00","2021","12","26","11:00","-6.3","","-9.3","","79","","0.0","","36","","10","","","","97.25","","","","-11","","NA"
"-80.80","46.63","SUDBURY CLIMATE","6068145","2021-12-26 12:00","2021","12","26","12:00","-6.5","","-9.6","","79","","0.0","","34","","9","","","","97.39","","","","-11","","NA"
"-80.80","46.63","SUDBURY CLIMATE","6068145","2021-12-26 13:00","2021","12","26","13:00","-6.5","","-9.3","","81","","0.0","","2","","10","","","","97.45","","","","-11","","NA"
"-80.80","46.63","SUDBURY CLIMATE","6068145","2021-12-26 14:00","2021","12","26","14:00","-6.7","","-9.7","","79","","0.0","","1","","11","","","","97.55","","","","-12","","NA"
"-80.80","46.63","SUDBURY CLIMATE","6068145","2021-12-26 15:00","2021","12","26","15:00","-7.4","","-11.1","","75","","0.0","","35","","12","","","","97.62","","","","-13","","NA"
"-80.80","46.63","SUDBURY CLIMATE","6068145","2021-12-26 16:00","2021","12","26","16:00","-7.8","","-12.0","","72","","0.0","","1","","13","","","","97.69","","","","-14","","NA"
"-80.80","46.63","SUDBURY CLIMATE","6068145","2021-12-26 17:00","2021","12","26","17:00","-7.7","","-12.0","","71","","0.0","","3","","13","","","","97.73","","","","-13","","NA"
"-80.80","46.63","SUDBURY CLIMATE","6068145","2021-12-26 18:00","2021","12","26","18:00","-7.4","","-12.5","","67","","0.0","","2","","14","","","","97.76","","","","-13","","NA"
"-80.80","46.63","SUDBURY CLIMATE","6068145","2021-12-26 19:00","2021","12","26","19:00","-7.1","","-13.2","","62","","0.0","","1","","12","","","","97.79","","","","-12","","NA"
"-80.80","46.63","SUDBURY CLIMATE","6068145","2021-12-26 20:00","2021","12","26","20:00","-6.7","","-12.8","","62","","0.0","","1","","9","","","","97.85","","","","-11","","NA"
"-80.80","46.63","SUDBURY CLIMATE","6068145","2021-12-26 21:00","2021","12","26","21:00","-7.2","","-13.0","","63","","0.0","","2","","11","","","","97.92","","","","-12","","NA"
"-80.80","46.63","SUDBURY CLIMATE","6068145","2021-12-26 22:00","2021","12","26","22:00","-8.7","","-13.7","","67","","0.0","","35","","9","","","","98.02","","","","-13","","NA"
"-80.80","46.63","SUDBURY CLIMATE","6068145","2021-12-26 23:00","2021","12","26","23:00","-9.7","","-13.6","","73","","0.0","","35","","7","","","","98.06","","","","-14","","NA"
"-80.80","46.63","SUDBURY CLIMATE","6068145","2021-12-27 00:00","2021","12","27","00:00","-10.8","","-13.7","","79","","0.0","","35","","8","","","","98.13","","","","-15","","NA"
"-80.80","46.63","SUDBURY CLIMATE","6068145","2021-12-27 01:00","2021","12","27","01:00","-11.6","","-15.0","","76","","0.0","","1","","9","","","","98.13","","","","-17","","NA"
"-80.80","46.63","SUDBURY CLIMATE","6068145","2021-12-27 02:00","2021","12","27","02:00","-12.8","","-15.5","","80","","0.0","","34","","6","","","","98.20","","","","-17","","NA"
"-80.80","46.63","SUDBURY CLIMATE","6068145","2021-12-27 03:00","2021","12","27","03:00","-14.4","","-16.7","","83","","0.0","","30","","6","","","","98.34","","","","-19","","NA"
"-80.80","46.63","SUDBURY CLIMATE","6068145","2021-12-27 04:00","2021","12","27","04:00","-15.0","","-17.2","","83","","0.0","","36","","7","","","","98.38","","","","-20","","NA"
"-80.80","46.63","SUDBURY CLIMATE","6068145","2021-12-27 05:00","2021","12","27","05:00","-14.6","","-17.2","","81","","0.0","","5","","26","","","","98.19","","","","-25","","NA"
"-80.80","46.63","SUDBURY CLIMATE","6068145","2021-12-27 06:00","2021","12","27","06:00","-15.5","","-18.7","","76","","0.0","","5","","30","","","","98.09","","","","-27","","NA"
"-80.80","46.63","SUDBURY CLIMATE","6068145","2021-12-27 07:00","2021","12","27","07:00","-16.5","","-19.9","","75","","0.0","","5","","23","","","","98.01","","","","-27","","NA"
"-80.80","46.63","SUDBURY CLIMATE","6068145","2021-12-27 08:00","2021","12","27","08:00","-16.6","","-19.5","","78","","0.0","","6","","15","","","","98.10","","","","-25","","NA"
"-80.80","46.63","SUDBURY CLIMATE","6068145","2021-12-27 09:00","2021","12","27","09:00","-16.7","","-19.3","","80","","0.0","","6","","13","","","","97.95","","","","-24","","NA"
"-80.80","46.63","SUDBURY CLIMATE","6068145","2021-12-27 10:00","2021","12","27","10:00","-16.6","","-19.5","","79","","0.0","","7","","11","","","","98.01","","","","-24","","NA"
"-80.80","46.63","SUDBURY CLIMATE","6068145","2021-12-27 11:00","2021","12","27","11:00","-16.9","","-19.7","","79","","0.0","","7","","16","","","","97.91","","","","-26","","NA"
"-80.80","46.63","SUDBURY CLIMATE","6068145","2021-12-27 12:00","2021","12","27","12:00","-16.9","","-19.6","","80","","0.0","","6","","22","","","","97.74","","","","-27","","NA"
"-80.80","46.63","SUDBURY CLIMATE","6068145","2021-12-27 13:00","2021","12","27","13:00","-16.7","","-19.4","","79","","0.0","","6","","20","","","","97.68","","","","-26","","NA"
"-80.80","46.63","SUDBURY CLIMATE","6068145","2021-12-27 14:00","2021","12","27","14:00","-16.2","","-19.3","","77","","0.0","","6","","19","","","","97.71","","","","-25","","NA"
"-80.80","46.63","SUDBURY CLIMATE","6068145","2021-12-27 15:00","2021","12","27","15:00","-15.3","","-18.1","","79","","0.0","","5","","19","","","","97.70","","","","-24","","NA"
"-80.80","46.63","SUDBURY CLIMATE","6068145","2021-12-27 16:00","2021","12","27","16:00","-15.1","","-18.1","","78","","0.0","","6","","14","","","","97.64","","","","-23","","NA"
"-80.80","46.63","SUDBURY CLIMATE","6068145","2021-12-27 17:00","2021","12","27","17:00","-14.1","","-18.7","","68","","0.0","","7","","16","","","","97.43","","","","-22","","NA"
"-80.80","46.63","SUDBURY CLIMATE","6068145","2021-12-27 18:00","2021","12","27","18:00","-13.1","","-17.5","","69","","0.0","","6","","22","","","","97.18","","","","-22","","NA"
"-80.80","46.63","SUDBURY CLIMATE","6068145","2021-12-27 19:00","2021","12","27","19:00","-11.8","","-16.8","","66","","0.0","","6","","22","","","","96.92","","","","-21","","NA"
"-80.80","46.63","SUDBURY CLIMATE","6068145","2021-12-27 20:00","2021","12","27","20:00","-10.6","","-16.5","","62","","0.0","","6","","18","","","","96.84","","","","-18","","NA"
"-80.80","46.63","SUDBURY CLIMATE","6068145","2021-12-27 21:00","2021","12","27","21:00","-10.3","","-15.9","","63","","0.0","","7","","15","","","","96.84","","","","-17","","NA"
"-80.80","46.63","SUDBURY CLIMATE","6068145","2021-12-27 22:00","2021","12","27","22:00","-10.6","","-14.7","","72","","0.1","","7","","19","","","","96.71","","","","-18","","NA"
"-80.80","46.63","SUDBURY CLIMATE","6068145","2021-12-27 23:00","2021","12","27","23:00","-10.5","","-13.5","","78","","0.2","","7","","24","","","","96.54","","","","-19","","NA"
"-80.80","46.63","SUDBURY CLIMATE","6068145","2021-12-28 00:00","2021","12","28","00:00","-10.2","","-12.5","","83","","0.0","","7","","29","","","","96.36","","","","-20","","NA"
"-80.80","46.63","SUDBURY CLIMATE","6068145","2021-12-28 01:00","2021","12","28","01:00","-9.8","","-11.5","","87","","0.2","","8","","19","","","","96.30","","","","-17","","NA"
"-80.80","46.63","SUDBURY CLIMATE","6068145","2021-12-28 02:00","2021","12","28","02:00","-9.9","","-11.5","","88","","0.4","","9","","15","","","","96.21","","","","-17","","NA"
"-80.80","46.63","SUDBURY CLIMATE","6068145","2021-12-28 03:00","2021","12","28","03:00","-9.9","","-11.4","","89","","0.6","","7","","13","","","","96.14","","","","-16","","NA"
"-80.80","46.63","SUDBURY CLIMATE","6068145","2021-12-28 04:00","2021","12","28","04:00","-9.9","","-11.4","","89","","0.6","","8","","15","","","","96.04","","","","-17","","NA"
"-80.80","46.63","SUDBURY CLIMATE","6068145","2021-12-28 05:00","2021","12","28","05:00","-9.7","","-11.0","","90","","0.2","","8","","12","","","","96.03","","","","-16","","NA"
"-80.80","46.63","SUDBURY CLIMATE","6068145","2021-12-28 06:00","2021","12","28","06:00","-9.5","","-10.8","","90","","0.4","","7","","8","","","","96.00","","","","-14","","NA"
"-80.80","46.63","SUDBURY CLIMATE","6068145","2021-12-28 07:00","2021","12","28","07:00","-9.3","","-10.7","","90","","0.1","","6","","11","","","","95.96","","","","-15","","NA"
"-80.80","46.63","SUDBURY CLIMATE","6068145","2021-12-28 08:00","2021","12","28","08:00","-9.0","","-10.5","","89","","0.0","","6","","3","","","","96.05","","","","-11","","NA"
"-80.80","46.63","SUDBURY CLIMATE","6068145","2021-12-28 09:00","2021","12","28","09:00","-8.9","","-10.3","","89","","0.0","","0","","1","","","","96.06","","","","-9","","NA"
"-80.80","46.63","SUDBURY CLIMATE","6068145","2021-12-28 10:00","2021","12","28","10:00","-8.5","","-9.7","","91","","0.0","","24","","8","","","","96.10","","","","-13","","NA"
"-80.80","46.63","SUDBURY CLIMATE","6068145","2021-12-28 11:00","2021","12","28","11:00","-8.1","","-9.2","","92","","0.0","","24","","12","","","","96.20","","","","-14","","NA"
"-80.80","46.63","SUDBURY CLIMATE","6068145","2021-12-28 12:00","2021","12","28","12:00","-7.5","","-8.5","","92","","0.0","","25","","11","","","","96.24","","","","-13","","NA"
"-80.80","46.63","SUDBURY CLIMATE","6068145","2021-12-28 13:00","2021","12","28","13:00","-7.7","","-8.6","","93","","0.0","","28","","10","","","","96.35","","","","-13","","NA"
"-80.80","46.63","SUDBURY CLIMATE","6068145","2021-12-28 14:00","2021","12","28","14:00","-6.7","","-7.7","","93","","0.0","","27","","8","","","","96.50","","","","-11","","NA"
"-80.80","46.63","SUDBURY CLIMATE","6068145","2021-12-28 15:00","2021","12","28","15:00","-5.6","","-6.9","","90","","0.0","","28","","7","","","","96.62","","","","-9","","NA"
"-80.80","46.63","SUDBURY CLIMATE","6068145","2021-12-28 16:00","2021","12","28","16:00","-4.7","","-6.5","","87","","0.0","","31","","3","","","","96.68","","","","-6","","NA"
"-80.80","46.63","SUDBURY CLIMATE","6068145","2021-12-28 17:00","2021","12","28","17:00","-4.9","","-7.0","","85","","0.0","","32","","8","","","","96.78","","","","-8","","NA"
"-80.80","46.63","SUDBURY CLIMATE","6068145","2021-12-28 18:00","2021","12","28","18:00","-5.4","","-6.8","","90","","0.0","","35","","8","","","","96.66","","","","-9","","NA"
"-80.80","46.63","SUDBURY CLIMATE","6068145","2021-12-28 19:00","2021","12","28","19:00","-5.5","","-7.6","","85","","0.0","","3","","9","","","","96.60","","","","-10","","NA"
"-80.80","46.63","SUDBURY CLIMATE","6068145","2021-12-28 20:00","2021","12","28","20:00","-5.7","","-8.2","","83","","0.0","","36","","9","","","","96.66","","","","-10","","NA"
"-80.80","46.63","SUDBURY CLIMATE","6068145","2021-12-28 21:00","2021","12","28","21:00","-6.1","","-8.3","","84","","0.0","","1","","5","","","","96.82","","","","-9","","NA"
"-80.80","46.63","SUDBURY CLIMATE","6068145","2021-12-28 22:00","2021","12","28","22:00","-6.9","","-9.3","","83","","0.0","","2","","7","","","","96.91","","","","-10","","NA"
"-80.80","46.63","SUDBURY CLIMATE","6068145","2021-12-28 23:00","2021","12","28","23:00","-7.7","","-9.6","","86","","0.0","","3","","8","","","","96.92","","","","-12","","NA"
"-80.80","46.63","SUDBURY CLIMATE","6068145","2021-12-29 00:00","2021","12","29","00:00","-8.3","","-10.3","","85","","0.0","","5","","13","","","","96.90","","","","-14","","NA"
"-80.80","46.63","SUDBURY CLIMATE","6068145","2021-12-29 01:00","2021","12","29","01:00","-8.5","","-10.4","","86","","0.0","","4","","19","","","","96.90","","","","-16","","NA"
"-80.80","46.63","SUDBURY CLIMATE","6068145","2021-12-29 02:00","2021","12","29","02:00","-8.7","","-10.7","","85","","0.0","","5","","16","","","","96.92","","","","-15","","NA"
"-80.80","46.63","SUDBURY CLIMATE","6068145","2021-12-29 03:00","2021","12","29","03:00","-9.1","","-11.3","","84","","0.0","","6","","18","","","","96.87","","","","-16","","NA"
"-80.80","46.63","SUDBURY CLIMATE","6068145","2021-12-29 04:00","2021","12","29","04:00","-9.5","","-11.8","","83","","0.0","","6","","20","","","","96.82","","","","-17","","NA"
"-80.80","46.63","SUDBURY CLIMATE","6068145","2021-12-29 05:00","2021","12","29","05:00","-9.7","","-11.7","","85","","0.0","","7","","13","","","","96.89","","","","-16","","NA"
"-80.80","46.63","SUDBURY CLIMATE","6068145","2021-12-29 06:00","2021","12","29","06:00","-9.9","","-11.8","","86","","0.0","","6","","14","","","","96.90","","","","-16","","NA"
"-80.80","46.63","SUDBURY CLIMATE","6068145","2021-12-29 07:00","2021","12","29","07:00","-10.0","","-11.8","","87","","0.0","","6","","16","","","","96.88","","","","-17","","NA"
"-80.80","46.63","SUDBURY CLIMATE","6068145","2021-12-29 08:00","2021","12","29","08:00","-10.4","","-12.1","","87","","0.0","","5","","17","","","","96.89","","","","-18","","NA"
"-80.80","46.63","SUDBURY CLIMATE","6068145","2021-12-29 09:00","2021","12","29","09:00","-10.4","","-12.3","","86","","0.0","","6","","15","","","","96.87","","","","-17","","NA"
"-80.80","46.63","SUDBURY CLIMATE","6068145","2021-12-29 10:00","2021","12","29","10:00","-10.7","","-12.5","","86","","0.0","","7","","11","","","","96.89","","","","-16","","NA"
"-80.80","46.63","SUDBURY CLIMATE","6068145","2021-12-29 11:00","2021","12","29","11:00","-10.9","","-12.6","","87","","0.0","","7","","11","","","","96.89","","","","-17","","NA"
"-80.80","46.63","SUDBURY CLIMATE","6068145","2021-12-29 12:00","2021","12","29","12:00","-11.1","","-12.7","","88","","0.0","","7","","12","","","","96.92","","","","-17","","NA"
"-80.80","46.63","SUDBURY CLIMATE","6068145","2021-12-29 13:00","2021","12","29","13:00","-11.1","","-12.7","","88","","0.0","","7","","11","","","","96.91","","","","-17","","NA"
"-80.80","46.63","SUDBURY CLIMATE","6068145","2021-12-29 14:00","2021","12","29","14:00","-10.6","","-12.3","","88","","0.0","","7","","8","","","","96.94","","","","-15","","NA"
"-80.80","46.63","SUDBURY CLIMATE","6068145","2021-12-29 15:00","2021","12","29","15:00","-9.6","","-11.7","","84","","0.0","","4","","2","","","","96.95","","","","-11","","NA"
"-80.80","46.63","SUDBURY CLIMATE","6068145","2021-12-29 16:00","2021","12","29","16:00","-8.3","","-10.8","","82","","0.0","","4","","7","","","","96.92","","","","-12","","NA"
"-80.80","46.63","SUDBURY CLIMATE","6068145","2021-12-29 17:00","2021","12","29","17:00","-6.6","","-9.0","","83","","0.0","","7","","7","","","","96.81","","","","-10","","NA"
"-80.80","46.63","SUDBURY CLIMATE","6068145","2021-12-29 18:00","2021","12","29","18:00","-5.4","","-7.5","","85","","0.0","","13","","15","","","","96.77","","","","-11","","NA"
"-80.80","46.63","SUDBURY CLIMATE","6068145","2021-12-29 19:00","2021","12","29","19:00","-4.8","","-6.4","","89","","0.1","","13","","18","","","","96.69","","","","-11","","NA"
"-80.80","46.63","SUDBURY CLIMATE","6068145","2021-12-29 20:00","2021","12","29","20:00","-4.4","","-5.7","","90","","0.2","","14","","17","","","","96.67","","","","-10","","NA"
"-80.80","46.63","SUDBURY CLIMATE","6068145","2021-12-29 21:00","2021","12","29","21:00","-4.2","","-5.2","","93","","0.4","","15","","15","","","","96.70","","","","-10","","NA"
"-80.80","46.63","SUDBURY CLIMATE","6068145","2021-12-29 22:00","2021","12","29","22:00","-4.2","","-5.0","","94","","0.3","","14","","17","","","","96.64","","","","-10","","NA"
"-80.80","46.63","SUDBURY CLIMATE","6068145","2021-12-29 23:00","2021","12","29","23:00","-3.7","","-4.3","","96","","0.1","","16","","12","","","","96.66","","","","-8","","NA"
"-80.80","46.63","SUDBURY CLIMATE","6068145","2021-12-30 00:00","2021","12","30","00:00","-3.5","","-3.9","","97","","0.0","","17","","15","","","","96.70","","","","-9","","NA"
"-80.80","46.63","SUDBURY CLIMATE","6068145","2021-12-30 01:00","2021","12","30","01:00","-2.8","","-3.1","","98","","0.0","","20","","13","","","","96.74","","","","-7","","NA"
"-80.80","46.63","SUDBURY CLIMATE","6068145","2021-12-30 02:00","2021","12","30","02:00","-2.1","","-2.5","","98","","0.0","","24","","8","","","","96.73","","","","-5","","NA"
"-80.80","46.63","SUDBURY CLIMATE","6068145","2021-12-30 03:00","2021","12","30","03:00","-1.8","","-2.4","","96","","0.0","","27","","10","","","","96.77","","","","-5","","NA"
"-80.80","46.63","SUDBURY CLIMATE","6068145","2021-12-30 04:00","2021","12","30","04:00","-2.6","","-3.7","","92","","0.0","","25","","9","","","","96.83","","","","-6","","NA"
"-80.80","46.63","SUDBURY CLIMATE","6068145","2021-12-30 05:00","2021","12","30","05:00","-2.8","","-4.3","","89","","0.0","","27","","9","","","","96.88","","","","-6","","NA"
"-80.80","46.63","SUDBURY CLIMATE","6068145","2021-12-30 06:00","2021","12","30","06:00","-3.8","","-5.7","","87","","0.0","","30","","6","","","","96.89","","","","-6","","NA"
"-80.80","46.63","SUDBURY CLIMATE","6068145","2021-12-30 07:00","2021","12","30","07:00","-4.8","","-7.2","","83","","0.0","","29","","6","","","","96.96","","","","-8","","NA"
"-80.80","46.63","SUDBURY CLIMATE","6068145","2021-12-30 08:00","2021","12","30","08:00","-5.3","","-7.8","","83","","0.0","","29","","8","","","","97.01","","","","-9","","NA"
"-80.80","46.63","SUDBURY CLIMATE","6068145","2021-12-30 09:00","2021","12","30","09:00","-6.7","","-9.1","","83","","0.0","","28","","7","","","","97.08","","","","-10","","NA"
"-80.80","46.63","SUDBURY CLIMATE","6068145","2021-12-30 10:00","2021","12","30","10:00","-6.5","","-9.1","","82","","0.0","","31","","7","","","","97.09","","","","-10","","NA"
"-80.80","46.63","SUDBURY CLIMATE","6068145","2021-12-30 11:00","2021","12","30","11:00","-6.5","","-9.0","","82","","0.0","","35","","5","","","","97.16","","","","-9","","NA"
"-80.80","46.63","SUDBURY CLIMATE","6068145","2021-12-30 12:00","2021","12","30","12:00","-9.5","","-10.8","","90","","0.0","","34","","2","","","","97.15","","","","-11","","NA"
"-80.80","46.63","SUDBURY CLIMATE","6068145","2021-12-30 13:00","2021","12","30","13:00","-8.7","","-10.3","","88","","0.0","","35","","4","","","","97.21","","","","-11","","NA"
"-80.80","46.63","SUDBURY CLIMATE","6068145","2021-12-30 14:00","2021","12","30","14:00","-7.7","","-9.9","","84","","0.0","","34","","4","","","","97.27","","","","-10","","NA"
"-80.80","46.63","SUDBURY CLIMATE","6068145","2021-12-30 15:00","2021","12","30","15:00","-6.9","","-10.0","","79","","0.0","","31","","3","","","","97.32","","","","-8","","NA"
"-80.80","46.63","SUDBURY CLIMATE","6068145","2021-12-30 16:00","2021","12","30","16:00","-5.8","","-9.6","","74","","0.0","","0","","1","","","","97.28","","","","-6","","NA"
"-80.80","46.63","SUDBURY CLIMATE","6068145","2021-12-30 17:00","2021","12","30","17:00","-5.9","","-10.3","","71","","0.0","","3","","7","","","","97.23","","","","-9","","NA"
"-80.80","46.63","SUDBURY CLIMATE","6068145","2021-12-30 18:00","2021","12","30","18:00","-5.6","","-10.3","","70","","0.0","","5","","8","","","","97.15","","","","-9","","NA"
"-80.80","46.63","SUDBURY CLIMATE","6068145","2021-12-30 19:00","2021","12","30","19:00","-5.5","","-10.0","","70","","0.0","","2","","10","","","","97.13","","","","-10","","NA"
"-80.80","46.63","SUDBURY CLIMATE","6068145","2021-12-30 20:00","2021","12","30","20:00","-5.6","","-9.5","","74","","0.0","","5","","8","","","","97.14","","","","-9","","NA"
"-80.80","46.63","SUDBURY CLIMATE","6068145","2021-12-30 21:00","2021","12","30","21:00","-5.6","","-9.5","","74","","0.0","","5","","7","","","","97.15","","","","-9","","NA"
"-80.80","46.63","SUDBURY CLIMATE","6068145","2021-12-30 22:00","2021","12","30","22:00","-7.1","","-10.2","","79","","0.0","","10","","5","","","","97.13","","","","-10","","NA"
"-80.80","46.63","SUDBURY CLIMATE","6068145","2021-12-30 23:00","2021","12","30","23:00","-6.8","","-9.7","","80","","0.0","","12","","6","","","","97.13","","","","-10","","NA"
"-80.80","46.63","SUDBURY CLIMATE","6068145","2021-12-31 00:00","2021","12","31","00:00","-8.7","","-11.1","","83","","0.0","","11","","5","","","","97.11","","","","-11","","NA"
"-80.80","46.63","SUDBURY CLIMATE","6068145","2021-12-31 01:00","2021","12","31","01:00","-8.5","","-9.9","","90","","0.0","","0","","1","","","","97.12","","","","-9","","NA"
"-80.80","46.63","SUDBURY CLIMATE","6068145","2021-12-31 02:00","2021","12","31","02:00","-9.8","","-11.7","","86","","0.0","","12","","7","","","","97.08","","","","-14","","NA"
"-80.80","46.63","SUDBURY CLIMATE","6068145","2021-12-31 03:00","2021","12","31","03:00","-9.8","","-11.0","","91","","0.0","","12","","10","","","","97.01","","","","-15","","NA"
"-80.80","46.63","SUDBURY CLIMATE","6068145","2021-12-31 04:00","2021","12","31","04:00","-11.1","","-12.0","","94","","0.0","","11","","5","","","","97.01","","","","-14","","NA"
"-80.80","46.63","SUDBURY CLIMATE","6068145","2021-12-31 05:00","2021","12","31","05:00","-12.1","","-13.1","","92","","0.0","","14","","8","","","","96.98","","","","-17","","NA"
"-80.80","46.63","SUDBURY CLIMATE","6068145","2021-12-31 06:00","2021","12","31","06:00","-10.4","","-11.7","","90","","0.0","","17","","9","","","","96.94","","","","-15","","NA"
"-80.80","46.63","SUDBURY CLIMATE","6068145","2021-12-31 07:00","2021","12","31","07:00","-9.3","","-10.4","","92","","0.0","","17","","12","","","","96.88","","","","-15","","NA"
"-80.80","46.63","SUDBURY CLIMATE","6068145","2021-12-31 08:00","2021","12","31","08:00","-8.5","","-9.4","","93","","0.0","","15","","14","","","","96.83","","","","-15","","NA"
"-80.80","46.63","SUDBURY CLIMATE","6068145","2021-12-31 09:00","2021","12","31","09:00","-7.7","","-8.7","","93","","0.0","","15","","12","","","","96.77","","","","-13","","NA"
"-80.80","46.63","SUDBURY CLIMATE","6068145","2021-12-31 10:00","2021","12","31","10:00","-7.4","","-8.3","","93","","0.0","","12","","14","","","","96.69","","","","-13","","NA"
"-80.80","46.63","SUDBURY CLIMATE","6068145","2021-12-31 11:00","2021","12","31","11:00","-7.4","","-8.3","","94","","0.0","","14","","13","","","","96.67","","","","-13","","NA"
"-80.80","46.63","SUDBURY CLIMATE","6068145","2021-12-31 12:00","2021","12","31","12:00","-7.4","","-8.3","","94","","0.0","","13","","16","","","","96.60","","","","-14","","NA"
"-80.80","46.63","SUDBURY CLIMATE","6068145","2021-12-31 13:00","2021","12","31","13:00","-6.3","","-7.2","","93","","0.0","","15","","17","","","","96.64","","","","-13","","NA"
"-80.80","46.63","SUDBURY CLIMATE","6068145","2021-12-31 14:00","2021","12","31","14:00","-5.7","","-6.5","","94","","0.1","","15","","21","","","","96.60","","","","-13","","NA"
"-80.80","46.63","SUDBURY CLIMATE","6068145","2021-12-31 15:00","2021","12","31","15:00","-5.2","","-5.8","","95","","0.0","","15","","20","","","","96.55","","","","-12","","NA"
"-80.80","46.63","SUDBURY CLIMATE","6068145","2021-12-31 16:00","2021","12","31","16:00","-4.3","","-4.8","","96","","0.0","","19","","9","","","","96.55","","","","-8","","NA"
"-80.80","46.63","SUDBURY CLIMATE","6068145","2021-12-31 17:00","2021","12","31","17:00","-3.5","","-3.9","","97","","0.0","","21","","9","","","","96.51","","","","-7","","NA"
"-80.80","46.63","SUDBURY CLIMATE","6068145","2021-12-31 18:00","2021","12","31","18:00","-2.1","","-2.4","","98","","0.0","","22","","14","","","","96.47","","","","-7","","NA"
"-80.80","46.63","SUDBURY CLIMATE","6068145","2021-12-31 19:00","2021","12","31","19:00","-0.9","","-1.2","","98","","0.0","","24","","11","","","","96.48","","","","-5","","NA"
"-80.80","46.63","SUDBURY CLIMATE","6068145","2021-12-31 20:00","2021","12","31","20:00","-0.5","","-1.5","","93","","0.0","","24","","16","","","","96.50","","","","-5","","NA"
"-80.80","46.63","SUDBURY CLIMATE","6068145","2021-12-31 21:00","2021","12","31","21:00","0.2","","-1.7","","87","","0.0","","26","","11","","","","96.58","","","","","","NA"
"-80.80","46.63","SUDBURY CLIMATE","6068145","2021-12-31 22:00","2021","12","31","22:00","0.0","","-1.9","","87","","0.0","","24","","11","","","","96.58","","","","-4","","NA"
"-80.80","46.63","SUDBURY CLIMATE","6068145","2021-12-31 23:00","2021","12","31","23:00","-0.4","","-2.8","","84","","0.0","","23","","11","","","","96.58","","","","-4","","NA"
