"Longitude (x)","Latitude (y)","Station Name","Climate ID","Date/Time (UTC)","Year","Month","Day","Time (UTC)","Temp (°C)","Temp Flag","Dew Point Temp (°C)","Dew Point Temp Flag","Rel Hum (%)","Rel Hum Flag","Precip. Amount (mm)","Precip. Amount Flag","Wind Dir (10s deg)","Wind Dir Flag","Wind Spd (km/h)","Wind Spd Flag","Visibility (km)","Visibility Flag","Stn Press (kPa)","Stn Press Flag","Hmdx","Hmdx Flag","Wind Chill","Wind Chill Flag","Weather"
"-80.80","46.63","SUDBURY CLIMATE","6068145","2021-03-01 00:00","2021","03","01","00:00","1.4","","0.8","","95","","1.7","","16","","27","","","","95.65","","","","","","NA"
"-80.80","46.63","SUDBURY CLIMATE","6068145","2021-03-01 01:00","2021","03","01","01:00","1.6","","1.3","","98","","0.7","","18","","33","","","","95.49","","","","","","NA"
"-80.80","46.63","SUDBURY CLIMATE","6068145","2021-03-01 02:00","2021","03","01","02:00","2.5","","2.2","","98","","0.4","","21","","38","","","","95.40","","","","","","NA"
"-80.80","46.63","SUDBURY CLIMATE","6068145","2021-03-01 03:00","2021","03","01","03:00","3.2","","2.8","","97","","0.2","","22","","36","","","","95.32","","","","","","NA"
"-80.80","46.63","SUDBURY CLIMATE","6068145","2021-03-01 04:00","2021","03","01","04:00","2.8","","1.0","","88","","0.2","","25","","34","","","","95.30","","","","","","NA"
"-80.80","46.63","SUDBURY CLIMATE","6068145","2021-03-01 05:00","2021","03","01","05:00","1.8","","0.4","","90","","0.0","","25","","25","","","","95.36","","","","","","NA"
"-80.80","46.63","SUDBURY CLIMATE","6068145","2021-03-01 06:00","2021","03","01","06:00","1.6","","0.1","","90","","0.0","","25","","16","","","","95.47","","","","","","NA"
"-80.80","46.63","SUDBURY CLIMATE","6068145","2021-03-01 07:00","2021","03","01","07:00","0.4","","-3.2","","77","","0.0","","31","","24","","","","95.65","","","","","","NA"
"-80.80","46.63","SUDBURY CLIMATE","6068145","2021-03-01 08:00","2021","03","01","08:00","-2.3","","-6.6","","73","","0.0","","31","","23","","","","95.85","","","","-9","","NA"
"-80.80","46.63","SUDBURY CLIMATE","6068145","2021-03-01 09:00","2021","03","01","09:00","-5.8","","-9.7","","74","","0.0","","32","","20","","","","96.06","","","","-13","","NA"
"-80.80","46.63","SUDBURY CLIMATE","6068145","2021-03-01 10:00","2021","03","01","10:00","-7.9","","-13.2","","66","","0.0","","33","","25","","","","96.26","","","","-16","","NA"
"-80.80","46.63","SUDBURY CLIMATE","6068145","2021-03-01 11:00","2021","03","01","11:00","-9.2","","-14.2","","67","","0.0","","32","","22","","","","96.42","","","","-17","","NA"
"-80.80","46.63","SUDBURY CLIMATE","6068145","2021-03-01 12:00","2021","03","01","12:00","-10.4","","-16.1","","63","","0.0","","31","","22","","","","96.59","","","","-19","","NA"
"-80.80","46.63","SUDBURY CLIMATE","6068145","2021-03-01 13:00","2021","03","01","13:00","-11.5","","-18.9","","54","","0.0","","32","","18","","","","96.73","","","","-19","","NA"
"-80.80","46.63","SUDBURY CLIMATE","6068145","2021-03-01 14:00","2021","03","01","14:00","-11.5","","-18.9","","54","","0.0","","35","","13","","","","96.75","","","","-18","","NA"
"-80.80","46.63","SUDBURY CLIMATE","6068145","2021-03-01 15:00","2021","03","01","15:00","-10.9","","-18.3","","55","","0.0","","32","","13","","","","96.79","","","","-17","","NA"
"-80.80","46.63","SUDBURY CLIMATE","6068145","2021-03-01 16:00","2021","03","01","16:00","-11.7","","-17.6","","61","","0.0","","34","","17","","","","96.85","","","","-19","","NA"
"-80.80","46.63","SUDBURY CLIMATE","6068145","2021-03-01 17:00","2021","03","01","17:00","-12.2","","-17.6","","64","","0.0","","34","","18","","","","96.88","","","","-20","","NA"
"-80.80","46.63","SUDBURY CLIMATE","6068145","2021-03-01 18:00","2021","03","01","18:00","-12.7","","-20.9","","50","","0.0","","33","","22","","","","96.92","","","","-22","","NA"
"-80.80","46.63","SUDBURY CLIMATE","6068145","2021-03-01 19:00","2021","03","01","19:00","-13.9","","-21.6","","52","","0.0","","35","","24","","","","97.02","","","","-24","","NA"
"-80.80","46.63","SUDBURY CLIMATE","6068145","2021-03-01 20:00","2021","03","01","20:00","-14.0","","-22.6","","48","","0.0","","32","","21","","","","97.12","","","","-23","","NA"
"-80.80","46.63","SUDBURY CLIMATE","6068145","2021-03-01 21:00","2021","03","01","21:00","-14.8","","-25.9","","38","","0.0","","32","","23","","","","97.26","","","","-25","","NA"
"-80.80","46.63","SUDBURY CLIMATE","6068145","2021-03-01 22:00","2021","03","01","22:00","-15.6","","-24.9","","45","","0.0","","33","","25","","","","97.40","","","","-26","","NA"
"-80.80","46.63","SUDBURY CLIMATE","6068145","2021-03-01 23:00","2021","03","01","23:00","-16.2","","-23.2","","55","","0.0","","33","","17","","","","97.56","","","","-25","","NA"
"-80.80","46.63","SUDBURY CLIMATE","6068145","2021-03-02 00:00","2021","03","02","00:00","-17.2","","-23.7","","57","","0.0","","33","","15","","","","97.70","","","","-26","","NA"
"-80.80","46.63","SUDBURY CLIMATE","6068145","2021-03-02 01:00","2021","03","02","01:00","-17.9","","-24.1","","59","","0.0","","32","","9","","","","97.77","","","","-24","","NA"
"-80.80","46.63","SUDBURY CLIMATE","6068145","2021-03-02 02:00","2021","03","02","02:00","-18.6","","-23.7","","64","","0.0","","29","","8","","","","97.83","","","","-25","","NA"
"-80.80","46.63","SUDBURY CLIMATE","6068145","2021-03-02 03:00","2021","03","02","03:00","-19.0","","-23.6","","67","","0.0","","31","","8","","","","97.84","","","","-25","","NA"
"-80.80","46.63","SUDBURY CLIMATE","6068145","2021-03-02 04:00","2021","03","02","04:00","-19.1","","-23.5","","68","","0.0","","31","","11","","","","97.89","","","","-27","","NA"
"-80.80","46.63","SUDBURY CLIMATE","6068145","2021-03-02 05:00","2021","03","02","05:00","-19.8","","-23.8","","71","","0.0","","30","","4","","","","97.94","","","","-23","","NA"
"-80.80","46.63","SUDBURY CLIMATE","6068145","2021-03-02 06:00","2021","03","02","06:00","-20.4","","-23.5","","76","","0.0","","29","","7","","","","97.98","","","","-26","","NA"
"-80.80","46.63","SUDBURY CLIMATE","6068145","2021-03-02 07:00","2021","03","02","07:00","-20.6","","-23.6","","77","","0.0","","28","","8","","","","98.07","","","","-27","","NA"
"-80.80","46.63","SUDBURY CLIMATE","6068145","2021-03-02 08:00","2021","03","02","08:00","-21.0","","-23.9","","78","","0.0","","27","","7","","","","98.08","","","","-27","","NA"
"-80.80","46.63","SUDBURY CLIMATE","6068145","2021-03-02 09:00","2021","03","02","09:00","-21.8","","-24.2","","81","","0.0","","29","","4","","","","98.03","","","","-25","","NA"
"-80.80","46.63","SUDBURY CLIMATE","6068145","2021-03-02 10:00","2021","03","02","10:00","-22.3","","-24.6","","81","","0.0","","29","","4","","","","98.07","","","","-26","","NA"
"-80.80","46.63","SUDBURY CLIMATE","6068145","2021-03-02 11:00","2021","03","02","11:00","-22.5","","-24.8","","81","","0.0","","28","","6","","","","98.04","","","","-28","","NA"
"-80.80","46.63","SUDBURY CLIMATE","6068145","2021-03-02 12:00","2021","03","02","12:00","-22.8","","-25.0","","82","","0.0","","24","","9","","","","98.04","","","","-30","","NA"
"-80.80","46.63","SUDBURY CLIMATE","6068145","2021-03-02 13:00","2021","03","02","13:00","-21.3","","-23.8","","80","","0.0","","23","","9","","","","98.00","","","","-28","","NA"
"-80.80","46.63","SUDBURY CLIMATE","6068145","2021-03-02 14:00","2021","03","02","14:00","-18.8","","-21.6","","78","","0.0","","22","","4","","","","97.94","","","","-22","","NA"
"-80.80","46.63","SUDBURY CLIMATE","6068145","2021-03-02 15:00","2021","03","02","15:00","-16.0","","-21.3","","64","","0.0","","19","","10","","","","97.85","","","","-22","","NA"
"-80.80","46.63","SUDBURY CLIMATE","6068145","2021-03-02 16:00","2021","03","02","16:00","-14.1","","-19.6","","63","","0.0","","19","","17","","","","97.76","","","","-22","","NA"
"-80.80","46.63","SUDBURY CLIMATE","6068145","2021-03-02 17:00","2021","03","02","17:00","-12.0","","-17.3","","65","","0.0","","20","","19","","","","97.68","","","","-20","","NA"
"-80.80","46.63","SUDBURY CLIMATE","6068145","2021-03-02 18:00","2021","03","02","18:00","-10.5","","-12.9","","82","","0.1","","19","","21","","","","97.51","","","","-19","","NA"
"-80.80","46.63","SUDBURY CLIMATE","6068145","2021-03-02 19:00","2021","03","02","19:00","-9.6","","-11.4","","86","","0.3","","18","","20","","","","97.30","","","","-17","","NA"
"-80.80","46.63","SUDBURY CLIMATE","6068145","2021-03-02 20:00","2021","03","02","20:00","-9.1","","-10.7","","88","","0.5","","17","","27","","","","97.06","","","","-18","","NA"
"-80.80","46.63","SUDBURY CLIMATE","6068145","2021-03-02 21:00","2021","03","02","21:00","-7.5","","-8.9","","89","","0.2","","18","","29","","","","96.86","","","","-16","","NA"
"-80.80","46.63","SUDBURY CLIMATE","6068145","2021-03-02 22:00","2021","03","02","22:00","-5.9","","-8.2","","84","","0.4","","20","","44","","","","96.72","","","","-16","","NA"
"-80.80","46.63","SUDBURY CLIMATE","6068145","2021-03-02 23:00","2021","03","02","23:00","-5.0","","-7.8","","81","","0.0","","21","","31","","","","96.70","","","","-13","","NA"
"-80.80","46.63","SUDBURY CLIMATE","6068145","2021-03-03 00:00","2021","03","03","00:00","-4.4","","-7.4","","80","","0.0","","22","","29","","","","96.61","","","","-12","","NA"
"-80.80","46.63","SUDBURY CLIMATE","6068145","2021-03-03 01:00","2021","03","03","01:00","-3.9","","-6.9","","80","","0.0","","22","","22","","","","96.49","","","","-10","","NA"
"-80.80","46.63","SUDBURY CLIMATE","6068145","2021-03-03 02:00","2021","03","03","02:00","-3.4","","-6.2","","81","","0.1","","23","","18","","","","96.45","","","","-9","","NA"
"-80.80","46.63","SUDBURY CLIMATE","6068145","2021-03-03 03:00","2021","03","03","03:00","-3.3","","-5.9","","82","","0.0","","22","","11","","","","96.43","","","","-8","","NA"
"-80.80","46.63","SUDBURY CLIMATE","6068145","2021-03-03 04:00","2021","03","03","04:00","-3.4","","-5.4","","86","","0.1","","21","","15","","","","96.37","","","","-9","","NA"
"-80.80","46.63","SUDBURY CLIMATE","6068145","2021-03-03 05:00","2021","03","03","05:00","-2.9","","-5.5","","82","","0.1","","21","","15","","","","96.34","","","","-8","","NA"
"-80.80","46.63","SUDBURY CLIMATE","6068145","2021-03-03 06:00","2021","03","03","06:00","-2.4","","-5.7","","78","","0.0","","24","","9","","","","96.37","","","","-6","","NA"
"-80.80","46.63","SUDBURY CLIMATE","6068145","2021-03-03 07:00","2021","03","03","07:00","-1.8","","-5.9","","74","","0.0","","26","","8","","","","96.41","","","","-5","","NA"
"-80.80","46.63","SUDBURY CLIMATE","6068145","2021-03-03 08:00","2021","03","03","08:00","-1.9","","-5.6","","75","","0.0","","27","","8","","","","96.42","","","","-5","","NA"
"-80.80","46.63","SUDBURY CLIMATE","6068145","2021-03-03 09:00","2021","03","03","09:00","-2.1","","-5.4","","78","","0.0","","28","","5","","","","96.47","","","","-4","","NA"
"-80.80","46.63","SUDBURY CLIMATE","6068145","2021-03-03 10:00","2021","03","03","10:00","-1.9","","-4.7","","81","","0.0","","32","","10","","","","96.54","","","","-6","","NA"
"-80.80","46.63","SUDBURY CLIMATE","6068145","2021-03-03 11:00","2021","03","03","11:00","-2.6","","-5.0","","84","","0.0","","32","","5","","","","96.62","","","","-5","","NA"
"-80.80","46.63","SUDBURY CLIMATE","6068145","2021-03-03 12:00","2021","03","03","12:00","-3.1","","-5.6","","82","","0.0","","35","","9","","","","96.70","","","","-7","","NA"
"-80.80","46.63","SUDBURY CLIMATE","6068145","2021-03-03 13:00","2021","03","03","13:00","-3.2","","-6.3","","80","","0.0","","34","","8","","","","96.76","","","","-6","","NA"
"-80.80","46.63","SUDBURY CLIMATE","6068145","2021-03-03 14:00","2021","03","03","14:00","-3.2","","-7.1","","74","","0.0","","34","","9","","","","96.85","","","","-7","","NA"
"-80.80","46.63","SUDBURY CLIMATE","6068145","2021-03-03 15:00","2021","03","03","15:00","-3.0","","-8.2","","67","","0.0","","33","","11","","","","96.87","","","","-7","","NA"
"-80.80","46.63","SUDBURY CLIMATE","6068145","2021-03-03 16:00","2021","03","03","16:00","-2.3","","-8.2","","64","","0.0","","3","","15","","","","96.82","","","","-7","","NA"
"-80.80","46.63","SUDBURY CLIMATE","6068145","2021-03-03 17:00","2021","03","03","17:00","-2.2","","-7.4","","67","","0.0","","3","","12","","","","96.91","","","","-6","","NA"
"-80.80","46.63","SUDBURY CLIMATE","6068145","2021-03-03 18:00","2021","03","03","18:00","-2.4","","-6.5","","74","","0.0","","4","","13","","","","96.94","","","","-7","","NA"
"-80.80","46.63","SUDBURY CLIMATE","6068145","2021-03-03 19:00","2021","03","03","19:00","-2.4","","-6.8","","72","","0.0","","36","","13","","","","96.99","","","","-7","","NA"
"-80.80","46.63","SUDBURY CLIMATE","6068145","2021-03-03 20:00","2021","03","03","20:00","-2.7","","-7.0","","72","","0.0","","36","","14","","","","97.05","","","","-8","","NA"
"-80.80","46.63","SUDBURY CLIMATE","6068145","2021-03-03 21:00","2021","03","03","21:00","-2.9","","-6.4","","77","","0.0","","3","","14","","","","97.10","","","","-8","","NA"
"-80.80","46.63","SUDBURY CLIMATE","6068145","2021-03-03 22:00","2021","03","03","22:00","-3.6","","-7.0","","78","","0.0","","2","","16","","","","97.15","","","","-9","","NA"
"-80.80","46.63","SUDBURY CLIMATE","6068145","2021-03-03 23:00","2021","03","03","23:00","-4.0","","-7.6","","76","","0.0","","1","","12","","","","97.26","","","","-9","","NA"
"-80.80","46.63","SUDBURY CLIMATE","6068145","2021-03-04 00:00","2021","03","04","00:00","-4.6","","-8.2","","76","","0.0","","1","","12","","","","97.34","","","","-9","","NA"
"-80.80","46.63","SUDBURY CLIMATE","6068145","2021-03-04 01:00","2021","03","04","01:00","-5.3","","-8.6","","78","","0.0","","1","","15","","","","97.39","","","","-11","","NA"
"-80.80","46.63","SUDBURY CLIMATE","6068145","2021-03-04 02:00","2021","03","04","02:00","-6.3","","-8.9","","82","","0.0","","1","","15","","","","97.47","","","","-12","","NA"
"-80.80","46.63","SUDBURY CLIMATE","6068145","2021-03-04 03:00","2021","03","04","03:00","-7.0","","-10.1","","79","","0.0","","36","","12","","","","97.53","","","","-12","","NA"
"-80.80","46.63","SUDBURY CLIMATE","6068145","2021-03-04 04:00","2021","03","04","04:00","-7.9","","-11.7","","74","","0.0","","1","","15","","","","97.56","","","","-14","","NA"
"-80.80","46.63","SUDBURY CLIMATE","6068145","2021-03-04 05:00","2021","03","04","05:00","-8.5","","-12.0","","76","","0.0","","36","","15","","","","97.59","","","","-15","","NA"
"-80.80","46.63","SUDBURY CLIMATE","6068145","2021-03-04 06:00","2021","03","04","06:00","-10.3","","-14.1","","74","","0.0","","35","","17","","","","97.67","","","","-18","","NA"
"-80.80","46.63","SUDBURY CLIMATE","6068145","2021-03-04 07:00","2021","03","04","07:00","-11.6","","-14.9","","76","","0.0","","35","","15","","","","97.74","","","","-19","","NA"
"-80.80","46.63","SUDBURY CLIMATE","6068145","2021-03-04 08:00","2021","03","04","08:00","-13.1","","-16.2","","77","","0.0","","35","","19","","","","97.79","","","","-22","","NA"
"-80.80","46.63","SUDBURY CLIMATE","6068145","2021-03-04 09:00","2021","03","04","09:00","-14.3","","-17.5","","77","","0.0","","1","","20","","","","97.84","","","","-23","","NA"
"-80.80","46.63","SUDBURY CLIMATE","6068145","2021-03-04 10:00","2021","03","04","10:00","-16.3","","-19.1","","79","","0.0","","1","","22","","","","97.93","","","","-26","","NA"
"-80.80","46.63","SUDBURY CLIMATE","6068145","2021-03-04 11:00","2021","03","04","11:00","-16.0","","-18.7","","80","","0.0","","1","","16","","","","97.97","","","","-24","","NA"
"-80.80","46.63","SUDBURY CLIMATE","6068145","2021-03-04 12:00","2021","03","04","12:00","-16.6","","-19.8","","76","","0.0","","36","","14","","","","98.04","","","","-25","","NA"
"-80.80","46.63","SUDBURY CLIMATE","6068145","2021-03-04 13:00","2021","03","04","13:00","-17.4","","-21.3","","72","","0.0","","36","","13","","","","98.10","","","","-25","","NA"
"-80.80","46.63","SUDBURY CLIMATE","6068145","2021-03-04 14:00","2021","03","04","14:00","-17.6","","-23.6","","60","","0.0","","36","","21","","","","98.14","","","","-28","","NA"
"-80.80","46.63","SUDBURY CLIMATE","6068145","2021-03-04 15:00","2021","03","04","15:00","-16.6","","-23.4","","56","","0.0","","35","","15","","","","98.16","","","","-25","","NA"
"-80.80","46.63","SUDBURY CLIMATE","6068145","2021-03-04 16:00","2021","03","04","16:00","-15.3","","-22.9","","52","","0.0","","35","","15","","","","98.13","","","","-23","","NA"
"-80.80","46.63","SUDBURY CLIMATE","6068145","2021-03-04 17:00","2021","03","04","17:00","-13.2","","-21.9","","48","","0.0","","35","","16","","","","98.11","","","","-21","","NA"
"-80.80","46.63","SUDBURY CLIMATE","6068145","2021-03-04 18:00","2021","03","04","18:00","-11.1","","-21.1","","43","","0.0","","34","","18","","","","98.06","","","","-19","","NA"
"-80.80","46.63","SUDBURY CLIMATE","6068145","2021-03-04 19:00","2021","03","04","19:00","-10.1","","-21.8","","38","","0.0","","34","","16","","","","98.03","","","","-17","","NA"
"-80.80","46.63","SUDBURY CLIMATE","6068145","2021-03-04 20:00","2021","03","04","20:00","-8.7","","-22.1","","33","","0.0","","32","","15","","","","98.01","","","","-15","","NA"
"-80.80","46.63","SUDBURY CLIMATE","6068145","2021-03-04 21:00","2021","03","04","21:00","-8.4","","-22.8","","30","","0.0","","34","","18","","","","97.99","","","","-15","","NA"
"-80.80","46.63","SUDBURY CLIMATE","6068145","2021-03-04 22:00","2021","03","04","22:00","-8.4","","-22.5","","31","","0.0","","35","","16","","","","97.98","","","","-15","","NA"
"-80.80","46.63","SUDBURY CLIMATE","6068145","2021-03-04 23:00","2021","03","04","23:00","-9.3","","-22.0","","35","","0.0","","33","","9","","","","97.99","","","","-14","","NA"
"-80.80","46.63","SUDBURY CLIMATE","6068145","2021-03-05 00:00","2021","03","05","00:00","-10.7","","-20.5","","44","","0.0","","32","","14","","","","97.98","","","","-17","","NA"
"-80.80","46.63","SUDBURY CLIMATE","6068145","2021-03-05 01:00","2021","03","05","01:00","-11.8","","-20.1","","50","","0.0","","33","","13","","","","97.99","","","","-18","","NA"
"-80.80","46.63","SUDBURY CLIMATE","6068145","2021-03-05 02:00","2021","03","05","02:00","-12.4","","-19.5","","55","","0.0","","32","","12","","","","97.97","","","","-19","","NA"
"-80.80","46.63","SUDBURY CLIMATE","6068145","2021-03-05 03:00","2021","03","05","03:00","-12.6","","-19.1","","58","","0.0","","33","","11","","","","97.96","","","","-19","","NA"
"-80.80","46.63","SUDBURY CLIMATE","6068145","2021-03-05 04:00","2021","03","05","04:00","-12.9","","-19.2","","59","","0.0","","33","","13","","","","97.93","","","","-20","","NA"
"-80.80","46.63","SUDBURY CLIMATE","6068145","2021-03-05 05:00","2021","03","05","05:00","-13.3","","-19.4","","61","","0.0","","33","","16","","","","97.89","","","","-21","","NA"
"-80.80","46.63","SUDBURY CLIMATE","6068145","2021-03-05 06:00","2021","03","05","06:00","-13.9","","-20.1","","59","","0.0","","33","","13","","","","97.86","","","","-21","","NA"
"-80.80","46.63","SUDBURY CLIMATE","6068145","2021-03-05 07:00","2021","03","05","07:00","-14.4","","-20.2","","61","","0.0","","33","","13","","","","97.80","","","","-22","","NA"
"-80.80","46.63","SUDBURY CLIMATE","6068145","2021-03-05 08:00","2021","03","05","08:00","-15.0","","-20.5","","63","","0.0","","32","","9","","","","97.72","","","","-21","","NA"
"-80.80","46.63","SUDBURY CLIMATE","6068145","2021-03-05 09:00","2021","03","05","09:00","-15.9","","-20.6","","67","","0.0","","30","","7","","","","97.68","","","","-21","","NA"
"-80.80","46.63","SUDBURY CLIMATE","6068145","2021-03-05 10:00","2021","03","05","10:00","-15.7","","-20.5","","67","","0.0","","29","","8","","","","97.63","","","","-21","","NA"
"-80.80","46.63","SUDBURY CLIMATE","6068145","2021-03-05 11:00","2021","03","05","11:00","-15.2","","-20.1","","66","","0.0","","30","","12","","","","97.55","","","","-22","","NA"
"-80.80","46.63","SUDBURY CLIMATE","6068145","2021-03-05 12:00","2021","03","05","12:00","-13.9","","-18.9","","66","","0.0","","31","","17","","","","97.50","","","","-22","","NA"
"-80.80","46.63","SUDBURY CLIMATE","6068145","2021-03-05 13:00","2021","03","05","13:00","-13.0","","-19.1","","60","","0.0","","32","","17","","","","97.45","","","","-21","","NA"
"-80.80","46.63","SUDBURY CLIMATE","6068145","2021-03-05 14:00","2021","03","05","14:00","-10.9","","-20.8","","44","","0.0","","32","","20","","","","97.38","","","","-19","","NA"
"-80.80","46.63","SUDBURY CLIMATE","6068145","2021-03-05 15:00","2021","03","05","15:00","-8.3","","-23.4","","29","","0.0","","32","","21","","","","97.31","","","","-16","","NA"
"-80.80","46.63","SUDBURY CLIMATE","6068145","2021-03-05 16:00","2021","03","05","16:00","-6.1","","-20.4","","31","","0.0","","31","","18","","","","97.27","","","","-13","","NA"
"-80.80","46.63","SUDBURY CLIMATE","6068145","2021-03-05 17:00","2021","03","05","17:00","-5.2","","-16.8","","40","","0.0","","32","","24","","","","97.22","","","","-12","","NA"
"-80.80","46.63","SUDBURY CLIMATE","6068145","2021-03-05 18:00","2021","03","05","18:00","-4.4","","-14.9","","44","","0.0","","32","","20","","","","97.17","","","","-11","","NA"
"-80.80","46.63","SUDBURY CLIMATE","6068145","2021-03-05 19:00","2021","03","05","19:00","-3.8","","-11.9","","53","","0.0","","32","","23","","","","97.15","","","","-11","","NA"
"-80.80","46.63","SUDBURY CLIMATE","6068145","2021-03-05 20:00","2021","03","05","20:00","-4.6","","-11.9","","57","","0.0","","35","","22","","","","97.23","","","","-11","","NA"
"-80.80","46.63","SUDBURY CLIMATE","6068145","2021-03-05 21:00","2021","03","05","21:00","-5.5","","-11.5","","62","","0.0","","34","","20","","","","97.32","","","","-12","","NA"
"-80.80","46.63","SUDBURY CLIMATE","6068145","2021-03-05 22:00","2021","03","05","22:00","-6.4","","-11.7","","66","","0.0","","35","","17","","","","97.40","","","","-13","","NA"
"-80.80","46.63","SUDBURY CLIMATE","6068145","2021-03-05 23:00","2021","03","05","23:00","-7.6","","-12.6","","67","","0.0","","35","","20","","","","97.51","","","","-15","","NA"
"-80.80","46.63","SUDBURY CLIMATE","6068145","2021-03-06 00:00","2021","03","06","00:00","-8.4","","-14.6","","61","","0.0","","35","","20","","","","97.58","","","","-16","","NA"
"-80.80","46.63","SUDBURY CLIMATE","6068145","2021-03-06 01:00","2021","03","06","01:00","-9.1","","-14.8","","63","","0.0","","36","","14","","","","97.64","","","","-15","","NA"
"-80.80","46.63","SUDBURY CLIMATE","6068145","2021-03-06 02:00","2021","03","06","02:00","-9.4","","-16.1","","58","","0.0","","35","","19","","","","97.69","","","","-17","","NA"
"-80.80","46.63","SUDBURY CLIMATE","6068145","2021-03-06 03:00","2021","03","06","03:00","-9.7","","-15.9","","61","","0.0","","35","","18","","","","97.68","","","","-17","","NA"
"-80.80","46.63","SUDBURY CLIMATE","6068145","2021-03-06 04:00","2021","03","06","04:00","-9.9","","-15.9","","62","","0.0","","35","","17","","","","97.66","","","","-17","","NA"
"-80.80","46.63","SUDBURY CLIMATE","6068145","2021-03-06 05:00","2021","03","06","05:00","-10.1","","-14.5","","70","","0.0","","35","","11","","","","97.69","","","","-16","","NA"
"-80.80","46.63","SUDBURY CLIMATE","6068145","2021-03-06 06:00","2021","03","06","06:00","-10.3","","-15.3","","67","","0.0","","34","","13","","","","97.69","","","","-17","","NA"
"-80.80","46.63","SUDBURY CLIMATE","6068145","2021-03-06 07:00","2021","03","06","07:00","-10.8","","-16.7","","62","","0.0","","33","","19","","","","97.72","","","","-19","","NA"
"-80.80","46.63","SUDBURY CLIMATE","6068145","2021-03-06 08:00","2021","03","06","08:00","-11.5","","-17.4","","62","","0.0","","33","","22","","","","97.72","","","","-20","","NA"
"-80.80","46.63","SUDBURY CLIMATE","6068145","2021-03-06 09:00","2021","03","06","09:00","-12.2","","-17.4","","65","","0.0","","33","","13","","","","97.70","","","","-19","","NA"
"-80.80","46.63","SUDBURY CLIMATE","6068145","2021-03-06 10:00","2021","03","06","10:00","-12.2","","-17.5","","65","","0.0","","33","","16","","","","97.71","","","","-20","","NA"
"-80.80","46.63","SUDBURY CLIMATE","6068145","2021-03-06 11:00","2021","03","06","11:00","-12.8","","-17.7","","66","","0.0","","33","","13","","","","97.75","","","","-20","","NA"
"-80.80","46.63","SUDBURY CLIMATE","6068145","2021-03-06 12:00","2021","03","06","12:00","-13.0","","-17.5","","69","","0.0","","33","","13","","","","97.78","","","","-20","","NA"
"-80.80","46.63","SUDBURY CLIMATE","6068145","2021-03-06 13:00","2021","03","06","13:00","-12.7","","-18.0","","64","","0.0","","32","","12","","","","97.84","","","","-19","","NA"
"-80.80","46.63","SUDBURY CLIMATE","6068145","2021-03-06 14:00","2021","03","06","14:00","-11.5","","-19.2","","53","","0.0","","33","","17","","","","97.84","","","","-19","","NA"
"-80.80","46.63","SUDBURY CLIMATE","6068145","2021-03-06 15:00","2021","03","06","15:00","-10.5","","-21.5","","40","","0.0","","34","","16","","","","97.85","","","","-18","","NA"
"-80.80","46.63","SUDBURY CLIMATE","6068145","2021-03-06 16:00","2021","03","06","16:00","-9.3","","-22.2","","34","","0.0","","33","","17","","","","97.85","","","","-16","","NA"
"-80.80","46.63","SUDBURY CLIMATE","6068145","2021-03-06 17:00","2021","03","06","17:00","-7.9","","-20.9","","34","","0.0","","31","","12","","","","97.85","","","","-13","","NA"
"-80.80","46.63","SUDBURY CLIMATE","6068145","2021-03-06 18:00","2021","03","06","18:00","-7.1","","-22.2","","29","","0.0","","33","","16","","","","97.82","","","","-13","","NA"
"-80.80","46.63","SUDBURY CLIMATE","6068145","2021-03-06 19:00","2021","03","06","19:00","-6.1","","-21.6","","28","","0.0","","32","","15","","","","97.81","","","","-12","","NA"
"-80.80","46.63","SUDBURY CLIMATE","6068145","2021-03-06 20:00","2021","03","06","20:00","-5.5","","-21.4","","27","","0.0","","34","","11","","","","97.81","","","","-10","","NA"
"-80.80","46.63","SUDBURY CLIMATE","6068145","2021-03-06 21:00","2021","03","06","21:00","-5.6","","-24.0","","22","","0.0","","35","","13","","","","97.87","","","","-11","","NA"
"-80.80","46.63","SUDBURY CLIMATE","6068145","2021-03-06 22:00","2021","03","06","22:00","-5.6","","-22.3","","25","","0.0","","33","","12","","","","97.93","","","","-11","","NA"
"-80.80","46.63","SUDBURY CLIMATE","6068145","2021-03-06 23:00","2021","03","06","23:00","-6.7","","-21.8","","29","","0.0","","36","","9","","","","98.01","","","","-11","","NA"
"-80.80","46.63","SUDBURY CLIMATE","6068145","2021-03-07 00:00","2021","03","07","00:00","-8.4","","-21.0","","35","","0.0","","36","","9","","","","98.08","","","","-13","","NA"
"-80.80","46.63","SUDBURY CLIMATE","6068145","2021-03-07 01:00","2021","03","07","01:00","-9.5","","-20.4","","41","","0.0","","35","","11","","","","98.14","","","","-15","","NA"
"-80.80","46.63","SUDBURY CLIMATE","6068145","2021-03-07 02:00","2021","03","07","02:00","-10.6","","-19.9","","46","","0.0","","35","","9","","","","98.19","","","","-16","","NA"
"-80.80","46.63","SUDBURY CLIMATE","6068145","2021-03-07 03:00","2021","03","07","03:00","-11.5","","-19.3","","52","","0.0","","34","","8","","","","98.23","","","","-16","","NA"
"-80.80","46.63","SUDBURY CLIMATE","6068145","2021-03-07 04:00","2021","03","07","04:00","-12.6","","-19.3","","57","","0.0","","35","","9","","","","98.26","","","","-18","","NA"
"-80.80","46.63","SUDBURY CLIMATE","6068145","2021-03-07 05:00","2021","03","07","05:00","-13.4","","-19.3","","61","","0.0","","34","","10","","","","98.33","","","","-19","","NA"
"-80.80","46.63","SUDBURY CLIMATE","6068145","2021-03-07 06:00","2021","03","07","06:00","-14.3","","-20.0","","62","","0.0","","36","","9","","","","98.32","","","","-20","","NA"
"-80.80","46.63","SUDBURY CLIMATE","6068145","2021-03-07 07:00","2021","03","07","07:00","-15.5","","-19.9","","69","","0.0","","1","","9","","","","98.32","","","","-21","","NA"
"-80.80","46.63","SUDBURY CLIMATE","6068145","2021-03-07 08:00","2021","03","07","08:00","-17.1","","-20.7","","74","","0.0","","34","","7","","","","98.36","","","","-22","","NA"
"-80.80","46.63","SUDBURY CLIMATE","6068145","2021-03-07 09:00","2021","03","07","09:00","-19.0","","-21.2","","83","","0.0","","33","","6","","","","98.46","","","","-24","","NA"
"-80.80","46.63","SUDBURY CLIMATE","6068145","2021-03-07 10:00","2021","03","07","10:00","-20.0","","-22.1","","83","","0.0","","33","","6","","","","98.52","","","","-25","","NA"
"-80.80","46.63","SUDBURY CLIMATE","6068145","2021-03-07 11:00","2021","03","07","11:00","-21.9","","-24.0","","83","","0.0","","29","","7","","","","98.60","","","","-28","","NA"
"-80.80","46.63","SUDBURY CLIMATE","6068145","2021-03-07 12:00","2021","03","07","12:00","-21.7","","-23.8","","83","","0.0","","29","","7","","","","98.67","","","","-28","","NA"
"-80.80","46.63","SUDBURY CLIMATE","6068145","2021-03-07 13:00","2021","03","07","13:00","-19.8","","-22.4","","79","","0.0","","30","","4","","","","98.73","","","","-23","","NA"
"-80.80","46.63","SUDBURY CLIMATE","6068145","2021-03-07 14:00","2021","03","07","14:00","-17.8","","-21.6","","72","","0.0","","32","","2","","","","98.77","","","","-19","","NA"
"-80.80","46.63","SUDBURY CLIMATE","6068145","2021-03-07 15:00","2021","03","07","15:00","-15.5","","-22.1","","57","","0.0","","7","","6","","","","98.78","","","","-20","","NA"
"-80.80","46.63","SUDBURY CLIMATE","6068145","2021-03-07 16:00","2021","03","07","16:00","-13.7","","-22.6","","47","","0.0","","7","","7","","","","98.77","","","","-18","","NA"
"-80.80","46.63","SUDBURY CLIMATE","6068145","2021-03-07 17:00","2021","03","07","17:00","-12.1","","-23.4","","38","","0.0","","5","","3","","","","98.75","","","","-14","","NA"
"-80.80","46.63","SUDBURY CLIMATE","6068145","2021-03-07 18:00","2021","03","07","18:00","-11.0","","-21.5","","42","","0.0","","20","","8","","","","98.73","","","","-16","","NA"
"-80.80","46.63","SUDBURY CLIMATE","6068145","2021-03-07 19:00","2021","03","07","19:00","-10.0","","-21.3","","39","","0.0","","19","","7","","","","98.67","","","","-14","","NA"
"-80.80","46.63","SUDBURY CLIMATE","6068145","2021-03-07 20:00","2021","03","07","20:00","-9.0","","-20.6","","39","","0.0","","17","","10","","","","98.63","","","","-14","","NA"
"-80.80","46.63","SUDBURY CLIMATE","6068145","2021-03-07 21:00","2021","03","07","21:00","-8.4","","-19.5","","40","","0.0","","16","","11","","","","98.63","","","","-14","","NA"
"-80.80","46.63","SUDBURY CLIMATE","6068145","2021-03-07 22:00","2021","03","07","22:00","-8.1","","-20.0","","38","","0.0","","18","","12","","","","98.62","","","","-14","","NA"
"-80.80","46.63","SUDBURY CLIMATE","6068145","2021-03-07 23:00","2021","03","07","23:00","-9.1","","-19.6","","42","","0.0","","16","","11","","","","98.58","","","","-15","","NA"
"-80.80","46.63","SUDBURY CLIMATE","6068145","2021-03-08 00:00","2021","03","08","00:00","-10.0","","-20.1","","44","","0.0","","17","","11","","","","98.57","","","","-16","","NA"
"-80.80","46.63","SUDBURY CLIMATE","6068145","2021-03-08 01:00","2021","03","08","01:00","-10.5","","-19.9","","46","","0.0","","18","","18","","","","98.56","","","","-18","","NA"
"-80.80","46.63","SUDBURY CLIMATE","6068145","2021-03-08 02:00","2021","03","08","02:00","-13.4","","-20.0","","57","","0.0","","21","","15","","","","98.57","","","","-21","","NA"
"-80.80","46.63","SUDBURY CLIMATE","6068145","2021-03-08 03:00","2021","03","08","03:00","-13.1","","-20.2","","55","","0.0","","21","","15","","","","98.53","","","","-21","","NA"
"-80.80","46.63","SUDBURY CLIMATE","6068145","2021-03-08 04:00","2021","03","08","04:00","-13.7","","-18.3","","68","","0.0","","20","","16","","","","98.49","","","","-22","","NA"
"-80.80","46.63","SUDBURY CLIMATE","6068145","2021-03-08 05:00","2021","03","08","05:00","-13.6","","-17.9","","70","","0.0","","21","","14","","","","98.46","","","","-21","","NA"
"-80.80","46.63","SUDBURY CLIMATE","6068145","2021-03-08 06:00","2021","03","08","06:00","-13.6","","-16.8","","77","","0.0","","20","","13","","","","98.44","","","","-21","","NA"
"-80.80","46.63","SUDBURY CLIMATE","6068145","2021-03-08 07:00","2021","03","08","07:00","-12.2","","-14.5","","83","","0.0","","21","","17","","","","98.40","","","","-20","","NA"
"-80.80","46.63","SUDBURY CLIMATE","6068145","2021-03-08 08:00","2021","03","08","08:00","-10.8","","-13.2","","83","","0.0","","19","","16","","","","98.33","","","","-18","","NA"
"-80.80","46.63","SUDBURY CLIMATE","6068145","2021-03-08 09:00","2021","03","08","09:00","-11.4","","-14.0","","81","","0.0","","18","","19","","","","98.26","","","","-19","","NA"
"-80.80","46.63","SUDBURY CLIMATE","6068145","2021-03-08 10:00","2021","03","08","10:00","-10.2","","-12.8","","81","","0.0","","17","","22","","","","98.18","","","","-18","","NA"
"-80.80","46.63","SUDBURY CLIMATE","6068145","2021-03-08 11:00","2021","03","08","11:00","-9.4","","-11.6","","83","","0.0","","17","","20","","","","98.11","","","","-17","","NA"
"-80.80","46.63","SUDBURY CLIMATE","6068145","2021-03-08 12:00","2021","03","08","12:00","-8.8","","-10.5","","87","","0.0","","17","","16","","","","98.08","","","","-16","","NA"
"-80.80","46.63","SUDBURY CLIMATE","6068145","2021-03-08 13:00","2021","03","08","13:00","-8.3","","-10.0","","87","","0.0","","17","","22","","","","97.98","","","","-16","","NA"
"-80.80","46.63","SUDBURY CLIMATE","6068145","2021-03-08 14:00","2021","03","08","14:00","-6.9","","-9.0","","85","","0.0","","17","","17","","","","97.94","","","","-13","","NA"
"-80.80","46.63","SUDBURY CLIMATE","6068145","2021-03-08 15:00","2021","03","08","15:00","-4.9","","-7.6","","81","","0.0","","18","","24","","","","97.89","","","","-12","","NA"
"-80.80","46.63","SUDBURY CLIMATE","6068145","2021-03-08 16:00","2021","03","08","16:00","-3.0","","-6.4","","78","","0.0","","18","","21","","","","97.86","","","","-9","","NA"
"-80.80","46.63","SUDBURY CLIMATE","6068145","2021-03-08 17:00","2021","03","08","17:00","-1.3","","-5.4","","74","","0.0","","17","","24","","","","97.73","","","","-7","","NA"
"-80.80","46.63","SUDBURY CLIMATE","6068145","2021-03-08 18:00","2021","03","08","18:00","0.8","","-3.6","","72","","0.0","","19","","25","","","","97.68","","","","","","NA"
"-80.80","46.63","SUDBURY CLIMATE","6068145","2021-03-08 19:00","2021","03","08","19:00","1.4","","-3.2","","72","","0.0","","18","","21","","","","97.60","","","","","","NA"
"-80.80","46.63","SUDBURY CLIMATE","6068145","2021-03-08 20:00","2021","03","08","20:00","2.0","","-2.2","","73","","0.0","","20","","20","","","","97.56","","","","","","NA"
"-80.80","46.63","SUDBURY CLIMATE","6068145","2021-03-08 21:00","2021","03","08","21:00","2.6","","-1.6","","74","","0.0","","20","","21","","","","97.55","","","","","","NA"
"-80.80","46.63","SUDBURY CLIMATE","6068145","2021-03-08 22:00","2021","03","08","22:00","2.7","","-1.2","","75","","0.0","","22","","14","","","","97.58","","","","","","NA"
"-80.80","46.63","SUDBURY CLIMATE","6068145","2021-03-08 23:00","2021","03","08","23:00","2.4","","-1.0","","78","","0.0","","21","","17","","","","97.59","","","","","","NA"
"-80.80","46.63","SUDBURY CLIMATE","6068145","2021-03-09 00:00","2021","03","09","00:00","1.9","","-0.9","","82","","0.0","","20","","15","","","","97.64","","","","","","NA"
"-80.80","46.63","SUDBURY CLIMATE","6068145","2021-03-09 01:00","2021","03","09","01:00","2.5","","-0.8","","79","","0.0","","22","","18","","","","97.72","","","","","","NA"
"-80.80","46.63","SUDBURY CLIMATE","6068145","2021-03-09 02:00","2021","03","09","02:00","3.1","","-0.9","","75","","0.0","","29","","8","","","","97.78","","","","","","NA"
"-80.80","46.63","SUDBURY CLIMATE","6068145","2021-03-09 03:00","2021","03","09","03:00","3.3","","-0.5","","76","","0.0","","30","","6","","","","97.84","","","","","","NA"
"-80.80","46.63","SUDBURY CLIMATE","6068145","2021-03-09 04:00","2021","03","09","04:00","3.4","","-0.4","","76","","0.0","","29","","6","","","","97.88","","","","","","NA"
"-80.80","46.63","SUDBURY CLIMATE","6068145","2021-03-09 05:00","2021","03","09","05:00","3.7","","-0.8","","73","","0.0","","31","","11","","","","97.94","","","","","","NA"
"-80.80","46.63","SUDBURY CLIMATE","6068145","2021-03-09 06:00","2021","03","09","06:00","3.1","","-3.4","","62","","0.0","","34","","15","","","","98.02","","","","","","NA"
"-80.80","46.63","SUDBURY CLIMATE","6068145","2021-03-09 07:00","2021","03","09","07:00","1.6","","-4.3","","64","","0.0","","33","","6","","","","98.07","","","","","","NA"
"-80.80","46.63","SUDBURY CLIMATE","6068145","2021-03-09 08:00","2021","03","09","08:00","-0.6","","-4.5","","75","","0.0","","30","","6","","","","98.10","","","","-3","","NA"
"-80.80","46.63","SUDBURY CLIMATE","6068145","2021-03-09 09:00","2021","03","09","09:00","-1.3","","-4.4","","80","","0.0","","29","","5","","","","98.16","","","","-3","","NA"
"-80.80","46.63","SUDBURY CLIMATE","6068145","2021-03-09 10:00","2021","03","09","10:00","-2.0","","-4.4","","84","","0.0","","28","","6","","","","98.23","","","","-4","","NA"
"-80.80","46.63","SUDBURY CLIMATE","6068145","2021-03-09 11:00","2021","03","09","11:00","-2.8","","-4.4","","89","","0.0","","26","","6","","","","98.28","","","","-5","","NA"
"-80.80","46.63","SUDBURY CLIMATE","6068145","2021-03-09 12:00","2021","03","09","12:00","-3.2","","-4.6","","90","","0.0","","25","","8","","","","98.35","","","","-6","","NA"
"-80.80","46.63","SUDBURY CLIMATE","6068145","2021-03-09 13:00","2021","03","09","13:00","-1.8","","-4.3","","83","","0.0","","26","","9","","","","98.43","","","","-5","","NA"
"-80.80","46.63","SUDBURY CLIMATE","6068145","2021-03-09 14:00","2021","03","09","14:00","0.3","","-3.3","","77","","0.0","","28","","6","","","","98.50","","","","","","NA"
"-80.80","46.63","SUDBURY CLIMATE","6068145","2021-03-09 15:00","2021","03","09","15:00","1.4","","-3.1","","72","","0.0","","24","","6","","","","98.55","","","","","","NA"
"-80.80","46.63","SUDBURY CLIMATE","6068145","2021-03-09 16:00","2021","03","09","16:00","3.4","","-3.1","","62","","0.0","","18","","5","","","","98.57","","","","","","NA"
"-80.80","46.63","SUDBURY CLIMATE","6068145","2021-03-09 17:00","2021","03","09","17:00","4.8","","-4.6","","50","","0.0","","23","","6","","","","98.56","","","","","","NA"
"-80.80","46.63","SUDBURY CLIMATE","6068145","2021-03-09 18:00","2021","03","09","18:00","5.2","","-5.0","","48","","0.0","","21","","6","","","","98.55","","","","","","NA"
"-80.80","46.63","SUDBURY CLIMATE","6068145","2021-03-09 19:00","2021","03","09","19:00","5.7","","-5.9","","43","","0.0","","19","","6","","","","98.49","","","","","","NA"
"-80.80","46.63","SUDBURY CLIMATE","6068145","2021-03-09 20:00","2021","03","09","20:00","5.5","","-5.4","","45","","0.0","","20","","9","","","","98.48","","","","","","NA"
"-80.80","46.63","SUDBURY CLIMATE","6068145","2021-03-09 21:00","2021","03","09","21:00","5.8","","-6.5","","41","","0.0","","20","","9","","","","98.42","","","","","","NA"
"-80.80","46.63","SUDBURY CLIMATE","6068145","2021-03-09 22:00","2021","03","09","22:00","6.0","","-2.7","","54","","0.0","","18","","17","","","","98.38","","","","","","NA"
"-80.80","46.63","SUDBURY CLIMATE","6068145","2021-03-09 23:00","2021","03","09","23:00","5.0","","-3.0","","56","","0.0","","18","","16","","","","98.36","","","","","","NA"
"-80.80","46.63","SUDBURY CLIMATE","6068145","2021-03-10 00:00","2021","03","10","00:00","3.4","","-3.1","","63","","0.0","","19","","19","","","","98.40","","","","","","NA"
"-80.80","46.63","SUDBURY CLIMATE","6068145","2021-03-10 01:00","2021","03","10","01:00","1.7","","-2.5","","73","","0.0","","19","","17","","","","98.39","","","","","","NA"
"-80.80","46.63","SUDBURY CLIMATE","6068145","2021-03-10 02:00","2021","03","10","02:00","0.9","","-2.3","","79","","0.0","","18","","16","","","","98.40","","","","","","NA"
"-80.80","46.63","SUDBURY CLIMATE","6068145","2021-03-10 03:00","2021","03","10","03:00","0.4","","-2.4","","82","","0.0","","16","","15","","","","98.33","","","","","","NA"
"-80.80","46.63","SUDBURY CLIMATE","6068145","2021-03-10 04:00","2021","03","10","04:00","0.2","","-2.6","","82","","0.0","","17","","17","","","","98.28","","","","","","NA"
"-80.80","46.63","SUDBURY CLIMATE","6068145","2021-03-10 05:00","2021","03","10","05:00","0.3","","-3.0","","78","","0.0","","16","","17","","","","98.23","","","","","","NA"
"-80.80","46.63","SUDBURY CLIMATE","6068145","2021-03-10 06:00","2021","03","10","06:00","0.4","","-3.2","","76","","0.0","","16","","20","","","","98.17","","","","","","NA"
"-80.80","46.63","SUDBURY CLIMATE","6068145","2021-03-10 07:00","2021","03","10","07:00","0.1","","-3.7","","75","","0.0","","16","","18","","","","98.12","","","","","","NA"
"-80.80","46.63","SUDBURY CLIMATE","6068145","2021-03-10 08:00","2021","03","10","08:00","-0.4","","-3.9","","77","","0.0","","16","","16","","","","98.04","","","","-5","","NA"
"-80.80","46.63","SUDBURY CLIMATE","6068145","2021-03-10 09:00","2021","03","10","09:00","-0.5","","-3.6","","79","","0.0","","16","","15","","","","97.93","","","","-5","","NA"
"-80.80","46.63","SUDBURY CLIMATE","6068145","2021-03-10 10:00","2021","03","10","10:00","-0.3","","-3.6","","79","","0.0","","16","","19","","","","97.85","","","","-5","","NA"
"-80.80","46.63","SUDBURY CLIMATE","6068145","2021-03-10 11:00","2021","03","10","11:00","-0.5","","-3.9","","78","","0.0","","16","","17","","","","97.81","","","","-5","","NA"
"-80.80","46.63","SUDBURY CLIMATE","6068145","2021-03-10 12:00","2021","03","10","12:00","-0.2","","-3.9","","76","","0.0","","16","","20","","","","97.74","","","","-5","","NA"
"-80.80","46.63","SUDBURY CLIMATE","6068145","2021-03-10 13:00","2021","03","10","13:00","0.3","","-3.6","","75","","0.0","","17","","17","","","","97.71","","","","","","NA"
"-80.80","46.63","SUDBURY CLIMATE","6068145","2021-03-10 14:00","2021","03","10","14:00","1.5","","-2.7","","74","","0.0","","17","","16","","","","97.63","","","","","","NA"
"-80.80","46.63","SUDBURY CLIMATE","6068145","2021-03-10 15:00","2021","03","10","15:00","3.4","","-1.7","","69","","0.0","","19","","25","","","","97.58","","","","","","NA"
"-80.80","46.63","SUDBURY CLIMATE","6068145","2021-03-10 16:00","2021","03","10","16:00","4.9","","-1.2","","64","","0.0","","20","","28","","","","97.49","","","","","","NA"
"-80.80","46.63","SUDBURY CLIMATE","6068145","2021-03-10 17:00","2021","03","10","17:00","5.7","","-1.2","","61","","0.0","","20","","31","","","","97.44","","","","","","NA"
"-80.80","46.63","SUDBURY CLIMATE","6068145","2021-03-10 18:00","2021","03","10","18:00","6.4","","-1.2","","58","","0.0","","19","","26","","","","97.33","","","","","","NA"
"-80.80","46.63","SUDBURY CLIMATE","6068145","2021-03-10 19:00","2021","03","10","19:00","7.0","","-0.6","","58","","0.2","","20","","36","","","","97.25","","","","","","NA"
"-80.80","46.63","SUDBURY CLIMATE","6068145","2021-03-10 20:00","2021","03","10","20:00","6.3","","-0.8","","60","","0.0","","19","","31","","","","97.12","","","","","","NA"
"-80.80","46.63","SUDBURY CLIMATE","6068145","2021-03-10 21:00","2021","03","10","21:00","4.4","","1.1","","80","","0.3","","22","","24","","","","97.21","","","","","","NA"
"-80.80","46.63","SUDBURY CLIMATE","6068145","2021-03-10 22:00","2021","03","10","22:00","3.4","","2.0","","91","","1.4","","20","","27","","","","97.12","","","","","","NA"
"-80.80","46.63","SUDBURY CLIMATE","6068145","2021-03-10 23:00","2021","03","10","23:00","3.1","","2.0","","93","","0.7","","20","","28","","","","97.12","","","","","","NA"
"-80.80","46.63","SUDBURY CLIMATE","6068145","2021-03-11 00:00","2021","03","11","00:00","2.9","","2.2","","95","","0.7","","20","","25","","","","97.07","","","","","","NA"
"-80.80","46.63","SUDBURY CLIMATE","6068145","2021-03-11 01:00","2021","03","11","01:00","2.2","","1.9","","98","","1.3","","21","","14","","","","97.10","","","","","","NA"
"-80.80","46.63","SUDBURY CLIMATE","6068145","2021-03-11 02:00","2021","03","11","02:00","3.9","","2.7","","92","","0.9","","19","","26","","","","97.04","","","","","","NA"
"-80.80","46.63","SUDBURY CLIMATE","6068145","2021-03-11 03:00","2021","03","11","03:00","3.4","","2.4","","93","","1.2","","19","","18","","","","96.98","","","","","","NA"
"-80.80","46.63","SUDBURY CLIMATE","6068145","2021-03-11 04:00","2021","03","11","04:00","3.2","","2.2","","93","","0.0","","18","","17","","","","96.88","","","","","","NA"
"-80.80","46.63","SUDBURY CLIMATE","6068145","2021-03-11 05:00","2021","03","11","05:00","3.8","","2.9","","94","","0.3","","18","","21","","","","96.85","","","","","","NA"
"-80.80","46.63","SUDBURY CLIMATE","6068145","2021-03-11 06:00","2021","03","11","06:00","4.5","","3.7","","95","","0.1","","18","","23","","","","96.76","","","","","","NA"
"-80.80","46.63","SUDBURY CLIMATE","6068145","2021-03-11 07:00","2021","03","11","07:00","4.6","","3.7","","94","","0.0","","19","","22","","","","96.72","","","","","","NA"
"-80.80","46.63","SUDBURY CLIMATE","6068145","2021-03-11 08:00","2021","03","11","08:00","4.9","","3.8","","93","","0.0","","19","","22","","","","96.64","","","","","","NA"
"-80.80","46.63","SUDBURY CLIMATE","6068145","2021-03-11 09:00","2021","03","11","09:00","5.0","","3.5","","90","","0.0","","20","","25","","","","96.55","","","","","","NA"
"-80.80","46.63","SUDBURY CLIMATE","6068145","2021-03-11 10:00","2021","03","11","10:00","5.7","","3.5","","86","","0.0","","18","","31","","","","96.48","","","","","","NA"
"-80.80","46.63","SUDBURY CLIMATE","6068145","2021-03-11 11:00","2021","03","11","11:00","5.8","","3.5","","85","","0.0","","19","","32","","","","96.46","","","","","","NA"
"-80.80","46.63","SUDBURY CLIMATE","6068145","2021-03-11 12:00","2021","03","11","12:00","5.7","","3.4","","85","","0.0","","17","","25","","","","96.28","","","","","","NA"
"-80.80","46.63","SUDBURY CLIMATE","6068145","2021-03-11 13:00","2021","03","11","13:00","6.2","","4.1","","86","","0.2","","19","","42","","","","96.20","","","","","","NA"
"-80.80","46.63","SUDBURY CLIMATE","6068145","2021-03-11 14:00","2021","03","11","14:00","6.5","","4.5","","87","","0.0","","20","","36","","","","96.15","","","","","","NA"
"-80.80","46.63","SUDBURY CLIMATE","6068145","2021-03-11 15:00","2021","03","11","15:00","7.5","","4.5","","81","","0.0","","20","","44","","","","96.10","","","","","","NA"
"-80.80","46.63","SUDBURY CLIMATE","6068145","2021-03-11 16:00","2021","03","11","16:00","9.1","","6.0","","81","","0.2","","20","","45","","","","96.02","","","","","","NA"
"-80.80","46.63","SUDBURY CLIMATE","6068145","2021-03-11 17:00","2021","03","11","17:00","8.9","","6.0","","83","","0.0","","21","","49","","","","95.97","","","","","","NA"
"-80.80","46.63","SUDBURY CLIMATE","6068145","2021-03-11 18:00","2021","03","11","18:00","9.5","","6.0","","79","","0.0","","21","","38","","","","95.88","","","","","","NA"
"-80.80","46.63","SUDBURY CLIMATE","6068145","2021-03-11 19:00","2021","03","11","19:00","8.1","","0.1","","57","","0.0","","24","","46","","","","95.88","","","","","","NA"
"-80.80","46.63","SUDBURY CLIMATE","6068145","2021-03-11 20:00","2021","03","11","20:00","7.2","","-1.0","","56","","0.0","","25","","30","","","","95.99","","","","","","NA"
"-80.80","46.63","SUDBURY CLIMATE","6068145","2021-03-11 21:00","2021","03","11","21:00","5.3","","-2.5","","57","","0.2","","25","","41","","","","96.07","","","","","","NA"
"-80.80","46.63","SUDBURY CLIMATE","6068145","2021-03-11 22:00","2021","03","11","22:00","3.6","","-2.1","","67","","0.0","","25","","32","","","","96.17","","","","","","NA"
"-80.80","46.63","SUDBURY CLIMATE","6068145","2021-03-11 23:00","2021","03","11","23:00","2.7","","-2.0","","71","","0.0","","24","","34","","","","96.22","","","","","","NA"
"-80.80","46.63","SUDBURY CLIMATE","6068145","2021-03-12 00:00","2021","03","12","00:00","1.3","","-1.5","","82","","0.2","","24","","34","","","","96.26","","","","","","NA"
"-80.80","46.63","SUDBURY CLIMATE","6068145","2021-03-12 01:00","2021","03","12","01:00","-0.2","","-4.9","","70","","0.2","","27","","27","","","","96.50","","","","-6","","NA"
"-80.80","46.63","SUDBURY CLIMATE","6068145","2021-03-12 02:00","2021","03","12","02:00","-0.8","","-5.3","","71","","0.0","","27","","27","","","","96.69","","","","-7","","NA"
"-80.80","46.63","SUDBURY CLIMATE","6068145","2021-03-12 03:00","2021","03","12","03:00","-0.9","","-6.0","","68","","0.0","","28","","27","","","","96.90","","","","-7","","NA"
"-80.80","46.63","SUDBURY CLIMATE","6068145","2021-03-12 04:00","2021","03","12","04:00","-0.9","","-5.4","","71","","0.0","","28","","17","","","","97.04","","","","-6","","NA"
"-80.80","46.63","SUDBURY CLIMATE","6068145","2021-03-12 05:00","2021","03","12","05:00","-1.0","","-5.5","","72","","0.0","","29","","18","","","","97.15","","","","-6","","NA"
"-80.80","46.63","SUDBURY CLIMATE","6068145","2021-03-12 06:00","2021","03","12","06:00","-1.4","","-5.9","","71","","0.0","","30","","15","","","","97.27","","","","-6","","NA"
"-80.80","46.63","SUDBURY CLIMATE","6068145","2021-03-12 07:00","2021","03","12","07:00","-1.6","","-5.9","","72","","0.0","","30","","16","","","","97.42","","","","-7","","NA"
"-80.80","46.63","SUDBURY CLIMATE","6068145","2021-03-12 08:00","2021","03","12","08:00","-1.8","","-5.9","","73","","0.0","","30","","13","","","","97.47","","","","-6","","NA"
"-80.80","46.63","SUDBURY CLIMATE","6068145","2021-03-12 09:00","2021","03","12","09:00","-1.9","","-5.8","","75","","0.0","","30","","8","","","","97.49","","","","-5","","NA"
"-80.80","46.63","SUDBURY CLIMATE","6068145","2021-03-12 10:00","2021","03","12","10:00","-1.8","","-5.2","","78","","0.0","","24","","5","","","","97.51","","","","-4","","NA"
"-80.80","46.63","SUDBURY CLIMATE","6068145","2021-03-12 11:00","2021","03","12","11:00","-1.6","","-4.4","","81","","0.0","","22","","13","","","","97.50","","","","-6","","NA"
"-80.80","46.63","SUDBURY CLIMATE","6068145","2021-03-12 12:00","2021","03","12","12:00","-1.3","","-4.1","","81","","0.0","","21","","20","","","","97.41","","","","-7","","NA"
"-80.80","46.63","SUDBURY CLIMATE","6068145","2021-03-12 13:00","2021","03","12","13:00","-1.1","","-3.8","","82","","0.0","","23","","25","","","","97.40","","","","-7","","NA"
"-80.80","46.63","SUDBURY CLIMATE","6068145","2021-03-12 14:00","2021","03","12","14:00","-0.1","","-3.4","","78","","0.0","","25","","23","","","","97.37","","","","-6","","NA"
"-80.80","46.63","SUDBURY CLIMATE","6068145","2021-03-12 15:00","2021","03","12","15:00","1.0","","-4.3","","68","","0.0","","25","","23","","","","97.32","","","","","","NA"
"-80.80","46.63","SUDBURY CLIMATE","6068145","2021-03-12 16:00","2021","03","12","16:00","0.0","","-5.7","","65","","0.0","","29","","21","","","","97.36","","","","-5","","NA"
"-80.80","46.63","SUDBURY CLIMATE","6068145","2021-03-12 17:00","2021","03","12","17:00","-0.1","","-11.1","","43","","0.0","","27","","25","","","","97.41","","","","-6","","NA"
"-80.80","46.63","SUDBURY CLIMATE","6068145","2021-03-12 18:00","2021","03","12","18:00","-1.0","","-14.7","","35","","0.0","","30","","26","","","","97.50","","","","-7","","NA"
"-80.80","46.63","SUDBURY CLIMATE","6068145","2021-03-12 19:00","2021","03","12","19:00","-1.6","","-15.5","","34","","0.0","","30","","25","","","","97.59","","","","-8","","NA"
"-80.80","46.63","SUDBURY CLIMATE","6068145","2021-03-12 20:00","2021","03","12","20:00","-3.0","","-17.3","","32","","0.0","","31","","28","","","","97.73","","","","-10","","NA"
"-80.80","46.63","SUDBURY CLIMATE","6068145","2021-03-12 21:00","2021","03","12","21:00","-4.4","","-18.8","","32","","0.0","","33","","27","","","","97.91","","","","-12","","NA"
"-80.80","46.63","SUDBURY CLIMATE","6068145","2021-03-12 22:00","2021","03","12","22:00","-5.6","","-18.3","","36","","0.0","","33","","23","","","","98.05","","","","-13","","NA"
"-80.80","46.63","SUDBURY CLIMATE","6068145","2021-03-12 23:00","2021","03","12","23:00","-6.7","","-17.8","","41","","0.0","","33","","20","","","","98.21","","","","-14","","NA"
"-80.80","46.63","SUDBURY CLIMATE","6068145","2021-03-13 00:00","2021","03","13","00:00","-7.7","","-17.7","","45","","0.0","","33","","16","","","","98.33","","","","-14","","NA"
"-80.80","46.63","SUDBURY CLIMATE","6068145","2021-03-13 01:00","2021","03","13","01:00","-8.5","","-17.7","","47","","0.0","","33","","11","","","","98.44","","","","-14","","NA"
"-80.80","46.63","SUDBURY CLIMATE","6068145","2021-03-13 02:00","2021","03","13","02:00","-9.2","","-17.8","","50","","0.0","","34","","9","","","","98.54","","","","-14","","NA"
"-80.80","46.63","SUDBURY CLIMATE","6068145","2021-03-13 03:00","2021","03","13","03:00","-10.1","","-17.9","","53","","0.0","","35","","7","","","","98.60","","","","-14","","NA"
"-80.80","46.63","SUDBURY CLIMATE","6068145","2021-03-13 04:00","2021","03","13","04:00","-11.0","","-17.5","","59","","0.0","","35","","6","","","","98.64","","","","-15","","NA"
"-80.80","46.63","SUDBURY CLIMATE","6068145","2021-03-13 05:00","2021","03","13","05:00","-11.9","","-17.5","","63","","0.0","","34","","5","","","","98.68","","","","-15","","NA"
"-80.80","46.63","SUDBURY CLIMATE","6068145","2021-03-13 06:00","2021","03","13","06:00","-13.1","","-17.5","","69","","0.0","","32","","5","","","","98.74","","","","-16","","NA"
"-80.80","46.63","SUDBURY CLIMATE","6068145","2021-03-13 07:00","2021","03","13","07:00","-13.0","","-17.5","","69","","0.0","","32","","5","","","","98.76","","","","-16","","NA"
"-80.80","46.63","SUDBURY CLIMATE","6068145","2021-03-13 08:00","2021","03","13","08:00","-13.4","","-17.0","","74","","0.0","","0","","1","","","","98.66","","","","-14","","NA"
"-80.80","46.63","SUDBURY CLIMATE","6068145","2021-03-13 09:00","2021","03","13","09:00","-13.8","","-16.6","","79","","0.0","","24","","4","","","","98.63","","","","-17","","NA"
"-80.80","46.63","SUDBURY CLIMATE","6068145","2021-03-13 10:00","2021","03","13","10:00","-12.7","","-16.7","","72","","0.0","","21","","4","","","","98.53","","","","-15","","NA"
"-80.80","46.63","SUDBURY CLIMATE","6068145","2021-03-13 11:00","2021","03","13","11:00","-12.2","","-16.0","","73","","0.0","","20","","10","","","","98.50","","","","-18","","NA"
"-80.80","46.63","SUDBURY CLIMATE","6068145","2021-03-13 12:00","2021","03","13","12:00","-12.7","","-15.5","","79","","0.0","","23","","13","","","","98.55","","","","-20","","NA"
"-80.80","46.63","SUDBURY CLIMATE","6068145","2021-03-13 13:00","2021","03","13","13:00","-11.0","","-15.2","","71","","0.0","","22","","14","","","","98.47","","","","-18","","NA"
"-80.80","46.63","SUDBURY CLIMATE","6068145","2021-03-13 14:00","2021","03","13","14:00","-9.3","","-14.0","","69","","0.0","","23","","20","","","","98.41","","","","-17","","NA"
"-80.80","46.63","SUDBURY CLIMATE","6068145","2021-03-13 15:00","2021","03","13","15:00","-8.0","","-12.7","","69","","0.0","","22","","24","","","","98.26","","","","-16","","NA"
"-80.80","46.63","SUDBURY CLIMATE","6068145","2021-03-13 16:00","2021","03","13","16:00","-6.4","","-11.8","","65","","0.0","","22","","25","","","","98.12","","","","-14","","NA"
"-80.80","46.63","SUDBURY CLIMATE","6068145","2021-03-13 17:00","2021","03","13","17:00","-5.1","","-10.6","","66","","0.0","","22","","32","","","","97.95","","","","-13","","NA"
"-80.80","46.63","SUDBURY CLIMATE","6068145","2021-03-13 18:00","2021","03","13","18:00","-3.7","","-9.4","","65","","0.0","","23","","32","","","","97.79","","","","-12","","NA"
"-80.80","46.63","SUDBURY CLIMATE","6068145","2021-03-13 19:00","2021","03","13","19:00","-2.4","","-7.9","","66","","0.0","","22","","28","","","","97.64","","","","-9","","NA"
"-80.80","46.63","SUDBURY CLIMATE","6068145","2021-03-13 20:00","2021","03","13","20:00","-1.0","","-8.2","","58","","0.0","","24","","31","","","","97.51","","","","-8","","NA"
"-80.80","46.63","SUDBURY CLIMATE","6068145","2021-03-13 21:00","2021","03","13","21:00","-0.1","","-7.1","","59","","0.0","","24","","22","","","","97.47","","","","-6","","NA"
"-80.80","46.63","SUDBURY CLIMATE","6068145","2021-03-13 22:00","2021","03","13","22:00","0.6","","-5.7","","63","","0.0","","24","","26","","","","97.37","","","","","","NA"
"-80.80","46.63","SUDBURY CLIMATE","6068145","2021-03-13 23:00","2021","03","13","23:00","1.0","","-5.2","","63","","0.0","","24","","18","","","","97.33","","","","","","NA"
"-80.80","46.63","SUDBURY CLIMATE","6068145","2021-03-14 00:00","2021","03","14","00:00","0.8","","-5.0","","65","","0.0","","27","","6","","","","97.36","","","","","","NA"
"-80.80","46.63","SUDBURY CLIMATE","6068145","2021-03-14 01:00","2021","03","14","01:00","-0.2","","-5.0","","70","","0.0","","26","","8","","","","97.36","","","","-3","","NA"
"-80.80","46.63","SUDBURY CLIMATE","6068145","2021-03-14 02:00","2021","03","14","02:00","-0.2","","-4.8","","71","","0.0","","28","","8","","","","97.39","","","","-3","","NA"
"-80.80","46.63","SUDBURY CLIMATE","6068145","2021-03-14 03:00","2021","03","14","03:00","0.0","","-4.2","","74","","0.0","","29","","9","","","","97.44","","","","-3","","NA"
"-80.80","46.63","SUDBURY CLIMATE","6068145","2021-03-14 04:00","2021","03","14","04:00","-1.1","","-4.4","","78","","0.0","","28","","8","","","","97.46","","","","-4","","NA"
"-80.80","46.63","SUDBURY CLIMATE","6068145","2021-03-14 05:00","2021","03","14","05:00","-1.9","","-4.4","","83","","0.0","","28","","7","","","","97.47","","","","-5","","NA"
"-80.80","46.63","SUDBURY CLIMATE","6068145","2021-03-14 06:00","2021","03","14","06:00","-2.2","","-4.9","","82","","0.0","","32","","7","","","","97.53","","","","-5","","NA"
"-80.80","46.63","SUDBURY CLIMATE","6068145","2021-03-14 07:00","2021","03","14","07:00","-1.8","","-6.0","","73","","0.0","","35","","12","","","","97.58","","","","-6","","NA"
"-80.80","46.63","SUDBURY CLIMATE","6068145","2021-03-14 08:00","2021","03","14","08:00","-1.8","","-6.5","","70","","0.0","","35","","16","","","","97.58","","","","-7","","NA"
"-80.80","46.63","SUDBURY CLIMATE","6068145","2021-03-14 09:00","2021","03","14","09:00","-3.4","","-9.1","","65","","0.0","","34","","20","","","","97.65","","","","-10","","NA"
"-80.80","46.63","SUDBURY CLIMATE","6068145","2021-03-14 10:00","2021","03","14","10:00","-4.7","","-10.1","","66","","0.0","","35","","16","","","","97.80","","","","-10","","NA"
"-80.80","46.63","SUDBURY CLIMATE","6068145","2021-03-14 11:00","2021","03","14","11:00","-6.8","","-13.4","","59","","0.0","","36","","19","","","","97.96","","","","-14","","NA"
"-80.80","46.63","SUDBURY CLIMATE","6068145","2021-03-14 12:00","2021","03","14","12:00","-8.1","","-15.1","","57","","0.0","","36","","25","","","","98.13","","","","-16","","NA"
"-80.80","46.63","SUDBURY CLIMATE","6068145","2021-03-14 13:00","2021","03","14","13:00","-9.2","","-17.3","","52","","0.0","","34","","22","","","","98.29","","","","-17","","NA"
"-80.80","46.63","SUDBURY CLIMATE","6068145","2021-03-14 14:00","2021","03","14","14:00","-9.7","","-20.4","","41","","0.0","","36","","31","","","","98.39","","","","-19","","NA"
"-80.80","46.63","SUDBURY CLIMATE","6068145","2021-03-14 15:00","2021","03","14","15:00","-9.1","","-19.0","","45","","0.0","","36","","24","","","","98.48","","","","-17","","NA"
"-80.80","46.63","SUDBURY CLIMATE","6068145","2021-03-14 16:00","2021","03","14","16:00","-8.6","","-18.2","","46","","0.0","","36","","24","","","","98.59","","","","-17","","NA"
"-80.80","46.63","SUDBURY CLIMATE","6068145","2021-03-14 17:00","2021","03","14","17:00","-8.0","","-18.2","","44","","0.0","","35","","22","","","","98.63","","","","-16","","NA"
"-80.80","46.63","SUDBURY CLIMATE","6068145","2021-03-14 18:00","2021","03","14","18:00","-6.9","","-18.1","","41","","0.0","","33","","19","","","","98.64","","","","-14","","NA"
"-80.80","46.63","SUDBURY CLIMATE","6068145","2021-03-14 19:00","2021","03","14","19:00","-6.6","","-19.4","","35","","0.0","","34","","25","","","","98.64","","","","-14","","NA"
"-80.80","46.63","SUDBURY CLIMATE","6068145","2021-03-14 20:00","2021","03","14","20:00","-6.0","","-18.5","","37","","0.0","","34","","17","","","","98.62","","","","-12","","NA"
"-80.80","46.63","SUDBURY CLIMATE","6068145","2021-03-14 21:00","2021","03","14","21:00","-5.9","","-19.3","","34","","0.0","","33","","20","","","","98.67","","","","-13","","NA"
"-80.80","46.63","SUDBURY CLIMATE","6068145","2021-03-14 22:00","2021","03","14","22:00","-6.4","","-21.0","","30","","0.0","","34","","23","","","","98.72","","","","-14","","NA"
"-80.80","46.63","SUDBURY CLIMATE","6068145","2021-03-14 23:00","2021","03","14","23:00","-7.1","","-21.1","","32","","0.0","","35","","23","","","","98.80","","","","-15","","NA"
"-80.80","46.63","SUDBURY CLIMATE","6068145","2021-03-15 00:00","2021","03","15","00:00","-8.1","","-20.5","","36","","0.0","","36","","16","","","","98.88","","","","-15","","NA"
"-80.80","46.63","SUDBURY CLIMATE","6068145","2021-03-15 01:00","2021","03","15","01:00","-8.8","","-20.5","","38","","0.0","","35","","17","","","","98.94","","","","-16","","NA"
"-80.80","46.63","SUDBURY CLIMATE","6068145","2021-03-15 02:00","2021","03","15","02:00","-9.5","","-20.8","","39","","0.0","","35","","11","","","","99.00","","","","-15","","NA"
"-80.80","46.63","SUDBURY CLIMATE","6068145","2021-03-15 03:00","2021","03","15","03:00","-10.4","","-20.7","","43","","0.0","","35","","10","","","","99.03","","","","-16","","NA"
"-80.80","46.63","SUDBURY CLIMATE","6068145","2021-03-15 04:00","2021","03","15","04:00","-10.9","","-20.9","","43","","0.0","","34","","11","","","","99.06","","","","-17","","NA"
"-80.80","46.63","SUDBURY CLIMATE","6068145","2021-03-15 05:00","2021","03","15","05:00","-11.6","","-20.9","","46","","0.0","","35","","10","","","","99.08","","","","-17","","NA"
"-80.80","46.63","SUDBURY CLIMATE","6068145","2021-03-15 06:00","2021","03","15","06:00","-12.1","","-21.1","","47","","0.0","","35","","12","","","","99.07","","","","-18","","NA"
"-80.80","46.63","SUDBURY CLIMATE","6068145","2021-03-15 07:00","2021","03","15","07:00","-12.8","","-21.4","","49","","0.0","","36","","11","","","","99.09","","","","-19","","NA"
"-80.80","46.63","SUDBURY CLIMATE","6068145","2021-03-15 08:00","2021","03","15","08:00","-13.5","","-21.4","","52","","0.0","","36","","8","","","","99.07","","","","-19","","NA"
"-80.80","46.63","SUDBURY CLIMATE","6068145","2021-03-15 09:00","2021","03","15","09:00","-14.1","","-21.5","","54","","0.0","","1","","15","","","","99.02","","","","-22","","NA"
"-80.80","46.63","SUDBURY CLIMATE","6068145","2021-03-15 10:00","2021","03","15","10:00","-14.7","","-22.0","","54","","0.0","","1","","14","","","","99.06","","","","-22","","NA"
"-80.80","46.63","SUDBURY CLIMATE","6068145","2021-03-15 11:00","2021","03","15","11:00","-15.3","","-21.4","","59","","0.0","","2","","11","","","","99.11","","","","-22","","NA"
"-80.80","46.63","SUDBURY CLIMATE","6068145","2021-03-15 12:00","2021","03","15","12:00","-15.6","","-21.3","","62","","0.0","","1","","6","","","","99.19","","","","-20","","NA"
"-80.80","46.63","SUDBURY CLIMATE","6068145","2021-03-15 13:00","2021","03","15","13:00","-14.8","","-21.9","","54","","0.0","","2","","16","","","","99.20","","","","-23","","NA"
"-80.80","46.63","SUDBURY CLIMATE","6068145","2021-03-15 14:00","2021","03","15","14:00","-13.5","","-21.7","","50","","0.0","","4","","10","","","","99.24","","","","-19","","NA"
"-80.80","46.63","SUDBURY CLIMATE","6068145","2021-03-15 15:00","2021","03","15","15:00","-11.7","","-21.0","","46","","0.0","","6","","7","","","","99.19","","","","-16","","NA"
"-80.80","46.63","SUDBURY CLIMATE","6068145","2021-03-15 16:00","2021","03","15","16:00","-10.4","","-21.6","","39","","0.0","","4","","10","","","","99.12","","","","-16","","NA"
"-80.80","46.63","SUDBURY CLIMATE","6068145","2021-03-15 17:00","2021","03","15","17:00","-8.7","","-21.7","","34","","0.0","","6","","7","","","","98.99","","","","-13","","NA"
"-80.80","46.63","SUDBURY CLIMATE","6068145","2021-03-15 18:00","2021","03","15","18:00","-7.6","","-25.0","","23","","0.0","","30","","2","","","","98.87","","","","-9","","NA"
"-80.80","46.63","SUDBURY CLIMATE","6068145","2021-03-15 19:00","2021","03","15","19:00","-5.4","","-20.8","","28","","0.0","","34","","2","","","","98.74","","","","-6","","NA"
"-80.80","46.63","SUDBURY CLIMATE","6068145","2021-03-15 20:00","2021","03","15","20:00","-4.5","","-19.7","","30","","0.0","","19","","2","","","","98.61","","","","-5","","NA"
"-80.80","46.63","SUDBURY CLIMATE","6068145","2021-03-15 21:00","2021","03","15","21:00","-3.5","","-18.5","","30","","0.0","","21","","5","","","","98.59","","","","-6","","NA"
"-80.80","46.63","SUDBURY CLIMATE","6068145","2021-03-15 22:00","2021","03","15","22:00","-3.2","","-18.2","","30","","0.0","","21","","8","","","","98.48","","","","-6","","NA"
"-80.80","46.63","SUDBURY CLIMATE","6068145","2021-03-15 23:00","2021","03","15","23:00","-3.6","","-17.7","","33","","0.0","","22","","8","","","","98.46","","","","-7","","NA"
"-80.80","46.63","SUDBURY CLIMATE","6068145","2021-03-16 00:00","2021","03","16","00:00","-5.2","","-12.6","","56","","0.0","","22","","6","","","","98.42","","","","-8","","NA"
"-80.80","46.63","SUDBURY CLIMATE","6068145","2021-03-16 01:00","2021","03","16","01:00","-4.9","","-14.9","","46","","0.0","","18","","11","","","","98.28","","","","-9","","NA"
"-80.80","46.63","SUDBURY CLIMATE","6068145","2021-03-16 02:00","2021","03","16","02:00","-6.1","","-14.4","","52","","0.0","","17","","9","","","","98.26","","","","-10","","NA"
"-80.80","46.63","SUDBURY CLIMATE","6068145","2021-03-16 03:00","2021","03","16","03:00","-6.4","","-13.7","","56","","0.0","","19","","11","","","","98.27","","","","-11","","NA"
"-80.80","46.63","SUDBURY CLIMATE","6068145","2021-03-16 04:00","2021","03","16","04:00","-7.3","","-13.3","","62","","0.0","","22","","12","","","","98.26","","","","-13","","NA"
"-80.80","46.63","SUDBURY CLIMATE","6068145","2021-03-16 05:00","2021","03","16","05:00","-8.5","","-14.5","","62","","0.0","","26","","6","","","","98.18","","","","-12","","NA"
"-80.80","46.63","SUDBURY CLIMATE","6068145","2021-03-16 06:00","2021","03","16","06:00","-8.9","","-14.7","","62","","0.0","","25","","5","","","","98.10","","","","-12","","NA"
"-80.80","46.63","SUDBURY CLIMATE","6068145","2021-03-16 07:00","2021","03","16","07:00","-8.9","","-14.3","","65","","0.0","","23","","5","","","","98.03","","","","-12","","NA"
"-80.80","46.63","SUDBURY CLIMATE","6068145","2021-03-16 08:00","2021","03","16","08:00","-9.0","","-13.9","","67","","0.0","","0","","1","","","","97.95","","","","-10","","NA"
"-80.80","46.63","SUDBURY CLIMATE","6068145","2021-03-16 09:00","2021","03","16","09:00","-9.3","","-13.5","","72","","0.0","","16","","7","","","","97.90","","","","-13","","NA"
"-80.80","46.63","SUDBURY CLIMATE","6068145","2021-03-16 10:00","2021","03","16","10:00","-8.9","","-14.9","","62","","0.0","","13","","6","","","","97.83","","","","-12","","NA"
"-80.80","46.63","SUDBURY CLIMATE","6068145","2021-03-16 11:00","2021","03","16","11:00","-8.9","","-15.8","","57","","0.0","","12","","6","","","","97.79","","","","-12","","NA"
"-80.80","46.63","SUDBURY CLIMATE","6068145","2021-03-16 12:00","2021","03","16","12:00","-8.6","","-15.2","","59","","0.0","","11","","6","","","","97.76","","","","-12","","NA"
"-80.80","46.63","SUDBURY CLIMATE","6068145","2021-03-16 13:00","2021","03","16","13:00","-7.6","","-15.3","","54","","0.0","","12","","6","","","","97.69","","","","-11","","NA"
"-80.80","46.63","SUDBURY CLIMATE","6068145","2021-03-16 14:00","2021","03","16","14:00","-5.9","","-14.9","","49","","0.0","","18","","6","","","","97.69","","","","-9","","NA"
"-80.80","46.63","SUDBURY CLIMATE","6068145","2021-03-16 15:00","2021","03","16","15:00","-3.4","","-14.2","","43","","0.0","","22","","10","","","","97.69","","","","-7","","NA"
"-80.80","46.63","SUDBURY CLIMATE","6068145","2021-03-16 16:00","2021","03","16","16:00","-1.0","","-13.7","","38","","0.0","","22","","8","","","","97.67","","","","-4","","NA"
"-80.80","46.63","SUDBURY CLIMATE","6068145","2021-03-16 17:00","2021","03","16","17:00","0.7","","-15.2","","29","","0.0","","20","","6","","","","97.64","","","","","","NA"
"-80.80","46.63","SUDBURY CLIMATE","6068145","2021-03-16 18:00","2021","03","16","18:00","2.5","","-13.9","","29","","0.0","","20","","13","","","","97.56","","","","","","NA"
"-80.80","46.63","SUDBURY CLIMATE","6068145","2021-03-16 19:00","2021","03","16","19:00","2.6","","-16.3","","23","","0.0","","20","","9","","","","97.51","","","","","","NA"
"-80.80","46.63","SUDBURY CLIMATE","6068145","2021-03-16 20:00","2021","03","16","20:00","4.1","","-14.0","","25","","0.0","","24","","7","","","","97.47","","","","","","NA"
"-80.80","46.63","SUDBURY CLIMATE","6068145","2021-03-16 21:00","2021","03","16","21:00","3.5","","-12.4","","30","","0.0","","23","","12","","","","97.42","","","","","","NA"
"-80.80","46.63","SUDBURY CLIMATE","6068145","2021-03-16 22:00","2021","03","16","22:00","4.6","","-12.4","","28","","0.0","","23","","13","","","","97.41","","","","","","NA"
"-80.80","46.63","SUDBURY CLIMATE","6068145","2021-03-16 23:00","2021","03","16","23:00","2.6","","-10.7","","37","","0.0","","22","","16","","","","97.42","","","","","","NA"
"-80.80","46.63","SUDBURY CLIMATE","6068145","2021-03-17 00:00","2021","03","17","00:00","0.9","","-13.7","","33","","0.0","","24","","11","","","","97.45","","","","","","NA"
"-80.80","46.63","SUDBURY CLIMATE","6068145","2021-03-17 01:00","2021","03","17","01:00","0.1","","-13.0","","37","","0.0","","25","","9","","","","97.51","","","","","","NA"
"-80.80","46.63","SUDBURY CLIMATE","6068145","2021-03-17 02:00","2021","03","17","02:00","-0.8","","-13.0","","39","","0.0","","25","","7","","","","97.56","","","","-3","","NA"
"-80.80","46.63","SUDBURY CLIMATE","6068145","2021-03-17 03:00","2021","03","17","03:00","-1.9","","-11.8","","47","","0.0","","25","","9","","","","97.58","","","","-5","","NA"
"-80.80","46.63","SUDBURY CLIMATE","6068145","2021-03-17 04:00","2021","03","17","04:00","-2.1","","-11.6","","48","","0.0","","25","","8","","","","97.57","","","","-5","","NA"
"-80.80","46.63","SUDBURY CLIMATE","6068145","2021-03-17 05:00","2021","03","17","05:00","-2.8","","-12.3","","48","","0.0","","27","","7","","","","97.56","","","","-6","","NA"
"-80.80","46.63","SUDBURY CLIMATE","6068145","2021-03-17 06:00","2021","03","17","06:00","-3.8","","-11.9","","53","","0.0","","29","","5","","","","97.57","","","","-6","","NA"
"-80.80","46.63","SUDBURY CLIMATE","6068145","2021-03-17 07:00","2021","03","17","07:00","-4.3","","-10.6","","61","","0.0","","26","","4","","","","97.58","","","","-6","","NA"
"-80.80","46.63","SUDBURY CLIMATE","6068145","2021-03-17 08:00","2021","03","17","08:00","-4.3","","-8.1","","75","","0.0","","22","","3","","","","97.54","","","","-6","","NA"
"-80.80","46.63","SUDBURY CLIMATE","6068145","2021-03-17 09:00","2021","03","17","09:00","-3.9","","-9.8","","64","","0.0","","23","","14","","","","97.57","","","","-9","","NA"
"-80.80","46.63","SUDBURY CLIMATE","6068145","2021-03-17 10:00","2021","03","17","10:00","-4.4","","-10.5","","62","","0.0","","22","","4","","","","97.57","","","","-6","","NA"
"-80.80","46.63","SUDBURY CLIMATE","6068145","2021-03-17 11:00","2021","03","17","11:00","-5.1","","-8.2","","79","","0.0","","17","","4","","","","97.56","","","","-7","","NA"
"-80.80","46.63","SUDBURY CLIMATE","6068145","2021-03-17 12:00","2021","03","17","12:00","-4.3","","-10.2","","64","","0.0","","17","","9","","","","97.54","","","","-8","","NA"
"-80.80","46.63","SUDBURY CLIMATE","6068145","2021-03-17 13:00","2021","03","17","13:00","-2.7","","-8.8","","63","","0.0","","20","","10","","","","97.60","","","","-7","","NA"
"-80.80","46.63","SUDBURY CLIMATE","6068145","2021-03-17 14:00","2021","03","17","14:00","-2.0","","-9.0","","59","","0.0","","20","","10","","","","97.54","","","","-6","","NA"
"-80.80","46.63","SUDBURY CLIMATE","6068145","2021-03-17 15:00","2021","03","17","15:00","-1.1","","-7.9","","60","","0.0","","21","","11","","","","97.52","","","","-5","","NA"
"-80.80","46.63","SUDBURY CLIMATE","6068145","2021-03-17 16:00","2021","03","17","16:00","-0.8","","-6.8","","64","","0.0","","23","","11","","","","97.53","","","","-5","","NA"
"-80.80","46.63","SUDBURY CLIMATE","6068145","2021-03-17 17:00","2021","03","17","17:00","0.1","","-6.1","","63","","0.0","","22","","8","","","","97.43","","","","","","NA"
"-80.80","46.63","SUDBURY CLIMATE","6068145","2021-03-17 18:00","2021","03","17","18:00","0.7","","-5.7","","62","","0.0","","23","","13","","","","97.35","","","","","","NA"
"-80.80","46.63","SUDBURY CLIMATE","6068145","2021-03-17 19:00","2021","03","17","19:00","1.6","","-5.0","","61","","0.0","","23","","15","","","","97.28","","","","","","NA"
"-80.80","46.63","SUDBURY CLIMATE","6068145","2021-03-17 20:00","2021","03","17","20:00","2.9","","-4.6","","58","","0.0","","22","","17","","","","97.26","","","","","","NA"
"-80.80","46.63","SUDBURY CLIMATE","6068145","2021-03-17 21:00","2021","03","17","21:00","2.8","","-3.3","","64","","0.0","","23","","15","","","","97.25","","","","","","NA"
"-80.80","46.63","SUDBURY CLIMATE","6068145","2021-03-17 22:00","2021","03","17","22:00","2.6","","-3.4","","64","","0.0","","23","","16","","","","97.29","","","","","","NA"
"-80.80","46.63","SUDBURY CLIMATE","6068145","2021-03-17 23:00","2021","03","17","23:00","1.7","","-3.1","","70","","0.0","","25","","14","","","","97.33","","","","","","NA"
"-80.80","46.63","SUDBURY CLIMATE","6068145","2021-03-18 00:00","2021","03","18","00:00","-0.1","","-1.6","","89","","0.0","","23","","17","","","","97.34","","","","-5","","NA"
"-80.80","46.63","SUDBURY CLIMATE","6068145","2021-03-18 01:00","2021","03","18","01:00","-1.0","","-1.8","","95","","0.0","","23","","15","","","","97.34","","","","-6","","NA"
"-80.80","46.63","SUDBURY CLIMATE","6068145","2021-03-18 02:00","2021","03","18","02:00","-1.7","","-2.3","","96","","0.0","","24","","12","","","","97.36","","","","-6","","NA"
"-80.80","46.63","SUDBURY CLIMATE","6068145","2021-03-18 03:00","2021","03","18","03:00","-1.8","","-2.5","","95","","0.0","","27","","8","","","","97.31","","","","-5","","NA"
"-80.80","46.63","SUDBURY CLIMATE","6068145","2021-03-18 04:00","2021","03","18","04:00","-2.4","","-3.0","","95","","0.0","","23","","12","","","","97.28","","","","-7","","NA"
"-80.80","46.63","SUDBURY CLIMATE","6068145","2021-03-18 05:00","2021","03","18","05:00","-1.9","","-3.1","","92","","0.0","","29","","10","","","","97.39","","","","-6","","NA"
"-80.80","46.63","SUDBURY CLIMATE","6068145","2021-03-18 06:00","2021","03","18","06:00","-2.5","","-3.6","","92","","0.0","","29","","9","","","","97.42","","","","-6","","NA"
"-80.80","46.63","SUDBURY CLIMATE","6068145","2021-03-18 07:00","2021","03","18","07:00","-1.5","","-4.0","","83","","0.0","","32","","11","","","","97.43","","","","-5","","NA"
"-80.80","46.63","SUDBURY CLIMATE","6068145","2021-03-18 08:00","2021","03","18","08:00","-0.8","","-4.3","","77","","0.0","","34","","13","","","","97.46","","","","-5","","NA"
"-80.80","46.63","SUDBURY CLIMATE","6068145","2021-03-18 09:00","2021","03","18","09:00","-0.6","","-4.1","","77","","0.0","","35","","15","","","","97.55","","","","-5","","NA"
"-80.80","46.63","SUDBURY CLIMATE","6068145","2021-03-18 10:00","2021","03","18","10:00","-0.6","","-3.8","","79","","0.0","","1","","16","","","","97.63","","","","-5","","NA"
"-80.80","46.63","SUDBURY CLIMATE","6068145","2021-03-18 11:00","2021","03","18","11:00","-1.8","","-5.4","","76","","0.0","","36","","17","","","","97.79","","","","-7","","NA"
"-80.80","46.63","SUDBURY CLIMATE","6068145","2021-03-18 12:00","2021","03","18","12:00","-2.1","","-7.6","","66","","0.0","","1","","22","","","","97.90","","","","-8","","NA"
"-80.80","46.63","SUDBURY CLIMATE","6068145","2021-03-18 13:00","2021","03","18","13:00","-1.7","","-8.0","","62","","0.0","","1","","20","","","","97.93","","","","-7","","NA"
"-80.80","46.63","SUDBURY CLIMATE","6068145","2021-03-18 14:00","2021","03","18","14:00","-1.9","","-9.8","","55","","0.0","","1","","31","","","","98.03","","","","-9","","NA"
"-80.80","46.63","SUDBURY CLIMATE","6068145","2021-03-18 15:00","2021","03","18","15:00","-2.0","","-10.3","","53","","0.0","","3","","30","","","","98.12","","","","-9","","NA"
"-80.80","46.63","SUDBURY CLIMATE","6068145","2021-03-18 16:00","2021","03","18","16:00","-1.7","","-11.8","","46","","0.0","","2","","29","","","","98.15","","","","-9","","NA"
"-80.80","46.63","SUDBURY CLIMATE","6068145","2021-03-18 17:00","2021","03","18","17:00","-1.5","","-11.7","","46","","0.0","","4","","28","","","","98.20","","","","-8","","NA"
"-80.80","46.63","SUDBURY CLIMATE","6068145","2021-03-18 18:00","2021","03","18","18:00","-1.0","","-12.3","","42","","0.0","","3","","26","","","","98.24","","","","-7","","NA"
"-80.80","46.63","SUDBURY CLIMATE","6068145","2021-03-18 19:00","2021","03","18","19:00","-0.8","","-15.0","","33","","0.0","","3","","25","","","","98.23","","","","-7","","NA"
"-80.80","46.63","SUDBURY CLIMATE","6068145","2021-03-18 20:00","2021","03","18","20:00","-0.7","","-15.9","","31","","0.0","","3","","25","","","","98.21","","","","-7","","NA"
"-80.80","46.63","SUDBURY CLIMATE","6068145","2021-03-18 21:00","2021","03","18","21:00","-1.0","","-15.8","","31","","0.0","","3","","27","","","","98.24","","","","-7","","NA"
"-80.80","46.63","SUDBURY CLIMATE","6068145","2021-03-18 22:00","2021","03","18","22:00","-1.3","","-15.5","","33","","0.0","","3","","23","","","","98.30","","","","-7","","NA"
"-80.80","46.63","SUDBURY CLIMATE","6068145","2021-03-18 23:00","2021","03","18","23:00","-2.2","","-15.7","","35","","0.0","","3","","23","","","","98.40","","","","-8","","NA"
"-80.80","46.63","SUDBURY CLIMATE","6068145","2021-03-19 00:00","2021","03","19","00:00","-3.2","","-15.7","","38","","0.0","","4","","16","","","","98.51","","","","-9","","NA"
"-80.80","46.63","SUDBURY CLIMATE","6068145","2021-03-19 01:00","2021","03","19","01:00","-4.2","","-15.9","","40","","0.0","","4","","13","","","","98.58","","","","-9","","NA"
"-80.80","46.63","SUDBURY CLIMATE","6068145","2021-03-19 02:00","2021","03","19","02:00","-4.7","","-15.7","","42","","0.0","","4","","13","","","","98.65","","","","-10","","NA"
"-80.80","46.63","SUDBURY CLIMATE","6068145","2021-03-19 03:00","2021","03","19","03:00","-6.4","","-13.9","","55","","0.0","","1","","6","","","","98.70","","","","-9","","NA"
"-80.80","46.63","SUDBURY CLIMATE","6068145","2021-03-19 04:00","2021","03","19","04:00","-7.2","","-14.6","","55","","0.0","","2","","5","","","","98.74","","","","-10","","NA"
"-80.80","46.63","SUDBURY CLIMATE","6068145","2021-03-19 05:00","2021","03","19","05:00","-7.6","","-15.9","","51","","0.0","","2","","7","","","","98.76","","","","-11","","NA"
"-80.80","46.63","SUDBURY CLIMATE","6068145","2021-03-19 06:00","2021","03","19","06:00","-8.7","","-15.6","","57","","0.0","","2","","6","","","","98.77","","","","-12","","NA"
"-80.80","46.63","SUDBURY CLIMATE","6068145","2021-03-19 07:00","2021","03","19","07:00","-9.1","","-16.1","","57","","0.0","","1","","7","","","","98.78","","","","-13","","NA"
"-80.80","46.63","SUDBURY CLIMATE","6068145","2021-03-19 08:00","2021","03","19","08:00","-9.5","","-16.9","","55","","0.0","","34","","6","","","","98.79","","","","-13","","NA"
"-80.80","46.63","SUDBURY CLIMATE","6068145","2021-03-19 09:00","2021","03","19","09:00","-10.7","","-16.7","","62","","0.0","","35","","6","","","","98.81","","","","-14","","NA"
"-80.80","46.63","SUDBURY CLIMATE","6068145","2021-03-19 10:00","2021","03","19","10:00","-11.6","","-16.0","","70","","0.0","","36","","4","","","","98.88","","","","-14","","NA"
"-80.80","46.63","SUDBURY CLIMATE","6068145","2021-03-19 11:00","2021","03","19","11:00","-11.7","","-17.1","","64","","0.0","","31","","4","","","","98.93","","","","-14","","NA"
"-80.80","46.63","SUDBURY CLIMATE","6068145","2021-03-19 12:00","2021","03","19","12:00","-10.3","","-15.7","","64","","0.0","","24","","6","","","","98.99","","","","-14","","NA"
"-80.80","46.63","SUDBURY CLIMATE","6068145","2021-03-19 13:00","2021","03","19","13:00","-8.3","","-15.9","","54","","0.0","","26","","6","","","","99.06","","","","-12","","NA"
"-80.80","46.63","SUDBURY CLIMATE","6068145","2021-03-19 14:00","2021","03","19","14:00","-4.7","","-13.7","","49","","0.0","","21","","12","","","","99.05","","","","-9","","NA"
"-80.80","46.63","SUDBURY CLIMATE","6068145","2021-03-19 15:00","2021","03","19","15:00","-2.7","","-13.9","","42","","0.0","","21","","14","","","","99.03","","","","-8","","NA"
"-80.80","46.63","SUDBURY CLIMATE","6068145","2021-03-19 16:00","2021","03","19","16:00","-0.7","","-13.3","","38","","0.0","","20","","16","","","","98.97","","","","-5","","NA"
"-80.80","46.63","SUDBURY CLIMATE","6068145","2021-03-19 17:00","2021","03","19","17:00","1.4","","-11.5","","37","","0.0","","22","","21","","","","98.87","","","","","","NA"
"-80.80","46.63","SUDBURY CLIMATE","6068145","2021-03-19 18:00","2021","03","19","18:00","3.0","","-9.9","","38","","0.0","","22","","25","","","","98.79","","","","","","NA"
"-80.80","46.63","SUDBURY CLIMATE","6068145","2021-03-19 19:00","2021","03","19","19:00","4.1","","-9.6","","36","","0.0","","22","","28","","","","98.68","","","","","","NA"
"-80.80","46.63","SUDBURY CLIMATE","6068145","2021-03-19 20:00","2021","03","19","20:00","4.1","","-10.5","","34","","0.0","","23","","28","","","","98.62","","","","","","NA"
"-80.80","46.63","SUDBURY CLIMATE","6068145","2021-03-19 21:00","2021","03","19","21:00","4.3","","-10.1","","34","","0.0","","24","","30","","","","98.58","","","","","","NA"
"-80.80","46.63","SUDBURY CLIMATE","6068145","2021-03-19 22:00","2021","03","19","22:00","4.1","","-9.2","","37","","0.0","","24","","31","","","","98.54","","","","","","NA"
"-80.80","46.63","SUDBURY CLIMATE","6068145","2021-03-19 23:00","2021","03","19","23:00","3.4","","-8.6","","41","","0.0","","24","","22","","","","98.55","","","","","","NA"
"-80.80","46.63","SUDBURY CLIMATE","6068145","2021-03-20 00:00","2021","03","20","00:00","1.6","","-7.4","","51","","0.0","","23","","20","","","","98.56","","","","","","NA"
"-80.80","46.63","SUDBURY CLIMATE","6068145","2021-03-20 01:00","2021","03","20","01:00","0.5","","-7.4","","55","","0.0","","25","","14","","","","98.59","","","","","","NA"
"-80.80","46.63","SUDBURY CLIMATE","6068145","2021-03-20 02:00","2021","03","20","02:00","0.2","","-7.7","","56","","0.0","","25","","15","","","","98.59","","","","","","NA"
"-80.80","46.63","SUDBURY CLIMATE","6068145","2021-03-20 03:00","2021","03","20","03:00","-0.4","","-8.3","","55","","0.0","","25","","15","","","","98.57","","","","-5","","NA"
"-80.80","46.63","SUDBURY CLIMATE","6068145","2021-03-20 04:00","2021","03","20","04:00","-0.9","","-8.2","","58","","0.0","","25","","12","","","","98.56","","","","-5","","NA"
"-80.80","46.63","SUDBURY CLIMATE","6068145","2021-03-20 05:00","2021","03","20","05:00","-1.3","","-7.7","","62","","0.0","","24","","14","","","","98.57","","","","-6","","NA"
"-80.80","46.63","SUDBURY CLIMATE","6068145","2021-03-20 06:00","2021","03","20","06:00","-1.1","","-7.6","","61","","0.0","","25","","16","","","","98.56","","","","-6","","NA"
"-80.80","46.63","SUDBURY CLIMATE","6068145","2021-03-20 07:00","2021","03","20","07:00","-0.8","","-8.0","","58","","0.0","","25","","15","","","","98.58","","","","-5","","NA"
"-80.80","46.63","SUDBURY CLIMATE","6068145","2021-03-20 08:00","2021","03","20","08:00","-0.6","","-8.6","","54","","0.0","","26","","10","","","","98.60","","","","-4","","NA"
"-80.80","46.63","SUDBURY CLIMATE","6068145","2021-03-20 09:00","2021","03","20","09:00","-3.2","","-8.1","","68","","0.0","","22","","7","","","","98.65","","","","-6","","NA"
"-80.80","46.63","SUDBURY CLIMATE","6068145","2021-03-20 10:00","2021","03","20","10:00","-2.9","","-8.9","","63","","0.0","","23","","8","","","","98.71","","","","-6","","NA"
"-80.80","46.63","SUDBURY CLIMATE","6068145","2021-03-20 11:00","2021","03","20","11:00","-3.9","","-8.6","","70","","0.0","","24","","8","","","","98.75","","","","-7","","NA"
"-80.80","46.63","SUDBURY CLIMATE","6068145","2021-03-20 12:00","2021","03","20","12:00","-4.0","","-7.5","","77","","0.0","","22","","10","","","","98.80","","","","-8","","NA"
"-80.80","46.63","SUDBURY CLIMATE","6068145","2021-03-20 13:00","2021","03","20","13:00","-1.9","","-6.8","","69","","0.0","","22","","13","","","","98.83","","","","-6","","NA"
"-80.80","46.63","SUDBURY CLIMATE","6068145","2021-03-20 14:00","2021","03","20","14:00","1.5","","-6.1","","57","","0.0","","22","","15","","","","98.86","","","","","","NA"
"-80.80","46.63","SUDBURY CLIMATE","6068145","2021-03-20 15:00","2021","03","20","15:00","3.8","","-5.5","","51","","0.0","","21","","12","","","","98.88","","","","","","NA"
"-80.80","46.63","SUDBURY CLIMATE","6068145","2021-03-20 16:00","2021","03","20","16:00","5.9","","-5.8","","43","","0.0","","23","","18","","","","98.87","","","","","","NA"
"-80.80","46.63","SUDBURY CLIMATE","6068145","2021-03-20 17:00","2021","03","20","17:00","8.2","","-5.7","","37","","0.0","","22","","22","","","","98.83","","","","","","NA"
"-80.80","46.63","SUDBURY CLIMATE","6068145","2021-03-20 18:00","2021","03","20","18:00","10.3","","-4.9","","34","","0.0","","23","","20","","","","98.79","","","","","","NA"
"-80.80","46.63","SUDBURY CLIMATE","6068145","2021-03-20 19:00","2021","03","20","19:00","11.3","","-6.3","","29","","0.0","","22","","25","","","","98.72","","","","","","NA"
"-80.80","46.63","SUDBURY CLIMATE","6068145","2021-03-20 20:00","2021","03","20","20:00","11.7","","-6.2","","28","","0.0","","22","","26","","","","98.70","","","","","","NA"
"-80.80","46.63","SUDBURY CLIMATE","6068145","2021-03-20 21:00","2021","03","20","21:00","11.5","","-5.6","","30","","0.0","","22","","26","","","","98.68","","","","","","NA"
"-80.80","46.63","SUDBURY CLIMATE","6068145","2021-03-20 22:00","2021","03","20","22:00","10.1","","-8.2","","27","","0.0","","23","","29","","","","98.66","","","","","","NA"
"-80.80","46.63","SUDBURY CLIMATE","6068145","2021-03-20 23:00","2021","03","20","23:00","8.2","","-8.1","","31","","0.0","","22","","25","","","","98.68","","","","","","NA"
"-80.80","46.63","SUDBURY CLIMATE","6068145","2021-03-21 00:00","2021","03","21","00:00","4.6","","-4.3","","52","","0.0","","20","","21","","","","98.72","","","","","","NA"
"-80.80","46.63","SUDBURY CLIMATE","6068145","2021-03-21 01:00","2021","03","21","01:00","2.8","","-4.5","","58","","0.0","","21","","20","","","","98.74","","","","","","NA"
"-80.80","46.63","SUDBURY CLIMATE","6068145","2021-03-21 02:00","2021","03","21","02:00","2.0","","-5.7","","57","","0.0","","21","","21","","","","98.75","","","","","","NA"
"-80.80","46.63","SUDBURY CLIMATE","6068145","2021-03-21 03:00","2021","03","21","03:00","1.0","","-5.8","","61","","0.0","","22","","20","","","","98.74","","","","","","NA"
"-80.80","46.63","SUDBURY CLIMATE","6068145","2021-03-21 04:00","2021","03","21","04:00","0.0","","-5.0","","69","","0.0","","21","","17","","","","98.72","","","","-5","","NA"
"-80.80","46.63","SUDBURY CLIMATE","6068145","2021-03-21 05:00","2021","03","21","05:00","-0.6","","-4.7","","74","","0.0","","21","","18","","","","98.65","","","","-6","","NA"
"-80.80","46.63","SUDBURY CLIMATE","6068145","2021-03-21 06:00","2021","03","21","06:00","-1.1","","-5.0","","75","","0.0","","21","","15","","","","98.64","","","","-6","","NA"
"-80.80","46.63","SUDBURY CLIMATE","6068145","2021-03-21 07:00","2021","03","21","07:00","-1.1","","-4.3","","79","","0.0","","19","","16","","","","98.62","","","","-6","","NA"
"-80.80","46.63","SUDBURY CLIMATE","6068145","2021-03-21 08:00","2021","03","21","08:00","-1.4","","-4.3","","81","","0.0","","21","","15","","","","98.63","","","","-6","","NA"
"-80.80","46.63","SUDBURY CLIMATE","6068145","2021-03-21 09:00","2021","03","21","09:00","-2.1","","-4.4","","84","","0.0","","21","","15","","","","98.65","","","","-7","","NA"
"-80.80","46.63","SUDBURY CLIMATE","6068145","2021-03-21 10:00","2021","03","21","10:00","-2.2","","-4.3","","85","","0.0","","21","","15","","","","98.67","","","","-7","","NA"
"-80.80","46.63","SUDBURY CLIMATE","6068145","2021-03-21 11:00","2021","03","21","11:00","-2.3","","-4.5","","85","","0.0","","21","","15","","","","98.69","","","","-7","","NA"
"-80.80","46.63","SUDBURY CLIMATE","6068145","2021-03-21 12:00","2021","03","21","12:00","-1.6","","-4.1","","83","","0.0","","19","","14","","","","98.72","","","","-6","","NA"
"-80.80","46.63","SUDBURY CLIMATE","6068145","2021-03-21 13:00","2021","03","21","13:00","1.4","","-4.0","","67","","0.0","","21","","15","","","","98.73","","","","","","NA"
"-80.80","46.63","SUDBURY CLIMATE","6068145","2021-03-21 14:00","2021","03","21","14:00","3.9","","-4.6","","54","","0.0","","21","","20","","","","98.73","","","","","","NA"
"-80.80","46.63","SUDBURY CLIMATE","6068145","2021-03-21 15:00","2021","03","21","15:00","7.3","","-3.9","","45","","0.0","","22","","20","","","","98.70","","","","","","NA"
"-80.80","46.63","SUDBURY CLIMATE","6068145","2021-03-21 16:00","2021","03","21","16:00","9.4","","-4.5","","37","","0.0","","22","","25","","","","98.66","","","","","","NA"
"-80.80","46.63","SUDBURY CLIMATE","6068145","2021-03-21 17:00","2021","03","21","17:00","11.0","","-4.6","","33","","0.0","","22","","30","","","","98.62","","","","","","NA"
"-80.80","46.63","SUDBURY CLIMATE","6068145","2021-03-21 18:00","2021","03","21","18:00","11.3","","-5.9","","30","","0.0","","22","","32","","","","98.56","","","","","","NA"
"-80.80","46.63","SUDBURY CLIMATE","6068145","2021-03-21 19:00","2021","03","21","19:00","11.7","","-4.2","","33","","0.0","","20","","32","","","","98.52","","","","","","NA"
"-80.80","46.63","SUDBURY CLIMATE","6068145","2021-03-21 20:00","2021","03","21","20:00","11.2","","-6.3","","29","","0.0","","21","","29","","","","98.47","","","","","","NA"
"-80.80","46.63","SUDBURY CLIMATE","6068145","2021-03-21 21:00","2021","03","21","21:00","10.6","","-6.6","","29","","0.0","","20","","32","","","","98.42","","","","","","NA"
"-80.80","46.63","SUDBURY CLIMATE","6068145","2021-03-21 22:00","2021","03","21","22:00","9.6","","-6.5","","32","","0.0","","20","","29","","","","98.38","","","","","","NA"
"-80.80","46.63","SUDBURY CLIMATE","6068145","2021-03-21 23:00","2021","03","21","23:00","7.9","","-6.2","","36","","0.0","","20","","23","","","","98.36","","","","","","NA"
"-80.80","46.63","SUDBURY CLIMATE","6068145","2021-03-22 00:00","2021","03","22","00:00","5.0","","-6.0","","45","","0.0","","19","","15","","","","98.33","","","","","","NA"
"-80.80","46.63","SUDBURY CLIMATE","6068145","2021-03-22 01:00","2021","03","22","01:00","4.0","","-6.5","","46","","0.0","","17","","15","","","","98.29","","","","","","NA"
"-80.80","46.63","SUDBURY CLIMATE","6068145","2021-03-22 02:00","2021","03","22","02:00","4.4","","-6.8","","44","","0.0","","18","","19","","","","98.25","","","","","","NA"
"-80.80","46.63","SUDBURY CLIMATE","6068145","2021-03-22 03:00","2021","03","22","03:00","4.9","","-6.9","","42","","0.0","","19","","20","","","","98.20","","","","","","NA"
"-80.80","46.63","SUDBURY CLIMATE","6068145","2021-03-22 04:00","2021","03","22","04:00","5.5","","-7.3","","39","","0.0","","18","","22","","","","98.14","","","","","","NA"
"-80.80","46.63","SUDBURY CLIMATE","6068145","2021-03-22 05:00","2021","03","22","05:00","4.4","","-6.9","","44","","0.0","","19","","17","","","","98.12","","","","","","NA"
"-80.80","46.63","SUDBURY CLIMATE","6068145","2021-03-22 06:00","2021","03","22","06:00","2.3","","-6.7","","51","","0.0","","21","","16","","","","98.08","","","","","","NA"
"-80.80","46.63","SUDBURY CLIMATE","6068145","2021-03-22 07:00","2021","03","22","07:00","3.1","","-6.2","","50","","0.0","","20","","22","","","","98.05","","","","","","NA"
"-80.80","46.63","SUDBURY CLIMATE","6068145","2021-03-22 08:00","2021","03","22","08:00","2.9","","-4.5","","58","","0.0","","20","","25","","","","98.01","","","","","","NA"
"-80.80","46.63","SUDBURY CLIMATE","6068145","2021-03-22 09:00","2021","03","22","09:00","2.4","","-4.1","","62","","0.0","","19","","22","","","","97.98","","","","","","NA"
"-80.80","46.63","SUDBURY CLIMATE","6068145","2021-03-22 10:00","2021","03","22","10:00","1.3","","-4.2","","67","","0.0","","21","","18","","","","97.97","","","","","","NA"
"-80.80","46.63","SUDBURY CLIMATE","6068145","2021-03-22 11:00","2021","03","22","11:00","0.8","","-4.2","","69","","0.0","","18","","15","","","","97.90","","","","","","NA"
"-80.80","46.63","SUDBURY CLIMATE","6068145","2021-03-22 12:00","2021","03","22","12:00","1.5","","-4.0","","67","","0.0","","18","","16","","","","97.88","","","","","","NA"
"-80.80","46.63","SUDBURY CLIMATE","6068145","2021-03-22 13:00","2021","03","22","13:00","3.1","","-3.9","","60","","0.0","","19","","18","","","","97.87","","","","","","NA"
"-80.80","46.63","SUDBURY CLIMATE","6068145","2021-03-22 14:00","2021","03","22","14:00","5.7","","-3.4","","52","","0.0","","19","","24","","","","97.80","","","","","","NA"
"-80.80","46.63","SUDBURY CLIMATE","6068145","2021-03-22 15:00","2021","03","22","15:00","8.5","","-2.8","","45","","0.0","","20","","25","","","","97.78","","","","","","NA"
"-80.80","46.63","SUDBURY CLIMATE","6068145","2021-03-22 16:00","2021","03","22","16:00","11.1","","-2.1","","40","","0.0","","20","","26","","","","97.73","","","","","","NA"
"-80.80","46.63","SUDBURY CLIMATE","6068145","2021-03-22 17:00","2021","03","22","17:00","13.1","","-2.5","","34","","0.0","","20","","30","","","","97.64","","","","","","NA"
"-80.80","46.63","SUDBURY CLIMATE","6068145","2021-03-22 18:00","2021","03","22","18:00","14.5","","-1.0","","34","","0.0","","20","","30","","","","97.61","","","","","","NA"
"-80.80","46.63","SUDBURY CLIMATE","6068145","2021-03-22 19:00","2021","03","22","19:00","13.8","","-2.4","","33","","0.0","","21","","38","","","","97.56","","","","","","NA"
"-80.80","46.63","SUDBURY CLIMATE","6068145","2021-03-22 20:00","2021","03","22","20:00","14.6","","-1.7","","32","","0.0","","21","","35","","","","97.55","","","","","","NA"
"-80.80","46.63","SUDBURY CLIMATE","6068145","2021-03-22 21:00","2021","03","22","21:00","13.4","","-1.7","","35","","0.0","","20","","32","","","","97.55","","","","","","NA"
"-80.80","46.63","SUDBURY CLIMATE","6068145","2021-03-22 22:00","2021","03","22","22:00","12.6","","-1.1","","39","","0.0","","21","","26","","","","97.59","","","","","","NA"
"-80.80","46.63","SUDBURY CLIMATE","6068145","2021-03-22 23:00","2021","03","22","23:00","11.1","","-0.6","","44","","0.0","","20","","25","","","","97.63","","","","","","NA"
"-80.80","46.63","SUDBURY CLIMATE","6068145","2021-03-23 00:00","2021","03","23","00:00","9.7","","-0.4","","49","","0.0","","20","","16","","","","97.64","","","","","","NA"
"-80.80","46.63","SUDBURY CLIMATE","6068145","2021-03-23 01:00","2021","03","23","01:00","7.6","","-1.1","","54","","0.0","","23","","10","","","","97.64","","","","","","NA"
"-80.80","46.63","SUDBURY CLIMATE","6068145","2021-03-23 02:00","2021","03","23","02:00","6.4","","-0.3","","62","","0.0","","22","","12","","","","97.65","","","","","","NA"
"-80.80","46.63","SUDBURY CLIMATE","6068145","2021-03-23 03:00","2021","03","23","03:00","6.2","","-0.3","","63","","0.0","","19","","11","","","","97.66","","","","","","NA"
"-80.80","46.63","SUDBURY CLIMATE","6068145","2021-03-23 04:00","2021","03","23","04:00","6.6","","-0.3","","61","","0.0","","20","","7","","","","97.66","","","","","","NA"
"-80.80","46.63","SUDBURY CLIMATE","6068145","2021-03-23 05:00","2021","03","23","05:00","5.0","","0.0","","70","","0.0","","20","","11","","","","97.70","","","","","","NA"
"-80.80","46.63","SUDBURY CLIMATE","6068145","2021-03-23 06:00","2021","03","23","06:00","5.6","","-0.2","","66","","0.0","","19","","12","","","","97.72","","","","","","NA"
"-80.80","46.63","SUDBURY CLIMATE","6068145","2021-03-23 07:00","2021","03","23","07:00","5.5","","-0.1","","67","","0.0","","24","","6","","","","97.77","","","","","","NA"
"-80.80","46.63","SUDBURY CLIMATE","6068145","2021-03-23 08:00","2021","03","23","08:00","3.9","","-0.1","","75","","0.0","","6","","6","","","","97.75","","","","","","NA"
"-80.80","46.63","SUDBURY CLIMATE","6068145","2021-03-23 09:00","2021","03","23","09:00","3.8","","-0.4","","74","","0.0","","18","","5","","","","97.75","","","","","","NA"
"-80.80","46.63","SUDBURY CLIMATE","6068145","2021-03-23 10:00","2021","03","23","10:00","4.0","","-0.2","","74","","0.0","","","","0","","","","97.76","","","","","","NA"
"-80.80","46.63","SUDBURY CLIMATE","6068145","2021-03-23 11:00","2021","03","23","11:00","4.8","","0.3","","72","","0.0","","","","0","","","","97.81","","","","","","NA"
"-80.80","46.63","SUDBURY CLIMATE","6068145","2021-03-23 12:00","2021","03","23","12:00","4.1","","0.5","","77","","0.0","","5","","3","","","","97.85","","","","","","NA"
"-80.80","46.63","SUDBURY CLIMATE","6068145","2021-03-23 13:00","2021","03","23","13:00","4.3","","0.6","","77","","0.0","","8","","5","","","","97.86","","","","","","NA"
"-80.80","46.63","SUDBURY CLIMATE","6068145","2021-03-23 14:00","2021","03","23","14:00","6.6","","1.4","","69","","0.0","","14","","11","","","","97.89","","","","","","NA"
"-80.80","46.63","SUDBURY CLIMATE","6068145","2021-03-23 15:00","2021","03","23","15:00","8.9","","1.3","","59","","0.0","","13","","4","","","","97.89","","","","","","NA"
"-80.80","46.63","SUDBURY CLIMATE","6068145","2021-03-23 16:00","2021","03","23","16:00","11.9","","1.6","","49","","0.0","","13","","5","","","","97.86","","","","","","NA"
"-80.80","46.63","SUDBURY CLIMATE","6068145","2021-03-23 17:00","2021","03","23","17:00","12.3","","2.3","","50","","0.0","","5","","10","","","","97.81","","","","","","NA"
"-80.80","46.63","SUDBURY CLIMATE","6068145","2021-03-23 18:00","2021","03","23","18:00","13.7","","2.3","","46","","0.0","","5","","9","","","","97.76","","","","","","NA"
"-80.80","46.63","SUDBURY CLIMATE","6068145","2021-03-23 19:00","2021","03","23","19:00","14.6","","1.4","","41","","0.0","","17","","15","","","","97.70","","","","","","NA"
"-80.80","46.63","SUDBURY CLIMATE","6068145","2021-03-23 20:00","2021","03","23","20:00","13.6","","-0.5","","38","","0.0","","16","","14","","","","97.67","","","","","","NA"
"-80.80","46.63","SUDBURY CLIMATE","6068145","2021-03-23 21:00","2021","03","23","21:00","13.1","","-1.5","","36","","0.0","","17","","9","","","","97.64","","","","","","NA"
"-80.80","46.63","SUDBURY CLIMATE","6068145","2021-03-23 22:00","2021","03","23","22:00","12.4","","-1.5","","38","","0.0","","16","","8","","","","97.62","","","","","","NA"
"-80.80","46.63","SUDBURY CLIMATE","6068145","2021-03-23 23:00","2021","03","23","23:00","12.0","","-1.7","","39","","0.0","","14","","4","","","","97.60","","","","","","NA"
"-80.80","46.63","SUDBURY CLIMATE","6068145","2021-03-24 00:00","2021","03","24","00:00","9.4","","-2.9","","42","","0.0","","4","","8","","","","97.58","","","","","","NA"
"-80.80","46.63","SUDBURY CLIMATE","6068145","2021-03-24 01:00","2021","03","24","01:00","9.5","","-1.8","","45","","0.0","","4","","9","","","","97.64","","","","","","NA"
"-80.80","46.63","SUDBURY CLIMATE","6068145","2021-03-24 02:00","2021","03","24","02:00","6.9","","-2.3","","52","","0.0","","4","","13","","","","97.57","","","","","","NA"
"-80.80","46.63","SUDBURY CLIMATE","6068145","2021-03-24 03:00","2021","03","24","03:00","5.3","","0.1","","69","","0.0","","4","","13","","","","97.55","","","","","","NA"
"-80.80","46.63","SUDBURY CLIMATE","6068145","2021-03-24 04:00","2021","03","24","04:00","4.5","","1.0","","78","","0.0","","4","","15","","","","97.53","","","","","","NA"
"-80.80","46.63","SUDBURY CLIMATE","6068145","2021-03-24 05:00","2021","03","24","05:00","3.8","","1.0","","82","","0.0","","5","","12","","","","97.54","","","","","","NA"
"-80.80","46.63","SUDBURY CLIMATE","6068145","2021-03-24 06:00","2021","03","24","06:00","4.1","","1.4","","82","","0.0","","4","","11","","","","97.48","","","","","","NA"
"-80.80","46.63","SUDBURY CLIMATE","6068145","2021-03-24 07:00","2021","03","24","07:00","3.6","","1.5","","86","","0.0","","4","","11","","","","97.42","","","","","","NA"
"-80.80","46.63","SUDBURY CLIMATE","6068145","2021-03-24 08:00","2021","03","24","08:00","3.3","","1.6","","88","","0.0","","4","","12","","","","97.33","","","","","","NA"
"-80.80","46.63","SUDBURY CLIMATE","6068145","2021-03-24 09:00","2021","03","24","09:00","2.5","","0.9","","89","","0.0","","7","","13","","","","97.29","","","","","","NA"
"-80.80","46.63","SUDBURY CLIMATE","6068145","2021-03-24 10:00","2021","03","24","10:00","3.3","","0.4","","81","","0.0","","6","","10","","","","97.25","","","","","","NA"
"-80.80","46.63","SUDBURY CLIMATE","6068145","2021-03-24 11:00","2021","03","24","11:00","2.5","","0.9","","89","","0.0","","6","","14","","","","97.20","","","","","","NA"
"-80.80","46.63","SUDBURY CLIMATE","6068145","2021-03-24 12:00","2021","03","24","12:00","2.9","","0.6","","85","","0.0","","6","","11","","","","97.17","","","","","","NA"
"-80.80","46.63","SUDBURY CLIMATE","6068145","2021-03-24 13:00","2021","03","24","13:00","5.7","","-1.1","","62","","0.0","","10","","13","","","","97.14","","","","","","NA"
"-80.80","46.63","SUDBURY CLIMATE","6068145","2021-03-24 14:00","2021","03","24","14:00","7.0","","-1.7","","54","","0.0","","10","","13","","","","97.07","","","","","","NA"
"-80.80","46.63","SUDBURY CLIMATE","6068145","2021-03-24 15:00","2021","03","24","15:00","8.7","","-1.0","","51","","0.0","","12","","15","","","","97.01","","","","","","NA"
"-80.80","46.63","SUDBURY CLIMATE","6068145","2021-03-24 16:00","2021","03","24","16:00","12.4","","2.6","","51","","0.0","","14","","18","","","","96.91","","","","","","NA"
"-80.80","46.63","SUDBURY CLIMATE","6068145","2021-03-24 17:00","2021","03","24","17:00","11.6","","3.8","","59","","0.0","","16","","20","","","","96.85","","","","","","NA"
"-80.80","46.63","SUDBURY CLIMATE","6068145","2021-03-24 18:00","2021","03","24","18:00","10.7","","5.7","","71","","0.0","","14","","12","","","","96.75","","","","","","NA"
"-80.80","46.63","SUDBURY CLIMATE","6068145","2021-03-24 19:00","2021","03","24","19:00","11.0","","7.3","","78","","0.0","","16","","17","","","","96.67","","","","","","NA"
"-80.80","46.63","SUDBURY CLIMATE","6068145","2021-03-24 20:00","2021","03","24","20:00","10.6","","8.6","","88","","1.5","","14","","16","","","","96.58","","","","","","NA"
"-80.80","46.63","SUDBURY CLIMATE","6068145","2021-03-24 21:00","2021","03","24","21:00","10.0","","8.9","","93","","0.9","","15","","12","","","","96.50","","","","","","NA"
"-80.80","46.63","SUDBURY CLIMATE","6068145","2021-03-24 22:00","2021","03","24","22:00","10.9","","9.2","","89","","0.0","","14","","14","","","","96.40","","","","","","NA"
"-80.80","46.63","SUDBURY CLIMATE","6068145","2021-03-24 23:00","2021","03","24","23:00","10.8","","8.9","","88","","0.0","","14","","13","","","","96.34","","","","","","NA"
"-80.80","46.63","SUDBURY CLIMATE","6068145","2021-03-25 00:00","2021","03","25","00:00","10.7","","8.5","","86","","0.5","","16","","14","","","","96.30","","","","","","NA"
"-80.80","46.63","SUDBURY CLIMATE","6068145","2021-03-25 01:00","2021","03","25","01:00","10.9","","8.2","","83","","0.0","","14","","22","","","","96.24","","","","","","NA"
"-80.80","46.63","SUDBURY CLIMATE","6068145","2021-03-25 02:00","2021","03","25","02:00","9.9","","8.6","","92","","1.3","","16","","21","","","","96.25","","","","","","NA"
"-80.80","46.63","SUDBURY CLIMATE","6068145","2021-03-25 03:00","2021","03","25","03:00","9.4","","8.6","","95","","0.9","","18","","25","","","","96.33","","","","","","NA"
"-80.80","46.63","SUDBURY CLIMATE","6068145","2021-03-25 04:00","2021","03","25","04:00","7.9","","7.3","","96","","0.7","","18","","22","","","","96.28","","","","","","NA"
"-80.80","46.63","SUDBURY CLIMATE","6068145","2021-03-25 05:00","2021","03","25","05:00","7.7","","7.4","","98","","0.0","","18","","22","","","","96.30","","","","","","NA"
"-80.80","46.63","SUDBURY CLIMATE","6068145","2021-03-25 06:00","2021","03","25","06:00","7.2","","6.8","","97","","0.0","","19","","22","","","","96.31","","","","","","NA"
"-80.80","46.63","SUDBURY CLIMATE","6068145","2021-03-25 07:00","2021","03","25","07:00","7.2","","6.4","","95","","0.0","","20","","21","","","","96.33","","","","","","NA"
"-80.80","46.63","SUDBURY CLIMATE","6068145","2021-03-25 08:00","2021","03","25","08:00","6.3","","6.0","","98","","0.3","","22","","14","","","","96.33","","","","","","NA"
"-80.80","46.63","SUDBURY CLIMATE","6068145","2021-03-25 09:00","2021","03","25","09:00","6.2","","5.8","","97","","0.1","","21","","18","","","","96.37","","","","","","NA"
"-80.80","46.63","SUDBURY CLIMATE","6068145","2021-03-25 10:00","2021","03","25","10:00","6.7","","6.2","","97","","0.0","","23","","17","","","","96.47","","","","","","NA"
"-80.80","46.63","SUDBURY CLIMATE","6068145","2021-03-25 11:00","2021","03","25","11:00","6.8","","5.5","","91","","0.0","","24","","26","","","","96.51","","","","","","NA"
"-80.80","46.63","SUDBURY CLIMATE","6068145","2021-03-25 12:00","2021","03","25","12:00","6.4","","4.9","","90","","0.0","","24","","22","","","","96.64","","","","","","NA"
"-80.80","46.63","SUDBURY CLIMATE","6068145","2021-03-25 13:00","2021","03","25","13:00","6.1","","5.0","","93","","0.1","","25","","15","","","","96.63","","","","","","NA"
"-80.80","46.63","SUDBURY CLIMATE","6068145","2021-03-25 14:00","2021","03","25","14:00","5.8","","4.9","","94","","0.1","","22","","28","","","","96.73","","","","","","NA"
"-80.80","46.63","SUDBURY CLIMATE","6068145","2021-03-25 15:00","2021","03","25","15:00","6.0","","4.4","","89","","0.0","","24","","25","","","","96.84","","","","","","NA"
"-80.80","46.63","SUDBURY CLIMATE","6068145","2021-03-25 16:00","2021","03","25","16:00","6.4","","3.7","","83","","0.0","","24","","23","","","","96.91","","","","","","NA"
"-80.80","46.63","SUDBURY CLIMATE","6068145","2021-03-25 17:00","2021","03","25","17:00","6.2","","2.8","","79","","0.0","","22","","26","","","","97.11","","","","","","NA"
"-80.80","46.63","SUDBURY CLIMATE","6068145","2021-03-25 18:00","2021","03","25","18:00","5.4","","1.5","","76","","0.0","","24","","24","","","","97.12","","","","","","NA"
"-80.80","46.63","SUDBURY CLIMATE","6068145","2021-03-25 19:00","2021","03","25","19:00","5.4","","1.2","","75","","0.1","","23","","26","","","","97.15","","","","","","NA"
"-80.80","46.63","SUDBURY CLIMATE","6068145","2021-03-25 20:00","2021","03","25","20:00","5.6","","0.5","","70","","0.0","","25","","16","","","","97.14","","","","","","NA"
"-80.80","46.63","SUDBURY CLIMATE","6068145","2021-03-25 21:00","2021","03","25","21:00","5.7","","0.2","","68","","0.0","","25","","12","","","","97.14","","","","","","NA"
"-80.80","46.63","SUDBURY CLIMATE","6068145","2021-03-25 22:00","2021","03","25","22:00","5.7","","-0.1","","67","","0.0","","26","","5","","","","97.15","","","","","","NA"
"-80.80","46.63","SUDBURY CLIMATE","6068145","2021-03-25 23:00","2021","03","25","23:00","5.1","","-0.1","","69","","0.0","","28","","2","","","","97.11","","","","","","NA"
"-80.80","46.63","SUDBURY CLIMATE","6068145","2021-03-26 00:00","2021","03","26","00:00","3.9","","0.1","","76","","0.0","","24","","6","","","","97.15","","","","","","NA"
"-80.80","46.63","SUDBURY CLIMATE","6068145","2021-03-26 01:00","2021","03","26","01:00","3.6","","-0.3","","76","","0.0","","29","","3","","","","97.14","","","","","","NA"
"-80.80","46.63","SUDBURY CLIMATE","6068145","2021-03-26 02:00","2021","03","26","02:00","2.9","","-0.3","","80","","0.0","","3","","6","","","","97.11","","","","","","NA"
"-80.80","46.63","SUDBURY CLIMATE","6068145","2021-03-26 03:00","2021","03","26","03:00","2.2","","0.6","","89","","0.0","","3","","20","","","","97.09","","","","","","NA"
"-80.80","46.63","SUDBURY CLIMATE","6068145","2021-03-26 04:00","2021","03","26","04:00","0.4","","-1.7","","86","","0.0","","3","","23","","","","97.12","","","","","","NA"
"-80.80","46.63","SUDBURY CLIMATE","6068145","2021-03-26 05:00","2021","03","26","05:00","-0.4","","-2.4","","86","","0.0","","3","","22","","","","97.15","","","","-6","","NA"
"-80.80","46.63","SUDBURY CLIMATE","6068145","2021-03-26 06:00","2021","03","26","06:00","-1.0","","-2.9","","87","","0.0","","4","","26","","","","96.95","","","","-7","","NA"
"-80.80","46.63","SUDBURY CLIMATE","6068145","2021-03-26 07:00","2021","03","26","07:00","-1.5","","-3.4","","87","","0.0","","3","","26","","","","96.89","","","","-8","","NA"
"-80.80","46.63","SUDBURY CLIMATE","6068145","2021-03-26 08:00","2021","03","26","08:00","-2.0","","-3.8","","87","","0.0","","3","","30","","","","96.76","","","","-9","","NA"
"-80.80","46.63","SUDBURY CLIMATE","6068145","2021-03-26 09:00","2021","03","26","09:00","-2.4","","-4.4","","86","","0.0","","4","","31","","","","96.68","","","","-10","","NA"
"-80.80","46.63","SUDBURY CLIMATE","6068145","2021-03-26 10:00","2021","03","26","10:00","-2.7","","-4.8","","86","","0.0","","4","","27","","","","96.60","","","","-10","","NA"
"-80.80","46.63","SUDBURY CLIMATE","6068145","2021-03-26 11:00","2021","03","26","11:00","-3.3","","-5.5","","85","","0.0","","3","","30","","","","96.62","","","","-11","","NA"
"-80.80","46.63","SUDBURY CLIMATE","6068145","2021-03-26 12:00","2021","03","26","12:00","-3.6","","-6.2","","82","","0.0","","3","","29","","","","96.65","","","","-11","","NA"
"-80.80","46.63","SUDBURY CLIMATE","6068145","2021-03-26 13:00","2021","03","26","13:00","-4.0","","-7.4","","77","","0.0","","2","","30","","","","96.73","","","","-12","","NA"
"-80.80","46.63","SUDBURY CLIMATE","6068145","2021-03-26 14:00","2021","03","26","14:00","-4.0","","-7.4","","77","","0.0","","2","","31","","","","96.75","","","","-12","","NA"
"-80.80","46.63","SUDBURY CLIMATE","6068145","2021-03-26 15:00","2021","03","26","15:00","-4.0","","-7.8","","75","","0.0","","1","","27","","","","96.74","","","","-11","","NA"
"-80.80","46.63","SUDBURY CLIMATE","6068145","2021-03-26 16:00","2021","03","26","16:00","-3.3","","-7.5","","72","","0.0","","1","","25","","","","96.85","","","","-10","","NA"
"-80.80","46.63","SUDBURY CLIMATE","6068145","2021-03-26 17:00","2021","03","26","17:00","-2.6","","-7.5","","69","","0.0","","1","","20","","","","96.91","","","","-9","","NA"
"-80.80","46.63","SUDBURY CLIMATE","6068145","2021-03-26 18:00","2021","03","26","18:00","-2.0","","-7.0","","69","","0.0","","2","","19","","","","96.96","","","","-8","","NA"
"-80.80","46.63","SUDBURY CLIMATE","6068145","2021-03-26 19:00","2021","03","26","19:00","-1.6","","-6.8","","68","","0.0","","2","","14","","","","97.05","","","","-6","","NA"
"-80.80","46.63","SUDBURY CLIMATE","6068145","2021-03-26 20:00","2021","03","26","20:00","-1.4","","-7.0","","66","","0.0","","35","","14","","","","97.11","","","","-6","","NA"
"-80.80","46.63","SUDBURY CLIMATE","6068145","2021-03-26 21:00","2021","03","26","21:00","-1.4","","-6.5","","68","","0.0","","2","","14","","","","97.15","","","","-6","","NA"
"-80.80","46.63","SUDBURY CLIMATE","6068145","2021-03-26 22:00","2021","03","26","22:00","-1.6","","-6.6","","69","","0.0","","3","","12","","","","97.25","","","","-6","","NA"
"-80.80","46.63","SUDBURY CLIMATE","6068145","2021-03-26 23:00","2021","03","26","23:00","-1.8","","-6.1","","72","","0.0","","4","","8","","","","97.31","","","","-5","","NA"
"-80.80","46.63","SUDBURY CLIMATE","6068145","2021-03-27 00:00","2021","03","27","00:00","-1.7","","-6.5","","70","","0.0","","35","","4","","","","97.45","","","","-3","","NA"
"-80.80","46.63","SUDBURY CLIMATE","6068145","2021-03-27 01:00","2021","03","27","01:00","-2.0","","-6.5","","71","","0.0","","32","","5","","","","97.52","","","","-4","","NA"
"-80.80","46.63","SUDBURY CLIMATE","6068145","2021-03-27 02:00","2021","03","27","02:00","-2.0","","-6.2","","73","","0.0","","29","","5","","","","97.58","","","","-4","","NA"
"-80.80","46.63","SUDBURY CLIMATE","6068145","2021-03-27 03:00","2021","03","27","03:00","-2.0","","-6.3","","73","","0.0","","30","","6","","","","97.59","","","","-4","","NA"
"-80.80","46.63","SUDBURY CLIMATE","6068145","2021-03-27 04:00","2021","03","27","04:00","-2.1","","-6.1","","74","","0.0","","29","","4","","","","97.58","","","","-4","","NA"
"-80.80","46.63","SUDBURY CLIMATE","6068145","2021-03-27 05:00","2021","03","27","05:00","-2.1","","-5.8","","76","","0.0","","0","","1","","","","97.56","","","","-2","","NA"
"-80.80","46.63","SUDBURY CLIMATE","6068145","2021-03-27 06:00","2021","03","27","06:00","-2.1","","-5.8","","76","","0.0","","29","","3","","","","97.58","","","","-3","","NA"
"-80.80","46.63","SUDBURY CLIMATE","6068145","2021-03-27 07:00","2021","03","27","07:00","-2.1","","-5.3","","78","","0.0","","24","","4","","","","97.58","","","","-4","","NA"
"-80.80","46.63","SUDBURY CLIMATE","6068145","2021-03-27 08:00","2021","03","27","08:00","-2.2","","-5.5","","78","","0.0","","32","","3","","","","97.59","","","","-3","","NA"
"-80.80","46.63","SUDBURY CLIMATE","6068145","2021-03-27 09:00","2021","03","27","09:00","-2.1","","-5.0","","81","","0.0","","26","","4","","","","97.62","","","","-4","","NA"
"-80.80","46.63","SUDBURY CLIMATE","6068145","2021-03-27 10:00","2021","03","27","10:00","-2.1","","-5.2","","80","","0.0","","25","","4","","","","97.67","","","","-4","","NA"
"-80.80","46.63","SUDBURY CLIMATE","6068145","2021-03-27 11:00","2021","03","27","11:00","-2.2","","-4.9","","81","","0.0","","24","","2","","","","97.69","","","","-3","","NA"
"-80.80","46.63","SUDBURY CLIMATE","6068145","2021-03-27 12:00","2021","03","27","12:00","-1.8","","-4.9","","79","","0.0","","21","","1","","","","97.72","","","","-2","","NA"
"-80.80","46.63","SUDBURY CLIMATE","6068145","2021-03-27 13:00","2021","03","27","13:00","-1.6","","-5.4","","75","","0.0","","23","","6","","","","97.76","","","","-4","","NA"
"-80.80","46.63","SUDBURY CLIMATE","6068145","2021-03-27 14:00","2021","03","27","14:00","-1.2","","-5.5","","72","","0.0","","20","","4","","","","97.76","","","","-3","","NA"
"-80.80","46.63","SUDBURY CLIMATE","6068145","2021-03-27 15:00","2021","03","27","15:00","-0.3","","-5.0","","71","","0.0","","20","","5","","","","97.73","","","","-2","","NA"
"-80.80","46.63","SUDBURY CLIMATE","6068145","2021-03-27 16:00","2021","03","27","16:00","0.4","","-5.4","","65","","0.0","","17","","3","","","","97.62","","","","","","NA"
"-80.80","46.63","SUDBURY CLIMATE","6068145","2021-03-27 17:00","2021","03","27","17:00","1.8","","-5.5","","58","","0.0","","14","","5","","","","97.54","","","","","","NA"
"-80.80","46.63","SUDBURY CLIMATE","6068145","2021-03-27 18:00","2021","03","27","18:00","2.6","","-4.0","","62","","0.0","","19","","10","","","","97.56","","","","","","NA"
"-80.80","46.63","SUDBURY CLIMATE","6068145","2021-03-27 19:00","2021","03","27","19:00","2.3","","-4.9","","59","","0.0","","19","","11","","","","97.49","","","","","","NA"
"-80.80","46.63","SUDBURY CLIMATE","6068145","2021-03-27 20:00","2021","03","27","20:00","2.3","","-3.9","","64","","0.0","","20","","21","","","","97.54","","","","","","NA"
"-80.80","46.63","SUDBURY CLIMATE","6068145","2021-03-27 21:00","2021","03","27","21:00","1.2","","-3.9","","69","","0.0","","19","","18","","","","97.53","","","","","","NA"
"-80.80","46.63","SUDBURY CLIMATE","6068145","2021-03-27 22:00","2021","03","27","22:00","0.8","","-3.9","","71","","0.0","","18","","11","","","","97.42","","","","","","NA"
"-80.80","46.63","SUDBURY CLIMATE","6068145","2021-03-27 23:00","2021","03","27","23:00","0.5","","-3.6","","74","","0.0","","20","","16","","","","97.44","","","","","","NA"
"-80.80","46.63","SUDBURY CLIMATE","6068145","2021-03-28 00:00","2021","03","28","00:00","0.0","","-3.1","","79","","0.0","","17","","11","","","","97.36","","","","-4","","NA"
"-80.80","46.63","SUDBURY CLIMATE","6068145","2021-03-28 01:00","2021","03","28","01:00","-0.3","","-3.2","","81","","0.0","","17","","8","","","","97.34","","","","-3","","NA"
"-80.80","46.63","SUDBURY CLIMATE","6068145","2021-03-28 02:00","2021","03","28","02:00","-0.6","","-3.1","","83","","0.0","","16","","10","","","","97.30","","","","-4","","NA"
"-80.80","46.63","SUDBURY CLIMATE","6068145","2021-03-28 03:00","2021","03","28","03:00","-0.8","","-3.2","","84","","0.0","","17","","11","","","","97.23","","","","-5","","NA"
"-80.80","46.63","SUDBURY CLIMATE","6068145","2021-03-28 04:00","2021","03","28","04:00","-1.0","","-3.5","","83","","0.0","","11","","4","","","","97.05","","","","-2","","NA"
"-80.80","46.63","SUDBURY CLIMATE","6068145","2021-03-28 05:00","2021","03","28","05:00","-1.2","","-3.2","","86","","0.0","","13","","12","","","","96.98","","","","-5","","NA"
"-80.80","46.63","SUDBURY CLIMATE","6068145","2021-03-28 06:00","2021","03","28","06:00","-1.1","","-3.1","","86","","0.0","","9","","10","","","","96.82","","","","-5","","NA"
"-80.80","46.63","SUDBURY CLIMATE","6068145","2021-03-28 07:00","2021","03","28","07:00","-1.2","","-2.3","","92","","0.0","","8","","10","","","","96.69","","","","-5","","NA"
"-80.80","46.63","SUDBURY CLIMATE","6068145","2021-03-28 08:00","2021","03","28","08:00","-1.2","","-1.5","","98","","0.1","","5","","11","","","","96.57","","","","-5","","NA"
"-80.80","46.63","SUDBURY CLIMATE","6068145","2021-03-28 09:00","2021","03","28","09:00","-0.9","","-1.1","","98","","0.7","","5","","13","","","","96.34","","","","-5","","NA"
"-80.80","46.63","SUDBURY CLIMATE","6068145","2021-03-28 10:00","2021","03","28","10:00","-0.5","","-0.7","","99","","1.2","","5","","7","","","","96.12","","","","-3","","NA"
"-80.80","46.63","SUDBURY CLIMATE","6068145","2021-03-28 11:00","2021","03","28","11:00","-0.2","","-0.3","","99","","1.1","","6","","4","","","","96.05","","","","-1","","NA"
"-80.80","46.63","SUDBURY CLIMATE","6068145","2021-03-28 12:00","2021","03","28","12:00","0.0","","-0.1","","100","","2.8","","4","","4","","","","95.94","","","","-1","","NA"
"-80.80","46.63","SUDBURY CLIMATE","6068145","2021-03-28 13:00","2021","03","28","13:00","0.0","","0.0","","100","","1.3","","5","","5","","","","95.75","","","","-2","","NA"
"-80.80","46.63","SUDBURY CLIMATE","6068145","2021-03-28 14:00","2021","03","28","14:00","0.1","","0.0","","100","","2.9","","3","","4","","","","95.62","","","","","","NA"
"-80.80","46.63","SUDBURY CLIMATE","6068145","2021-03-28 15:00","2021","03","28","15:00","0.1","","0.1","","100","","3.3","","3","","4","","","","95.52","","","","","","NA"
"-80.80","46.63","SUDBURY CLIMATE","6068145","2021-03-28 16:00","2021","03","28","16:00","0.1","","0.0","","100","","4.2","","3","","4","","","","95.39","","","","","","NA"
"-80.80","46.63","SUDBURY CLIMATE","6068145","2021-03-28 17:00","2021","03","28","17:00","0.1","","0.0","","100","","1.6","","1","","6","","","","95.34","","","","","","NA"
"-80.80","46.63","SUDBURY CLIMATE","6068145","2021-03-28 18:00","2021","03","28","18:00","0.0","","-0.1","","99","","0.6","","2","","21","","","","95.19","","","","-5","","NA"
"-80.80","46.63","SUDBURY CLIMATE","6068145","2021-03-28 19:00","2021","03","28","19:00","0.1","","0.0","","99","","1.1","","35","","12","","","","95.22","","","","","","NA"
"-80.80","46.63","SUDBURY CLIMATE","6068145","2021-03-28 20:00","2021","03","28","20:00","0.1","","-0.2","","98","","0.3","","34","","16","","","","95.26","","","","","","NA"
"-80.80","46.63","SUDBURY CLIMATE","6068145","2021-03-28 21:00","2021","03","28","21:00","-0.2","","-0.5","","98","","0.9","","34","","19","","","","95.39","","","","-5","","NA"
"-80.80","46.63","SUDBURY CLIMATE","6068145","2021-03-28 22:00","2021","03","28","22:00","-0.6","","-0.8","","99","","1.1","","34","","23","","","","95.54","","","","-6","","NA"
"-80.80","46.63","SUDBURY CLIMATE","6068145","2021-03-28 23:00","2021","03","28","23:00","-1.1","","-1.3","","98","","0.8","","34","","24","","","","95.75","","","","-7","","NA"
"-80.80","46.63","SUDBURY CLIMATE","6068145","2021-03-29 00:00","2021","03","29","00:00","-1.9","","-2.3","","97","","0.5","","35","","22","","","","95.99","","","","-8","","NA"
"-80.80","46.63","SUDBURY CLIMATE","6068145","2021-03-29 01:00","2021","03","29","01:00","-1.9","","-2.9","","93","","0.0","","34","","25","","","","96.21","","","","-8","","NA"
"-80.80","46.63","SUDBURY CLIMATE","6068145","2021-03-29 02:00","2021","03","29","02:00","-2.8","","-3.8","","93","","0.0","","33","","23","","","","96.42","","","","-9","","NA"
"-80.80","46.63","SUDBURY CLIMATE","6068145","2021-03-29 03:00","2021","03","29","03:00","-3.2","","-4.4","","92","","0.0","","34","","19","","","","96.53","","","","-9","","NA"
"-80.80","46.63","SUDBURY CLIMATE","6068145","2021-03-29 04:00","2021","03","29","04:00","-4.0","","-5.3","","91","","0.0","","33","","19","","","","96.70","","","","-10","","NA"
"-80.80","46.63","SUDBURY CLIMATE","6068145","2021-03-29 05:00","2021","03","29","05:00","-4.8","","-6.4","","89","","0.0","","33","","20","","","","96.81","","","","-11","","NA"
"-80.80","46.63","SUDBURY CLIMATE","6068145","2021-03-29 06:00","2021","03","29","06:00","-6.0","","-8.5","","83","","0.0","","33","","21","","","","96.95","","","","-13","","NA"
"-80.80","46.63","SUDBURY CLIMATE","6068145","2021-03-29 07:00","2021","03","29","07:00","-7.1","","-10.3","","78","","0.0","","33","","21","","","","97.06","","","","-14","","NA"
"-80.80","46.63","SUDBURY CLIMATE","6068145","2021-03-29 08:00","2021","03","29","08:00","-8.4","","-11.1","","81","","0.0","","33","","13","","","","97.15","","","","-14","","NA"
"-80.80","46.63","SUDBURY CLIMATE","6068145","2021-03-29 09:00","2021","03","29","09:00","-9.3","","-11.7","","82","","0.0","","33","","12","","","","97.24","","","","-15","","NA"
"-80.80","46.63","SUDBURY CLIMATE","6068145","2021-03-29 10:00","2021","03","29","10:00","-9.7","","-11.9","","84","","0.0","","33","","12","","","","97.38","","","","-16","","NA"
"-80.80","46.63","SUDBURY CLIMATE","6068145","2021-03-29 11:00","2021","03","29","11:00","-10.3","","-12.3","","85","","0.0","","35","","8","","","","97.48","","","","-15","","NA"
"-80.80","46.63","SUDBURY CLIMATE","6068145","2021-03-29 12:00","2021","03","29","12:00","-9.8","","-12.2","","82","","0.0","","35","","8","","","","97.54","","","","-14","","NA"
"-80.80","46.63","SUDBURY CLIMATE","6068145","2021-03-29 13:00","2021","03","29","13:00","-8.6","","-11.6","","79","","0.0","","36","","10","","","","97.64","","","","-14","","NA"
"-80.80","46.63","SUDBURY CLIMATE","6068145","2021-03-29 14:00","2021","03","29","14:00","-6.6","","-10.4","","74","","0.0","","35","","4","","","","97.74","","","","-9","","NA"
"-80.80","46.63","SUDBURY CLIMATE","6068145","2021-03-29 15:00","2021","03","29","15:00","-6.0","","-10.8","","69","","0.8","","22","","5","","","","97.80","","","","-8","","NA"
"-80.80","46.63","SUDBURY CLIMATE","6068145","2021-03-29 16:00","2021","03","29","16:00","-5.0","","-11.1","","62","","0.0","","24","","7","","","","97.83","","","","-8","","NA"
"-80.80","46.63","SUDBURY CLIMATE","6068145","2021-03-29 17:00","2021","03","29","17:00","-3.6","","-10.4","","59","","0.0","","25","","8","","","","97.83","","","","-7","","NA"
"-80.80","46.63","SUDBURY CLIMATE","6068145","2021-03-29 18:00","2021","03","29","18:00","-3.0","","-10.5","","56","","0.0","","22","","15","","","","97.83","","","","-8","","NA"
"-80.80","46.63","SUDBURY CLIMATE","6068145","2021-03-29 19:00","2021","03","29","19:00","-1.8","","-9.9","","54","","0.0","","23","","13","","","","97.76","","","","-6","","NA"
"-80.80","46.63","SUDBURY CLIMATE","6068145","2021-03-29 20:00","2021","03","29","20:00","-0.9","","-8.8","","55","","0.0","","20","","17","","","","97.68","","","","-6","","NA"
"-80.80","46.63","SUDBURY CLIMATE","6068145","2021-03-29 21:00","2021","03","29","21:00","-0.3","","-7.4","","59","","0.0","","22","","17","","","","97.63","","","","-5","","NA"
"-80.80","46.63","SUDBURY CLIMATE","6068145","2021-03-29 22:00","2021","03","29","22:00","-0.1","","-7.4","","58","","0.0","","21","","21","","","","97.59","","","","-6","","NA"
"-80.80","46.63","SUDBURY CLIMATE","6068145","2021-03-29 23:00","2021","03","29","23:00","-0.6","","-6.6","","64","","0.0","","20","","25","","","","97.58","","","","-7","","NA"
"-80.80","46.63","SUDBURY CLIMATE","6068145","2021-03-30 00:00","2021","03","30","00:00","-1.9","","-6.8","","69","","0.0","","18","","23","","","","97.52","","","","-8","","NA"
"-80.80","46.63","SUDBURY CLIMATE","6068145","2021-03-30 01:00","2021","03","30","01:00","-2.5","","-6.5","","74","","0.0","","17","","19","","","","97.51","","","","-8","","NA"
"-80.80","46.63","SUDBURY CLIMATE","6068145","2021-03-30 02:00","2021","03","30","02:00","-3.1","","-6.5","","77","","0.0","","16","","16","","","","97.44","","","","-8","","NA"
"-80.80","46.63","SUDBURY CLIMATE","6068145","2021-03-30 03:00","2021","03","30","03:00","-3.2","","-6.3","","79","","0.0","","16","","16","","","","97.39","","","","-9","","NA"
"-80.80","46.63","SUDBURY CLIMATE","6068145","2021-03-30 04:00","2021","03","30","04:00","-3.4","","-6.2","","81","","0.0","","15","","18","","","","97.34","","","","-9","","NA"
"-80.80","46.63","SUDBURY CLIMATE","6068145","2021-03-30 05:00","2021","03","30","05:00","-3.2","","-5.9","","82","","0.0","","15","","21","","","","97.27","","","","-9","","NA"
"-80.80","46.63","SUDBURY CLIMATE","6068145","2021-03-30 06:00","2021","03","30","06:00","-2.7","","-5.2","","83","","0.0","","16","","22","","","","97.17","","","","-9","","NA"
"-80.80","46.63","SUDBURY CLIMATE","6068145","2021-03-30 07:00","2021","03","30","07:00","-2.3","","-4.3","","86","","0.0","","17","","23","","","","97.09","","","","-9","","NA"
"-80.80","46.63","SUDBURY CLIMATE","6068145","2021-03-30 08:00","2021","03","30","08:00","-1.9","","-3.7","","88","","0.0","","18","","20","","","","97.03","","","","-8","","NA"
"-80.80","46.63","SUDBURY CLIMATE","6068145","2021-03-30 09:00","2021","03","30","09:00","-1.2","","-3.5","","85","","0.0","","18","","18","","","","96.98","","","","-6","","NA"
"-80.80","46.63","SUDBURY CLIMATE","6068145","2021-03-30 10:00","2021","03","30","10:00","-1.6","","-3.7","","85","","0.0","","17","","17","","","","96.90","","","","-7","","NA"
"-80.80","46.63","SUDBURY CLIMATE","6068145","2021-03-30 11:00","2021","03","30","11:00","1.9","","-2.2","","74","","0.0","","19","","29","","","","96.86","","","","","","NA"
"-80.80","46.63","SUDBURY CLIMATE","6068145","2021-03-30 12:00","2021","03","30","12:00","3.0","","-1.8","","70","","0.0","","19","","35","","","","96.82","","","","","","NA"
"-80.80","46.63","SUDBURY CLIMATE","6068145","2021-03-30 13:00","2021","03","30","13:00","4.4","","-1.7","","65","","0.0","","19","","36","","","","96.77","","","","","","NA"
"-80.80","46.63","SUDBURY CLIMATE","6068145","2021-03-30 14:00","2021","03","30","14:00","5.6","","-1.4","","61","","0.0","","20","","44","","","","96.70","","","","","","NA"
"-80.80","46.63","SUDBURY CLIMATE","6068145","2021-03-30 15:00","2021","03","30","15:00","7.0","","-0.7","","58","","0.0","","20","","44","","","","96.56","","","","","","NA"
"-80.80","46.63","SUDBURY CLIMATE","6068145","2021-03-30 16:00","2021","03","30","16:00","8.6","","0.8","","58","","0.0","","20","","44","","","","96.49","","","","","","NA"
"-80.80","46.63","SUDBURY CLIMATE","6068145","2021-03-30 17:00","2021","03","30","17:00","10.2","","1.2","","54","","0.0","","20","","42","","","","96.39","","","","","","NA"
"-80.80","46.63","SUDBURY CLIMATE","6068145","2021-03-30 18:00","2021","03","30","18:00","11.4","","1.3","","50","","0.0","","21","","43","","","","96.31","","","","","","NA"
"-80.80","46.63","SUDBURY CLIMATE","6068145","2021-03-30 19:00","2021","03","30","19:00","11.7","","0.9","","48","","0.0","","21","","52","","","","96.36","","","","","","NA"
"-80.80","46.63","SUDBURY CLIMATE","6068145","2021-03-30 20:00","2021","03","30","20:00","11.7","","0.8","","47","","0.0","","21","","56","","","","96.31","","","","","","NA"
"-80.80","46.63","SUDBURY CLIMATE","6068145","2021-03-30 21:00","2021","03","30","21:00","12.4","","1.2","","46","","0.0","","20","","54","","","","96.19","","","","","","NA"
"-80.80","46.63","SUDBURY CLIMATE","6068145","2021-03-30 22:00","2021","03","30","22:00","11.3","","1.7","","52","","0.0","","21","","42","","","","96.29","","","","","","NA"
"-80.80","46.63","SUDBURY CLIMATE","6068145","2021-03-30 23:00","2021","03","30","23:00","11.0","","2.3","","55","","0.0","","21","","40","","","","96.28","","","","","","NA"
"-80.80","46.63","SUDBURY CLIMATE","6068145","2021-03-31 00:00","2021","03","31","00:00","10.8","","2.4","","56","","0.0","","22","","30","","","","96.34","","","","","","NA"
"-80.80","46.63","SUDBURY CLIMATE","6068145","2021-03-31 01:00","2021","03","31","01:00","9.3","","2.6","","63","","0.0","","22","","24","","","","96.38","","","","","","NA"
"-80.80","46.63","SUDBURY CLIMATE","6068145","2021-03-31 02:00","2021","03","31","02:00","8.2","","3.1","","70","","0.0","","20","","15","","","","96.39","","","","","","NA"
"-80.80","46.63","SUDBURY CLIMATE","6068145","2021-03-31 03:00","2021","03","31","03:00","8.2","","3.1","","70","","0.0","","20","","16","","","","96.43","","","","","","NA"
"-80.80","46.63","SUDBURY CLIMATE","6068145","2021-03-31 04:00","2021","03","31","04:00","7.4","","3.3","","75","","0.0","","22","","14","","","","96.48","","","","","","NA"
"-80.80","46.63","SUDBURY CLIMATE","6068145","2021-03-31 05:00","2021","03","31","05:00","6.8","","2.7","","75","","0.2","","23","","19","","","","96.56","","","","","","NA"
"-80.80","46.63","SUDBURY CLIMATE","6068145","2021-03-31 06:00","2021","03","31","06:00","5.0","","2.2","","82","","0.7","","25","","17","","","","96.60","","","","","","NA"
"-80.80","46.63","SUDBURY CLIMATE","6068145","2021-03-31 07:00","2021","03","31","07:00","4.0","","1.8","","85","","0.3","","23","","19","","","","96.54","","","","","","NA"
"-80.80","46.63","SUDBURY CLIMATE","6068145","2021-03-31 08:00","2021","03","31","08:00","3.2","","1.9","","91","","0.0","","21","","12","","","","96.54","","","","","","NA"
"-80.80","46.63","SUDBURY CLIMATE","6068145","2021-03-31 09:00","2021","03","31","09:00","2.3","","-2.1","","73","","0.0","","34","","6","","","","96.61","","","","","","NA"
"-80.80","46.63","SUDBURY CLIMATE","6068145","2021-03-31 10:00","2021","03","31","10:00","1.3","","-4.6","","65","","0.0","","33","","9","","","","96.71","","","","","","NA"
"-80.80","46.63","SUDBURY CLIMATE","6068145","2021-03-31 11:00","2021","03","31","11:00","0.3","","-5.7","","64","","0.0","","32","","9","","","","96.81","","","","","","NA"
"-80.80","46.63","SUDBURY CLIMATE","6068145","2021-03-31 12:00","2021","03","31","12:00","0.2","","-6.1","","62","","0.0","","32","","8","","","","96.90","","","","","","NA"
"-80.80","46.63","SUDBURY CLIMATE","6068145","2021-03-31 13:00","2021","03","31","13:00","0.5","","-6.1","","61","","0.0","","31","","7","","","","96.91","","","","","","NA"
"-80.80","46.63","SUDBURY CLIMATE","6068145","2021-03-31 14:00","2021","03","31","14:00","1.6","","-5.4","","60","","0.0","","30","","7","","","","96.94","","","","","","NA"
"-80.80","46.63","SUDBURY CLIMATE","6068145","2021-03-31 15:00","2021","03","31","15:00","2.2","","-6.5","","52","","0.0","","28","","11","","","","96.98","","","","","","NA"
"-80.80","46.63","SUDBURY CLIMATE","6068145","2021-03-31 16:00","2021","03","31","16:00","2.8","","-7.2","","48","","0.0","","28","","15","","","","96.99","","","","","","NA"
"-80.80","46.63","SUDBURY CLIMATE","6068145","2021-03-31 17:00","2021","03","31","17:00","2.6","","-8.4","","44","","0.0","","27","","14","","","","97.06","","","","","","NA"
"-80.80","46.63","SUDBURY CLIMATE","6068145","2021-03-31 18:00","2021","03","31","18:00","2.1","","-8.5","","45","","0.0","","27","","18","","","","97.11","","","","","","NA"
"-80.80","46.63","SUDBURY CLIMATE","6068145","2021-03-31 19:00","2021","03","31","19:00","2.2","","-8.9","","44","","0.0","","28","","17","","","","97.16","","","","","","NA"
"-80.80","46.63","SUDBURY CLIMATE","6068145","2021-03-31 20:00","2021","03","31","20:00","2.0","","-8.7","","45","","0.0","","30","","17","","","","97.20","","","","","","NA"
"-80.80","46.63","SUDBURY CLIMATE","6068145","2021-03-31 21:00","2021","03","31","21:00","1.7","","-8.5","","46","","0.0","","27","","16","","","","97.29","","","","","","NA"
"-80.80","46.63","SUDBURY CLIMATE","6068145","2021-03-31 22:00","2021","03","31","22:00","0.9","","-9.3","","46","","0.0","","29","","14","","","","97.35","","","","","","NA"
"-80.80","46.63","SUDBURY CLIMATE","6068145","2021-03-31 23:00","2021","03","31","23:00","0.2","","-10.2","","46","","0.0","","31","","13","","","","97.42","","","","","","NA"
