"Longitude (x)","Latitude (y)","Station Name","Climate ID","Date/Time (UTC)","Year","Month","Day","Time (UTC)","Temp (°C)","Temp Flag","Dew Point Temp (°C)","Dew Point Temp Flag","Rel Hum (%)","Rel Hum Flag","Precip. Amount (mm)","Precip. Amount Flag","Wind Dir (10s deg)","Wind Dir Flag","Wind Spd (km/h)","Wind Spd Flag","Visibility (km)","Visibility Flag","Stn Press (kPa)","Stn Press Flag","Hmdx","Hmdx Flag","Wind Chill","Wind Chill Flag","Weather"
"-80.80","46.63","SUDBURY CLIMATE","6068145","2021-11-01 00:00","2021","11","01","00:00","7.8","","2.7","","70","","0.0","","32","","11","","","","96.06","","","","","","NA"
"-80.80","46.63","SUDBURY CLIMATE","6068145","2021-11-01 01:00","2021","11","01","01:00","5.6","","3.5","","87","","0.0","","30","","18","","","","96.20","","","","","","NA"
"-80.80","46.63","SUDBURY CLIMATE","6068145","2021-11-01 02:00","2021","11","01","02:00","3.7","","2.6","","93","","0.8","","30","","11","","","","96.33","","","","","","NA"
"-80.80","46.63","SUDBURY CLIMATE","6068145","2021-11-01 03:00","2021","11","01","03:00","3.4","","1.7","","89","","0.3","","30","","14","","","","96.41","","","","","","NA"
"-80.80","46.63","SUDBURY CLIMATE","6068145","2021-11-01 04:00","2021","11","01","04:00","2.8","","0.4","","84","","0.0","","30","","16","","","","96.47","","","","","","NA"
"-80.80","46.63","SUDBURY CLIMATE","6068145","2021-11-01 05:00","2021","11","01","05:00","2.1","","-0.3","","84","","0.0","","29","","14","","","","96.54","","","","","","NA"
"-80.80","46.63","SUDBURY CLIMATE","6068145","2021-11-01 06:00","2021","11","01","06:00","1.3","","-1.4","","82","","0.0","","29","","11","","","","96.60","","","","","","NA"
"-80.80","46.63","SUDBURY CLIMATE","6068145","2021-11-01 07:00","2021","11","01","07:00","1.0","","-1.4","","84","","0.0","","27","","9","","","","96.64","","","","","","NA"
"-80.80","46.63","SUDBURY CLIMATE","6068145","2021-11-01 08:00","2021","11","01","08:00","0.9","","-1.2","","86","","0.0","","26","","15","","","","96.71","","","","","","NA"
"-80.80","46.63","SUDBURY CLIMATE","6068145","2021-11-01 09:00","2021","11","01","09:00","0.5","","-1.4","","87","","0.0","","27","","11","","","","96.77","","","","","","NA"
"-80.80","46.63","SUDBURY CLIMATE","6068145","2021-11-01 10:00","2021","11","01","10:00","0.1","","-1.6","","88","","0.0","","27","","13","","","","96.85","","","","","","NA"
"-80.80","46.63","SUDBURY CLIMATE","6068145","2021-11-01 11:00","2021","11","01","11:00","0.0","","-1.8","","88","","0.0","","27","","14","","","","96.91","","","","-4","","NA"
"-80.80","46.63","SUDBURY CLIMATE","6068145","2021-11-01 12:00","2021","11","01","12:00","-0.7","","-2.2","","90","","0.0","","27","","12","","","","96.95","","","","-5","","NA"
"-80.80","46.63","SUDBURY CLIMATE","6068145","2021-11-01 13:00","2021","11","01","13:00","0.3","","-2.0","","85","","0.0","","25","","11","","","","97.02","","","","","","NA"
"-80.80","46.63","SUDBURY CLIMATE","6068145","2021-11-01 14:00","2021","11","01","14:00","1.7","","-1.6","","79","","0.0","","26","","18","","","","97.05","","","","","","NA"
"-80.80","46.63","SUDBURY CLIMATE","6068145","2021-11-01 15:00","2021","11","01","15:00","3.3","","-1.6","","70","","0.0","","27","","15","","","","97.08","","","","","","NA"
"-80.80","46.63","SUDBURY CLIMATE","6068145","2021-11-01 16:00","2021","11","01","16:00","4.6","","-1.5","","65","","0.0","","27","","17","","","","97.11","","","","","","NA"
"-80.80","46.63","SUDBURY CLIMATE","6068145","2021-11-01 17:00","2021","11","01","17:00","5.4","","-1.5","","61","","0.0","","28","","16","","","","97.12","","","","","","NA"
"-80.80","46.63","SUDBURY CLIMATE","6068145","2021-11-01 18:00","2021","11","01","18:00","6.5","","-3.6","","49","","0.0","","26","","20","","","","97.10","","","","","","NA"
"-80.80","46.63","SUDBURY CLIMATE","6068145","2021-11-01 19:00","2021","11","01","19:00","7.4","","-3.6","","45","","0.0","","26","","18","","","","97.12","","","","","","NA"
"-80.80","46.63","SUDBURY CLIMATE","6068145","2021-11-01 20:00","2021","11","01","20:00","6.9","","-5.2","","42","","0.0","","28","","18","","","","97.14","","","","","","NA"
"-80.80","46.63","SUDBURY CLIMATE","6068145","2021-11-01 21:00","2021","11","01","21:00","6.3","","-4.0","","48","","0.0","","28","","13","","","","97.19","","","","","","NA"
"-80.80","46.63","SUDBURY CLIMATE","6068145","2021-11-01 22:00","2021","11","01","22:00","4.6","","-3.7","","55","","0.0","","26","","13","","","","97.22","","","","","","NA"
"-80.80","46.63","SUDBURY CLIMATE","6068145","2021-11-01 23:00","2021","11","01","23:00","3.5","","-2.9","","63","","0.0","","26","","9","","","","97.27","","","","","","NA"
"-80.80","46.63","SUDBURY CLIMATE","6068145","2021-11-02 00:00","2021","11","02","00:00","2.5","","-2.9","","68","","0.0","","27","","11","","","","97.32","","","","","","NA"
"-80.80","46.63","SUDBURY CLIMATE","6068145","2021-11-02 01:00","2021","11","02","01:00","1.3","","-2.6","","75","","0.0","","28","","7","","","","97.33","","","","","","NA"
"-80.80","46.63","SUDBURY CLIMATE","6068145","2021-11-02 02:00","2021","11","02","02:00","0.5","","-2.4","","80","","0.0","","26","","8","","","","97.38","","","","","","NA"
"-80.80","46.63","SUDBURY CLIMATE","6068145","2021-11-02 03:00","2021","11","02","03:00","-0.3","","-2.6","","85","","0.0","","25","","7","","","","97.41","","","","-3","","NA"
"-80.80","46.63","SUDBURY CLIMATE","6068145","2021-11-02 04:00","2021","11","02","04:00","-0.5","","-2.0","","90","","0.0","","27","","6","","","","97.38","","","","-3","","NA"
"-80.80","46.63","SUDBURY CLIMATE","6068145","2021-11-02 05:00","2021","11","02","05:00","-1.6","","-2.6","","93","","0.0","","24","","8","","","","97.37","","","","-5","","NA"
"-80.80","46.63","SUDBURY CLIMATE","6068145","2021-11-02 06:00","2021","11","02","06:00","-1.8","","-2.5","","95","","0.0","","27","","5","","","","97.38","","","","-4","","NA"
"-80.80","46.63","SUDBURY CLIMATE","6068145","2021-11-02 07:00","2021","11","02","07:00","-2.8","","-3.2","","97","","0.0","","29","","4","","","","97.38","","","","-4","","NA"
"-80.80","46.63","SUDBURY CLIMATE","6068145","2021-11-02 08:00","2021","11","02","08:00","-2.2","","-2.4","","98","","0.0","","30","","6","","","","97.40","","","","-5","","NA"
"-80.80","46.63","SUDBURY CLIMATE","6068145","2021-11-02 09:00","2021","11","02","09:00","-2.6","","-2.9","","98","","0.0","","29","","4","","","","97.43","","","","-4","","NA"
"-80.80","46.63","SUDBURY CLIMATE","6068145","2021-11-02 10:00","2021","11","02","10:00","-4.4","","-4.9","","96","","0.0","","32","","3","","","","97.45","","","","-6","","NA"
"-80.80","46.63","SUDBURY CLIMATE","6068145","2021-11-02 11:00","2021","11","02","11:00","-3.7","","-4.0","","98","","0.0","","33","","5","","","","97.49","","","","-6","","NA"
"-80.80","46.63","SUDBURY CLIMATE","6068145","2021-11-02 12:00","2021","11","02","12:00","-4.4","","-4.6","","98","","0.0","","29","","4","","","","97.51","","","","-6","","NA"
"-80.80","46.63","SUDBURY CLIMATE","6068145","2021-11-02 13:00","2021","11","02","13:00","-2.6","","-3.0","","98","","0.0","","30","","3","","","","97.54","","","","-4","","NA"
"-80.80","46.63","SUDBURY CLIMATE","6068145","2021-11-02 14:00","2021","11","02","14:00","-1.1","","-2.5","","90","","0.0","","29","","4","","","","97.58","","","","-2","","NA"
"-80.80","46.63","SUDBURY CLIMATE","6068145","2021-11-02 15:00","2021","11","02","15:00","0.7","","-2.0","","82","","0.0","","27","","5","","","","97.60","","","","","","NA"
"-80.80","46.63","SUDBURY CLIMATE","6068145","2021-11-02 16:00","2021","11","02","16:00","2.3","","-3.3","","66","","0.0","","32","","7","","","","97.63","","","","","","NA"
"-80.80","46.63","SUDBURY CLIMATE","6068145","2021-11-02 17:00","2021","11","02","17:00","2.5","","-5.4","","56","","0.0","","33","","10","","","","97.62","","","","","","NA"
"-80.80","46.63","SUDBURY CLIMATE","6068145","2021-11-02 18:00","2021","11","02","18:00","2.9","","-5.8","","53","","0.0","","30","","7","","","","97.59","","","","","","NA"
"-80.80","46.63","SUDBURY CLIMATE","6068145","2021-11-02 19:00","2021","11","02","19:00","4.1","","-6.3","","47","","0.0","","30","","8","","","","97.58","","","","","","NA"
"-80.80","46.63","SUDBURY CLIMATE","6068145","2021-11-02 20:00","2021","11","02","20:00","4.4","","-6.3","","46","","0.0","","31","","4","","","","97.59","","","","","","NA"
"-80.80","46.63","SUDBURY CLIMATE","6068145","2021-11-02 21:00","2021","11","02","21:00","3.9","","-6.3","","47","","0.0","","32","","6","","","","97.61","","","","","","NA"
"-80.80","46.63","SUDBURY CLIMATE","6068145","2021-11-02 22:00","2021","11","02","22:00","2.1","","-6.6","","52","","0.0","","34","","5","","","","97.64","","","","","","NA"
"-80.80","46.63","SUDBURY CLIMATE","6068145","2021-11-02 23:00","2021","11","02","23:00","0.3","","-6.7","","59","","0.0","","35","","7","","","","97.71","","","","","","NA"
"-80.80","46.63","SUDBURY CLIMATE","6068145","2021-11-03 00:00","2021","11","03","00:00","0.6","","-6.4","","59","","0.0","","34","","7","","","","97.77","","","","","","NA"
"-80.80","46.63","SUDBURY CLIMATE","6068145","2021-11-03 01:00","2021","11","03","01:00","-0.3","","-6.3","","64","","0.0","","36","","6","","","","97.80","","","","-2","","NA"
"-80.80","46.63","SUDBURY CLIMATE","6068145","2021-11-03 02:00","2021","11","03","02:00","-1.2","","-6.9","","65","","0.0","","36","","9","","","","97.84","","","","-4","","NA"
"-80.80","46.63","SUDBURY CLIMATE","6068145","2021-11-03 03:00","2021","11","03","03:00","-1.2","","-7.7","","61","","0.0","","1","","10","","","","97.88","","","","-5","","NA"
"-80.80","46.63","SUDBURY CLIMATE","6068145","2021-11-03 04:00","2021","11","03","04:00","-1.7","","-7.7","","64","","0.0","","2","","9","","","","97.90","","","","-5","","NA"
"-80.80","46.63","SUDBURY CLIMATE","6068145","2021-11-03 05:00","2021","11","03","05:00","-2.1","","-7.7","","65","","0.0","","36","","7","","","","97.95","","","","-5","","NA"
"-80.80","46.63","SUDBURY CLIMATE","6068145","2021-11-03 06:00","2021","11","03","06:00","-3.0","","-7.6","","70","","0.0","","36","","7","","","","97.99","","","","-6","","NA"
"-80.80","46.63","SUDBURY CLIMATE","6068145","2021-11-03 07:00","2021","11","03","07:00","-3.1","","-7.2","","73","","0.0","","35","","8","","","","98.02","","","","-6","","NA"
"-80.80","46.63","SUDBURY CLIMATE","6068145","2021-11-03 08:00","2021","11","03","08:00","-4.3","","-7.5","","78","","0.0","","29","","5","","","","98.07","","","","-6","","NA"
"-80.80","46.63","SUDBURY CLIMATE","6068145","2021-11-03 09:00","2021","11","03","09:00","-5.2","","-7.8","","82","","0.0","","30","","7","","","","98.09","","","","-8","","NA"
"-80.80","46.63","SUDBURY CLIMATE","6068145","2021-11-03 10:00","2021","11","03","10:00","-5.5","","-7.6","","85","","0.0","","31","","6","","","","98.12","","","","-8","","NA"
"-80.80","46.63","SUDBURY CLIMATE","6068145","2021-11-03 11:00","2021","11","03","11:00","-6.0","","-7.5","","89","","0.0","","31","","6","","","","98.14","","","","-9","","NA"
"-80.80","46.63","SUDBURY CLIMATE","6068145","2021-11-03 12:00","2021","11","03","12:00","-6.5","","-7.5","","93","","0.0","","33","","5","","","","98.19","","","","-9","","NA"
"-80.80","46.63","SUDBURY CLIMATE","6068145","2021-11-03 13:00","2021","11","03","13:00","-5.1","","-5.9","","94","","0.0","","35","","7","","","","98.27","","","","-8","","NA"
"-80.80","46.63","SUDBURY CLIMATE","6068145","2021-11-03 14:00","2021","11","03","14:00","-3.8","","-5.2","","90","","0.0","","33","","9","","","","98.32","","","","-8","","NA"
"-80.80","46.63","SUDBURY CLIMATE","6068145","2021-11-03 15:00","2021","11","03","15:00","-3.0","","-5.3","","84","","0.0","","34","","10","","","","98.33","","","","-7","","NA"
"-80.80","46.63","SUDBURY CLIMATE","6068145","2021-11-03 16:00","2021","11","03","16:00"
"-80.80","46.63","SUDBURY CLIMATE","6068145","2021-11-03 17:00","2021","11","03","17:00"
"-80.80","46.63","SUDBURY CLIMATE","6068145","2021-11-03 18:00","2021","11","03","18:00"
"-80.80","46.63","SUDBURY CLIMATE","6068145","2021-11-03 19:00","2021","11","03","19:00"
"-80.80","46.63","SUDBURY CLIMATE","6068145","2021-11-03 20:00","2021","11","03","20:00"
"-80.80","46.63","SUDBURY CLIMATE","6068145","2021-11-03 21:00","2021","11","03","21:00"
"-80.80","46.63","SUDBURY CLIMATE","6068145","2021-11-03 22:00","2021","11","03","22:00"
"-80.80","46.63","SUDBURY CLIMATE","6068145","2021-11-03 23:00","2021","11","03","23:00","-3.0","","-8.0","","68","","0.0","","36","","4","","","","98.33","","","","-5","","NA"
"-80.80","46.63","SUDBURY CLIMATE","6068145","2021-11-04 00:00","2021","11","04","00:00","-4.5","","-8.1","","76","","0.0","","35","","5","","","","98.36","","","","-7","","NA"
"-80.80","46.63","SUDBURY CLIMATE","6068145","2021-11-04 01:00","2021","11","04","01:00","-4.9","","-7.6","","82","","0.0","","1","","4","","","","98.35","","","","-7","","NA"
"-80.80","46.63","SUDBURY CLIMATE","6068145","2021-11-04 02:00","2021","11","04","02:00","-5.2","","-7.5","","84","","0.0","","6","","5","","","","98.35","","","","-7","","NA"
"-80.80","46.63","SUDBURY CLIMATE","6068145","2021-11-04 03:00","2021","11","04","03:00","-4.6","","-7.7","","79","","0.0","","10","","6","","","","98.35","","","","-7","","NA"
"-80.80","46.63","SUDBURY CLIMATE","6068145","2021-11-04 04:00","2021","11","04","04:00","-4.9","","-7.9","","79","","0.0","","11","","6","","","","98.34","","","","-8","","NA"
"-80.80","46.63","SUDBURY CLIMATE","6068145","2021-11-04 05:00","2021","11","04","05:00","-4.8","","-7.3","","83","","0.0","","16","","8","","","","98.36","","","","-8","","NA"
"-80.80","46.63","SUDBURY CLIMATE","6068145","2021-11-04 06:00","2021","11","04","06:00","-5.2","","-7.4","","84","","0.0","","16","","12","","","","98.32","","","","-10","","NA"
"-80.80","46.63","SUDBURY CLIMATE","6068145","2021-11-04 07:00","2021","11","04","07:00","-5.9","","-7.8","","86","","0.0","","29","","6","","","","98.35","","","","-9","","NA"
"-80.80","46.63","SUDBURY CLIMATE","6068145","2021-11-04 08:00","2021","11","04","08:00","-6.4","","-8.0","","88","","0.0","","20","","6","","","","98.34","","","","-9","","NA"
"-80.80","46.63","SUDBURY CLIMATE","6068145","2021-11-04 09:00","2021","11","04","09:00","-4.6","","-6.7","","85","","0.0","","22","","2","","","","98.32","","","","-5","","NA"
"-80.80","46.63","SUDBURY CLIMATE","6068145","2021-11-04 10:00","2021","11","04","10:00","-4.5","","-6.5","","86","","0.0","","23","","7","","","","98.31","","","","-8","","NA"
"-80.80","46.63","SUDBURY CLIMATE","6068145","2021-11-04 11:00","2021","11","04","11:00","-4.5","","-6.3","","87","","0.0","","36","","4","","","","98.32","","","","-6","","NA"
"-80.80","46.63","SUDBURY CLIMATE","6068145","2021-11-04 12:00","2021","11","04","12:00","-3.9","","-5.5","","88","","0.0","","12","","2","","","","98.31","","","","-5","","NA"
"-80.80","46.63","SUDBURY CLIMATE","6068145","2021-11-04 13:00","2021","11","04","13:00","-2.7","","-4.9","","85","","0.0","","15","","4","","","","98.32","","","","-4","","NA"
"-80.80","46.63","SUDBURY CLIMATE","6068145","2021-11-04 14:00","2021","11","04","14:00","-1.3","","-3.5","","85","","0.0","","0","","1","","","","98.33","","","","-2","","NA"
"-80.80","46.63","SUDBURY CLIMATE","6068145","2021-11-04 15:00","2021","11","04","15:00","-0.2","","-5.0","","70","","0.0","","16","","8","","","","98.32","","","","-3","","NA"
"-80.80","46.63","SUDBURY CLIMATE","6068145","2021-11-04 16:00","2021","11","04","16:00","0.7","","-5.0","","65","","0.0","","18","","12","","","","98.33","","","","","","NA"
"-80.80","46.63","SUDBURY CLIMATE","6068145","2021-11-04 17:00","2021","11","04","17:00","3.1","","-6.8","","48","","0.0","","20","","10","","","","98.29","","","","","","NA"
"-80.80","46.63","SUDBURY CLIMATE","6068145","2021-11-04 18:00","2021","11","04","18:00","3.8","","-6.8","","46","","0.0","","22","","10","","","","98.23","","","","","","NA"
"-80.80","46.63","SUDBURY CLIMATE","6068145","2021-11-04 19:00","2021","11","04","19:00","3.7","","-6.7","","46","","0.0","","20","","13","","","","98.19","","","","","","NA"
"-80.80","46.63","SUDBURY CLIMATE","6068145","2021-11-04 20:00","2021","11","04","20:00","3.4","","-6.3","","49","","0.0","","22","","10","","","","98.16","","","","","","NA"
"-80.80","46.63","SUDBURY CLIMATE","6068145","2021-11-04 21:00","2021","11","04","21:00","3.2","","-6.0","","51","","0.0","","19","","17","","","","98.12","","","","","","NA"
"-80.80","46.63","SUDBURY CLIMATE","6068145","2021-11-04 22:00","2021","11","04","22:00","2.6","","-5.6","","55","","0.0","","21","","13","","","","98.13","","","","","","NA"
"-80.80","46.63","SUDBURY CLIMATE","6068145","2021-11-04 23:00","2021","11","04","23:00","1.9","","-5.0","","60","","0.0","","20","","14","","","","98.15","","","","","","NA"
"-80.80","46.63","SUDBURY CLIMATE","6068145","2021-11-05 00:00","2021","11","05","00:00","1.2","","-4.5","","66","","0.0","","21","","11","","","","98.17","","","","","","NA"
"-80.80","46.63","SUDBURY CLIMATE","6068145","2021-11-05 01:00","2021","11","05","01:00","-1.1","","-4.4","","78","","0.0","","20","","11","","","","98.15","","","","-5","","NA"
"-80.80","46.63","SUDBURY CLIMATE","6068145","2021-11-05 02:00","2021","11","05","02:00","-1.8","","-3.5","","88","","0.0","","21","","13","","","","98.15","","","","-6","","NA"
"-80.80","46.63","SUDBURY CLIMATE","6068145","2021-11-05 03:00","2021","11","05","03:00","-1.8","","-3.1","","91","","0.0","","21","","14","","","","98.18","","","","-6","","NA"
"-80.80","46.63","SUDBURY CLIMATE","6068145","2021-11-05 04:00","2021","11","05","04:00","-1.9","","-2.5","","95","","0.0","","24","","8","","","","98.19","","","","-5","","NA"
"-80.80","46.63","SUDBURY CLIMATE","6068145","2021-11-05 05:00","2021","11","05","05:00","-0.7","","-1.8","","92","","0.0","","22","","12","","","","98.19","","","","-5","","NA"
"-80.80","46.63","SUDBURY CLIMATE","6068145","2021-11-05 06:00","2021","11","05","06:00","-0.6","","-1.8","","92","","0.0","","22","","12","","","","98.19","","","","-5","","NA"
"-80.80","46.63","SUDBURY CLIMATE","6068145","2021-11-05 07:00","2021","11","05","07:00","-1.4","","-2.4","","93","","0.0","","23","","7","","","","98.19","","","","-4","","NA"
"-80.80","46.63","SUDBURY CLIMATE","6068145","2021-11-05 08:00","2021","11","05","08:00","-2.2","","-3.3","","92","","0.0","","22","","7","","","","98.22","","","","-5","","NA"
"-80.80","46.63","SUDBURY CLIMATE","6068145","2021-11-05 09:00","2021","11","05","09:00","-2.4","","-3.0","","96","","0.0","","24","","5","","","","98.24","","","","-4","","NA"
"-80.80","46.63","SUDBURY CLIMATE","6068145","2021-11-05 10:00","2021","11","05","10:00","-2.2","","-2.6","","97","","0.0","","23","","9","","","","98.25","","","","-6","","NA"
"-80.80","46.63","SUDBURY CLIMATE","6068145","2021-11-05 11:00","2021","11","05","11:00","-2.4","","-3.0","","95","","0.0","","21","","10","","","","98.25","","","","-6","","NA"
"-80.80","46.63","SUDBURY CLIMATE","6068145","2021-11-05 12:00","2021","11","05","12:00","-2.4","","-3.3","","94","","0.0","","21","","14","","","","98.26","","","","-7","","NA"
"-80.80","46.63","SUDBURY CLIMATE","6068145","2021-11-05 13:00","2021","11","05","13:00","-0.4","","-1.5","","92","","0.0","","22","","15","","","","98.32","","","","-5","","NA"
"-80.80","46.63","SUDBURY CLIMATE","6068145","2021-11-05 14:00","2021","11","05","14:00","1.8","","-0.8","","83","","0.0","","23","","14","","","","98.36","","","","","","NA"
"-80.80","46.63","SUDBURY CLIMATE","6068145","2021-11-05 15:00","2021","11","05","15:00","4.8","","-2.6","","59","","0.0","","23","","25","","","","98.36","","","","","","NA"
"-80.80","46.63","SUDBURY CLIMATE","6068145","2021-11-05 16:00","2021","11","05","16:00","6.3","","-1.3","","58","","0.0","","22","","25","","","","98.36","","","","","","NA"
"-80.80","46.63","SUDBURY CLIMATE","6068145","2021-11-05 17:00","2021","11","05","17:00","7.1","","-0.6","","58","","0.0","","23","","28","","","","98.31","","","","","","NA"
"-80.80","46.63","SUDBURY CLIMATE","6068145","2021-11-05 18:00","2021","11","05","18:00","7.8","","-1.5","","52","","0.0","","23","","26","","","","98.24","","","","","","NA"
"-80.80","46.63","SUDBURY CLIMATE","6068145","2021-11-05 19:00","2021","11","05","19:00","8.0","","-0.3","","56","","0.0","","23","","20","","","","98.19","","","","","","NA"
"-80.80","46.63","SUDBURY CLIMATE","6068145","2021-11-05 20:00","2021","11","05","20:00","7.7","","0.0","","58","","0.0","","22","","23","","","","98.15","","","","","","NA"
"-80.80","46.63","SUDBURY CLIMATE","6068145","2021-11-05 21:00","2021","11","05","21:00","7.2","","1.3","","66","","0.0","","22","","19","","","","98.14","","","","","","NA"
"-80.80","46.63","SUDBURY CLIMATE","6068145","2021-11-05 22:00","2021","11","05","22:00","6.6","","1.4","","70","","0.0","","22","","16","","","","98.11","","","","","","NA"
"-80.80","46.63","SUDBURY CLIMATE","6068145","2021-11-05 23:00","2021","11","05","23:00","4.9","","1.4","","78","","0.0","","21","","17","","","","98.10","","","","","","NA"
"-80.80","46.63","SUDBURY CLIMATE","6068145","2021-11-06 00:00","2021","11","06","00:00","4.6","","2.4","","85","","0.0","","20","","20","","","","98.08","","","","","","NA"
"-80.80","46.63","SUDBURY CLIMATE","6068145","2021-11-06 01:00","2021","11","06","01:00","4.0","","2.4","","90","","0.0","","20","","17","","","","98.06","","","","","","NA"
"-80.80","46.63","SUDBURY CLIMATE","6068145","2021-11-06 02:00","2021","11","06","02:00","3.8","","2.6","","92","","0.0","","20","","18","","","","98.05","","","","","","NA"
"-80.80","46.63","SUDBURY CLIMATE","6068145","2021-11-06 03:00","2021","11","06","03:00","3.8","","2.8","","93","","0.0","","21","","18","","","","98.05","","","","","","NA"
"-80.80","46.63","SUDBURY CLIMATE","6068145","2021-11-06 04:00","2021","11","06","04:00","4.0","","2.8","","92","","0.0","","21","","19","","","","98.03","","","","","","NA"
"-80.80","46.63","SUDBURY CLIMATE","6068145","2021-11-06 05:00","2021","11","06","05:00","4.4","","2.7","","89","","0.0","","21","","20","","","","98.02","","","","","","NA"
"-80.80","46.63","SUDBURY CLIMATE","6068145","2021-11-06 06:00","2021","11","06","06:00","3.9","","2.1","","88","","0.0","","20","","19","","","","98.01","","","","","","NA"
"-80.80","46.63","SUDBURY CLIMATE","6068145","2021-11-06 07:00","2021","11","06","07:00","3.9","","2.0","","87","","0.0","","21","","20","","","","98.01","","","","","","NA"
"-80.80","46.63","SUDBURY CLIMATE","6068145","2021-11-06 08:00","2021","11","06","08:00","4.2","","1.8","","85","","0.0","","23","","17","","","","98.03","","","","","","NA"
"-80.80","46.63","SUDBURY CLIMATE","6068145","2021-11-06 09:00","2021","11","06","09:00","5.4","","1.5","","76","","0.0","","22","","30","","","","97.98","","","","","","NA"
"-80.80","46.63","SUDBURY CLIMATE","6068145","2021-11-06 10:00","2021","11","06","10:00","4.2","","1.1","","80","","0.0","","21","","21","","","","97.96","","","","","","NA"
"-80.80","46.63","SUDBURY CLIMATE","6068145","2021-11-06 11:00","2021","11","06","11:00","3.5","","0.5","","81","","0.0","","20","","20","","","","97.95","","","","","","NA"
"-80.80","46.63","SUDBURY CLIMATE","6068145","2021-11-06 12:00","2021","11","06","12:00","3.7","","0.9","","82","","0.0","","21","","22","","","","97.94","","","","","","NA"
"-80.80","46.63","SUDBURY CLIMATE","6068145","2021-11-06 13:00","2021","11","06","13:00","4.9","","1.4","","78","","0.0","","21","","20","","","","97.95","","","","","","NA"
"-80.80","46.63","SUDBURY CLIMATE","6068145","2021-11-06 14:00","2021","11","06","14:00","6.5","","1.9","","72","","0.0","","22","","27","","","","97.94","","","","","","NA"
"-80.80","46.63","SUDBURY CLIMATE","6068145","2021-11-06 15:00","2021","11","06","15:00","7.9","","2.0","","66","","0.0","","22","","35","","","","97.92","","","","","","NA"
"-80.80","46.63","SUDBURY CLIMATE","6068145","2021-11-06 16:00","2021","11","06","16:00","7.9","","2.2","","67","","0.0","","21","","36","","","","97.89","","","","","","NA"
"-80.80","46.63","SUDBURY CLIMATE","6068145","2021-11-06 17:00","2021","11","06","17:00","8.3","","2.3","","66","","0.0","","21","","36","","","","97.83","","","","","","NA"
"-80.80","46.63","SUDBURY CLIMATE","6068145","2021-11-06 18:00","2021","11","06","18:00","8.0","","2.1","","66","","0.0","","21","","30","","","","97.78","","","","","","NA"
"-80.80","46.63","SUDBURY CLIMATE","6068145","2021-11-06 19:00","2021","11","06","19:00","7.8","","1.5","","64","","0.0","","21","","29","","","","97.74","","","","","","NA"
"-80.80","46.63","SUDBURY CLIMATE","6068145","2021-11-06 20:00","2021","11","06","20:00","7.8","","1.9","","66","","0.0","","20","","27","","","","97.68","","","","","","NA"
"-80.80","46.63","SUDBURY CLIMATE","6068145","2021-11-06 21:00","2021","11","06","21:00","8.3","","1.7","","63","","0.0","","20","","32","","","","97.66","","","","","","NA"
"-80.80","46.63","SUDBURY CLIMATE","6068145","2021-11-06 22:00","2021","11","06","22:00","6.7","","0.9","","67","","0.0","","20","","25","","","","97.65","","","","","","NA"
"-80.80","46.63","SUDBURY CLIMATE","6068145","2021-11-06 23:00","2021","11","06","23:00","6.3","","1.1","","70","","0.0","","19","","29","","","","97.62","","","","","","NA"
"-80.80","46.63","SUDBURY CLIMATE","6068145","2021-11-07 00:00","2021","11","07","00:00","5.5","","1.2","","74","","0.0","","20","","25","","","","97.62","","","","","","NA"
"-80.80","46.63","SUDBURY CLIMATE","6068145","2021-11-07 01:00","2021","11","07","01:00","5.0","","1.7","","79","","0.0","","19","","20","","","","97.59","","","","","","NA"
"-80.80","46.63","SUDBURY CLIMATE","6068145","2021-11-07 02:00","2021","11","07","02:00","5.4","","2.4","","81","","0.0","","19","","21","","","","97.57","","","","","","NA"
"-80.80","46.63","SUDBURY CLIMATE","6068145","2021-11-07 03:00","2021","11","07","03:00","6.1","","3.3","","82","","0.0","","19","","23","","","","97.54","","","","","","NA"
"-80.80","46.63","SUDBURY CLIMATE","6068145","2021-11-07 04:00","2021","11","07","04:00","6.6","","3.6","","81","","0.0","","19","","23","","","","97.49","","","","","","NA"
"-80.80","46.63","SUDBURY CLIMATE","6068145","2021-11-07 05:00","2021","11","07","05:00","6.5","","3.7","","82","","0.0","","19","","19","","","","97.43","","","","","","NA"
"-80.80","46.63","SUDBURY CLIMATE","6068145","2021-11-07 06:00","2021","11","07","06:00","6.8","","2.8","","76","","0.0","","20","","22","","","","97.39","","","","","","NA"
"-80.80","46.63","SUDBURY CLIMATE","6068145","2021-11-07 07:00","2021","11","07","07:00","6.7","","3.1","","78","","0.0","","19","","21","","","","97.35","","","","","","NA"
"-80.80","46.63","SUDBURY CLIMATE","6068145","2021-11-07 08:00","2021","11","07","08:00","6.5","","3.5","","81","","0.0","","19","","21","","","","97.30","","","","","","NA"
"-80.80","46.63","SUDBURY CLIMATE","6068145","2021-11-07 09:00","2021","11","07","09:00","6.5","","4.2","","85","","0.0","","20","","20","","","","97.28","","","","","","NA"
"-80.80","46.63","SUDBURY CLIMATE","6068145","2021-11-07 10:00","2021","11","07","10:00","6.3","","4.7","","90","","0.1","","21","","15","","","","97.28","","","","","","NA"
"-80.80","46.63","SUDBURY CLIMATE","6068145","2021-11-07 11:00","2021","11","07","11:00","6.7","","5.4","","92","","0.1","","21","","19","","","","97.28","","","","","","NA"
"-80.80","46.63","SUDBURY CLIMATE","6068145","2021-11-07 12:00","2021","11","07","12:00","6.6","","5.9","","95","","1.1","","21","","17","","","","97.31","","","","","","NA"
"-80.80","46.63","SUDBURY CLIMATE","6068145","2021-11-07 13:00","2021","11","07","13:00","6.7","","6.1","","96","","0.1","","22","","9","","","","97.36","","","","","","NA"
"-80.80","46.63","SUDBURY CLIMATE","6068145","2021-11-07 14:00","2021","11","07","14:00","7.2","","6.7","","97","","0.0","","22","","10","","","","97.42","","","","","","NA"
"-80.80","46.63","SUDBURY CLIMATE","6068145","2021-11-07 15:00","2021","11","07","15:00","8.9","","7.7","","92","","0.0","","24","","14","","","","97.45","","","","","","NA"
"-80.80","46.63","SUDBURY CLIMATE","6068145","2021-11-07 16:00","2021","11","07","16:00","10.4","","7.8","","84","","0.0","","27","","14","","","","97.50","","","","","","NA"
"-80.80","46.63","SUDBURY CLIMATE","6068145","2021-11-07 17:00","2021","11","07","17:00","10.5","","6.5","","76","","0.0","","29","","10","","","","97.48","","","","","","NA"
"-80.80","46.63","SUDBURY CLIMATE","6068145","2021-11-07 18:00","2021","11","07","18:00","10.2","","6.5","","78","","0.0","","27","","12","","","","97.49","","","","","","NA"
"-80.80","46.63","SUDBURY CLIMATE","6068145","2021-11-07 19:00","2021","11","07","19:00","11.7","","7.0","","73","","0.0","","30","","10","","","","97.46","","","","","","NA"
"-80.80","46.63","SUDBURY CLIMATE","6068145","2021-11-07 20:00","2021","11","07","20:00","12.6","","7.3","","70","","0.0","","29","","8","","","","97.46","","","","","","NA"
"-80.80","46.63","SUDBURY CLIMATE","6068145","2021-11-07 21:00","2021","11","07","21:00","11.5","","7.0","","74","","0.0","","28","","5","","","","97.53","","","","","","NA"
"-80.80","46.63","SUDBURY CLIMATE","6068145","2021-11-07 22:00","2021","11","07","22:00","8.7","","6.3","","85","","0.0","","33","","3","","","","97.60","","","","","","NA"
"-80.80","46.63","SUDBURY CLIMATE","6068145","2021-11-07 23:00","2021","11","07","23:00","7.9","","6.7","","92","","0.0","","20","","3","","","","97.62","","","","","","NA"
"-80.80","46.63","SUDBURY CLIMATE","6068145","2021-11-08 00:00","2021","11","08","00:00","7.8","","7.1","","95","","0.0","","18","","11","","","","97.67","","","","","","NA"
"-80.80","46.63","SUDBURY CLIMATE","6068145","2021-11-08 01:00","2021","11","08","01:00","7.4","","6.1","","91","","0.0","","22","","12","","","","97.66","","","","","","NA"
"-80.80","46.63","SUDBURY CLIMATE","6068145","2021-11-08 02:00","2021","11","08","02:00","7.5","","6.5","","93","","0.0","","23","","10","","","","97.66","","","","","","NA"
"-80.80","46.63","SUDBURY CLIMATE","6068145","2021-11-08 03:00","2021","11","08","03:00","6.1","","5.7","","97","","0.0","","24","","9","","","","97.66","","","","","","NA"
"-80.80","46.63","SUDBURY CLIMATE","6068145","2021-11-08 04:00","2021","11","08","04:00","7.3","","6.2","","93","","0.0","","25","","9","","","","97.66","","","","","","NA"
"-80.80","46.63","SUDBURY CLIMATE","6068145","2021-11-08 05:00","2021","11","08","05:00","6.2","","5.7","","97","","0.0","","26","","8","","","","97.68","","","","","","NA"
"-80.80","46.63","SUDBURY CLIMATE","6068145","2021-11-08 06:00","2021","11","08","06:00","4.9","","4.7","","99","","0.0","","21","","10","","","","97.66","","","","","","NA"
"-80.80","46.63","SUDBURY CLIMATE","6068145","2021-11-08 07:00","2021","11","08","07:00","4.6","","4.4","","99","","0.0","","17","","11","","","","97.63","","","","","","NA"
"-80.80","46.63","SUDBURY CLIMATE","6068145","2021-11-08 08:00","2021","11","08","08:00","4.4","","4.4","","100","","0.0","","17","","19","","","","97.63","","","","","","NA"
"-80.80","46.63","SUDBURY CLIMATE","6068145","2021-11-08 09:00","2021","11","08","09:00","4.5","","4.5","","100","","0.0","","17","","17","","","","97.57","","","","","","NA"
"-80.80","46.63","SUDBURY CLIMATE","6068145","2021-11-08 10:00","2021","11","08","10:00","5.1","","5.1","","100","","0.0","","15","","17","","","","97.56","","","","","","NA"
"-80.80","46.63","SUDBURY CLIMATE","6068145","2021-11-08 11:00","2021","11","08","11:00","5.7","","5.7","","100","","0.1","","16","","17","","","","97.50","","","","","","NA"
"-80.80","46.63","SUDBURY CLIMATE","6068145","2021-11-08 12:00","2021","11","08","12:00","6.6","","6.6","","100","","0.0","","17","","13","","","","97.46","","","","","","NA"
"-80.80","46.63","SUDBURY CLIMATE","6068145","2021-11-08 13:00","2021","11","08","13:00","7.6","","7.6","","100","","0.1","","18","","20","","","","97.46","","","","","","NA"
"-80.80","46.63","SUDBURY CLIMATE","6068145","2021-11-08 14:00","2021","11","08","14:00","8.1","","8.1","","100","","0.1","","19","","18","","","","97.45","","","","","","NA"
"-80.80","46.63","SUDBURY CLIMATE","6068145","2021-11-08 15:00","2021","11","08","15:00","8.6","","8.6","","100","","0.1","","21","","20","","","","97.46","","","","","","NA"
"-80.80","46.63","SUDBURY CLIMATE","6068145","2021-11-08 16:00","2021","11","08","16:00","9.4","","9.4","","100","","0.0","","20","","18","","","","97.39","","","","","","NA"
"-80.80","46.63","SUDBURY CLIMATE","6068145","2021-11-08 17:00","2021","11","08","17:00","11.5","","10.3","","92","","0.0","","20","","20","","","","97.34","","","","","","NA"
"-80.80","46.63","SUDBURY CLIMATE","6068145","2021-11-08 18:00","2021","11","08","18:00","13.9","","9.4","","74","","0.0","","21","","24","","","","97.26","","","","","","NA"
"-80.80","46.63","SUDBURY CLIMATE","6068145","2021-11-08 19:00","2021","11","08","19:00","14.7","","7.7","","63","","0.0","","22","","28","","","","97.25","","","","","","NA"
"-80.80","46.63","SUDBURY CLIMATE","6068145","2021-11-08 20:00","2021","11","08","20:00","14.0","","7.7","","66","","0.0","","23","","21","","","","97.28","","","","","","NA"
"-80.80","46.63","SUDBURY CLIMATE","6068145","2021-11-08 21:00","2021","11","08","21:00","13.4","","7.5","","67","","0.0","","22","","19","","","","97.31","","","","","","NA"
"-80.80","46.63","SUDBURY CLIMATE","6068145","2021-11-08 22:00","2021","11","08","22:00","12.6","","7.2","","70","","0.0","","22","","18","","","","97.36","","","","","","NA"
"-80.80","46.63","SUDBURY CLIMATE","6068145","2021-11-08 23:00","2021","11","08","23:00","11.4","","7.0","","75","","0.0","","23","","14","","","","97.43","","","","","","NA"
"-80.80","46.63","SUDBURY CLIMATE","6068145","2021-11-09 00:00","2021","11","09","00:00","11.0","","7.3","","78","","0.0","","27","","7","","","","97.48","","","","","","NA"
"-80.80","46.63","SUDBURY CLIMATE","6068145","2021-11-09 01:00","2021","11","09","01:00","10.2","","7.3","","82","","0.0","","26","","6","","","","97.51","","","","","","NA"
"-80.80","46.63","SUDBURY CLIMATE","6068145","2021-11-09 02:00","2021","11","09","02:00","8.8","","7.0","","89","","0.0","","25","","6","","","","97.50","","","","","","NA"
"-80.80","46.63","SUDBURY CLIMATE","6068145","2021-11-09 03:00","2021","11","09","03:00","8.4","","7.3","","93","","0.0","","24","","4","","","","97.48","","","","","","NA"
"-80.80","46.63","SUDBURY CLIMATE","6068145","2021-11-09 04:00","2021","11","09","04:00","8.7","","7.6","","92","","0.0","","25","","5","","","","97.53","","","","","","NA"
"-80.80","46.63","SUDBURY CLIMATE","6068145","2021-11-09 05:00","2021","11","09","05:00","8.8","","7.4","","91","","0.0","","28","","7","","","","97.61","","","","","","NA"
"-80.80","46.63","SUDBURY CLIMATE","6068145","2021-11-09 06:00","2021","11","09","06:00","8.6","","6.0","","84","","0.0","","28","","8","","","","97.65","","","","","","NA"
"-80.80","46.63","SUDBURY CLIMATE","6068145","2021-11-09 07:00","2021","11","09","07:00","8.4","","4.9","","79","","0.0","","26","","6","","","","97.73","","","","","","NA"
"-80.80","46.63","SUDBURY CLIMATE","6068145","2021-11-09 08:00","2021","11","09","08:00","8.7","","4.0","","72","","0.0","","32","","10","","","","97.78","","","","","","NA"
"-80.80","46.63","SUDBURY CLIMATE","6068145","2021-11-09 09:00","2021","11","09","09:00","7.7","","2.7","","71","","0.0","","33","","10","","","","97.83","","","","","","NA"
"-80.80","46.63","SUDBURY CLIMATE","6068145","2021-11-09 10:00","2021","11","09","10:00","5.7","","1.6","","75","","0.0","","34","","6","","","","97.88","","","","","","NA"
"-80.80","46.63","SUDBURY CLIMATE","6068145","2021-11-09 11:00","2021","11","09","11:00","4.7","","1.0","","77","","0.0","","33","","9","","","","97.90","","","","","","NA"
"-80.80","46.63","SUDBURY CLIMATE","6068145","2021-11-09 12:00","2021","11","09","12:00","3.5","","0.6","","81","","0.0","","34","","5","","","","97.95","","","","","","NA"
"-80.80","46.63","SUDBURY CLIMATE","6068145","2021-11-09 13:00","2021","11","09","13:00","3.9","","0.3","","77","","0.0","","33","","6","","","","98.01","","","","","","NA"
"-80.80","46.63","SUDBURY CLIMATE","6068145","2021-11-09 14:00","2021","11","09","14:00","5.3","","0.4","","71","","0.0","","35","","9","","","","98.02","","","","","","NA"
"-80.80","46.63","SUDBURY CLIMATE","6068145","2021-11-09 15:00","2021","11","09","15:00","5.9","","0.1","","67","","0.0","","4","","7","","","","98.05","","","","","","NA"
"-80.80","46.63","SUDBURY CLIMATE","6068145","2021-11-09 16:00","2021","11","09","16:00","7.1","","0.4","","62","","0.0","","32","","5","","","","98.03","","","","","","NA"
"-80.80","46.63","SUDBURY CLIMATE","6068145","2021-11-09 17:00","2021","11","09","17:00","8.1","","-0.8","","53","","0.0","","9","","3","","","","97.99","","","","","","NA"
"-80.80","46.63","SUDBURY CLIMATE","6068145","2021-11-09 18:00","2021","11","09","18:00","8.9","","-1.0","","50","","0.0","","20","","6","","","","97.92","","","","","","NA"
"-80.80","46.63","SUDBURY CLIMATE","6068145","2021-11-09 19:00","2021","11","09","19:00","9.3","","-2.2","","44","","0.0","","27","","6","","","","97.84","","","","","","NA"
"-80.80","46.63","SUDBURY CLIMATE","6068145","2021-11-09 20:00","2021","11","09","20:00","9.1","","-2.7","","44","","0.0","","25","","10","","","","97.80","","","","","","NA"
"-80.80","46.63","SUDBURY CLIMATE","6068145","2021-11-09 21:00","2021","11","09","21:00","9.2","","-2.9","","42","","0.0","","27","","9","","","","97.78","","","","","","NA"
"-80.80","46.63","SUDBURY CLIMATE","6068145","2021-11-09 22:00","2021","11","09","22:00","6.5","","-3.2","","50","","0.0","","28","","3","","","","97.75","","","","","","NA"
"-80.80","46.63","SUDBURY CLIMATE","6068145","2021-11-09 23:00","2021","11","09","23:00","3.6","","-2.5","","64","","0.0","","18","","9","","","","97.69","","","","","","NA"
"-80.80","46.63","SUDBURY CLIMATE","6068145","2021-11-10 00:00","2021","11","10","00:00","4.8","","-3.1","","57","","0.0","","24","","8","","","","97.71","","","","","","NA"
"-80.80","46.63","SUDBURY CLIMATE","6068145","2021-11-10 01:00","2021","11","10","01:00","2.4","","-2.7","","69","","0.0","","22","","11","","","","97.67","","","","","","NA"
"-80.80","46.63","SUDBURY CLIMATE","6068145","2021-11-10 02:00","2021","11","10","02:00","3.0","","-2.6","","67","","0.0","","27","","6","","","","97.67","","","","","","NA"
"-80.80","46.63","SUDBURY CLIMATE","6068145","2021-11-10 03:00","2021","11","10","03:00","1.9","","-2.6","","72","","0.0","","28","","10","","","","97.63","","","","","","NA"
"-80.80","46.63","SUDBURY CLIMATE","6068145","2021-11-10 04:00","2021","11","10","04:00","1.4","","-2.7","","74","","0.0","","27","","9","","","","97.57","","","","","","NA"
"-80.80","46.63","SUDBURY CLIMATE","6068145","2021-11-10 05:00","2021","11","10","05:00","1.8","","-1.8","","77","","0.0","","27","","10","","","","97.57","","","","","","NA"
"-80.80","46.63","SUDBURY CLIMATE","6068145","2021-11-10 06:00","2021","11","10","06:00","1.9","","-1.6","","78","","0.0","","26","","10","","","","97.58","","","","","","NA"
"-80.80","46.63","SUDBURY CLIMATE","6068145","2021-11-10 07:00","2021","11","10","07:00","0.1","","-2.3","","84","","0.0","","28","","5","","","","97.61","","","","","","NA"
"-80.80","46.63","SUDBURY CLIMATE","6068145","2021-11-10 08:00","2021","11","10","08:00","0.2","","-2.1","","85","","0.0","","29","","6","","","","97.64","","","","","","NA"
"-80.80","46.63","SUDBURY CLIMATE","6068145","2021-11-10 09:00","2021","11","10","09:00","0.1","","-2.2","","84","","0.0","","28","","7","","","","97.65","","","","","","NA"
"-80.80","46.63","SUDBURY CLIMATE","6068145","2021-11-10 10:00","2021","11","10","10:00","-0.5","","-2.5","","86","","0.0","","28","","7","","","","97.70","","","","-3","","NA"
"-80.80","46.63","SUDBURY CLIMATE","6068145","2021-11-10 11:00","2021","11","10","11:00","-1.1","","-2.4","","91","","0.0","","29","","8","","","","97.73","","","","-4","","NA"
"-80.80","46.63","SUDBURY CLIMATE","6068145","2021-11-10 12:00","2021","11","10","12:00","-1.2","","-2.4","","91","","0.0","","28","","8","","","","97.77","","","","-4","","NA"
"-80.80","46.63","SUDBURY CLIMATE","6068145","2021-11-10 13:00","2021","11","10","13:00","-0.2","","-1.4","","91","","0.0","","25","","8","","","","97.83","","","","-3","","NA"
"-80.80","46.63","SUDBURY CLIMATE","6068145","2021-11-10 14:00","2021","11","10","14:00","1.3","","-1.0","","84","","0.0","","29","","8","","","","97.91","","","","","","NA"
"-80.80","46.63","SUDBURY CLIMATE","6068145","2021-11-10 15:00","2021","11","10","15:00","2.9","","-0.2","","80","","0.0","","26","","5","","","","97.93","","","","","","NA"
"-80.80","46.63","SUDBURY CLIMATE","6068145","2021-11-10 16:00","2021","11","10","16:00","6.1","","0.3","","66","","0.0","","28","","8","","","","97.95","","","","","","NA"
"-80.80","46.63","SUDBURY CLIMATE","6068145","2021-11-10 17:00","2021","11","10","17:00","7.5","","-1.4","","53","","0.0","","27","","12","","","","97.94","","","","","","NA"
"-80.80","46.63","SUDBURY CLIMATE","6068145","2021-11-10 18:00","2021","11","10","18:00","8.4","","-3.9","","42","","0.0","","28","","13","","","","97.90","","","","","","NA"
"-80.80","46.63","SUDBURY CLIMATE","6068145","2021-11-10 19:00","2021","11","10","19:00","8.4","","-4.9","","39","","0.0","","28","","8","","","","97.89","","","","","","NA"
"-80.80","46.63","SUDBURY CLIMATE","6068145","2021-11-10 20:00","2021","11","10","20:00","8.5","","-5.1","","38","","0.0","","29","","13","","","","97.91","","","","","","NA"
"-80.80","46.63","SUDBURY CLIMATE","6068145","2021-11-10 21:00","2021","11","10","21:00","6.9","","-4.3","","45","","0.0","","33","","6","","","","97.95","","","","","","NA"
"-80.80","46.63","SUDBURY CLIMATE","6068145","2021-11-10 22:00","2021","11","10","22:00","4.8","","-4.3","","52","","0.0","","33","","5","","","","97.99","","","","","","NA"
"-80.80","46.63","SUDBURY CLIMATE","6068145","2021-11-10 23:00","2021","11","10","23:00","2.5","","-4.4","","60","","0.0","","36","","5","","","","98.05","","","","","","NA"
"-80.80","46.63","SUDBURY CLIMATE","6068145","2021-11-11 00:00","2021","11","11","00:00","2.0","","-4.6","","62","","0.0","","36","","5","","","","98.09","","","","","","NA"
"-80.80","46.63","SUDBURY CLIMATE","6068145","2021-11-11 01:00","2021","11","11","01:00","1.5","","-4.1","","66","","0.0","","4","","9","","","","98.11","","","","","","NA"
"-80.80","46.63","SUDBURY CLIMATE","6068145","2021-11-11 02:00","2021","11","11","02:00","1.5","","-3.4","","70","","0.0","","4","","15","","","","98.15","","","","","","NA"
"-80.80","46.63","SUDBURY CLIMATE","6068145","2021-11-11 03:00","2021","11","11","03:00","1.3","","-4.1","","67","","0.0","","5","","20","","","","98.20","","","","","","NA"
"-80.80","46.63","SUDBURY CLIMATE","6068145","2021-11-11 04:00","2021","11","11","04:00","0.0","","-4.3","","73","","0.0","","5","","16","","","","98.22","","","","-5","","NA"
"-80.80","46.63","SUDBURY CLIMATE","6068145","2021-11-11 05:00","2021","11","11","05:00","-1.0","","-4.7","","76","","0.0","","7","","16","","","","98.19","","","","-6","","NA"
"-80.80","46.63","SUDBURY CLIMATE","6068145","2021-11-11 06:00","2021","11","11","06:00","-1.6","","-5.1","","77","","0.0","","7","","15","","","","98.20","","","","-6","","NA"
"-80.80","46.63","SUDBURY CLIMATE","6068145","2021-11-11 07:00","2021","11","11","07:00","-1.8","","-5.5","","76","","0.0","","7","","14","","","","98.22","","","","-6","","NA"
"-80.80","46.63","SUDBURY CLIMATE","6068145","2021-11-11 08:00","2021","11","11","08:00","-2.0","","-5.7","","76","","0.0","","8","","15","","","","98.18","","","","-7","","NA"
"-80.80","46.63","SUDBURY CLIMATE","6068145","2021-11-11 09:00","2021","11","11","09:00","-1.9","","-6.0","","74","","0.0","","9","","16","","","","98.14","","","","-7","","NA"
"-80.80","46.63","SUDBURY CLIMATE","6068145","2021-11-11 10:00","2021","11","11","10:00","-1.8","","-6.1","","72","","0.0","","8","","15","","","","98.12","","","","-7","","NA"
"-80.80","46.63","SUDBURY CLIMATE","6068145","2021-11-11 11:00","2021","11","11","11:00","-1.3","","-6.6","","67","","0.0","","9","","17","","","","98.08","","","","-6","","NA"
"-80.80","46.63","SUDBURY CLIMATE","6068145","2021-11-11 12:00","2021","11","11","12:00","-1.5","","-6.5","","68","","0.0","","8","","20","","","","98.02","","","","-7","","NA"
"-80.80","46.63","SUDBURY CLIMATE","6068145","2021-11-11 13:00","2021","11","11","13:00","-0.4","","-5.5","","69","","0.0","","9","","24","","","","97.89","","","","-6","","NA"
"-80.80","46.63","SUDBURY CLIMATE","6068145","2021-11-11 14:00","2021","11","11","14:00","0.2","","-4.6","","70","","0.0","","9","","21","","","","97.83","","","","","","NA"
"-80.80","46.63","SUDBURY CLIMATE","6068145","2021-11-11 15:00","2021","11","11","15:00","1.0","","-3.9","","70","","0.0","","9","","20","","","","97.75","","","","","","NA"
"-80.80","46.63","SUDBURY CLIMATE","6068145","2021-11-11 16:00","2021","11","11","16:00","1.9","","-3.5","","67","","0.0","","9","","23","","","","97.64","","","","","","NA"
"-80.80","46.63","SUDBURY CLIMATE","6068145","2021-11-11 17:00","2021","11","11","17:00","3.4","","-3.1","","62","","0.0","","10","","23","","","","97.45","","","","","","NA"
"-80.80","46.63","SUDBURY CLIMATE","6068145","2021-11-11 18:00","2021","11","11","18:00","4.8","","-3.2","","56","","0.0","","10","","25","","","","97.31","","","","","","NA"
"-80.80","46.63","SUDBURY CLIMATE","6068145","2021-11-11 19:00","2021","11","11","19:00","5.6","","-3.4","","53","","0.0","","10","","27","","","","97.19","","","","","","NA"
"-80.80","46.63","SUDBURY CLIMATE","6068145","2021-11-11 20:00","2021","11","11","20:00","6.0","","-3.5","","50","","0.0","","10","","28","","","","97.03","","","","","","NA"
"-80.80","46.63","SUDBURY CLIMATE","6068145","2021-11-11 21:00","2021","11","11","21:00","6.1","","-3.5","","50","","0.0","","11","","27","","","","97.00","","","","","","NA"
"-80.80","46.63","SUDBURY CLIMATE","6068145","2021-11-11 22:00","2021","11","11","22:00","5.6","","-3.5","","52","","0.0","","10","","26","","","","96.92","","","","","","NA"
"-80.80","46.63","SUDBURY CLIMATE","6068145","2021-11-11 23:00","2021","11","11","23:00","5.3","","-3.2","","54","","0.0","","11","","28","","","","96.89","","","","","","NA"
"-80.80","46.63","SUDBURY CLIMATE","6068145","2021-11-12 00:00","2021","11","12","00:00","5.0","","-2.8","","57","","0.0","","11","","26","","","","96.81","","","","","","NA"
"-80.80","46.63","SUDBURY CLIMATE","6068145","2021-11-12 01:00","2021","11","12","01:00","4.8","","-2.4","","59","","0.0","","11","","30","","","","96.69","","","","","","NA"
"-80.80","46.63","SUDBURY CLIMATE","6068145","2021-11-12 02:00","2021","11","12","02:00","5.0","","-1.7","","62","","0.0","","11","","27","","","","96.62","","","","","","NA"
"-80.80","46.63","SUDBURY CLIMATE","6068145","2021-11-12 03:00","2021","11","12","03:00","4.7","","-0.5","","69","","0.0","","12","","25","","","","96.61","","","","","","NA"
"-80.80","46.63","SUDBURY CLIMATE","6068145","2021-11-12 04:00","2021","11","12","04:00","3.8","","1.2","","83","","0.3","","11","","22","","","","96.53","","","","","","NA"
"-80.80","46.63","SUDBURY CLIMATE","6068145","2021-11-12 05:00","2021","11","12","05:00","3.7","","2.0","","89","","0.3","","11","","23","","","","96.42","","","","","","NA"
"-80.80","46.63","SUDBURY CLIMATE","6068145","2021-11-12 06:00","2021","11","12","06:00","4.0","","3.0","","93","","0.9","","11","","24","","","","96.33","","","","","","NA"
"-80.80","46.63","SUDBURY CLIMATE","6068145","2021-11-12 07:00","2021","11","12","07:00","4.3","","3.9","","97","","1.1","","12","","22","","","","96.28","","","","","","NA"
"-80.80","46.63","SUDBURY CLIMATE","6068145","2021-11-12 08:00","2021","11","12","08:00","4.7","","4.5","","98","","1.6","","12","","17","","","","96.23","","","","","","NA"
"-80.80","46.63","SUDBURY CLIMATE","6068145","2021-11-12 09:00","2021","11","12","09:00","5.0","","4.9","","99","","0.7","","14","","17","","","","96.20","","","","","","NA"
"-80.80","46.63","SUDBURY CLIMATE","6068145","2021-11-12 10:00","2021","11","12","10:00","5.4","","5.3","","99","","1.2","","16","","16","","","","96.21","","","","","","NA"
"-80.80","46.63","SUDBURY CLIMATE","6068145","2021-11-12 11:00","2021","11","12","11:00","5.0","","4.3","","95","","0.7","","24","","9","","","","96.22","","","","","","NA"
"-80.80","46.63","SUDBURY CLIMATE","6068145","2021-11-12 12:00","2021","11","12","12:00","4.8","","4.6","","99","","0.0","","22","","13","","","","96.32","","","","","","NA"
"-80.80","46.63","SUDBURY CLIMATE","6068145","2021-11-12 13:00","2021","11","12","13:00","5.3","","5.0","","97","","0.5","","23","","15","","","","96.39","","","","","","NA"
"-80.80","46.63","SUDBURY CLIMATE","6068145","2021-11-12 14:00","2021","11","12","14:00","4.8","","3.9","","94","","2.8","","23","","13","","","","96.43","","","","","","NA"
"-80.80","46.63","SUDBURY CLIMATE","6068145","2021-11-12 15:00","2021","11","12","15:00","6.9","","4.8","","86","","0.0","","23","","24","","","","96.47","","","","","","NA"
"-80.80","46.63","SUDBURY CLIMATE","6068145","2021-11-12 16:00","2021","11","12","16:00","7.0","","1.8","","69","","0.0","","23","","29","","","","96.48","","","","","","NA"
"-80.80","46.63","SUDBURY CLIMATE","6068145","2021-11-12 17:00","2021","11","12","17:00","8.0","","1.9","","65","","0.0","","22","","26","","","","96.42","","","","","","NA"
"-80.80","46.63","SUDBURY CLIMATE","6068145","2021-11-12 18:00","2021","11","12","18:00","8.7","","1.4","","60","","0.0","","20","","32","","","","96.39","","","","","","NA"
"-80.80","46.63","SUDBURY CLIMATE","6068145","2021-11-12 19:00","2021","11","12","19:00","8.1","","1.6","","63","","0.0","","21","","24","","","","96.35","","","","","","NA"
"-80.80","46.63","SUDBURY CLIMATE","6068145","2021-11-12 20:00","2021","11","12","20:00","7.2","","3.3","","76","","0.0","","17","","26","","","","96.33","","","","","","NA"
"-80.80","46.63","SUDBURY CLIMATE","6068145","2021-11-12 21:00","2021","11","12","21:00","5.6","","0.4","","69","","0.0","","18","","27","","","","96.32","","","","","","NA"
"-80.80","46.63","SUDBURY CLIMATE","6068145","2021-11-12 22:00","2021","11","12","22:00","5.1","","0.2","","71","","0.0","","18","","30","","","","96.38","","","","","","NA"
"-80.80","46.63","SUDBURY CLIMATE","6068145","2021-11-12 23:00","2021","11","12","23:00","3.5","","0.9","","83","","0.3","","21","","41","","","","96.40","","","","","","NA"
"-80.80","46.63","SUDBURY CLIMATE","6068145","2021-11-13 00:00","2021","11","13","00:00","3.4","","1.7","","89","","0.5","","19","","26","","","","96.36","","","","","","NA"
"-80.80","46.63","SUDBURY CLIMATE","6068145","2021-11-13 01:00","2021","11","13","01:00","2.8","","1.8","","94","","0.0","","20","","20","","","","96.34","","","","","","NA"
"-80.80","46.63","SUDBURY CLIMATE","6068145","2021-11-13 02:00","2021","11","13","02:00","2.7","","2.0","","95","","0.0","","21","","15","","","","96.29","","","","","","NA"
"-80.80","46.63","SUDBURY CLIMATE","6068145","2021-11-13 03:00","2021","11","13","03:00","2.6","","2.2","","97","","0.0","","18","","13","","","","96.26","","","","","","NA"
"-80.80","46.63","SUDBURY CLIMATE","6068145","2021-11-13 04:00","2021","11","13","04:00","2.4","","2.0","","97","","0.0","","18","","15","","","","96.23","","","","","","NA"
"-80.80","46.63","SUDBURY CLIMATE","6068145","2021-11-13 05:00","2021","11","13","05:00","2.1","","1.8","","98","","0.0","","17","","18","","","","96.21","","","","","","NA"
"-80.80","46.63","SUDBURY CLIMATE","6068145","2021-11-13 06:00","2021","11","13","06:00","1.9","","1.8","","99","","0.0","","17","","13","","","","96.17","","","","","","NA"
"-80.80","46.63","SUDBURY CLIMATE","6068145","2021-11-13 07:00","2021","11","13","07:00","1.6","","1.6","","99","","0.0","","17","","11","","","","96.13","","","","","","NA"
"-80.80","46.63","SUDBURY CLIMATE","6068145","2021-11-13 08:00","2021","11","13","08:00","1.6","","1.6","","100","","0.0","","18","","9","","","","96.10","","","","","","NA"
"-80.80","46.63","SUDBURY CLIMATE","6068145","2021-11-13 09:00","2021","11","13","09:00","1.8","","1.7","","100","","0.2","","19","","11","","","","96.06","","","","","","NA"
"-80.80","46.63","SUDBURY CLIMATE","6068145","2021-11-13 10:00","2021","11","13","10:00","1.3","","1.3","","100","","0.3","","19","","8","","","","96.04","","","","","","NA"
"-80.80","46.63","SUDBURY CLIMATE","6068145","2021-11-13 11:00","2021","11","13","11:00","1.6","","1.5","","100","","0.0","","21","","9","","","","96.01","","","","","","NA"
"-80.80","46.63","SUDBURY CLIMATE","6068145","2021-11-13 12:00","2021","11","13","12:00","1.6","","1.6","","100","","0.0","","22","","10","","","","96.02","","","","","","NA"
"-80.80","46.63","SUDBURY CLIMATE","6068145","2021-11-13 13:00","2021","11","13","13:00","1.5","","1.5","","100","","0.0","","25","","6","","","","96.04","","","","","","NA"
"-80.80","46.63","SUDBURY CLIMATE","6068145","2021-11-13 14:00","2021","11","13","14:00","1.7","","1.5","","99","","0.0","","26","","8","","","","96.04","","","","","","NA"
"-80.80","46.63","SUDBURY CLIMATE","6068145","2021-11-13 15:00","2021","11","13","15:00","1.8","","1.1","","96","","0.0","","27","","7","","","","96.03","","","","","","NA"
"-80.80","46.63","SUDBURY CLIMATE","6068145","2021-11-13 16:00","2021","11","13","16:00","2.3","","0.6","","89","","0.0","","25","","8","","","","96.01","","","","","","NA"
"-80.80","46.63","SUDBURY CLIMATE","6068145","2021-11-13 17:00","2021","11","13","17:00","3.9","","0.3","","77","","0.0","","25","","10","","","","95.97","","","","","","NA"
"-80.80","46.63","SUDBURY CLIMATE","6068145","2021-11-13 18:00","2021","11","13","18:00","3.5","","-1.0","","72","","0.0","","25","","10","","","","95.94","","","","","","NA"
"-80.80","46.63","SUDBURY CLIMATE","6068145","2021-11-13 19:00","2021","11","13","19:00","3.6","","-1.0","","71","","0.0","","26","","7","","","","95.91","","","","","","NA"
"-80.80","46.63","SUDBURY CLIMATE","6068145","2021-11-13 20:00","2021","11","13","20:00","3.4","","-0.1","","77","","0.0","","25","","6","","","","95.91","","","","","","NA"
"-80.80","46.63","SUDBURY CLIMATE","6068145","2021-11-13 21:00","2021","11","13","21:00","0.3","","-0.6","","94","","0.7","","32","","15","","","","96.00","","","","","","NA"
"-80.80","46.63","SUDBURY CLIMATE","6068145","2021-11-13 22:00","2021","11","13","22:00","0.0","","-0.5","","97","","0.3","","33","","6","","","","96.07","","","","-2","","NA"
"-80.80","46.63","SUDBURY CLIMATE","6068145","2021-11-13 23:00","2021","11","13","23:00","-0.4","","-1.1","","95","","0.0","","30","","7","","","","96.15","","","","-3","","NA"
"-80.80","46.63","SUDBURY CLIMATE","6068145","2021-11-14 00:00","2021","11","14","00:00","-1.2","","-1.8","","96","","0.0","","30","","4","","","","96.19","","","","-3","","NA"
"-80.80","46.63","SUDBURY CLIMATE","6068145","2021-11-14 01:00","2021","11","14","01:00","-1.6","","-2.6","","92","","0.0","","28","","8","","","","96.25","","","","-5","","NA"
"-80.80","46.63","SUDBURY CLIMATE","6068145","2021-11-14 02:00","2021","11","14","02:00","-1.4","","-2.4","","93","","0.0","","28","","8","","","","96.31","","","","-4","","NA"
"-80.80","46.63","SUDBURY CLIMATE","6068145","2021-11-14 03:00","2021","11","14","03:00","-1.9","","-3.2","","91","","0.0","","28","","6","","","","96.33","","","","-4","","NA"
"-80.80","46.63","SUDBURY CLIMATE","6068145","2021-11-14 04:00","2021","11","14","04:00","-2.5","","-3.5","","93","","0.0","","28","","6","","","","96.36","","","","-5","","NA"
"-80.80","46.63","SUDBURY CLIMATE","6068145","2021-11-14 05:00","2021","11","14","05:00","-1.6","","-3.3","","88","","0.0","","26","","9","","","","96.40","","","","-5","","NA"
"-80.80","46.63","SUDBURY CLIMATE","6068145","2021-11-14 06:00","2021","11","14","06:00","-1.8","","-3.5","","88","","0.0","","28","","5","","","","96.41","","","","-4","","NA"
"-80.80","46.63","SUDBURY CLIMATE","6068145","2021-11-14 07:00","2021","11","14","07:00","-2.2","","-3.8","","89","","0.0","","29","","3","","","","96.41","","","","-3","","NA"
"-80.80","46.63","SUDBURY CLIMATE","6068145","2021-11-14 08:00","2021","11","14","08:00","-2.1","","-3.6","","90","","0.0","","25","","6","","","","96.43","","","","-4","","NA"
"-80.80","46.63","SUDBURY CLIMATE","6068145","2021-11-14 09:00","2021","11","14","09:00","-3.4","","-4.1","","95","","0.0","","25","","6","","","","96.40","","","","-6","","NA"
"-80.80","46.63","SUDBURY CLIMATE","6068145","2021-11-14 10:00","2021","11","14","10:00","-3.3","","-3.9","","96","","0.0","","25","","5","","","","96.41","","","","-5","","NA"
"-80.80","46.63","SUDBURY CLIMATE","6068145","2021-11-14 11:00","2021","11","14","11:00","-2.9","","-3.6","","95","","0.0","","25","","6","","","","96.48","","","","-5","","NA"
"-80.80","46.63","SUDBURY CLIMATE","6068145","2021-11-14 12:00","2021","11","14","12:00","-3.3","","-4.0","","95","","0.0","","26","","3","","","","96.43","","","","-5","","NA"
"-80.80","46.63","SUDBURY CLIMATE","6068145","2021-11-14 13:00","2021","11","14","13:00","-3.1","","-4.0","","94","","0.0","","25","","3","","","","96.46","","","","-4","","NA"
"-80.80","46.63","SUDBURY CLIMATE","6068145","2021-11-14 14:00","2021","11","14","14:00","-2.0","","-3.2","","92","","0.0","","20","","3","","","","96.41","","","","-3","","NA"
"-80.80","46.63","SUDBURY CLIMATE","6068145","2021-11-14 15:00","2021","11","14","15:00","-1.1","","-3.6","","83","","0.0","","22","","6","","","","96.42","","","","-3","","NA"
"-80.80","46.63","SUDBURY CLIMATE","6068145","2021-11-14 16:00","2021","11","14","16:00","-0.6","","-3.5","","81","","0.0","","19","","4","","","","96.39","","","","-2","","NA"
"-80.80","46.63","SUDBURY CLIMATE","6068145","2021-11-14 17:00","2021","11","14","17:00","-0.1","","-4.7","","71","","0.3","","24","","4","","","","96.36","","","","-1","","NA"
"-80.80","46.63","SUDBURY CLIMATE","6068145","2021-11-14 18:00","2021","11","14","18:00","0.3","","-4.2","","72","","0.0","","26","","2","","","","96.31","","","","","","NA"
"-80.80","46.63","SUDBURY CLIMATE","6068145","2021-11-14 19:00","2021","11","14","19:00","0.5","","-4.7","","68","","0.0","","13","","3","","","","96.29","","","","","","NA"
"-80.80","46.63","SUDBURY CLIMATE","6068145","2021-11-14 20:00","2021","11","14","20:00","0.8","","-3.2","","74","","0.0","","17","","8","","","","96.28","","","","","","NA"
"-80.80","46.63","SUDBURY CLIMATE","6068145","2021-11-14 21:00","2021","11","14","21:00","0.4","","-3.5","","75","","0.0","","15","","7","","","","96.31","","","","","","NA"
"-80.80","46.63","SUDBURY CLIMATE","6068145","2021-11-14 22:00","2021","11","14","22:00","-1.0","","-3.5","","83","","0.0","","12","","6","","","","96.35","","","","-3","","NA"
"-80.80","46.63","SUDBURY CLIMATE","6068145","2021-11-14 23:00","2021","11","14","23:00","-2.0","","-3.6","","89","","0.0","","13","","6","","","","96.38","","","","-4","","NA"
"-80.80","46.63","SUDBURY CLIMATE","6068145","2021-11-15 00:00","2021","11","15","00:00","-1.9","","-2.5","","96","","0.0","","13","","6","","","","96.39","","","","-4","","NA"
"-80.80","46.63","SUDBURY CLIMATE","6068145","2021-11-15 01:00","2021","11","15","01:00","-1.5","","-2.5","","93","","0.0","","33","","4","","","","96.42","","","","-3","","NA"
"-80.80","46.63","SUDBURY CLIMATE","6068145","2021-11-15 02:00","2021","11","15","02:00","-0.6","","-5.1","","71","","0.0","","1","","11","","","","96.46","","","","-4","","NA"
"-80.80","46.63","SUDBURY CLIMATE","6068145","2021-11-15 03:00","2021","11","15","03:00","-0.8","","-5.2","","72","","0.0","","2","","9","","","","96.46","","","","-4","","NA"
"-80.80","46.63","SUDBURY CLIMATE","6068145","2021-11-15 04:00","2021","11","15","04:00","-1.2","","-5.0","","75","","0.0","","1","","8","","","","96.43","","","","-4","","NA"
"-80.80","46.63","SUDBURY CLIMATE","6068145","2021-11-15 05:00","2021","11","15","05:00","-1.5","","-5.3","","75","","0.0","","1","","10","","","","96.44","","","","-5","","NA"
"-80.80","46.63","SUDBURY CLIMATE","6068145","2021-11-15 06:00","2021","11","15","06:00","-2.5","","-5.5","","79","","0.0","","35","","8","","","","96.47","","","","-6","","NA"
"-80.80","46.63","SUDBURY CLIMATE","6068145","2021-11-15 07:00","2021","11","15","07:00","-2.8","","-5.5","","82","","0.0","","34","","6","","","","96.50","","","","-5","","NA"
"-80.80","46.63","SUDBURY CLIMATE","6068145","2021-11-15 08:00","2021","11","15","08:00","-2.8","","-5.6","","81","","0.0","","35","","6","","","","96.52","","","","-5","","NA"
"-80.80","46.63","SUDBURY CLIMATE","6068145","2021-11-15 09:00","2021","11","15","09:00","-3.0","","-5.1","","86","","0.0","","33","","5","","","","96.55","","","","-5","","NA"
"-80.80","46.63","SUDBURY CLIMATE","6068145","2021-11-15 10:00","2021","11","15","10:00","-2.1","","-4.0","","87","","0.0","","33","","6","","","","96.60","","","","-4","","NA"
"-80.80","46.63","SUDBURY CLIMATE","6068145","2021-11-15 11:00","2021","11","15","11:00","-2.2","","-3.8","","89","","0.0","","32","","6","","","","96.64","","","","-5","","NA"
"-80.80","46.63","SUDBURY CLIMATE","6068145","2021-11-15 12:00","2021","11","15","12:00","-2.5","","-3.8","","91","","0.0","","30","","6","","","","96.71","","","","-5","","NA"
"-80.80","46.63","SUDBURY CLIMATE","6068145","2021-11-15 13:00","2021","11","15","13:00","-2.3","","-3.4","","92","","0.0","","31","","7","","","","96.78","","","","-5","","NA"
"-80.80","46.63","SUDBURY CLIMATE","6068145","2021-11-15 14:00","2021","11","15","14:00","-1.7","","-3.0","","91","","0.0","","31","","5","","","","96.83","","","","-4","","NA"
"-80.80","46.63","SUDBURY CLIMATE","6068145","2021-11-15 15:00","2021","11","15","15:00","-0.3","","-2.7","","84","","0.0","","34","","8","","","","96.87","","","","-3","","NA"
"-80.80","46.63","SUDBURY CLIMATE","6068145","2021-11-15 16:00","2021","11","15","16:00","1.2","","-2.4","","77","","0.0","","34","","11","","","","96.93","","","","","","NA"
"-80.80","46.63","SUDBURY CLIMATE","6068145","2021-11-15 17:00","2021","11","15","17:00","1.7","","-1.3","","80","","0.0","","33","","13","","","","96.92","","","","","","NA"
"-80.80","46.63","SUDBURY CLIMATE","6068145","2021-11-15 18:00","2021","11","15","18:00","2.0","","-1.8","","76","","0.0","","34","","13","","","","96.95","","","","","","NA"
"-80.80","46.63","SUDBURY CLIMATE","6068145","2021-11-15 19:00","2021","11","15","19:00","2.2","","-2.0","","74","","0.2","","34","","15","","","","96.98","","","","","","NA"
"-80.80","46.63","SUDBURY CLIMATE","6068145","2021-11-15 20:00","2021","11","15","20:00","2.1","","-2.5","","71","","0.0","","34","","11","","","","97.03","","","","","","NA"
"-80.80","46.63","SUDBURY CLIMATE","6068145","2021-11-15 21:00","2021","11","15","21:00","1.6","","-3.9","","67","","0.0","","30","","12","","","","97.10","","","","","","NA"
"-80.80","46.63","SUDBURY CLIMATE","6068145","2021-11-15 22:00","2021","11","15","22:00","0.8","","-4.7","","66","","0.0","","31","","10","","","","97.16","","","","","","NA"
"-80.80","46.63","SUDBURY CLIMATE","6068145","2021-11-15 23:00","2021","11","15","23:00","0.2","","-5.1","","68","","0.0","","31","","10","","","","97.20","","","","","","NA"
"-80.80","46.63","SUDBURY CLIMATE","6068145","2021-11-16 00:00","2021","11","16","00:00","-0.5","","-5.3","","70","","0.0","","31","","9","","","","97.24","","","","-4","","NA"
"-80.80","46.63","SUDBURY CLIMATE","6068145","2021-11-16 01:00","2021","11","16","01:00","-0.8","","-4.8","","74","","0.0","","33","","8","","","","97.24","","","","-4","","NA"
"-80.80","46.63","SUDBURY CLIMATE","6068145","2021-11-16 02:00","2021","11","16","02:00","-1.1","","-5.5","","72","","0.0","","33","","9","","","","97.27","","","","-4","","NA"
"-80.80","46.63","SUDBURY CLIMATE","6068145","2021-11-16 03:00","2021","11","16","03:00","-1.0","","-5.4","","72","","0.0","","30","","6","","","","97.28","","","","-3","","NA"
"-80.80","46.63","SUDBURY CLIMATE","6068145","2021-11-16 04:00","2021","11","16","04:00","-1.4","","-4.5","","79","","0.0","","32","","10","","","","97.29","","","","-5","","NA"
"-80.80","46.63","SUDBURY CLIMATE","6068145","2021-11-16 05:00","2021","11","16","05:00","-1.9","","-4.2","","84","","0.0","","35","","8","","","","97.32","","","","-5","","NA"
"-80.80","46.63","SUDBURY CLIMATE","6068145","2021-11-16 06:00","2021","11","16","06:00","-2.4","","-5.7","","78","","0.0","","34","","8","","","","97.34","","","","-6","","NA"
"-80.80","46.63","SUDBURY CLIMATE","6068145","2021-11-16 07:00","2021","11","16","07:00","-2.7","","-6.0","","78","","0.0","","36","","5","","","","97.37","","","","-5","","NA"
"-80.80","46.63","SUDBURY CLIMATE","6068145","2021-11-16 08:00","2021","11","16","08:00","-2.9","","-5.9","","80","","0.0","","32","","7","","","","97.39","","","","-6","","NA"
"-80.80","46.63","SUDBURY CLIMATE","6068145","2021-11-16 09:00","2021","11","16","09:00","-3.0","","-5.9","","81","","0.0","","34","","11","","","","97.41","","","","-7","","NA"
"-80.80","46.63","SUDBURY CLIMATE","6068145","2021-11-16 10:00","2021","11","16","10:00","-3.3","","-6.3","","80","","0.0","","35","","12","","","","97.45","","","","-8","","NA"
"-80.80","46.63","SUDBURY CLIMATE","6068145","2021-11-16 11:00","2021","11","16","11:00","-3.4","","-6.7","","78","","0.0","","34","","10","","","","97.52","","","","-7","","NA"
"-80.80","46.63","SUDBURY CLIMATE","6068145","2021-11-16 12:00","2021","11","16","12:00","-4.2","","-8.9","","70","","0.0","","33","","10","","","","97.56","","","","-8","","NA"
"-80.80","46.63","SUDBURY CLIMATE","6068145","2021-11-16 13:00","2021","11","16","13:00","-4.3","","-9.2","","68","","0.0","","33","","9","","","","97.62","","","","-8","","NA"
"-80.80","46.63","SUDBURY CLIMATE","6068145","2021-11-16 14:00","2021","11","16","14:00","-3.9","","-9.0","","67","","0.0","","33","","11","","","","97.69","","","","-8","","NA"
"-80.80","46.63","SUDBURY CLIMATE","6068145","2021-11-16 15:00","2021","11","16","15:00","-4.2","","-10.6","","61","","0.0","","33","","10","","","","97.79","","","","-8","","NA"
"-80.80","46.63","SUDBURY CLIMATE","6068145","2021-11-16 16:00","2021","11","16","16:00","-3.3","","-11.3","","54","","0.0","","36","","11","","","","97.78","","","","-8","","NA"
"-80.80","46.63","SUDBURY CLIMATE","6068145","2021-11-16 17:00","2021","11","16","17:00","-2.9","","-11.0","","54","","0.0","","36","","13","","","","97.73","","","","-8","","NA"
"-80.80","46.63","SUDBURY CLIMATE","6068145","2021-11-16 18:00","2021","11","16","18:00","-2.3","","-11.3","","50","","0.0","","34","","6","","","","97.73","","","","-5","","NA"
"-80.80","46.63","SUDBURY CLIMATE","6068145","2021-11-16 19:00","2021","11","16","19:00","-1.6","","-11.3","","48","","0.0","","30","","7","","","","97.78","","","","-4","","NA"
"-80.80","46.63","SUDBURY CLIMATE","6068145","2021-11-16 20:00","2021","11","16","20:00","-1.6","","-10.5","","51","","0.0","","10","","6","","","","97.75","","","","-4","","NA"
"-80.80","46.63","SUDBURY CLIMATE","6068145","2021-11-16 21:00","2021","11","16","21:00","-2.3","","-10.7","","52","","0.0","","8","","3","","","","97.80","","","","-3","","NA"
"-80.80","46.63","SUDBURY CLIMATE","6068145","2021-11-16 22:00","2021","11","16","22:00","-3.5","","-8.9","","66","","0.0","","11","","3","","","","97.83","","","","-5","","NA"
"-80.80","46.63","SUDBURY CLIMATE","6068145","2021-11-16 23:00","2021","11","16","23:00","-3.6","","-9.2","","65","","0.0","","16","","5","","","","97.85","","","","-6","","NA"
"-80.80","46.63","SUDBURY CLIMATE","6068145","2021-11-17 00:00","2021","11","17","00:00","-4.1","","-9.8","","64","","0.0","","15","","6","","","","97.80","","","","-7","","NA"
"-80.80","46.63","SUDBURY CLIMATE","6068145","2021-11-17 01:00","2021","11","17","01:00","-5.1","","-9.8","","70","","0.0","","13","","7","","","","97.81","","","","-8","","NA"
"-80.80","46.63","SUDBURY CLIMATE","6068145","2021-11-17 02:00","2021","11","17","02:00","-5.3","","-10.0","","70","","0.0","","15","","7","","","","97.83","","","","-9","","NA"
"-80.80","46.63","SUDBURY CLIMATE","6068145","2021-11-17 03:00","2021","11","17","03:00","-5.5","","-9.7","","72","","0.0","","11","","11","","","","97.75","","","","-10","","NA"
"-80.80","46.63","SUDBURY CLIMATE","6068145","2021-11-17 04:00","2021","11","17","04:00","-4.8","","-9.6","","69","","0.0","","11","","13","","","","97.76","","","","-10","","NA"
"-80.80","46.63","SUDBURY CLIMATE","6068145","2021-11-17 05:00","2021","11","17","05:00","-4.7","","-9.0","","72","","0.0","","13","","13","","","","97.82","","","","-10","","NA"
"-80.80","46.63","SUDBURY CLIMATE","6068145","2021-11-17 06:00","2021","11","17","06:00","-4.5","","-8.4","","74","","0.0","","13","","13","","","","97.74","","","","-10","","NA"
"-80.80","46.63","SUDBURY CLIMATE","6068145","2021-11-17 07:00","2021","11","17","07:00","-4.2","","-7.8","","76","","0.0","","13","","15","","","","97.67","","","","-10","","NA"
"-80.80","46.63","SUDBURY CLIMATE","6068145","2021-11-17 08:00","2021","11","17","08:00","-4.0","","-5.4","","90","","0.4","","13","","16","","","","97.59","","","","-10","","NA"
"-80.80","46.63","SUDBURY CLIMATE","6068145","2021-11-17 09:00","2021","11","17","09:00","-3.2","","-4.0","","94","","0.9","","13","","19","","","","97.45","","","","-9","","NA"
"-80.80","46.63","SUDBURY CLIMATE","6068145","2021-11-17 10:00","2021","11","17","10:00","-2.4","","-3.2","","94","","0.6","","13","","24","","","","97.34","","","","-9","","NA"
"-80.80","46.63","SUDBURY CLIMATE","6068145","2021-11-17 11:00","2021","11","17","11:00","-1.6","","-3.0","","90","","0.0","","15","","12","","","","97.34","","","","-6","","NA"
"-80.80","46.63","SUDBURY CLIMATE","6068145","2021-11-17 12:00","2021","11","17","12:00","-1.3","","-2.7","","90","","0.1","","12","","11","","","","97.32","","","","-5","","NA"
"-80.80","46.63","SUDBURY CLIMATE","6068145","2021-11-17 13:00","2021","11","17","13:00","-0.7","","-2.3","","89","","0.0","","12","","22","","","","97.14","","","","-6","","NA"
"-80.80","46.63","SUDBURY CLIMATE","6068145","2021-11-17 14:00","2021","11","17","14:00","-0.3","","-1.6","","91","","0.0","","13","","25","","","","97.05","","","","-6","","NA"
"-80.80","46.63","SUDBURY CLIMATE","6068145","2021-11-17 15:00","2021","11","17","15:00","0.0","","-0.7","","95","","0.1","","14","","24","","","","97.02","","","","-6","","NA"
"-80.80","46.63","SUDBURY CLIMATE","6068145","2021-11-17 16:00","2021","11","17","16:00","0.1","","-0.4","","97","","0.0","","14","","26","","","","96.98","","","","","","NA"
"-80.80","46.63","SUDBURY CLIMATE","6068145","2021-11-17 17:00","2021","11","17","17:00","0.3","","0.0","","98","","0.0","","14","","25","","","","96.78","","","","","","NA"
"-80.80","46.63","SUDBURY CLIMATE","6068145","2021-11-17 18:00","2021","11","17","18:00","0.6","","0.4","","98","","0.1","","14","","18","","","","96.69","","","","","","NA"
"-80.80","46.63","SUDBURY CLIMATE","6068145","2021-11-17 19:00","2021","11","17","19:00","0.9","","0.7","","99","","0.0","","13","","24","","","","96.57","","","","","","NA"
"-80.80","46.63","SUDBURY CLIMATE","6068145","2021-11-17 20:00","2021","11","17","20:00","1.1","","1.0","","99","","0.0","","11","","12","","","","96.59","","","","","","NA"
"-80.80","46.63","SUDBURY CLIMATE","6068145","2021-11-17 21:00","2021","11","17","21:00","1.2","","1.2","","99","","0.2","","9","","11","","","","96.64","","","","","","NA"
"-80.80","46.63","SUDBURY CLIMATE","6068145","2021-11-17 22:00","2021","11","17","22:00","1.3","","1.3","","100","","0.0","","11","","16","","","","96.55","","","","","","NA"
"-80.80","46.63","SUDBURY CLIMATE","6068145","2021-11-17 23:00","2021","11","17","23:00","1.2","","1.2","","100","","0.1","","13","","22","","","","96.48","","","","","","NA"
"-80.80","46.63","SUDBURY CLIMATE","6068145","2021-11-18 00:00","2021","11","18","00:00","1.4","","1.3","","100","","0.0","","9","","11","","","","96.49","","","","","","NA"
"-80.80","46.63","SUDBURY CLIMATE","6068145","2021-11-18 01:00","2021","11","18","01:00","1.4","","1.3","","100","","0.1","","12","","12","","","","96.44","","","","","","NA"
"-80.80","46.63","SUDBURY CLIMATE","6068145","2021-11-18 02:00","2021","11","18","02:00","1.7","","1.6","","100","","0.1","","11","","4","","","","96.42","","","","","","NA"
"-80.80","46.63","SUDBURY CLIMATE","6068145","2021-11-18 03:00","2021","11","18","03:00","1.7","","1.7","","100","","0.1","","21","","5","","","","96.42","","","","","","NA"
"-80.80","46.63","SUDBURY CLIMATE","6068145","2021-11-18 04:00","2021","11","18","04:00","1.6","","1.6","","100","","0.0","","27","","5","","","","96.46","","","","","","NA"
"-80.80","46.63","SUDBURY CLIMATE","6068145","2021-11-18 05:00","2021","11","18","05:00","1.8","","1.8","","100","","0.0","","28","","4","","","","96.42","","","","","","NA"
"-80.80","46.63","SUDBURY CLIMATE","6068145","2021-11-18 06:00","2021","11","18","06:00","1.6","","1.6","","100","","0.0","","27","","8","","","","96.44","","","","","","NA"
"-80.80","46.63","SUDBURY CLIMATE","6068145","2021-11-18 07:00","2021","11","18","07:00","1.8","","1.8","","100","","0.0","","27","","8","","","","96.46","","","","","","NA"
"-80.80","46.63","SUDBURY CLIMATE","6068145","2021-11-18 08:00","2021","11","18","08:00","2.2","","2.2","","100","","0.0","","23","","6","","","","96.44","","","","","","NA"
"-80.80","46.63","SUDBURY CLIMATE","6068145","2021-11-18 09:00","2021","11","18","09:00","3.3","","3.3","","100","","0.0","","21","","14","","","","96.44","","","","","","NA"
"-80.80","46.63","SUDBURY CLIMATE","6068145","2021-11-18 10:00","2021","11","18","10:00","2.9","","2.7","","99","","0.0","","24","","24","","","","96.46","","","","","","NA"
"-80.80","46.63","SUDBURY CLIMATE","6068145","2021-11-18 11:00","2021","11","18","11:00","2.1","","0.0","","86","","0.0","","26","","18","","","","96.51","","","","","","NA"
"-80.80","46.63","SUDBURY CLIMATE","6068145","2021-11-18 12:00","2021","11","18","12:00","1.7","","-1.9","","77","","0.0","","26","","18","","","","96.57","","","","","","NA"
"-80.80","46.63","SUDBURY CLIMATE","6068145","2021-11-18 13:00","2021","11","18","13:00","1.3","","-3.4","","71","","0.0","","25","","15","","","","96.61","","","","","","NA"
"-80.80","46.63","SUDBURY CLIMATE","6068145","2021-11-18 14:00","2021","11","18","14:00","1.2","","-4.2","","67","","0.0","","26","","19","","","","96.65","","","","","","NA"
"-80.80","46.63","SUDBURY CLIMATE","6068145","2021-11-18 15:00","2021","11","18","15:00","1.4","","-4.7","","64","","0.0","","24","","21","","","","96.65","","","","","","NA"
"-80.80","46.63","SUDBURY CLIMATE","6068145","2021-11-18 16:00","2021","11","18","16:00","2.6","","-4.6","","59","","0.0","","26","","18","","","","96.65","","","","","","NA"
"-80.80","46.63","SUDBURY CLIMATE","6068145","2021-11-18 17:00","2021","11","18","17:00","3.1","","-4.6","","57","","0.0","","24","","29","","","","96.61","","","","","","NA"
"-80.80","46.63","SUDBURY CLIMATE","6068145","2021-11-18 18:00","2021","11","18","18:00","3.3","","-5.0","","55","","0.0","","26","","19","","","","96.60","","","","","","NA"
"-80.80","46.63","SUDBURY CLIMATE","6068145","2021-11-18 19:00","2021","11","18","19:00","3.2","","-4.5","","57","","0.0","","23","","27","","","","96.58","","","","","","NA"
"-80.80","46.63","SUDBURY CLIMATE","6068145","2021-11-18 20:00","2021","11","18","20:00","2.2","","-4.8","","60","","0.0","","24","","20","","","","96.59","","","","","","NA"
"-80.80","46.63","SUDBURY CLIMATE","6068145","2021-11-18 21:00","2021","11","18","21:00","1.6","","-3.1","","71","","0.0","","24","","19","","","","96.66","","","","","","NA"
"-80.80","46.63","SUDBURY CLIMATE","6068145","2021-11-18 22:00","2021","11","18","22:00","0.4","","-2.5","","81","","0.0","","23","","17","","","","96.73","","","","","","NA"
"-80.80","46.63","SUDBURY CLIMATE","6068145","2021-11-18 23:00","2021","11","18","23:00","0.1","","-2.1","","85","","0.0","","23","","16","","","","96.80","","","","","","NA"
"-80.80","46.63","SUDBURY CLIMATE","6068145","2021-11-19 00:00","2021","11","19","00:00","-0.4","","-2.9","","83","","0.0","","23","","16","","","","96.85","","","","-5","","NA"
"-80.80","46.63","SUDBURY CLIMATE","6068145","2021-11-19 01:00","2021","11","19","01:00","-0.1","","-5.6","","66","","0.0","","25","","19","","","","96.90","","","","-5","","NA"
"-80.80","46.63","SUDBURY CLIMATE","6068145","2021-11-19 02:00","2021","11","19","02:00","-0.3","","-5.6","","68","","0.0","","25","","18","","","","96.96","","","","-5","","NA"
"-80.80","46.63","SUDBURY CLIMATE","6068145","2021-11-19 03:00","2021","11","19","03:00","-0.2","","-5.3","","69","","0.0","","25","","20","","","","96.98","","","","-5","","NA"
"-80.80","46.63","SUDBURY CLIMATE","6068145","2021-11-19 04:00","2021","11","19","04:00","-0.7","","-5.3","","71","","0.0","","27","","15","","","","97.01","","","","-5","","NA"
"-80.80","46.63","SUDBURY CLIMATE","6068145","2021-11-19 05:00","2021","11","19","05:00","-1.1","","-5.3","","73","","0.0","","29","","15","","","","97.11","","","","-6","","NA"
"-80.80","46.63","SUDBURY CLIMATE","6068145","2021-11-19 06:00","2021","11","19","06:00","-1.4","","-7.0","","66","","0.0","","30","","12","","","","97.19","","","","-5","","NA"
"-80.80","46.63","SUDBURY CLIMATE","6068145","2021-11-19 07:00","2021","11","19","07:00","-1.6","","-7.3","","65","","0.0","","31","","17","","","","97.28","","","","-7","","NA"
"-80.80","46.63","SUDBURY CLIMATE","6068145","2021-11-19 08:00","2021","11","19","08:00","-1.5","","-6.9","","67","","0.0","","32","","20","","","","97.40","","","","-7","","NA"
"-80.80","46.63","SUDBURY CLIMATE","6068145","2021-11-19 09:00","2021","11","19","09:00","-1.8","","-7.2","","66","","0.0","","31","","14","","","","97.49","","","","-6","","NA"
"-80.80","46.63","SUDBURY CLIMATE","6068145","2021-11-19 10:00","2021","11","19","10:00","-1.6","","-6.8","","68","","0.0","","31","","12","","","","97.63","","","","-6","","NA"
"-80.80","46.63","SUDBURY CLIMATE","6068145","2021-11-19 11:00","2021","11","19","11:00","-2.0","","-5.9","","75","","0.0","","31","","13","","","","97.74","","","","-6","","NA"
"-80.80","46.63","SUDBURY CLIMATE","6068145","2021-11-19 12:00","2021","11","19","12:00","-2.2","","-6.5","","73","","0.0","","32","","13","","","","97.86","","","","-7","","NA"
"-80.80","46.63","SUDBURY CLIMATE","6068145","2021-11-19 13:00","2021","11","19","13:00","-2.2","","-6.2","","74","","0.0","","31","","12","","","","97.98","","","","-6","","NA"
"-80.80","46.63","SUDBURY CLIMATE","6068145","2021-11-19 14:00","2021","11","19","14:00","-1.7","","-7.3","","66","","0.0","","30","","16","","","","98.08","","","","-7","","NA"
"-80.80","46.63","SUDBURY CLIMATE","6068145","2021-11-19 15:00","2021","11","19","15:00","-0.8","","-7.2","","62","","0.0","","32","","13","","","","98.19","","","","-5","","NA"
"-80.80","46.63","SUDBURY CLIMATE","6068145","2021-11-19 16:00","2021","11","19","16:00","-0.5","","-7.5","","59","","0.0","","30","","16","","","","98.28","","","","-5","","NA"
"-80.80","46.63","SUDBURY CLIMATE","6068145","2021-11-19 17:00","2021","11","19","17:00","0.1","","-7.3","","58","","0.0","","29","","14","","","","98.33","","","","","","NA"
"-80.80","46.63","SUDBURY CLIMATE","6068145","2021-11-19 18:00","2021","11","19","18:00","0.7","","-7.4","","55","","0.0","","31","","10","","","","98.32","","","","","","NA"
"-80.80","46.63","SUDBURY CLIMATE","6068145","2021-11-19 19:00","2021","11","19","19:00","1.6","","-7.8","","50","","0.0","","30","","13","","","","98.34","","","","","","NA"
"-80.80","46.63","SUDBURY CLIMATE","6068145","2021-11-19 20:00","2021","11","19","20:00","2.0","","-8.2","","47","","0.0","","27","","12","","","","98.37","","","","","","NA"
"-80.80","46.63","SUDBURY CLIMATE","6068145","2021-11-19 21:00","2021","11","19","21:00","1.5","","-9.3","","45","","0.0","","29","","9","","","","98.42","","","","","","NA"
"-80.80","46.63","SUDBURY CLIMATE","6068145","2021-11-19 22:00","2021","11","19","22:00","-0.6","","-9.4","","51","","0.0","","28","","5","","","","98.46","","","","-2","","NA"
"-80.80","46.63","SUDBURY CLIMATE","6068145","2021-11-19 23:00","2021","11","19","23:00","-1.8","","-9.4","","56","","0.0","","28","","5","","","","98.48","","","","-4","","NA"
"-80.80","46.63","SUDBURY CLIMATE","6068145","2021-11-20 00:00","2021","11","20","00:00","-2.8","","-9.6","","60","","0.0","","26","","4","","","","98.51","","","","-4","","NA"
"-80.80","46.63","SUDBURY CLIMATE","6068145","2021-11-20 01:00","2021","11","20","01:00","-2.5","","-8.5","","63","","0.0","","22","","6","","","","98.50","","","","-5","","NA"
"-80.80","46.63","SUDBURY CLIMATE","6068145","2021-11-20 02:00","2021","11","20","02:00","-4.2","","-8.6","","71","","0.0","","21","","10","","","","98.50","","","","-8","","NA"
"-80.80","46.63","SUDBURY CLIMATE","6068145","2021-11-20 03:00","2021","11","20","03:00","-3.6","","-8.1","","71","","0.0","","22","","8","","","","98.49","","","","-7","","NA"
"-80.80","46.63","SUDBURY CLIMATE","6068145","2021-11-20 04:00","2021","11","20","04:00","-3.9","","-6.9","","80","","0.0","","22","","11","","","","98.51","","","","-8","","NA"
"-80.80","46.63","SUDBURY CLIMATE","6068145","2021-11-20 05:00","2021","11","20","05:00","-3.6","","-6.6","","79","","0.0","","20","","9","","","","98.52","","","","-7","","NA"
"-80.80","46.63","SUDBURY CLIMATE","6068145","2021-11-20 06:00","2021","11","20","06:00","-2.3","","-5.5","","79","","0.0","","18","","13","","","","98.47","","","","-7","","NA"
"-80.80","46.63","SUDBURY CLIMATE","6068145","2021-11-20 07:00","2021","11","20","07:00","-1.9","","-5.2","","78","","0.0","","17","","13","","","","98.40","","","","-6","","NA"
"-80.80","46.63","SUDBURY CLIMATE","6068145","2021-11-20 08:00","2021","11","20","08:00","-2.0","","-5.2","","79","","0.0","","16","","15","","","","98.36","","","","-7","","NA"
"-80.80","46.63","SUDBURY CLIMATE","6068145","2021-11-20 09:00","2021","11","20","09:00","-1.7","","-4.5","","81","","0.0","","17","","13","","","","98.29","","","","-6","","NA"
"-80.80","46.63","SUDBURY CLIMATE","6068145","2021-11-20 10:00","2021","11","20","10:00","-1.4","","-4.3","","80","","0.0","","16","","15","","","","98.25","","","","-6","","NA"
"-80.80","46.63","SUDBURY CLIMATE","6068145","2021-11-20 11:00","2021","11","20","11:00","-1.1","","-3.5","","83","","0.0","","17","","11","","","","98.19","","","","-5","","NA"
"-80.80","46.63","SUDBURY CLIMATE","6068145","2021-11-20 12:00","2021","11","20","12:00","-0.3","","-2.9","","83","","0.0","","17","","14","","","","98.15","","","","-5","","NA"
"-80.80","46.63","SUDBURY CLIMATE","6068145","2021-11-20 13:00","2021","11","20","13:00","0.7","","-2.4","","79","","0.0","","18","","18","","","","98.11","","","","","","NA"
"-80.80","46.63","SUDBURY CLIMATE","6068145","2021-11-20 14:00","2021","11","20","14:00","1.5","","-1.7","","79","","0.0","","18","","20","","","","98.04","","","","","","NA"
"-80.80","46.63","SUDBURY CLIMATE","6068145","2021-11-20 15:00","2021","11","20","15:00","2.5","","-1.5","","75","","0.0","","19","","28","","","","97.98","","","","","","NA"
"-80.80","46.63","SUDBURY CLIMATE","6068145","2021-11-20 16:00","2021","11","20","16:00","3.3","","-1.6","","70","","0.0","","20","","29","","","","97.93","","","","","","NA"
"-80.80","46.63","SUDBURY CLIMATE","6068145","2021-11-20 17:00","2021","11","20","17:00","2.4","","0.4","","87","","0.1","","20","","27","","","","97.82","","","","","","NA"
"-80.80","46.63","SUDBURY CLIMATE","6068145","2021-11-20 18:00","2021","11","20","18:00","0.8","","0.3","","97","","1.1","","20","","21","","","","97.76","","","","","","NA"
"-80.80","46.63","SUDBURY CLIMATE","6068145","2021-11-20 19:00","2021","11","20","19:00","2.2","","1.6","","96","","0.4","","19","","20","","","","97.68","","","","","","NA"
"-80.80","46.63","SUDBURY CLIMATE","6068145","2021-11-20 20:00","2021","11","20","20:00","2.3","","1.2","","93","","0.0","","20","","23","","","","97.64","","","","","","NA"
"-80.80","46.63","SUDBURY CLIMATE","6068145","2021-11-20 21:00","2021","11","20","21:00","2.1","","0.2","","87","","0.1","","19","","20","","","","97.65","","","","","","NA"
"-80.80","46.63","SUDBURY CLIMATE","6068145","2021-11-20 22:00","2021","11","20","22:00","1.8","","0.8","","93","","0.0","","20","","20","","","","97.66","","","","","","NA"
"-80.80","46.63","SUDBURY CLIMATE","6068145","2021-11-20 23:00","2021","11","20","23:00","1.7","","1.0","","96","","0.0","","20","","16","","","","97.68","","","","","","NA"
"-80.80","46.63","SUDBURY CLIMATE","6068145","2021-11-21 00:00","2021","11","21","00:00","1.9","","1.3","","96","","0.0","","20","","16","","","","97.70","","","","","","NA"
"-80.80","46.63","SUDBURY CLIMATE","6068145","2021-11-21 01:00","2021","11","21","01:00","1.7","","1.4","","97","","0.1","","19","","14","","","","97.71","","","","","","NA"
"-80.80","46.63","SUDBURY CLIMATE","6068145","2021-11-21 02:00","2021","11","21","02:00","1.6","","1.3","","98","","0.0","","22","","10","","","","97.73","","","","","","NA"
"-80.80","46.63","SUDBURY CLIMATE","6068145","2021-11-21 03:00","2021","11","21","03:00","1.4","","1.2","","98","","0.0","","24","","8","","","","97.77","","","","","","NA"
"-80.80","46.63","SUDBURY CLIMATE","6068145","2021-11-21 04:00","2021","11","21","04:00","2.0","","1.3","","95","","0.0","","26","","8","","","","97.79","","","","","","NA"
"-80.80","46.63","SUDBURY CLIMATE","6068145","2021-11-21 05:00","2021","11","21","05:00","1.9","","1.1","","94","","0.0","","26","","6","","","","97.81","","","","","","NA"
"-80.80","46.63","SUDBURY CLIMATE","6068145","2021-11-21 06:00","2021","11","21","06:00","1.1","","0.5","","96","","0.0","","23","","5","","","","97.82","","","","","","NA"
"-80.80","46.63","SUDBURY CLIMATE","6068145","2021-11-21 07:00","2021","11","21","07:00","0.6","","0.2","","97","","0.0","","24","","3","","","","97.84","","","","","","NA"
"-80.80","46.63","SUDBURY CLIMATE","6068145","2021-11-21 08:00","2021","11","21","08:00","0.8","","0.6","","98","","0.0","","24","","5","","","","97.86","","","","","","NA"
"-80.80","46.63","SUDBURY CLIMATE","6068145","2021-11-21 09:00","2021","11","21","09:00","0.5","","0.4","","99","","0.0","","27","","4","","","","97.82","","","","","","NA"
"-80.80","46.63","SUDBURY CLIMATE","6068145","2021-11-21 10:00","2021","11","21","10:00","-0.5","","-0.6","","99","","0.0","","34","","2","","","","97.81","","","","-1","","NA"
"-80.80","46.63","SUDBURY CLIMATE","6068145","2021-11-21 11:00","2021","11","21","11:00","0.1","","-0.1","","99","","0.0","","14","","5","","","","97.77","","","","","","NA"
"-80.80","46.63","SUDBURY CLIMATE","6068145","2021-11-21 12:00","2021","11","21","12:00","0.8","","0.4","","97","","0.0","","12","","10","","","","97.76","","","","","","NA"
"-80.80","46.63","SUDBURY CLIMATE","6068145","2021-11-21 13:00","2021","11","21","13:00","0.7","","0.6","","99","","0.0","","15","","11","","","","97.72","","","","","","NA"
"-80.80","46.63","SUDBURY CLIMATE","6068145","2021-11-21 14:00","2021","11","21","14:00","0.8","","0.7","","99","","0.0","","14","","11","","","","97.61","","","","","","NA"
"-80.80","46.63","SUDBURY CLIMATE","6068145","2021-11-21 15:00","2021","11","21","15:00","1.7","","1.6","","100","","0.0","","15","","15","","","","97.51","","","","","","NA"
"-80.80","46.63","SUDBURY CLIMATE","6068145","2021-11-21 16:00","2021","11","21","16:00","2.3","","2.1","","99","","0.0","","15","","14","","","","97.35","","","","","","NA"
"-80.80","46.63","SUDBURY CLIMATE","6068145","2021-11-21 17:00","2021","11","21","17:00","2.5","","2.4","","99","","0.0","","17","","17","","","","97.18","","","","","","NA"
"-80.80","46.63","SUDBURY CLIMATE","6068145","2021-11-21 18:00","2021","11","21","18:00","2.8","","2.7","","99","","0.0","","17","","19","","","","97.00","","","","","","NA"
"-80.80","46.63","SUDBURY CLIMATE","6068145","2021-11-21 19:00","2021","11","21","19:00","3.4","","3.2","","98","","1.1","","18","","22","","","","96.79","","","","","","NA"
"-80.80","46.63","SUDBURY CLIMATE","6068145","2021-11-21 20:00","2021","11","21","20:00","3.3","","2.4","","94","","0.4","","18","","30","","","","96.57","","","","","","NA"
"-80.80","46.63","SUDBURY CLIMATE","6068145","2021-11-21 21:00","2021","11","21","21:00","2.8","","2.4","","97","","1.5","","17","","25","","","","96.42","","","","","","NA"
"-80.80","46.63","SUDBURY CLIMATE","6068145","2021-11-21 22:00","2021","11","21","22:00","2.2","","1.7","","96","","2.0","","18","","29","","","","96.29","","","","","","NA"
"-80.80","46.63","SUDBURY CLIMATE","6068145","2021-11-21 23:00","2021","11","21","23:00","2.2","","1.8","","97","","2.1","","18","","26","","","","96.12","","","","","","NA"
"-80.80","46.63","SUDBURY CLIMATE","6068145","2021-11-22 00:00","2021","11","22","00:00","2.4","","2.0","","97","","1.6","","19","","25","","","","95.96","","","","","","NA"
"-80.80","46.63","SUDBURY CLIMATE","6068145","2021-11-22 01:00","2021","11","22","01:00","2.1","","1.5","","96","","1.9","","23","","25","","","","95.85","","","","","","NA"
"-80.80","46.63","SUDBURY CLIMATE","6068145","2021-11-22 02:00","2021","11","22","02:00","1.7","","1.3","","97","","0.3","","22","","22","","","","95.74","","","","","","NA"
"-80.80","46.63","SUDBURY CLIMATE","6068145","2021-11-22 03:00","2021","11","22","03:00","1.3","","0.8","","97","","0.1","","23","","20","","","","95.60","","","","","","NA"
"-80.80","46.63","SUDBURY CLIMATE","6068145","2021-11-22 04:00","2021","11","22","04:00","0.2","","-2.5","","82","","0.0","","26","","28","","","","95.71","","","","","","NA"
"-80.80","46.63","SUDBURY CLIMATE","6068145","2021-11-22 05:00","2021","11","22","05:00","-1.2","","-6.0","","70","","0.0","","27","","23","","","","95.83","","","","-7","","NA"
"-80.80","46.63","SUDBURY CLIMATE","6068145","2021-11-22 06:00","2021","11","22","06:00","-2.1","","-7.0","","69","","0.0","","27","","20","","","","95.89","","","","-8","","NA"
"-80.80","46.63","SUDBURY CLIMATE","6068145","2021-11-22 07:00","2021","11","22","07:00","-3.4","","-8.8","","66","","0.0","","27","","24","","","","96.00","","","","-10","","NA"
"-80.80","46.63","SUDBURY CLIMATE","6068145","2021-11-22 08:00","2021","11","22","08:00","-4.9","","-9.5","","70","","0.0","","27","","19","","","","96.14","","","","-11","","NA"
"-80.80","46.63","SUDBURY CLIMATE","6068145","2021-11-22 09:00","2021","11","22","09:00","-5.5","","-10.7","","67","","0.0","","26","","24","","","","96.19","","","","-13","","NA"
"-80.80","46.63","SUDBURY CLIMATE","6068145","2021-11-22 10:00","2021","11","22","10:00","-6.2","","-10.4","","72","","0.0","","27","","20","","","","96.25","","","","-13","","NA"
"-80.80","46.63","SUDBURY CLIMATE","6068145","2021-11-22 11:00","2021","11","22","11:00","-6.4","","-10.4","","73","","0.0","","27","","20","","","","96.33","","","","-13","","NA"
"-80.80","46.63","SUDBURY CLIMATE","6068145","2021-11-22 12:00","2021","11","22","12:00","-6.4","","-10.4","","73","","0.0","","27","","17","","","","96.43","","","","-13","","NA"
"-80.80","46.63","SUDBURY CLIMATE","6068145","2021-11-22 13:00","2021","11","22","13:00","-6.7","","-11.8","","67","","0.0","","27","","21","","","","96.47","","","","-14","","NA"
"-80.80","46.63","SUDBURY CLIMATE","6068145","2021-11-22 14:00","2021","11","22","14:00","-7.2","","-12.3","","67","","0.0","","27","","19","","","","96.55","","","","-14","","NA"
"-80.80","46.63","SUDBURY CLIMATE","6068145","2021-11-22 15:00","2021","11","22","15:00","-7.5","","-12.9","","65","","0.0","","29","","18","","","","96.65","","","","-14","","NA"
"-80.80","46.63","SUDBURY CLIMATE","6068145","2021-11-22 16:00","2021","11","22","16:00","-7.9","","-13.0","","67","","0.0","","29","","15","","","","96.74","","","","-14","","NA"
"-80.80","46.63","SUDBURY CLIMATE","6068145","2021-11-22 17:00","2021","11","22","17:00","-7.5","","-13.4","","62","","0.0","","28","","14","","","","96.78","","","","-13","","NA"
"-80.80","46.63","SUDBURY CLIMATE","6068145","2021-11-22 18:00","2021","11","22","18:00","-6.9","","-12.3","","65","","0.0","","27","","15","","","","96.80","","","","-13","","NA"
"-80.80","46.63","SUDBURY CLIMATE","6068145","2021-11-22 19:00","2021","11","22","19:00","-7.0","","-12.7","","64","","0.0","","29","","14","","","","96.85","","","","-13","","NA"
"-80.80","46.63","SUDBURY CLIMATE","6068145","2021-11-22 20:00","2021","11","22","20:00","-6.7","","-12.7","","62","","0.0","","28","","13","","","","96.88","","","","-12","","NA"
"-80.80","46.63","SUDBURY CLIMATE","6068145","2021-11-22 21:00","2021","11","22","21:00","-6.6","","-11.4","","69","","0.0","","29","","10","","","","96.94","","","","-11","","NA"
"-80.80","46.63","SUDBURY CLIMATE","6068145","2021-11-22 22:00","2021","11","22","22:00","-6.5","","-10.8","","71","","0.0","","29","","7","","","","97.00","","","","-10","","NA"
"-80.80","46.63","SUDBURY CLIMATE","6068145","2021-11-22 23:00","2021","11","22","23:00","-6.9","","-10.3","","77","","0.0","","31","","3","","","","97.05","","","","-8","","NA"
"-80.80","46.63","SUDBURY CLIMATE","6068145","2021-11-23 00:00","2021","11","23","00:00","-7.0","","-9.9","","80","","0.0","","29","","3","","","","97.09","","","","-9","","NA"
"-80.80","46.63","SUDBURY CLIMATE","6068145","2021-11-23 01:00","2021","11","23","01:00","-7.0","","-9.6","","81","","0.0","","28","","2","","","","97.13","","","","-8","","NA"
"-80.80","46.63","SUDBURY CLIMATE","6068145","2021-11-23 02:00","2021","11","23","02:00","-6.2","","-8.8","","82","","0.0","","28","","3","","","","97.15","","","","-8","","NA"
"-80.80","46.63","SUDBURY CLIMATE","6068145","2021-11-23 03:00","2021","11","23","03:00","-6.2","","-8.6","","83","","0.0","","31","","4","","","","97.19","","","","-8","","NA"
"-80.80","46.63","SUDBURY CLIMATE","6068145","2021-11-23 04:00","2021","11","23","04:00","-6.2","","-8.6","","83","","0.0","","30","","5","","","","97.20","","","","-9","","NA"
"-80.80","46.63","SUDBURY CLIMATE","6068145","2021-11-23 05:00","2021","11","23","05:00","-5.4","","-9.4","","74","","0.0","","33","","10","","","","97.23","","","","-10","","NA"
"-80.80","46.63","SUDBURY CLIMATE","6068145","2021-11-23 06:00","2021","11","23","06:00","-5.3","","-9.4","","73","","0.0","","31","","14","","","","97.26","","","","-11","","NA"
"-80.80","46.63","SUDBURY CLIMATE","6068145","2021-11-23 07:00","2021","11","23","07:00","-5.8","","-10.1","","72","","0.0","","31","","10","","","","97.33","","","","-10","","NA"
"-80.80","46.63","SUDBURY CLIMATE","6068145","2021-11-23 08:00","2021","11","23","08:00","-5.6","","-9.1","","76","","0.0","","31","","9","","","","97.41","","","","-10","","NA"
"-80.80","46.63","SUDBURY CLIMATE","6068145","2021-11-23 09:00","2021","11","23","09:00","-5.9","","-9.4","","76","","0.0","","31","","10","","","","97.43","","","","-10","","NA"
"-80.80","46.63","SUDBURY CLIMATE","6068145","2021-11-23 10:00","2021","11","23","10:00","-6.4","","-9.5","","79","","0.0","","31","","11","","","","97.49","","","","-11","","NA"
"-80.80","46.63","SUDBURY CLIMATE","6068145","2021-11-23 11:00","2021","11","23","11:00","-6.9","","-9.8","","80","","0.0","","33","","11","","","","97.55","","","","-12","","NA"
"-80.80","46.63","SUDBURY CLIMATE","6068145","2021-11-23 12:00","2021","11","23","12:00","-7.9","","-9.6","","87","","0.0","","34","","7","","","","97.61","","","","-12","","NA"
"-80.80","46.63","SUDBURY CLIMATE","6068145","2021-11-23 13:00","2021","11","23","13:00","-7.5","","-9.0","","89","","0.0","","32","","6","","","","97.65","","","","-11","","NA"
"-80.80","46.63","SUDBURY CLIMATE","6068145","2021-11-23 14:00","2021","11","23","14:00","-7.0","","-8.6","","89","","0.0","","34","","5","","","","97.71","","","","-10","","NA"
"-80.80","46.63","SUDBURY CLIMATE","6068145","2021-11-23 15:00","2021","11","23","15:00","-6.7","","-8.3","","89","","0.0","","35","","4","","","","97.77","","","","-9","","NA"
"-80.80","46.63","SUDBURY CLIMATE","6068145","2021-11-23 16:00","2021","11","23","16:00","-5.5","","-8.6","","79","","0.0","","26","","3","","","","97.83","","","","-7","","NA"
"-80.80","46.63","SUDBURY CLIMATE","6068145","2021-11-23 17:00","2021","11","23","17:00","-4.4","","-8.5","","73","","0.0","","30","","3","","","","97.78","","","","-6","","NA"
"-80.80","46.63","SUDBURY CLIMATE","6068145","2021-11-23 18:00","2021","11","23","18:00","-2.8","","-8.0","","67","","0.0","","26","","2","","","","97.72","","","","-4","","NA"
"-80.80","46.63","SUDBURY CLIMATE","6068145","2021-11-23 19:00","2021","11","23","19:00","-1.8","","-8.2","","62","","0.0","","20","","5","","","","97.73","","","","-4","","NA"
"-80.80","46.63","SUDBURY CLIMATE","6068145","2021-11-23 20:00","2021","11","23","20:00","-1.7","","-9.1","","57","","0.0","","22","","8","","","","97.72","","","","-5","","NA"
"-80.80","46.63","SUDBURY CLIMATE","6068145","2021-11-23 21:00","2021","11","23","21:00","-2.2","","-9.0","","60","","0.0","","22","","9","","","","97.75","","","","-6","","NA"
"-80.80","46.63","SUDBURY CLIMATE","6068145","2021-11-23 22:00","2021","11","23","22:00","-4.4","","-8.9","","71","","0.0","","20","","8","","","","97.74","","","","-8","","NA"
"-80.80","46.63","SUDBURY CLIMATE","6068145","2021-11-23 23:00","2021","11","23","23:00","-3.2","","-8.5","","67","","0.0","","18","","10","","","","97.73","","","","-7","","NA"
"-80.80","46.63","SUDBURY CLIMATE","6068145","2021-11-24 00:00","2021","11","24","00:00","-3.4","","-8.6","","67","","0.0","","17","","11","","","","97.66","","","","-8","","NA"
"-80.80","46.63","SUDBURY CLIMATE","6068145","2021-11-24 01:00","2021","11","24","01:00","-4.3","","-8.0","","75","","0.0","","17","","15","","","","97.66","","","","-10","","NA"
"-80.80","46.63","SUDBURY CLIMATE","6068145","2021-11-24 02:00","2021","11","24","02:00","-4.3","","-7.3","","79","","0.0","","17","","15","","","","97.63","","","","-10","","NA"
"-80.80","46.63","SUDBURY CLIMATE","6068145","2021-11-24 03:00","2021","11","24","03:00","-4.6","","-7.2","","82","","0.0","","17","","17","","","","97.58","","","","-10","","NA"
"-80.80","46.63","SUDBURY CLIMATE","6068145","2021-11-24 04:00","2021","11","24","04:00","-4.3","","-6.9","","82","","0.0","","16","","18","","","","97.53","","","","-10","","NA"
"-80.80","46.63","SUDBURY CLIMATE","6068145","2021-11-24 05:00","2021","11","24","05:00","-4.2","","-6.4","","84","","0.0","","17","","18","","","","97.51","","","","-10","","NA"
"-80.80","46.63","SUDBURY CLIMATE","6068145","2021-11-24 06:00","2021","11","24","06:00","-3.5","","-5.8","","84","","0.0","","17","","19","","","","97.49","","","","-9","","NA"
"-80.80","46.63","SUDBURY CLIMATE","6068145","2021-11-24 07:00","2021","11","24","07:00","-2.7","","-4.9","","85","","0.0","","18","","21","","","","97.50","","","","-9","","NA"
"-80.80","46.63","SUDBURY CLIMATE","6068145","2021-11-24 08:00","2021","11","24","08:00","-3.2","","-4.9","","88","","0.0","","17","","18","","","","97.50","","","","-9","","NA"
"-80.80","46.63","SUDBURY CLIMATE","6068145","2021-11-24 09:00","2021","11","24","09:00","-3.2","","-4.4","","91","","0.0","","17","","20","","","","97.41","","","","-9","","NA"
"-80.80","46.63","SUDBURY CLIMATE","6068145","2021-11-24 10:00","2021","11","24","10:00","-2.5","","-3.7","","91","","0.0","","17","","18","","","","97.40","","","","-8","","NA"
"-80.80","46.63","SUDBURY CLIMATE","6068145","2021-11-24 11:00","2021","11","24","11:00","-1.8","","-3.1","","91","","0.0","","16","","17","","","","97.42","","","","-7","","NA"
"-80.80","46.63","SUDBURY CLIMATE","6068145","2021-11-24 12:00","2021","11","24","12:00","-0.8","","-1.9","","92","","0.0","","17","","20","","","","97.37","","","","-6","","NA"
"-80.80","46.63","SUDBURY CLIMATE","6068145","2021-11-24 13:00","2021","11","24","13:00","0.4","","-0.7","","92","","0.0","","18","","17","","","","97.36","","","","","","NA"
"-80.80","46.63","SUDBURY CLIMATE","6068145","2021-11-24 14:00","2021","11","24","14:00","2.2","","0.5","","89","","0.0","","18","","24","","","","97.37","","","","","","NA"
"-80.80","46.63","SUDBURY CLIMATE","6068145","2021-11-24 15:00","2021","11","24","15:00","3.4","","1.4","","87","","0.0","","19","","28","","","","97.37","","","","","","NA"
"-80.80","46.63","SUDBURY CLIMATE","6068145","2021-11-24 16:00","2021","11","24","16:00","4.1","","2.2","","87","","0.0","","19","","29","","","","97.34","","","","","","NA"
"-80.80","46.63","SUDBURY CLIMATE","6068145","2021-11-24 17:00","2021","11","24","17:00","4.5","","1.9","","83","","0.0","","19","","32","","","","97.33","","","","","","NA"
"-80.80","46.63","SUDBURY CLIMATE","6068145","2021-11-24 18:00","2021","11","24","18:00","4.2","","1.8","","84","","0.0","","18","","29","","","","97.26","","","","","","NA"
"-80.80","46.63","SUDBURY CLIMATE","6068145","2021-11-24 19:00","2021","11","24","19:00","4.3","","1.9","","84","","0.0","","18","","26","","","","97.25","","","","","","NA"
"-80.80","46.63","SUDBURY CLIMATE","6068145","2021-11-24 20:00","2021","11","24","20:00","4.8","","2.3","","84","","0.0","","19","","25","","","","97.30","","","","","","NA"
"-80.80","46.63","SUDBURY CLIMATE","6068145","2021-11-24 21:00","2021","11","24","21:00","4.4","","2.1","","85","","0.0","","18","","27","","","","97.24","","","","","","NA"
"-80.80","46.63","SUDBURY CLIMATE","6068145","2021-11-24 22:00","2021","11","24","22:00","4.1","","1.5","","83","","0.0","","18","","26","","","","97.24","","","","","","NA"
"-80.80","46.63","SUDBURY CLIMATE","6068145","2021-11-24 23:00","2021","11","24","23:00","4.1","","1.1","","81","","0.0","","18","","25","","","","97.27","","","","","","NA"
"-80.80","46.63","SUDBURY CLIMATE","6068145","2021-11-25 00:00","2021","11","25","00:00","4.3","","0.4","","76","","0.0","","19","","24","","","","97.29","","","","","","NA"
"-80.80","46.63","SUDBURY CLIMATE","6068145","2021-11-25 01:00","2021","11","25","01:00","4.4","","0.6","","76","","0.0","","18","","24","","","","97.27","","","","","","NA"
"-80.80","46.63","SUDBURY CLIMATE","6068145","2021-11-25 02:00","2021","11","25","02:00","3.6","","0.4","","79","","0.0","","16","","18","","","","97.23","","","","","","NA"
"-80.80","46.63","SUDBURY CLIMATE","6068145","2021-11-25 03:00","2021","11","25","03:00","3.3","","0.7","","83","","0.0","","17","","16","","","","97.23","","","","","","NA"
"-80.80","46.63","SUDBURY CLIMATE","6068145","2021-11-25 04:00","2021","11","25","04:00","3.3","","1.0","","85","","0.0","","16","","13","","","","97.20","","","","","","NA"
"-80.80","46.63","SUDBURY CLIMATE","6068145","2021-11-25 05:00","2021","11","25","05:00","3.2","","1.3","","87","","0.0","","17","","11","","","","97.19","","","","","","NA"
"-80.80","46.63","SUDBURY CLIMATE","6068145","2021-11-25 06:00","2021","11","25","06:00","3.8","","2.1","","89","","0.0","","17","","13","","","","97.12","","","","","","NA"
"-80.80","46.63","SUDBURY CLIMATE","6068145","2021-11-25 07:00","2021","11","25","07:00","3.7","","2.5","","92","","0.0","","17","","11","","","","97.12","","","","","","NA"
"-80.80","46.63","SUDBURY CLIMATE","6068145","2021-11-25 08:00","2021","11","25","08:00","3.2","","2.0","","92","","0.0","","15","","9","","","","97.13","","","","","","NA"
"-80.80","46.63","SUDBURY CLIMATE","6068145","2021-11-25 09:00","2021","11","25","09:00","3.0","","2.0","","93","","0.0","","16","","9","","","","97.10","","","","","","NA"
"-80.80","46.63","SUDBURY CLIMATE","6068145","2021-11-25 10:00","2021","11","25","10:00","3.2","","2.2","","93","","0.0","","16","","11","","","","97.07","","","","","","NA"
"-80.80","46.63","SUDBURY CLIMATE","6068145","2021-11-25 11:00","2021","11","25","11:00","3.2","","2.3","","94","","0.0","","18","","10","","","","97.07","","","","","","NA"
"-80.80","46.63","SUDBURY CLIMATE","6068145","2021-11-25 12:00","2021","11","25","12:00","2.8","","2.1","","95","","0.0","","20","","6","","","","97.04","","","","","","NA"
"-80.80","46.63","SUDBURY CLIMATE","6068145","2021-11-25 13:00","2021","11","25","13:00","2.7","","2.1","","96","","0.0","","14","","2","","","","97.04","","","","","","NA"
"-80.80","46.63","SUDBURY CLIMATE","6068145","2021-11-25 14:00","2021","11","25","14:00","3.1","","2.6","","96","","0.0","","4","","4","","","","97.03","","","","","","NA"
"-80.80","46.63","SUDBURY CLIMATE","6068145","2021-11-25 15:00","2021","11","25","15:00","3.4","","3.0","","97","","0.0","","2","","6","","","","96.98","","","","","","NA"
"-80.80","46.63","SUDBURY CLIMATE","6068145","2021-11-25 16:00","2021","11","25","16:00","3.2","","2.8","","97","","0.0","","2","","10","","","","96.96","","","","","","NA"
"-80.80","46.63","SUDBURY CLIMATE","6068145","2021-11-25 17:00","2021","11","25","17:00","2.6","","2.3","","98","","0.0","","2","","15","","","","96.88","","","","","","NA"
"-80.80","46.63","SUDBURY CLIMATE","6068145","2021-11-25 18:00","2021","11","25","18:00","2.1","","1.9","","98","","0.1","","2","","18","","","","96.83","","","","","","NA"
"-80.80","46.63","SUDBURY CLIMATE","6068145","2021-11-25 19:00","2021","11","25","19:00","1.1","","0.7","","98","","0.1","","1","","19","","","","96.82","","","","","","NA"
"-80.80","46.63","SUDBURY CLIMATE","6068145","2021-11-25 20:00","2021","11","25","20:00","0.3","","0.0","","98","","0.4","","1","","16","","","","96.79","","","","","","NA"
"-80.80","46.63","SUDBURY CLIMATE","6068145","2021-11-25 21:00","2021","11","25","21:00","-0.7","","-1.0","","97","","0.3","","1","","14","","","","96.79","","","","-5","","NA"
"-80.80","46.63","SUDBURY CLIMATE","6068145","2021-11-25 22:00","2021","11","25","22:00","-1.8","","-2.4","","96","","0.5","","1","","16","","","","96.79","","","","-7","","NA"
"-80.80","46.63","SUDBURY CLIMATE","6068145","2021-11-25 23:00","2021","11","25","23:00","-2.8","","-3.5","","94","","0.6","","36","","19","","","","96.82","","","","-9","","NA"
"-80.80","46.63","SUDBURY CLIMATE","6068145","2021-11-26 00:00","2021","11","26","00:00","-3.8","","-5.0","","92","","0.7","","1","","22","","","","96.81","","","","-10","","NA"
"-80.80","46.63","SUDBURY CLIMATE","6068145","2021-11-26 01:00","2021","11","26","01:00","-4.9","","-6.0","","92","","0.8","","36","","18","","","","96.78","","","","-11","","NA"
"-80.80","46.63","SUDBURY CLIMATE","6068145","2021-11-26 02:00","2021","11","26","02:00","-5.9","","-7.3","","90","","0.6","","36","","21","","","","96.76","","","","-13","","NA"
"-80.80","46.63","SUDBURY CLIMATE","6068145","2021-11-26 03:00","2021","11","26","03:00","-6.9","","-8.4","","89","","0.4","","36","","22","","","","96.73","","","","-14","","NA"
"-80.80","46.63","SUDBURY CLIMATE","6068145","2021-11-26 04:00","2021","11","26","04:00","-7.2","","-8.6","","89","","0.9","","1","","21","","","","96.70","","","","-15","","NA"
"-80.80","46.63","SUDBURY CLIMATE","6068145","2021-11-26 05:00","2021","11","26","05:00","-7.7","","-9.3","","88","","0.5","","1","","24","","","","96.69","","","","-16","","NA"
"-80.80","46.63","SUDBURY CLIMATE","6068145","2021-11-26 06:00","2021","11","26","06:00","-8.2","","-9.9","","88","","0.5","","1","","26","","","","96.69","","","","-17","","NA"
"-80.80","46.63","SUDBURY CLIMATE","6068145","2021-11-26 07:00","2021","11","26","07:00","-8.4","","-10.3","","86","","0.4","","36","","27","","","","96.71","","","","-17","","NA"
"-80.80","46.63","SUDBURY CLIMATE","6068145","2021-11-26 08:00","2021","11","26","08:00","-8.6","","-10.8","","84","","0.0","","36","","22","","","","96.78","","","","-16","","NA"
"-80.80","46.63","SUDBURY CLIMATE","6068145","2021-11-26 09:00","2021","11","26","09:00","-9.4","","-11.4","","85","","0.2","","36","","26","","","","96.80","","","","-18","","NA"
"-80.80","46.63","SUDBURY CLIMATE","6068145","2021-11-26 10:00","2021","11","26","10:00","-9.9","","-12.1","","84","","0.1","","36","","23","","","","96.84","","","","-18","","NA"
"-80.80","46.63","SUDBURY CLIMATE","6068145","2021-11-26 11:00","2021","11","26","11:00","-10.3","","-12.9","","81","","0.0","","35","","23","","","","96.91","","","","-19","","NA"
"-80.80","46.63","SUDBURY CLIMATE","6068145","2021-11-26 12:00","2021","11","26","12:00","-10.7","","-13.4","","81","","0.0","","36","","18","","","","97.00","","","","-18","","NA"
"-80.80","46.63","SUDBURY CLIMATE","6068145","2021-11-26 13:00","2021","11","26","13:00","-10.7","","-13.5","","80","","0.0","","36","","23","","","","97.04","","","","-19","","NA"
"-80.80","46.63","SUDBURY CLIMATE","6068145","2021-11-26 14:00","2021","11","26","14:00","-11.0","","-14.2","","77","","0.0","","36","","20","","","","97.04","","","","-19","","NA"
"-80.80","46.63","SUDBURY CLIMATE","6068145","2021-11-26 15:00","2021","11","26","15:00","-10.2","","-13.9","","75","","0.0","","36","","17","","","","97.10","","","","-17","","NA"
"-80.80","46.63","SUDBURY CLIMATE","6068145","2021-11-26 16:00","2021","11","26","16:00","-9.5","","-13.6","","72","","0.0","","36","","22","","","","97.15","","","","-18","","NA"
"-80.80","46.63","SUDBURY CLIMATE","6068145","2021-11-26 17:00","2021","11","26","17:00","-8.9","","-12.9","","73","","0.0","","35","","19","","","","97.15","","","","-16","","NA"
"-80.80","46.63","SUDBURY CLIMATE","6068145","2021-11-26 18:00","2021","11","26","18:00","-8.5","","-12.5","","73","","0.0","","35","","14","","","","97.13","","","","-15","","NA"
"-80.80","46.63","SUDBURY CLIMATE","6068145","2021-11-26 19:00","2021","11","26","19:00","-8.7","","-12.3","","75","","0.0","","35","","18","","","","97.10","","","","-16","","NA"
"-80.80","46.63","SUDBURY CLIMATE","6068145","2021-11-26 20:00","2021","11","26","20:00","-7.7","","-11.3","","76","","0.0","","35","","14","","","","97.13","","","","-14","","NA"
"-80.80","46.63","SUDBURY CLIMATE","6068145","2021-11-26 21:00","2021","11","26","21:00","-8.4","","-11.4","","79","","0.0","","35","","13","","","","97.21","","","","-14","","NA"
"-80.80","46.63","SUDBURY CLIMATE","6068145","2021-11-26 22:00","2021","11","26","22:00","-8.7","","-11.3","","82","","0.0","","35","","13","","","","97.25","","","","-15","","NA"
"-80.80","46.63","SUDBURY CLIMATE","6068145","2021-11-26 23:00","2021","11","26","23:00","-9.3","","-11.7","","82","","0.0","","32","","12","","","","97.29","","","","-15","","NA"
"-80.80","46.63","SUDBURY CLIMATE","6068145","2021-11-27 00:00","2021","11","27","00:00","-9.6","","-13.1","","75","","0.0","","33","","11","","","","97.27","","","","-15","","NA"
"-80.80","46.63","SUDBURY CLIMATE","6068145","2021-11-27 01:00","2021","11","27","01:00","-10.0","","-13.9","","73","","0.0","","36","","10","","","","97.25","","","","-15","","NA"
"-80.80","46.63","SUDBURY CLIMATE","6068145","2021-11-27 02:00","2021","11","27","02:00","-10.9","","-14.7","","74","","0.0","","33","","8","","","","97.26","","","","-16","","NA"
"-80.80","46.63","SUDBURY CLIMATE","6068145","2021-11-27 03:00","2021","11","27","03:00","-12.7","","-15.3","","81","","0.0","","31","","8","","","","97.27","","","","-18","","NA"
"-80.80","46.63","SUDBURY CLIMATE","6068145","2021-11-27 04:00","2021","11","27","04:00","-13.6","","-15.7","","84","","0.0","","34","","8","","","","97.26","","","","-19","","NA"
"-80.80","46.63","SUDBURY CLIMATE","6068145","2021-11-27 05:00","2021","11","27","05:00","-14.9","","-16.7","","86","","0.0","","34","","5","","","","97.25","","","","-18","","NA"
"-80.80","46.63","SUDBURY CLIMATE","6068145","2021-11-27 06:00","2021","11","27","06:00","-16.1","","-18.0","","85","","0.0","","32","","7","","","","97.26","","","","-21","","NA"
"-80.80","46.63","SUDBURY CLIMATE","6068145","2021-11-27 07:00","2021","11","27","07:00","-15.8","","-17.9","","84","","0.0","","32","","8","","","","97.27","","","","-21","","NA"
"-80.80","46.63","SUDBURY CLIMATE","6068145","2021-11-27 08:00","2021","11","27","08:00","-16.0","","-18.1","","84","","0.0","","34","","11","","","","97.26","","","","-23","","NA"
"-80.80","46.63","SUDBURY CLIMATE","6068145","2021-11-27 09:00","2021","11","27","09:00","-17.2","","-19.1","","85","","0.0","","33","","8","","","","97.25","","","","-23","","NA"
"-80.80","46.63","SUDBURY CLIMATE","6068145","2021-11-27 10:00","2021","11","27","10:00","-18.0","","-20.0","","84","","0.0","","33","","7","","","","97.25","","","","-23","","NA"
"-80.80","46.63","SUDBURY CLIMATE","6068145","2021-11-27 11:00","2021","11","27","11:00","-19.0","","-20.9","","85","","0.0","","36","","3","","","","97.29","","","","-21","","NA"
"-80.80","46.63","SUDBURY CLIMATE","6068145","2021-11-27 12:00","2021","11","27","12:00","-19.2","","-20.9","","86","","0.0","","3","","7","","","","97.32","","","","-25","","NA"
"-80.80","46.63","SUDBURY CLIMATE","6068145","2021-11-27 13:00","2021","11","27","13:00","-19.0","","-21.1","","84","","0.0","","36","","7","","","","97.32","","","","-24","","NA"
"-80.80","46.63","SUDBURY CLIMATE","6068145","2021-11-27 14:00","2021","11","27","14:00","-17.6","","-19.5","","85","","0.0","","35","","9","","","","97.31","","","","-24","","NA"
"-80.80","46.63","SUDBURY CLIMATE","6068145","2021-11-27 15:00","2021","11","27","15:00","-15.9","","-18.0","","84","","0.0","","1","","8","","","","97.30","","","","-21","","NA"
"-80.80","46.63","SUDBURY CLIMATE","6068145","2021-11-27 16:00","2021","11","27","16:00","-13.9","","-16.8","","79","","0.0","","2","","7","","","","97.29","","","","-19","","NA"
"-80.80","46.63","SUDBURY CLIMATE","6068145","2021-11-27 17:00","2021","11","27","17:00","-12.1","","-17.2","","66","","0.0","","11","","3","","","","97.23","","","","-14","","NA"
"-80.80","46.63","SUDBURY CLIMATE","6068145","2021-11-27 18:00","2021","11","27","18:00","-11.0","","-15.4","","70","","0.0","","6","","8","","","","97.15","","","","-16","","NA"
"-80.80","46.63","SUDBURY CLIMATE","6068145","2021-11-27 19:00","2021","11","27","19:00","-10.4","","-15.0","","69","","0.0","","6","","6","","","","97.11","","","","-14","","NA"
"-80.80","46.63","SUDBURY CLIMATE","6068145","2021-11-27 20:00","2021","11","27","20:00","-9.0","","-16.1","","56","","0.0","","16","","3","","","","97.11","","","","-11","","NA"
"-80.80","46.63","SUDBURY CLIMATE","6068145","2021-11-27 21:00","2021","11","27","21:00","-9.3","","-16.0","","58","","0.0","","","","0","","","","97.10","","","","","","NA"
"-80.80","46.63","SUDBURY CLIMATE","6068145","2021-11-27 22:00","2021","11","27","22:00","-11.9","","-16.3","","70","","0.0","","16","","3","","","","97.09","","","","-14","","NA"
"-80.80","46.63","SUDBURY CLIMATE","6068145","2021-11-27 23:00","2021","11","27","23:00","-13.1","","-16.4","","77","","0.0","","18","","1","","","","97.08","","","","-14","","NA"
"-80.80","46.63","SUDBURY CLIMATE","6068145","2021-11-28 00:00","2021","11","28","00:00","-13.5","","-15.9","","82","","0.0","","17","","3","","","","97.05","","","","-16","","NA"
"-80.80","46.63","SUDBURY CLIMATE","6068145","2021-11-28 01:00","2021","11","28","01:00","-13.8","","-17.2","","75","","0.0","","10","","2","","","","97.01","","","","-15","","NA"
"-80.80","46.63","SUDBURY CLIMATE","6068145","2021-11-28 02:00","2021","11","28","02:00","-15.4","","-18.0","","80","","0.0","","0","","1","","","","96.98","","","","-16","","NA"
"-80.80","46.63","SUDBURY CLIMATE","6068145","2021-11-28 03:00","2021","11","28","03:00","-14.5","","-16.7","","83","","0.0","","16","","3","","","","96.96","","","","-17","","NA"
"-80.80","46.63","SUDBURY CLIMATE","6068145","2021-11-28 04:00","2021","11","28","04:00","-14.3","","-16.8","","81","","0.0","","18","","4","","","","96.91","","","","-17","","NA"
"-80.80","46.63","SUDBURY CLIMATE","6068145","2021-11-28 05:00","2021","11","28","05:00","-14.8","","-16.5","","87","","0.0","","20","","4","","","","96.89","","","","-18","","NA"
"-80.80","46.63","SUDBURY CLIMATE","6068145","2021-11-28 06:00","2021","11","28","06:00","-16.5","","-18.3","","86","","0.0","","27","","6","","","","96.86","","","","-21","","NA"
"-80.80","46.63","SUDBURY CLIMATE","6068145","2021-11-28 07:00","2021","11","28","07:00","-15.2","","-16.6","","89","","0.0","","26","","3","","","","96.80","","","","-17","","NA"
"-80.80","46.63","SUDBURY CLIMATE","6068145","2021-11-28 08:00","2021","11","28","08:00","-15.1","","-16.8","","87","","0.0","","0","","1","","","","96.80","","","","-16","","NA"
"-80.80","46.63","SUDBURY CLIMATE","6068145","2021-11-28 09:00","2021","11","28","09:00","-14.7","","-16.5","","86","","0.0","","10","","4","","","","96.75","","","","-18","","NA"
"-80.80","46.63","SUDBURY CLIMATE","6068145","2021-11-28 10:00","2021","11","28","10:00","-13.3","","-14.4","","91","","0.0","","7","","3","","","","96.74","","","","-15","","NA"
"-80.80","46.63","SUDBURY CLIMATE","6068145","2021-11-28 11:00","2021","11","28","11:00","-14.3","","-15.7","","89","","0.0","","13","","6","","","","96.73","","","","-18","","NA"
"-80.80","46.63","SUDBURY CLIMATE","6068145","2021-11-28 12:00","2021","11","28","12:00","-13.2","","-14.8","","87","","0.0","","13","","4","","","","96.73","","","","-16","","NA"
"-80.80","46.63","SUDBURY CLIMATE","6068145","2021-11-28 13:00","2021","11","28","13:00","-12.6","","-14.0","","89","","0.0","","11","","3","","","","96.74","","","","-15","","NA"
"-80.80","46.63","SUDBURY CLIMATE","6068145","2021-11-28 14:00","2021","11","28","14:00","-11.5","","-13.0","","89","","0.0","","12","","4","","","","96.74","","","","-14","","NA"
"-80.80","46.63","SUDBURY CLIMATE","6068145","2021-11-28 15:00","2021","11","28","15:00","-10.5","","-12.0","","89","","0.0","","14","","3","","","","96.74","","","","-12","","NA"
"-80.80","46.63","SUDBURY CLIMATE","6068145","2021-11-28 16:00","2021","11","28","16:00","-10.0","","-11.7","","88","","0.0","","17","","3","","","","96.74","","","","-12","","NA"
"-80.80","46.63","SUDBURY CLIMATE","6068145","2021-11-28 17:00","2021","11","28","17:00","-8.7","","-11.3","","81","","0.0","","","","0","","","","96.71","","","","","","NA"
"-80.80","46.63","SUDBURY CLIMATE","6068145","2021-11-28 18:00","2021","11","28","18:00","-8.0","","-11.6","","75","","0.0","","19","","3","","","","96.68","","","","-10","","NA"
"-80.80","46.63","SUDBURY CLIMATE","6068145","2021-11-28 19:00","2021","11","28","19:00","-6.9","","-10.1","","78","","0.0","","18","","2","","","","96.68","","","","-8","","NA"
"-80.80","46.63","SUDBURY CLIMATE","6068145","2021-11-28 20:00","2021","11","28","20:00","-6.1","","-10.0","","74","","0.0","","8","","1","","","","96.74","","","","-7","","NA"
"-80.80","46.63","SUDBURY CLIMATE","6068145","2021-11-28 21:00","2021","11","28","21:00","-6.2","","-8.1","","86","","0.0","","5","","8","","","","96.81","","","","-10","","NA"
"-80.80","46.63","SUDBURY CLIMATE","6068145","2021-11-28 22:00","2021","11","28","22:00","-6.8","","-8.8","","86","","0.0","","7","","4","","","","96.86","","","","-9","","NA"
"-80.80","46.63","SUDBURY CLIMATE","6068145","2021-11-28 23:00","2021","11","28","23:00","-7.4","","-9.1","","87","","0.0","","0","","1","","","","96.93","","","","-8","","NA"
"-80.80","46.63","SUDBURY CLIMATE","6068145","2021-11-29 00:00","2021","11","29","00:00","-8.6","","-9.8","","91","","0.0","","0","","1","","","","96.95","","","","-9","","NA"
"-80.80","46.63","SUDBURY CLIMATE","6068145","2021-11-29 01:00","2021","11","29","01:00","-9.6","","-10.4","","94","","0.0","","","","0","","","","96.98","","","","","","NA"
"-80.80","46.63","SUDBURY CLIMATE","6068145","2021-11-29 02:00","2021","11","29","02:00","-8.0","","-9.1","","92","","0.0","","28","","4","","","","97.02","","","","-10","","NA"
"-80.80","46.63","SUDBURY CLIMATE","6068145","2021-11-29 03:00","2021","11","29","03:00","-8.3","","-9.4","","91","","0.0","","29","","6","","","","97.05","","","","-12","","NA"
"-80.80","46.63","SUDBURY CLIMATE","6068145","2021-11-29 04:00","2021","11","29","04:00","-9.0","","-10.0","","93","","0.0","","24","","4","","","","97.07","","","","-11","","NA"
"-80.80","46.63","SUDBURY CLIMATE","6068145","2021-11-29 05:00","2021","11","29","05:00","-8.1","","-9.1","","92","","0.0","","24","","5","","","","97.10","","","","-11","","NA"
"-80.80","46.63","SUDBURY CLIMATE","6068145","2021-11-29 06:00","2021","11","29","06:00","-7.1","","-8.0","","93","","0.0","","23","","5","","","","97.10","","","","-10","","NA"
"-80.80","46.63","SUDBURY CLIMATE","6068145","2021-11-29 07:00","2021","11","29","07:00","-6.6","","-7.6","","93","","0.0","","25","","5","","","","97.12","","","","-9","","NA"
"-80.80","46.63","SUDBURY CLIMATE","6068145","2021-11-29 08:00","2021","11","29","08:00","-6.5","","-7.2","","95","","0.0","","28","","5","","","","97.16","","","","-9","","NA"
"-80.80","46.63","SUDBURY CLIMATE","6068145","2021-11-29 09:00","2021","11","29","09:00","-6.1","","-6.7","","95","","0.0","","29","","6","","","","97.16","","","","-9","","NA"
"-80.80","46.63","SUDBURY CLIMATE","6068145","2021-11-29 10:00","2021","11","29","10:00","-5.9","","-6.5","","96","","0.0","","28","","5","","","","97.19","","","","-8","","NA"
"-80.80","46.63","SUDBURY CLIMATE","6068145","2021-11-29 11:00","2021","11","29","11:00","-5.7","","-6.3","","95","","0.0","","29","","5","","","","97.23","","","","-8","","NA"
"-80.80","46.63","SUDBURY CLIMATE","6068145","2021-11-29 12:00","2021","11","29","12:00","-5.4","","-6.0","","95","","0.1","","34","","4","","","","97.25","","","","-7","","NA"
"-80.80","46.63","SUDBURY CLIMATE","6068145","2021-11-29 13:00","2021","11","29","13:00","-5.4","","-6.1","","95","","0.0","","28","","4","","","","97.28","","","","-7","","NA"
"-80.80","46.63","SUDBURY CLIMATE","6068145","2021-11-29 14:00","2021","11","29","14:00","-5.0","","-5.7","","95","","0.0","","27","","3","","","","97.28","","","","-6","","NA"
"-80.80","46.63","SUDBURY CLIMATE","6068145","2021-11-29 15:00","2021","11","29","15:00","-4.6","","-5.2","","96","","0.0","","28","","3","","","","97.30","","","","-6","","NA"
"-80.80","46.63","SUDBURY CLIMATE","6068145","2021-11-29 16:00","2021","11","29","16:00","-4.0","","-4.9","","94","","0.0","","25","","3","","","","97.28","","","","-5","","NA"
"-80.80","46.63","SUDBURY CLIMATE","6068145","2021-11-29 17:00","2021","11","29","17:00","-4.0","","-5.5","","89","","0.0","","31","","6","","","","97.24","","","","-7","","NA"
"-80.80","46.63","SUDBURY CLIMATE","6068145","2021-11-29 18:00","2021","11","29","18:00","-3.9","","-5.3","","90","","0.0","","31","","5","","","","97.18","","","","-6","","NA"
"-80.80","46.63","SUDBURY CLIMATE","6068145","2021-11-29 19:00","2021","11","29","19:00","-3.8","","-5.4","","88","","0.1","","30","","3","","","","97.18","","","","-5","","NA"
"-80.80","46.63","SUDBURY CLIMATE","6068145","2021-11-29 20:00","2021","11","29","20:00","-3.1","","-7.7","","71","","0.0","","34","","5","","","","97.13","","","","-5","","NA"
"-80.80","46.63","SUDBURY CLIMATE","6068145","2021-11-29 21:00","2021","11","29","21:00","-3.3","","-8.0","","70","","0.0","","36","","4","","","","97.16","","","","-5","","NA"
"-80.80","46.63","SUDBURY CLIMATE","6068145","2021-11-29 22:00","2021","11","29","22:00","-3.8","","-8.2","","71","","0.0","","4","","1","","","","97.16","","","","-4","","NA"
"-80.80","46.63","SUDBURY CLIMATE","6068145","2021-11-29 23:00","2021","11","29","23:00","-4.2","","-7.5","","78","","0.0","","18","","7","","","","97.16","","","","-7","","NA"
"-80.80","46.63","SUDBURY CLIMATE","6068145","2021-11-30 00:00","2021","11","30","00:00","-4.2","","-7.4","","78","","0.0","","17","","7","","","","97.16","","","","-7","","NA"
"-80.80","46.63","SUDBURY CLIMATE","6068145","2021-11-30 01:00","2021","11","30","01:00","-4.0","","-6.7","","81","","0.0","","19","","11","","","","97.14","","","","-8","","NA"
"-80.80","46.63","SUDBURY CLIMATE","6068145","2021-11-30 02:00","2021","11","30","02:00","-4.1","","-6.3","","85","","0.0","","19","","11","","","","97.12","","","","-9","","NA"
"-80.80","46.63","SUDBURY CLIMATE","6068145","2021-11-30 03:00","2021","11","30","03:00","-4.3","","-6.4","","85","","0.0","","18","","6","","","","97.10","","","","-7","","NA"
"-80.80","46.63","SUDBURY CLIMATE","6068145","2021-11-30 04:00","2021","11","30","04:00","-4.3","","-6.0","","88","","0.0","","21","","8","","","","97.09","","","","-8","","NA"
"-80.80","46.63","SUDBURY CLIMATE","6068145","2021-11-30 05:00","2021","11","30","05:00","-4.3","","-5.9","","89","","0.0","","18","","8","","","","97.05","","","","-8","","NA"
"-80.80","46.63","SUDBURY CLIMATE","6068145","2021-11-30 06:00","2021","11","30","06:00","-4.4","","-5.9","","89","","0.0","","17","","9","","","","97.01","","","","-8","","NA"
"-80.80","46.63","SUDBURY CLIMATE","6068145","2021-11-30 07:00","2021","11","30","07:00","-4.5","","-5.9","","90","","0.0","","16","","7","","","","96.97","","","","-8","","NA"
"-80.80","46.63","SUDBURY CLIMATE","6068145","2021-11-30 08:00","2021","11","30","08:00","-4.5","","-6.1","","89","","0.0","","16","","10","","","","96.93","","","","-9","","NA"
"-80.80","46.63","SUDBURY CLIMATE","6068145","2021-11-30 09:00","2021","11","30","09:00","-4.7","","-6.1","","90","","0.0","","16","","16","","","","96.86","","","","-10","","NA"
"-80.80","46.63","SUDBURY CLIMATE","6068145","2021-11-30 10:00","2021","11","30","10:00","-4.9","","-6.2","","90","","0.0","","17","","12","","","","96.81","","","","-10","","NA"
"-80.80","46.63","SUDBURY CLIMATE","6068145","2021-11-30 11:00","2021","11","30","11:00","-5.5","","-6.7","","91","","0.0","","16","","12","","","","96.75","","","","-10","","NA"
"-80.80","46.63","SUDBURY CLIMATE","6068145","2021-11-30 12:00","2021","11","30","12:00","-5.0","","-6.2","","92","","0.0","","16","","15","","","","96.73","","","","-11","","NA"
"-80.80","46.63","SUDBURY CLIMATE","6068145","2021-11-30 13:00","2021","11","30","13:00","-4.7","","-5.9","","92","","0.0","","16","","15","","","","96.70","","","","-10","","NA"
"-80.80","46.63","SUDBURY CLIMATE","6068145","2021-11-30 14:00","2021","11","30","14:00","-4.3","","-5.7","","90","","0.0","","15","","15","","","","96.67","","","","-10","","NA"
"-80.80","46.63","SUDBURY CLIMATE","6068145","2021-11-30 15:00","2021","11","30","15:00","-3.8","","-5.0","","91","","0.0","","17","","14","","","","96.62","","","","-9","","NA"
"-80.80","46.63","SUDBURY CLIMATE","6068145","2021-11-30 16:00","2021","11","30","16:00","-3.1","","-4.1","","93","","0.2","","18","","12","","","","96.59","","","","-8","","NA"
"-80.80","46.63","SUDBURY CLIMATE","6068145","2021-11-30 17:00","2021","11","30","17:00","-2.6","","-3.4","","94","","0.5","","17","","9","","","","96.50","","","","-6","","NA"
"-80.80","46.63","SUDBURY CLIMATE","6068145","2021-11-30 18:00","2021","11","30","18:00","-2.2","","-3.0","","94","","0.2","","18","","9","","","","96.42","","","","-6","","NA"
"-80.80","46.63","SUDBURY CLIMATE","6068145","2021-11-30 19:00","2021","11","30","19:00","-1.9","","-2.6","","95","","0.3","","17","","12","","","","96.34","","","","-6","","NA"
"-80.80","46.63","SUDBURY CLIMATE","6068145","2021-11-30 20:00","2021","11","30","20:00","-1.4","","-2.0","","96","","0.2","","18","","10","","","","96.30","","","","-5","","NA"
"-80.80","46.63","SUDBURY CLIMATE","6068145","2021-11-30 21:00","2021","11","30","21:00","-1.0","","-1.4","","97","","0.2","","17","","9","","","","96.28","","","","-4","","NA"
"-80.80","46.63","SUDBURY CLIMATE","6068145","2021-11-30 22:00","2021","11","30","22:00","-0.9","","-1.2","","98","","0.1","","20","","9","","","","96.28","","","","-4","","NA"
"-80.80","46.63","SUDBURY CLIMATE","6068145","2021-11-30 23:00","2021","11","30","23:00","-1.0","","-1.1","","99","","0.2","","24","","9","","","","96.30","","","","-4","","NA"
