"Longitude (x)","Latitude (y)","Station Name","Climate ID","Date/Time (UTC)","Year","Month","Day","Time (UTC)","Temp (°C)","Temp Flag","Dew Point Temp (°C)","Dew Point Temp Flag","Rel Hum (%)","Rel Hum Flag","Precip. Amount (mm)","Precip. Amount Flag","Wind Dir (10s deg)","Wind Dir Flag","Wind Spd (km/h)","Wind Spd Flag","Visibility (km)","Visibility Flag","Stn Press (kPa)","Stn Press Flag","Hmdx","Hmdx Flag","Wind Chill","Wind Chill Flag","Weather"
"-80.80","46.63","SUDBURY CLIMATE","6068145","2021-01-01 00:00","2021","01","01","00:00","-3.9","","-6.8","","80","","0.0","","22","","8","","","","98.18","","","","-7","","NA"
"-80.80","46.63","SUDBURY CLIMATE","6068145","2021-01-01 01:00","2021","01","01","01:00","-4.0","","-6.3","","84","","0.0","","21","","10","","","","98.27","","","","-8","","NA"
"-80.80","46.63","SUDBURY CLIMATE","6068145","2021-01-01 02:00","2021","01","01","02:00","-3.4","","-6.7","","78","","0.0","","24","","13","","","","98.37","","","","-8","","NA"
"-80.80","46.63","SUDBURY CLIMATE","6068145","2021-01-01 03:00","2021","01","01","03:00","-3.2","","-7.2","","74","","0.0","","25","","11","","","","98.42","","","","-7","","NA"
"-80.80","46.63","SUDBURY CLIMATE","6068145","2021-01-01 04:00","2021","01","01","04:00","-3.4","","-7.8","","72","","0.0","","25","","14","","","","98.50","","","","-8","","NA"
"-80.80","46.63","SUDBURY CLIMATE","6068145","2021-01-01 05:00","2021","01","01","05:00","-3.6","","-8.3","","70","","0.0","","26","","11","","","","98.53","","","","-8","","NA"
"-80.80","46.63","SUDBURY CLIMATE","6068145","2021-01-01 06:00","2021","01","01","06:00","-3.8","","-8.0","","72","","0.0","","26","","7","","","","98.46","","","","-7","","NA"
"-80.80","46.63","SUDBURY CLIMATE","6068145","2021-01-01 07:00","2021","01","01","07:00","-4.5","","-7.5","","79","","0.0","","21","","8","","","","98.45","","","","-8","","NA"
"-80.80","46.63","SUDBURY CLIMATE","6068145","2021-01-01 08:00","2021","01","01","08:00","-4.3","","-7.2","","80","","0.0","","18","","10","","","","98.51","","","","-8","","NA"
"-80.80","46.63","SUDBURY CLIMATE","6068145","2021-01-01 09:00","2021","01","01","09:00","-4.5","","-7.0","","83","","0.0","","21","","11","","","","98.53","","","","-9","","NA"
"-80.80","46.63","SUDBURY CLIMATE","6068145","2021-01-01 10:00","2021","01","01","10:00","-4.4","","-6.9","","83","","0.0","","22","","13","","","","98.53","","","","-9","","NA"
"-80.80","46.63","SUDBURY CLIMATE","6068145","2021-01-01 11:00","2021","01","01","11:00","-4.3","","-6.6","","84","","0.0","","21","","15","","","","98.55","","","","-10","","NA"
"-80.80","46.63","SUDBURY CLIMATE","6068145","2021-01-01 12:00","2021","01","01","12:00","-4.2","","-7.2","","79","","0.0","","21","","15","","","","98.55","","","","-10","","NA"
"-80.80","46.63","SUDBURY CLIMATE","6068145","2021-01-01 13:00","2021","01","01","13:00","-3.9","","-7.8","","74","","0.0","","25","","12","","","","98.58","","","","-9","","NA"
"-80.80","46.63","SUDBURY CLIMATE","6068145","2021-01-01 14:00","2021","01","01","14:00","-3.5","","-7.6","","74","","0.0","","25","","10","","","","98.56","","","","-7","","NA"
"-80.80","46.63","SUDBURY CLIMATE","6068145","2021-01-01 15:00","2021","01","01","15:00","-3.0","","-7.1","","73","","0.0","","24","","14","","","","98.59","","","","-8","","NA"
"-80.80","46.63","SUDBURY CLIMATE","6068145","2021-01-01 16:00","2021","01","01","16:00","-3.0","","-6.4","","77","","0.0","","21","","9","","","","98.52","","","","-7","","NA"
"-80.80","46.63","SUDBURY CLIMATE","6068145","2021-01-01 17:00","2021","01","01","17:00","-2.3","","-6.7","","72","","0.0","","17","","4","","","","98.35","","","","-4","","NA"
"-80.80","46.63","SUDBURY CLIMATE","6068145","2021-01-01 18:00","2021","01","01","18:00","-2.1","","-6.3","","73","","0.0","","18","","8","","","","98.16","","","","-5","","NA"
"-80.80","46.63","SUDBURY CLIMATE","6068145","2021-01-01 19:00","2021","01","01","19:00","-2.0","","-6.1","","73","","0.0","","17","","9","","","","98.04","","","","-5","","NA"
"-80.80","46.63","SUDBURY CLIMATE","6068145","2021-01-01 20:00","2021","01","01","20:00","-2.0","","-5.5","","77","","0.0","","16","","11","","","","97.95","","","","-6","","NA"
"-80.80","46.63","SUDBURY CLIMATE","6068145","2021-01-01 21:00","2021","01","01","21:00","-2.2","","-5.2","","80","","0.0","","17","","13","","","","97.95","","","","-7","","NA"
"-80.80","46.63","SUDBURY CLIMATE","6068145","2021-01-01 22:00","2021","01","01","22:00","-2.4","","-4.6","","85","","0.0","","16","","8","","","","97.92","","","","-6","","NA"
"-80.80","46.63","SUDBURY CLIMATE","6068145","2021-01-01 23:00","2021","01","01","23:00","-2.6","","-5.3","","81","","0.0","","14","","13","","","","97.75","","","","-7","","NA"
"-80.80","46.63","SUDBURY CLIMATE","6068145","2021-01-02 00:00","2021","01","02","00:00","-3.3","","-5.9","","82","","0.0","","11","","9","","","","97.61","","","","-7","","NA"
"-80.80","46.63","SUDBURY CLIMATE","6068145","2021-01-02 01:00","2021","01","02","01:00","-3.5","","-6.1","","82","","0.0","","10","","9","","","","97.56","","","","-7","","NA"
"-80.80","46.63","SUDBURY CLIMATE","6068145","2021-01-02 02:00","2021","01","02","02:00","-3.6","","-6.1","","83","","0.0","","9","","10","","","","97.44","","","","-8","","NA"
"-80.80","46.63","SUDBURY CLIMATE","6068145","2021-01-02 03:00","2021","01","02","03:00","-3.7","","-6.4","","81","","0.0","","8","","11","","","","97.36","","","","-8","","NA"
"-80.80","46.63","SUDBURY CLIMATE","6068145","2021-01-02 04:00","2021","01","02","04:00","-3.8","","-6.2","","83","","0.0","","7","","11","","","","97.23","","","","-8","","NA"
"-80.80","46.63","SUDBURY CLIMATE","6068145","2021-01-02 05:00","2021","01","02","05:00","-3.8","","-6.1","","84","","0.0","","7","","11","","","","97.09","","","","-8","","NA"
"-80.80","46.63","SUDBURY CLIMATE","6068145","2021-01-02 06:00","2021","01","02","06:00","-3.8","","-6.0","","85","","0.0","","4","","10","","","","97.01","","","","-8","","NA"
"-80.80","46.63","SUDBURY CLIMATE","6068145","2021-01-02 07:00","2021","01","02","07:00","-3.7","","-5.7","","86","","0.0","","6","","10","","","","96.99","","","","-8","","NA"
"-80.80","46.63","SUDBURY CLIMATE","6068145","2021-01-02 08:00","2021","01","02","08:00","-3.6","","-5.5","","87","","0.0","","3","","12","","","","96.99","","","","-8","","NA"
"-80.80","46.63","SUDBURY CLIMATE","6068145","2021-01-02 09:00","2021","01","02","09:00","-3.7","","-5.4","","88","","0.0","","1","","9","","","","96.99","","","","-7","","NA"
"-80.80","46.63","SUDBURY CLIMATE","6068145","2021-01-02 10:00","2021","01","02","10:00","-3.9","","-5.4","","90","","0.0","","1","","4","","","","96.98","","","","-6","","NA"
"-80.80","46.63","SUDBURY CLIMATE","6068145","2021-01-02 11:00","2021","01","02","11:00","-4.1","","-5.4","","90","","0.0","","35","","7","","","","97.06","","","","-7","","NA"
"-80.80","46.63","SUDBURY CLIMATE","6068145","2021-01-02 12:00","2021","01","02","12:00","-4.1","","-5.1","","93","","0.0","","33","","4","","","","97.10","","","","-6","","NA"
"-80.80","46.63","SUDBURY CLIMATE","6068145","2021-01-02 13:00","2021","01","02","13:00","-4.0","","-5.8","","87","","0.0","","34","","7","","","","97.19","","","","-7","","NA"
"-80.80","46.63","SUDBURY CLIMATE","6068145","2021-01-02 14:00","2021","01","02","14:00","-4.3","","-6.6","","84","","0.0","","33","","5","","","","97.26","","","","-6","","NA"
"-80.80","46.63","SUDBURY CLIMATE","6068145","2021-01-02 15:00","2021","01","02","15:00","-3.3","","-7.0","","75","","0.0","","34","","9","","","","97.31","","","","-7","","NA"
"-80.80","46.63","SUDBURY CLIMATE","6068145","2021-01-02 16:00","2021","01","02","16:00","-2.9","","-7.2","","73","","0.0","","36","","10","","","","97.37","","","","-7","","NA"
"-80.80","46.63","SUDBURY CLIMATE","6068145","2021-01-02 17:00","2021","01","02","17:00","-2.9","","-7.3","","72","","0.0","","1","","9","","","","97.35","","","","-6","","NA"
"-80.80","46.63","SUDBURY CLIMATE","6068145","2021-01-02 18:00","2021","01","02","18:00","-2.3","","-6.9","","71","","0.0","","33","","5","","","","97.40","","","","-4","","NA"
"-80.80","46.63","SUDBURY CLIMATE","6068145","2021-01-02 19:00","2021","01","02","19:00","-2.3","","-6.8","","71","","0.0","","26","","6","","","","97.47","","","","-5","","NA"
"-80.80","46.63","SUDBURY CLIMATE","6068145","2021-01-02 20:00","2021","01","02","20:00","-2.3","","-6.7","","71","","0.0","","29","","4","","","","97.46","","","","-4","","NA"
"-80.80","46.63","SUDBURY CLIMATE","6068145","2021-01-02 21:00","2021","01","02","21:00","-2.7","","-6.5","","75","","0.0","","22","","12","","","","97.52","","","","-7","","NA"
"-80.80","46.63","SUDBURY CLIMATE","6068145","2021-01-02 22:00","2021","01","02","22:00","-3.0","","-6.5","","77","","0.0","","24","","7","","","","97.59","","","","-6","","NA"
"-80.80","46.63","SUDBURY CLIMATE","6068145","2021-01-02 23:00","2021","01","02","23:00","-3.3","","-6.4","","79","","0.0","","24","","5","","","","97.60","","","","-5","","NA"
"-80.80","46.63","SUDBURY CLIMATE","6068145","2021-01-03 00:00","2021","01","03","00:00","-3.6","","-6.4","","81","","0.0","","24","","5","","","","97.56","","","","-6","","NA"
"-80.80","46.63","SUDBURY CLIMATE","6068145","2021-01-03 01:00","2021","01","03","01:00","-3.6","","-6.3","","81","","0.0","","23","","7","","","","97.57","","","","-7","","NA"
"-80.80","46.63","SUDBURY CLIMATE","6068145","2021-01-03 02:00","2021","01","03","02:00","-3.8","","-6.2","","84","","0.0","","20","","10","","","","97.55","","","","-8","","NA"
"-80.80","46.63","SUDBURY CLIMATE","6068145","2021-01-03 03:00","2021","01","03","03:00","-3.9","","-6.4","","83","","0.0","","22","","12","","","","97.55","","","","-9","","NA"
"-80.80","46.63","SUDBURY CLIMATE","6068145","2021-01-03 04:00","2021","01","03","04:00","-4.0","","-6.3","","84","","0.0","","22","","13","","","","97.51","","","","-9","","NA"
"-80.80","46.63","SUDBURY CLIMATE","6068145","2021-01-03 05:00","2021","01","03","05:00","-4.3","","-6.3","","86","","0.0","","23","","14","","","","97.46","","","","-9","","NA"
"-80.80","46.63","SUDBURY CLIMATE","6068145","2021-01-03 06:00","2021","01","03","06:00","-4.0","","-5.9","","86","","0.0","","23","","16","","","","97.45","","","","-10","","NA"
"-80.80","46.63","SUDBURY CLIMATE","6068145","2021-01-03 07:00","2021","01","03","07:00","-3.9","","-5.7","","87","","0.0","","24","","6","","","","97.40","","","","-7","","NA"
"-80.80","46.63","SUDBURY CLIMATE","6068145","2021-01-03 08:00","2021","01","03","08:00","-4.1","","-5.8","","88","","0.0","","19","","10","","","","97.42","","","","-8","","NA"
"-80.80","46.63","SUDBURY CLIMATE","6068145","2021-01-03 09:00","2021","01","03","09:00","-4.2","","-5.7","","89","","0.0","","18","","10","","","","97.37","","","","-8","","NA"
"-80.80","46.63","SUDBURY CLIMATE","6068145","2021-01-03 10:00","2021","01","03","10:00","-3.7","","-5.1","","90","","0.0","","19","","15","","","","97.32","","","","-9","","NA"
"-80.80","46.63","SUDBURY CLIMATE","6068145","2021-01-03 11:00","2021","01","03","11:00","-3.7","","-5.0","","91","","0.0","","18","","11","","","","97.30","","","","-8","","NA"
"-80.80","46.63","SUDBURY CLIMATE","6068145","2021-01-03 12:00","2021","01","03","12:00","-3.3","","-4.5","","91","","0.0","","19","","9","","","","97.24","","","","-7","","NA"
"-80.80","46.63","SUDBURY CLIMATE","6068145","2021-01-03 13:00","2021","01","03","13:00","-3.2","","-4.3","","92","","0.0","","19","","8","","","","97.25","","","","-6","","NA"
"-80.80","46.63","SUDBURY CLIMATE","6068145","2021-01-03 14:00","2021","01","03","14:00","-3.0","","-4.0","","92","","0.0","","18","","14","","","","97.26","","","","-8","","NA"
"-80.80","46.63","SUDBURY CLIMATE","6068145","2021-01-03 15:00","2021","01","03","15:00","-2.7","","-3.9","","91","","0.0","","18","","16","","","","97.26","","","","-8","","NA"
"-80.80","46.63","SUDBURY CLIMATE","6068145","2021-01-03 16:00","2021","01","03","16:00","-2.8","","-4.2","","91","","0.0","","17","","14","","","","97.23","","","","-8","","NA"
"-80.80","46.63","SUDBURY CLIMATE","6068145","2021-01-03 17:00","2021","01","03","17:00","-2.6","","-4.0","","91","","0.0","","17","","13","","","","97.10","","","","-7","","NA"
"-80.80","46.63","SUDBURY CLIMATE","6068145","2021-01-03 18:00","2021","01","03","18:00","-2.5","","-3.9","","90","","0.0","","17","","15","","","","97.04","","","","-7","","NA"
"-80.80","46.63","SUDBURY CLIMATE","6068145","2021-01-03 19:00","2021","01","03","19:00","-2.1","","-3.8","","89","","0.0","","18","","15","","","","97.00","","","","-7","","NA"
"-80.80","46.63","SUDBURY CLIMATE","6068145","2021-01-03 20:00","2021","01","03","20:00","-1.9","","-3.6","","88","","0.0","","19","","17","","","","97.00","","","","-7","","NA"
"-80.80","46.63","SUDBURY CLIMATE","6068145","2021-01-03 21:00","2021","01","03","21:00","-1.7","","-3.3","","89","","0.0","","21","","12","","","","97.06","","","","-6","","NA"
"-80.80","46.63","SUDBURY CLIMATE","6068145","2021-01-03 22:00","2021","01","03","22:00","-1.7","","-3.2","","90","","0.0","","19","","13","","","","97.09","","","","-6","","NA"
"-80.80","46.63","SUDBURY CLIMATE","6068145","2021-01-03 23:00","2021","01","03","23:00","-1.8","","-3.1","","91","","0.0","","19","","14","","","","97.11","","","","-6","","NA"
"-80.80","46.63","SUDBURY CLIMATE","6068145","2021-01-04 00:00","2021","01","04","00:00","-1.7","","-2.9","","91","","0.0","","21","","13","","","","97.12","","","","-6","","NA"
"-80.80","46.63","SUDBURY CLIMATE","6068145","2021-01-04 01:00","2021","01","04","01:00","-1.4","","-2.8","","90","","0.0","","22","","16","","","","97.13","","","","-6","","NA"
"-80.80","46.63","SUDBURY CLIMATE","6068145","2021-01-04 02:00","2021","01","04","02:00","-1.3","","-2.9","","89","","0.0","","24","","14","","","","97.15","","","","-6","","NA"
"-80.80","46.63","SUDBURY CLIMATE","6068145","2021-01-04 03:00","2021","01","04","03:00","-1.3","","-3.0","","88","","0.0","","23","","16","","","","97.13","","","","-6","","NA"
"-80.80","46.63","SUDBURY CLIMATE","6068145","2021-01-04 04:00","2021","01","04","04:00","-1.5","","-3.1","","88","","0.0","","23","","15","","","","97.13","","","","-6","","NA"
"-80.80","46.63","SUDBURY CLIMATE","6068145","2021-01-04 05:00","2021","01","04","05:00","-1.7","","-3.5","","88","","0.0","","23","","20","","","","97.12","","","","-7","","NA"
"-80.80","46.63","SUDBURY CLIMATE","6068145","2021-01-04 06:00","2021","01","04","06:00","-1.9","","-3.6","","88","","0.1","","23","","19","","","","97.13","","","","-7","","NA"
"-80.80","46.63","SUDBURY CLIMATE","6068145","2021-01-04 07:00","2021","01","04","07:00","-2.0","","-3.4","","90","","0.0","","23","","13","","","","97.15","","","","-6","","NA"
"-80.80","46.63","SUDBURY CLIMATE","6068145","2021-01-04 08:00","2021","01","04","08:00","-2.3","","-3.7","","90","","0.0","","23","","15","","","","97.16","","","","-7","","NA"
"-80.80","46.63","SUDBURY CLIMATE","6068145","2021-01-04 09:00","2021","01","04","09:00","-2.6","","-3.8","","91","","0.0","","22","","16","","","","97.15","","","","-8","","NA"
"-80.80","46.63","SUDBURY CLIMATE","6068145","2021-01-04 10:00","2021","01","04","10:00","-2.6","","-3.9","","91","","0.0","","22","","22","","","","97.16","","","","-9","","NA"
"-80.80","46.63","SUDBURY CLIMATE","6068145","2021-01-04 11:00","2021","01","04","11:00","-2.4","","-3.9","","90","","0.0","","23","","12","","","","97.19","","","","-7","","NA"
"-80.80","46.63","SUDBURY CLIMATE","6068145","2021-01-04 12:00","2021","01","04","12:00","-2.2","","-3.7","","90","","0.0","","23","","20","","","","97.22","","","","-8","","NA"
"-80.80","46.63","SUDBURY CLIMATE","6068145","2021-01-04 13:00","2021","01","04","13:00","-2.2","","-3.5","","91","","0.0","","23","","16","","","","97.23","","","","-7","","NA"
"-80.80","46.63","SUDBURY CLIMATE","6068145","2021-01-04 14:00","2021","01","04","14:00","-2.2","","-3.4","","91","","0.0","","22","","20","","","","97.25","","","","-8","","NA"
"-80.80","46.63","SUDBURY CLIMATE","6068145","2021-01-04 15:00","2021","01","04","15:00","-2.3","","-3.7","","90","","0.0","","23","","18","","","","97.27","","","","-8","","NA"
"-80.80","46.63","SUDBURY CLIMATE","6068145","2021-01-04 16:00","2021","01","04","16:00","-2.4","","-3.8","","90","","0.0","","22","","22","","","","97.24","","","","-9","","NA"
"-80.80","46.63","SUDBURY CLIMATE","6068145","2021-01-04 17:00","2021","01","04","17:00","-1.9","","-3.6","","88","","0.0","","23","","16","","","","97.16","","","","-7","","NA"
"-80.80","46.63","SUDBURY CLIMATE","6068145","2021-01-04 18:00","2021","01","04","18:00","-1.3","","-3.1","","87","","0.0","","22","","17","","","","97.07","","","","-6","","NA"
"-80.80","46.63","SUDBURY CLIMATE","6068145","2021-01-04 19:00","2021","01","04","19:00","-1.0","","-2.8","","87","","0.0","","22","","19","","","","97.03","","","","-6","","NA"
"-80.80","46.63","SUDBURY CLIMATE","6068145","2021-01-04 20:00","2021","01","04","20:00","-0.7","","-2.7","","87","","0.0","","22","","17","","","","97.04","","","","-6","","NA"
"-80.80","46.63","SUDBURY CLIMATE","6068145","2021-01-04 21:00","2021","01","04","21:00","-1.2","","-2.9","","88","","0.0","","19","","18","","","","97.09","","","","-6","","NA"
"-80.80","46.63","SUDBURY CLIMATE","6068145","2021-01-04 22:00","2021","01","04","22:00","-1.1","","-2.5","","90","","0.0","","21","","16","","","","97.10","","","","-6","","NA"
"-80.80","46.63","SUDBURY CLIMATE","6068145","2021-01-04 23:00","2021","01","04","23:00","-0.7","","-2.1","","90","","0.0","","20","","14","","","","97.08","","","","-5","","NA"
"-80.80","46.63","SUDBURY CLIMATE","6068145","2021-01-05 00:00","2021","01","05","00:00","-0.5","","-1.9","","90","","0.0","","19","","15","","","","97.09","","","","-5","","NA"
"-80.80","46.63","SUDBURY CLIMATE","6068145","2021-01-05 01:00","2021","01","05","01:00","-0.6","","-1.8","","91","","0.0","","18","","16","","","","97.08","","","","-5","","NA"
"-80.80","46.63","SUDBURY CLIMATE","6068145","2021-01-05 02:00","2021","01","05","02:00","-0.6","","-1.8","","92","","0.0","","18","","17","","","","97.05","","","","-6","","NA"
"-80.80","46.63","SUDBURY CLIMATE","6068145","2021-01-05 03:00","2021","01","05","03:00","-0.5","","-1.9","","90","","0.0","","19","","19","","","","97.04","","","","-6","","NA"
"-80.80","46.63","SUDBURY CLIMATE","6068145","2021-01-05 04:00","2021","01","05","04:00","-0.4","","-2.0","","89","","0.0","","20","","16","","","","97.01","","","","-5","","NA"
"-80.80","46.63","SUDBURY CLIMATE","6068145","2021-01-05 05:00","2021","01","05","05:00","-0.5","","-2.3","","88","","0.0","","21","","16","","","","97.02","","","","-5","","NA"
"-80.80","46.63","SUDBURY CLIMATE","6068145","2021-01-05 06:00","2021","01","05","06:00","-0.6","","-2.2","","89","","0.0","","21","","11","","","","97.03","","","","-4","","NA"
"-80.80","46.63","SUDBURY CLIMATE","6068145","2021-01-05 07:00","2021","01","05","07:00","-0.6","","-2.3","","88","","0.0","","20","","14","","","","97.04","","","","-5","","NA"
"-80.80","46.63","SUDBURY CLIMATE","6068145","2021-01-05 08:00","2021","01","05","08:00","-0.8","","-2.4","","89","","0.0","","17","","9","","","","97.06","","","","-4","","NA"
"-80.80","46.63","SUDBURY CLIMATE","6068145","2021-01-05 09:00","2021","01","05","09:00","-1.0","","-2.5","","90","","0.0","","16","","9","","","","97.06","","","","-4","","NA"
"-80.80","46.63","SUDBURY CLIMATE","6068145","2021-01-05 10:00","2021","01","05","10:00","-1.3","","-2.6","","91","","0.0","","17","","10","","","","97.08","","","","-5","","NA"
"-80.80","46.63","SUDBURY CLIMATE","6068145","2021-01-05 11:00","2021","01","05","11:00","-1.6","","-2.7","","92","","0.0","","16","","8","","","","97.13","","","","-5","","NA"
"-80.80","46.63","SUDBURY CLIMATE","6068145","2021-01-05 12:00","2021","01","05","12:00","-1.7","","-2.9","","92","","0.0","","16","","8","","","","97.17","","","","-5","","NA"
"-80.80","46.63","SUDBURY CLIMATE","6068145","2021-01-05 13:00","2021","01","05","13:00","-1.8","","-2.9","","92","","0.0","","13","","8","","","","97.22","","","","-5","","NA"
"-80.80","46.63","SUDBURY CLIMATE","6068145","2021-01-05 14:00","2021","01","05","14:00","-1.9","","-2.9","","93","","0.0","","13","","10","","","","97.25","","","","-6","","NA"
"-80.80","46.63","SUDBURY CLIMATE","6068145","2021-01-05 15:00","2021","01","05","15:00","-1.7","","-2.9","","92","","0.0","","13","","10","","","","97.32","","","","-5","","NA"
"-80.80","46.63","SUDBURY CLIMATE","6068145","2021-01-05 16:00","2021","01","05","16:00","-1.7","","-3.0","","90","","0.0","","14","","11","","","","97.34","","","","-6","","NA"
"-80.80","46.63","SUDBURY CLIMATE","6068145","2021-01-05 17:00","2021","01","05","17:00","-1.5","","-3.0","","90","","0.0","","12","","7","","","","97.34","","","","-4","","NA"
"-80.80","46.63","SUDBURY CLIMATE","6068145","2021-01-05 18:00","2021","01","05","18:00","-1.4","","-3.0","","89","","0.0","","11","","8","","","","97.32","","","","-4","","NA"
"-80.80","46.63","SUDBURY CLIMATE","6068145","2021-01-05 19:00","2021","01","05","19:00","-1.2","","-3.2","","86","","0.0","","9","","4","","","","97.35","","","","-3","","NA"
"-80.80","46.63","SUDBURY CLIMATE","6068145","2021-01-05 20:00","2021","01","05","20:00","-1.2","","-2.8","","89","","0.0","","8","","2","","","","97.41","","","","-2","","NA"
"-80.80","46.63","SUDBURY CLIMATE","6068145","2021-01-05 21:00","2021","01","05","21:00","-1.2","","-2.6","","90","","0.0","","7","","4","","","","97.50","","","","-3","","NA"
"-80.80","46.63","SUDBURY CLIMATE","6068145","2021-01-05 22:00","2021","01","05","22:00","-1.4","","-2.4","","92","","0.0","","10","","3","","","","97.59","","","","-2","","NA"
"-80.80","46.63","SUDBURY CLIMATE","6068145","2021-01-05 23:00","2021","01","05","23:00","-1.7","","-2.5","","94","","0.0","","12","","4","","","","97.65","","","","-3","","NA"
"-80.80","46.63","SUDBURY CLIMATE","6068145","2021-01-06 00:00","2021","01","06","00:00","-1.9","","-2.7","","94","","0.0","","25","","4","","","","97.70","","","","-3","","NA"
"-80.80","46.63","SUDBURY CLIMATE","6068145","2021-01-06 01:00","2021","01","06","01:00","-2.0","","-2.8","","94","","0.0","","5","","2","","","","97.75","","","","-3","","NA"
"-80.80","46.63","SUDBURY CLIMATE","6068145","2021-01-06 02:00","2021","01","06","02:00","-2.3","","-2.9","","95","","0.0","","","","0","","","","97.80","","","","","","NA"
"-80.80","46.63","SUDBURY CLIMATE","6068145","2021-01-06 03:00","2021","01","06","03:00","-2.2","","-2.7","","96","","0.0","","","","0","","","","97.80","","","","","","NA"
"-80.80","46.63","SUDBURY CLIMATE","6068145","2021-01-06 04:00","2021","01","06","04:00","-2.0","","-2.5","","96","","0.0","","31","","3","","","","97.82","","","","-3","","NA"
"-80.80","46.63","SUDBURY CLIMATE","6068145","2021-01-06 05:00","2021","01","06","05:00","-2.0","","-2.4","","97","","0.0","","29","","4","","","","97.86","","","","-3","","NA"
"-80.80","46.63","SUDBURY CLIMATE","6068145","2021-01-06 06:00","2021","01","06","06:00","-2.1","","-2.4","","98","","0.0","","29","","4","","","","97.89","","","","-4","","NA"
"-80.80","46.63","SUDBURY CLIMATE","6068145","2021-01-06 07:00","2021","01","06","07:00","-2.1","","-2.5","","97","","0.0","","31","","2","","","","97.95","","","","-3","","NA"
"-80.80","46.63","SUDBURY CLIMATE","6068145","2021-01-06 08:00","2021","01","06","08:00","-1.6","","-2.1","","96","","0.0","","33","","3","","","","98.00","","","","-3","","NA"
"-80.80","46.63","SUDBURY CLIMATE","6068145","2021-01-06 09:00","2021","01","06","09:00","-1.6","","-2.1","","97","","0.0","","33","","3","","","","98.03","","","","-3","","NA"
"-80.80","46.63","SUDBURY CLIMATE","6068145","2021-01-06 10:00","2021","01","06","10:00","-1.0","","-1.4","","97","","0.0","","36","","6","","","","98.05","","","","-3","","NA"
"-80.80","46.63","SUDBURY CLIMATE","6068145","2021-01-06 11:00","2021","01","06","11:00","-1.0","","-1.4","","97","","0.0","","34","","5","","","","98.12","","","","-3","","NA"
"-80.80","46.63","SUDBURY CLIMATE","6068145","2021-01-06 12:00","2021","01","06","12:00","-0.8","","-1.4","","96","","0.0","","36","","6","","","","98.15","","","","-3","","NA"
"-80.80","46.63","SUDBURY CLIMATE","6068145","2021-01-06 13:00","2021","01","06","13:00","-0.8","","-1.5","","95","","0.0","","36","","7","","","","98.22","","","","-3","","NA"
"-80.80","46.63","SUDBURY CLIMATE","6068145","2021-01-06 14:00","2021","01","06","14:00","-1.1","","-2.4","","91","","0.0","","36","","12","","","","98.29","","","","-5","","NA"
"-80.80","46.63","SUDBURY CLIMATE","6068145","2021-01-06 15:00","2021","01","06","15:00","-1.4","","-3.1","","88","","0.0","","1","","14","","","","98.34","","","","-6","","NA"
"-80.80","46.63","SUDBURY CLIMATE","6068145","2021-01-06 16:00","2021","01","06","16:00","-1.6","","-3.8","","85","","0.0","","2","","14","","","","98.34","","","","-6","","NA"
"-80.80","46.63","SUDBURY CLIMATE","6068145","2021-01-06 17:00","2021","01","06","17:00","-1.7","","-4.0","","84","","0.0","","1","","14","","","","98.32","","","","-6","","NA"
"-80.80","46.63","SUDBURY CLIMATE","6068145","2021-01-06 18:00","2021","01","06","18:00","-1.9","","-4.3","","83","","0.0","","1","","12","","","","98.33","","","","-6","","NA"
"-80.80","46.63","SUDBURY CLIMATE","6068145","2021-01-06 19:00","2021","01","06","19:00","-2.1","","-4.6","","83","","0.0","","1","","10","","","","98.36","","","","-6","","NA"
"-80.80","46.63","SUDBURY CLIMATE","6068145","2021-01-06 20:00","2021","01","06","20:00","-2.7","","-5.1","","84","","0.0","","36","","16","","","","98.43","","","","-8","","NA"
"-80.80","46.63","SUDBURY CLIMATE","6068145","2021-01-06 21:00","2021","01","06","21:00","-3.2","","-5.5","","84","","0.0","","2","","15","","","","98.46","","","","-8","","NA"
"-80.80","46.63","SUDBURY CLIMATE","6068145","2021-01-06 22:00","2021","01","06","22:00","-3.5","","-5.7","","85","","0.0","","1","","14","","","","98.52","","","","-9","","NA"
"-80.80","46.63","SUDBURY CLIMATE","6068145","2021-01-06 23:00","2021","01","06","23:00","-3.9","","-6.1","","85","","0.0","","36","","13","","","","98.59","","","","-9","","NA"
"-80.80","46.63","SUDBURY CLIMATE","6068145","2021-01-07 00:00","2021","01","07","00:00","-4.4","","-6.5","","85","","0.0","","1","","13","","","","98.61","","","","-9","","NA"
"-80.80","46.63","SUDBURY CLIMATE","6068145","2021-01-07 01:00","2021","01","07","01:00","-4.6","","-6.6","","86","","0.0","","1","","16","","","","98.63","","","","-10","","NA"
"-80.80","46.63","SUDBURY CLIMATE","6068145","2021-01-07 02:00","2021","01","07","02:00","-4.9","","-6.8","","86","","0.0","","36","","14","","","","98.62","","","","-10","","NA"
"-80.80","46.63","SUDBURY CLIMATE","6068145","2021-01-07 03:00","2021","01","07","03:00","-5.3","","-7.2","","86","","0.0","","1","","14","","","","98.61","","","","-11","","NA"
"-80.80","46.63","SUDBURY CLIMATE","6068145","2021-01-07 04:00","2021","01","07","04:00","-5.5","","-7.4","","86","","0.0","","1","","13","","","","98.61","","","","-11","","NA"
"-80.80","46.63","SUDBURY CLIMATE","6068145","2021-01-07 05:00","2021","01","07","05:00","-5.7","","-7.5","","87","","0.0","","1","","11","","","","98.60","","","","-10","","NA"
"-80.80","46.63","SUDBURY CLIMATE","6068145","2021-01-07 06:00","2021","01","07","06:00","-6.1","","-8.1","","86","","0.0","","35","","13","","","","98.60","","","","-11","","NA"
"-80.80","46.63","SUDBURY CLIMATE","6068145","2021-01-07 07:00","2021","01","07","07:00","-7.3","","-8.8","","89","","0.0","","2","","17","","","","98.63","","","","-14","","NA"
"-80.80","46.63","SUDBURY CLIMATE","6068145","2021-01-07 08:00","2021","01","07","08:00","-7.7","","-9.0","","90","","0.0","","1","","15","","","","98.68","","","","-14","","NA"
"-80.80","46.63","SUDBURY CLIMATE","6068145","2021-01-07 09:00","2021","01","07","09:00","-8.7","","-10.1","","89","","0.0","","36","","13","","","","98.69","","","","-15","","NA"
"-80.80","46.63","SUDBURY CLIMATE","6068145","2021-01-07 10:00","2021","01","07","10:00","-10.1","","-11.8","","88","","0.0","","36","","14","","","","98.68","","","","-17","","NA"
"-80.80","46.63","SUDBURY CLIMATE","6068145","2021-01-07 11:00","2021","01","07","11:00","-10.7","","-12.2","","88","","0.0","","36","","16","","","","98.71","","","","-18","","NA"
"-80.80","46.63","SUDBURY CLIMATE","6068145","2021-01-07 12:00","2021","01","07","12:00","-11.6","","-13.2","","88","","0.0","","1","","14","","","","98.74","","","","-18","","NA"
"-80.80","46.63","SUDBURY CLIMATE","6068145","2021-01-07 13:00","2021","01","07","13:00","-12.3","","-14.0","","87","","0.0","","1","","20","","","","98.77","","","","-21","","NA"
"-80.80","46.63","SUDBURY CLIMATE","6068145","2021-01-07 14:00","2021","01","07","14:00","-12.5","","-14.2","","87","","0.0","","2","","20","","","","98.76","","","","-21","","NA"
"-80.80","46.63","SUDBURY CLIMATE","6068145","2021-01-07 15:00","2021","01","07","15:00","-12.3","","-14.3","","85","","0.0","","2","","21","","","","98.77","","","","-21","","NA"
"-80.80","46.63","SUDBURY CLIMATE","6068145","2021-01-07 16:00","2021","01","07","16:00","-11.3","","-15.0","","74","","0.0","","2","","17","","","","98.75","","","","-19","","NA"
"-80.80","46.63","SUDBURY CLIMATE","6068145","2021-01-07 17:00","2021","01","07","17:00","-10.0","","-14.7","","68","","0.0","","2","","17","","","","98.67","","","","-17","","NA"
"-80.80","46.63","SUDBURY CLIMATE","6068145","2021-01-07 18:00","2021","01","07","18:00","-8.9","","-14.6","","64","","0.0","","2","","17","","","","98.61","","","","-16","","NA"
"-80.80","46.63","SUDBURY CLIMATE","6068145","2021-01-07 19:00","2021","01","07","19:00","-7.6","","-13.9","","61","","0.0","","1","","12","","","","98.55","","","","-13","","NA"
"-80.80","46.63","SUDBURY CLIMATE","6068145","2021-01-07 20:00","2021","01","07","20:00","-6.9","","-13.4","","60","","0.0","","3","","17","","","","98.53","","","","-13","","NA"
"-80.80","46.63","SUDBURY CLIMATE","6068145","2021-01-07 21:00","2021","01","07","21:00","-7.3","","-12.9","","64","","0.0","","4","","15","","","","98.55","","","","-13","","NA"
"-80.80","46.63","SUDBURY CLIMATE","6068145","2021-01-07 22:00","2021","01","07","22:00","-8.9","","-12.8","","73","","0.0","","4","","11","","","","98.60","","","","-14","","NA"
"-80.80","46.63","SUDBURY CLIMATE","6068145","2021-01-07 23:00","2021","01","07","23:00","-9.8","","-12.6","","80","","0.0","","4","","15","","","","98.64","","","","-16","","NA"
"-80.80","46.63","SUDBURY CLIMATE","6068145","2021-01-08 00:00","2021","01","08","00:00","-11.1","","-13.5","","82","","0.0","","4","","15","","","","98.71","","","","-18","","NA"
"-80.80","46.63","SUDBURY CLIMATE","6068145","2021-01-08 01:00","2021","01","08","01:00","-11.7","","-13.9","","84","","0.0","","3","","13","","","","98.68","","","","-18","","NA"
"-80.80","46.63","SUDBURY CLIMATE","6068145","2021-01-08 02:00","2021","01","08","02:00","-12.0","","-13.9","","86","","0.0","","2","","11","","","","98.63","","","","-18","","NA"
"-80.80","46.63","SUDBURY CLIMATE","6068145","2021-01-08 03:00","2021","01","08","03:00","-12.6","","-14.4","","86","","0.0","","2","","15","","","","98.60","","","","-20","","NA"
"-80.80","46.63","SUDBURY CLIMATE","6068145","2021-01-08 04:00","2021","01","08","04:00","-13.2","","-14.6","","89","","0.0","","2","","15","","","","98.55","","","","-21","","NA"
"-80.80","46.63","SUDBURY CLIMATE","6068145","2021-01-08 05:00","2021","01","08","05:00","-13.9","","-15.4","","88","","0.0","","2","","16","","","","98.49","","","","-22","","NA"
"-80.80","46.63","SUDBURY CLIMATE","6068145","2021-01-08 06:00","2021","01","08","06:00","-14.2","","-15.8","","88","","0.0","","2","","17","","","","98.43","","","","-22","","NA"
"-80.80","46.63","SUDBURY CLIMATE","6068145","2021-01-08 07:00","2021","01","08","07:00","-14.5","","-16.2","","87","","0.0","","2","","12","","","","98.43","","","","-21","","NA"
"-80.80","46.63","SUDBURY CLIMATE","6068145","2021-01-08 08:00","2021","01","08","08:00","-14.5","","-16.1","","88","","0.0","","2","","13","","","","98.42","","","","-22","","NA"
"-80.80","46.63","SUDBURY CLIMATE","6068145","2021-01-08 09:00","2021","01","08","09:00","-14.1","","-16.1","","85","","0.0","","2","","13","","","","98.40","","","","-21","","NA"
"-80.80","46.63","SUDBURY CLIMATE","6068145","2021-01-08 10:00","2021","01","08","10:00","-13.8","","-15.9","","84","","0.0","","1","","13","","","","98.37","","","","-21","","NA"
"-80.80","46.63","SUDBURY CLIMATE","6068145","2021-01-08 11:00","2021","01","08","11:00","-13.2","","-15.6","","82","","0.0","","2","","15","","","","98.36","","","","-21","","NA"
"-80.80","46.63","SUDBURY CLIMATE","6068145","2021-01-08 12:00","2021","01","08","12:00","-13.6","","-16.2","","81","","0.0","","1","","17","","","","98.33","","","","-22","","NA"
"-80.80","46.63","SUDBURY CLIMATE","6068145","2021-01-08 13:00","2021","01","08","13:00","-13.4","","-15.9","","81","","0.0","","2","","16","","","","98.32","","","","-21","","NA"
"-80.80","46.63","SUDBURY CLIMATE","6068145","2021-01-08 14:00","2021","01","08","14:00","-12.4","","-15.5","","77","","0.0","","1","","14","","","","98.33","","","","-19","","NA"
"-80.80","46.63","SUDBURY CLIMATE","6068145","2021-01-08 15:00","2021","01","08","15:00","-10.7","","-15.6","","67","","0.0","","3","","25","","","","98.30","","","","-20","","NA"
"-80.80","46.63","SUDBURY CLIMATE","6068145","2021-01-08 16:00","2021","01","08","16:00","-9.5","","-14.8","","65","","0.0","","3","","21","","","","98.28","","","","-17","","NA"
"-80.80","46.63","SUDBURY CLIMATE","6068145","2021-01-08 17:00","2021","01","08","17:00","-7.8","","-13.9","","61","","0.0","","3","","18","","","","98.21","","","","-15","","NA"
"-80.80","46.63","SUDBURY CLIMATE","6068145","2021-01-08 18:00","2021","01","08","18:00","-6.4","","-13.9","","55","","0.0","","4","","17","","","","98.16","","","","-13","","NA"
"-80.80","46.63","SUDBURY CLIMATE","6068145","2021-01-08 19:00","2021","01","08","19:00","-5.4","","-14.0","","51","","0.0","","5","","16","","","","98.11","","","","-11","","NA"
"-80.80","46.63","SUDBURY CLIMATE","6068145","2021-01-08 20:00","2021","01","08","20:00","-4.0","","-14.3","","45","","0.0","","4","","12","","","","98.09","","","","-9","","NA"
"-80.80","46.63","SUDBURY CLIMATE","6068145","2021-01-08 21:00","2021","01","08","21:00","-3.9","","-13.3","","48","","0.0","","2","","7","","","","98.08","","","","-7","","NA"
"-80.80","46.63","SUDBURY CLIMATE","6068145","2021-01-08 22:00","2021","01","08","22:00","-4.4","","-13.1","","51","","0.0","","36","","7","","","","98.09","","","","-8","","NA"
"-80.80","46.63","SUDBURY CLIMATE","6068145","2021-01-08 23:00","2021","01","08","23:00","-5.2","","-12.5","","57","","0.0","","35","","7","","","","98.09","","","","-8","","NA"
"-80.80","46.63","SUDBURY CLIMATE","6068145","2021-01-09 00:00","2021","01","09","00:00","-5.7","","-11.6","","63","","0.0","","35","","9","","","","98.12","","","","-10","","NA"
"-80.80","46.63","SUDBURY CLIMATE","6068145","2021-01-09 01:00","2021","01","09","01:00","-6.2","","-11.8","","65","","0.0","","36","","9","","","","98.13","","","","-10","","NA"
"-80.80","46.63","SUDBURY CLIMATE","6068145","2021-01-09 02:00","2021","01","09","02:00","-6.8","","-12.0","","67","","0.0","","36","","10","","","","98.14","","","","-11","","NA"
"-80.80","46.63","SUDBURY CLIMATE","6068145","2021-01-09 03:00","2021","01","09","03:00","-7.4","","-12.0","","69","","0.0","","36","","11","","","","98.09","","","","-12","","NA"
"-80.80","46.63","SUDBURY CLIMATE","6068145","2021-01-09 04:00","2021","01","09","04:00","-8.7","","-12.5","","74","","0.0","","1","","6","","","","98.07","","","","-12","","NA"
"-80.80","46.63","SUDBURY CLIMATE","6068145","2021-01-09 05:00","2021","01","09","05:00","-9.3","","-12.9","","75","","0.0","","36","","8","","","","98.03","","","","-14","","NA"
"-80.80","46.63","SUDBURY CLIMATE","6068145","2021-01-09 06:00","2021","01","09","06:00","-10.3","","-13.5","","77","","0.0","","35","","7","","","","97.98","","","","-14","","NA"
"-80.80","46.63","SUDBURY CLIMATE","6068145","2021-01-09 07:00","2021","01","09","07:00","-9.4","","-12.9","","75","","0.0","","36","","9","","","","97.99","","","","-14","","NA"
"-80.80","46.63","SUDBURY CLIMATE","6068145","2021-01-09 08:00","2021","01","09","08:00","-9.6","","-13.1","","76","","0.0","","36","","9","","","","98.01","","","","-14","","NA"
"-80.80","46.63","SUDBURY CLIMATE","6068145","2021-01-09 09:00","2021","01","09","09:00","-10.4","","-13.5","","78","","0.0","","1","","9","","","","98.00","","","","-15","","NA"
"-80.80","46.63","SUDBURY CLIMATE","6068145","2021-01-09 10:00","2021","01","09","10:00","-10.1","","-13.2","","78","","0.0","","36","","10","","","","97.99","","","","-15","","NA"
"-80.80","46.63","SUDBURY CLIMATE","6068145","2021-01-09 11:00","2021","01","09","11:00","-10.5","","-12.8","","83","","0.0","","1","","14","","","","98.00","","","","-17","","NA"
"-80.80","46.63","SUDBURY CLIMATE","6068145","2021-01-09 12:00","2021","01","09","12:00","-11.1","","-12.6","","89","","0.0","","35","","13","","","","98.03","","","","-18","","NA"
"-80.80","46.63","SUDBURY CLIMATE","6068145","2021-01-09 13:00","2021","01","09","13:00","-12.2","","-13.0","","93","","0.0","","35","","12","","","","98.07","","","","-19","","NA"
"-80.80","46.63","SUDBURY CLIMATE","6068145","2021-01-09 14:00","2021","01","09","14:00","-11.5","","-12.7","","90","","0.0","","1","","14","","","","98.12","","","","-18","","NA"
"-80.80","46.63","SUDBURY CLIMATE","6068145","2021-01-09 15:00","2021","01","09","15:00","-11.0","","-12.5","","88","","0.0","","1","","16","","","","98.15","","","","-18","","NA"
"-80.80","46.63","SUDBURY CLIMATE","6068145","2021-01-09 16:00","2021","01","09","16:00","-10.0","","-11.4","","89","","0.0","","1","","13","","","","98.16","","","","-16","","NA"
"-80.80","46.63","SUDBURY CLIMATE","6068145","2021-01-09 17:00","2021","01","09","17:00","-9.1","","-10.8","","87","","0.0","","1","","11","","","","98.11","","","","-15","","NA"
"-80.80","46.63","SUDBURY CLIMATE","6068145","2021-01-09 18:00","2021","01","09","18:00","-8.4","","-10.2","","87","","0.0","","2","","12","","","","98.05","","","","-14","","NA"
"-80.80","46.63","SUDBURY CLIMATE","6068145","2021-01-09 19:00","2021","01","09","19:00","-7.4","","-9.8","","83","","0.0","","35","","8","","","","98.05","","","","-11","","NA"
"-80.80","46.63","SUDBURY CLIMATE","6068145","2021-01-09 20:00","2021","01","09","20:00","-6.6","","-8.7","","85","","0.0","","3","","11","","","","98.06","","","","-12","","NA"
"-80.80","46.63","SUDBURY CLIMATE","6068145","2021-01-09 21:00","2021","01","09","21:00","-6.7","","-8.6","","86","","0.0","","3","","9","","","","98.07","","","","-11","","NA"
"-80.80","46.63","SUDBURY CLIMATE","6068145","2021-01-09 22:00","2021","01","09","22:00","-6.5","","-8.1","","88","","0.0","","1","","9","","","","98.11","","","","-11","","NA"
"-80.80","46.63","SUDBURY CLIMATE","6068145","2021-01-09 23:00","2021","01","09","23:00","-7.0","","-8.4","","90","","0.0","","2","","7","","","","98.12","","","","-11","","NA"
"-80.80","46.63","SUDBURY CLIMATE","6068145","2021-01-10 00:00","2021","01","10","00:00","-7.4","","-8.6","","91","","0.0","","1","","6","","","","98.11","","","","-11","","NA"
"-80.80","46.63","SUDBURY CLIMATE","6068145","2021-01-10 01:00","2021","01","10","01:00","-7.5","","-8.4","","93","","0.0","","2","","7","","","","98.13","","","","-11","","NA"
"-80.80","46.63","SUDBURY CLIMATE","6068145","2021-01-10 02:00","2021","01","10","02:00","-8.4","","-8.9","","96","","0.0","","1","","8","","","","98.14","","","","-13","","NA"
"-80.80","46.63","SUDBURY CLIMATE","6068145","2021-01-10 03:00","2021","01","10","03:00","-8.8","","-9.2","","97","","0.0","","36","","8","","","","98.15","","","","-13","","NA"
"-80.80","46.63","SUDBURY CLIMATE","6068145","2021-01-10 04:00","2021","01","10","04:00","-9.3","","-9.7","","97","","0.0","","1","","6","","","","98.13","","","","-13","","NA"
"-80.80","46.63","SUDBURY CLIMATE","6068145","2021-01-10 05:00","2021","01","10","05:00","-9.7","","-10.2","","96","","0.0","","35","","4","","","","98.11","","","","-12","","NA"
"-80.80","46.63","SUDBURY CLIMATE","6068145","2021-01-10 06:00","2021","01","10","06:00","-9.7","","-10.4","","95","","0.0","","34","","4","","","","98.11","","","","-12","","NA"
"-80.80","46.63","SUDBURY CLIMATE","6068145","2021-01-10 07:00","2021","01","10","07:00","-9.9","","-10.7","","94","","0.0","","35","","1","","","","98.08","","","","-10","","NA"
"-80.80","46.63","SUDBURY CLIMATE","6068145","2021-01-10 08:00","2021","01","10","08:00","-10.5","","-11.4","","92","","0.0","","26","","1","","","","98.11","","","","-11","","NA"
"-80.80","46.63","SUDBURY CLIMATE","6068145","2021-01-10 09:00","2021","01","10","09:00","-10.6","","-11.6","","93","","0.0","","27","","2","","","","98.11","","","","-12","","NA"
"-80.80","46.63","SUDBURY CLIMATE","6068145","2021-01-10 10:00","2021","01","10","10:00","-10.4","","-11.2","","94","","0.0","","0","","1","","","","98.09","","","","-11","","NA"
"-80.80","46.63","SUDBURY CLIMATE","6068145","2021-01-10 11:00","2021","01","10","11:00","-10.8","","-11.9","","92","","0.0","","23","","4","","","","98.07","","","","-13","","NA"
"-80.80","46.63","SUDBURY CLIMATE","6068145","2021-01-10 12:00","2021","01","10","12:00","-10.9","","-11.8","","94","","0.0","","22","","7","","","","98.07","","","","-15","","NA"
"-80.80","46.63","SUDBURY CLIMATE","6068145","2021-01-10 13:00","2021","01","10","13:00","-11.3","","-12.3","","92","","0.0","","24","","6","","","","98.12","","","","-15","","NA"
"-80.80","46.63","SUDBURY CLIMATE","6068145","2021-01-10 14:00","2021","01","10","14:00","-11.3","","-12.7","","90","","0.0","","27","","2","","","","98.16","","","","-13","","NA"
"-80.80","46.63","SUDBURY CLIMATE","6068145","2021-01-10 15:00","2021","01","10","15:00","-10.9","","-12.2","","90","","0.0","","24","","3","","","","98.19","","","","-13","","NA"
"-80.80","46.63","SUDBURY CLIMATE","6068145","2021-01-10 16:00","2021","01","10","16:00","-10.2","","-11.6","","90","","0.0","","22","","5","","","","98.14","","","","-13","","NA"
"-80.80","46.63","SUDBURY CLIMATE","6068145","2021-01-10 17:00","2021","01","10","17:00","-8.9","","-10.2","","91","","0.0","","24","","7","","","","98.04","","","","-13","","NA"
"-80.80","46.63","SUDBURY CLIMATE","6068145","2021-01-10 18:00","2021","01","10","18:00","-8.3","","-9.5","","91","","0.0","","26","","8","","","","97.99","","","","-12","","NA"
"-80.80","46.63","SUDBURY CLIMATE","6068145","2021-01-10 19:00","2021","01","10","19:00","-8.3","","-9.4","","92","","0.0","","23","","11","","","","97.97","","","","-14","","NA"
"-80.80","46.63","SUDBURY CLIMATE","6068145","2021-01-10 20:00","2021","01","10","20:00","-8.2","","-9.4","","92","","0.0","","21","","9","","","","97.98","","","","-13","","NA"
"-80.80","46.63","SUDBURY CLIMATE","6068145","2021-01-10 21:00","2021","01","10","21:00","-8.2","","-9.2","","93","","0.0","","19","","13","","","","98.00","","","","-14","","NA"
"-80.80","46.63","SUDBURY CLIMATE","6068145","2021-01-10 22:00","2021","01","10","22:00","-9.3","","-10.5","","91","","0.0","","18","","5","","","","98.00","","","","-12","","NA"
"-80.80","46.63","SUDBURY CLIMATE","6068145","2021-01-10 23:00","2021","01","10","23:00","-9.7","","-10.8","","92","","0.0","","22","","12","","","","97.99","","","","-16","","NA"
"-80.80","46.63","SUDBURY CLIMATE","6068145","2021-01-11 00:00","2021","01","11","00:00","-6.2","","-7.0","","94","","0.0","","24","","10","","","","98.00","","","","-11","","NA"
"-80.80","46.63","SUDBURY CLIMATE","6068145","2021-01-11 01:00","2021","01","11","01:00","-5.7","","-6.4","","94","","0.0","","24","","11","","","","98.02","","","","-10","","NA"
"-80.80","46.63","SUDBURY CLIMATE","6068145","2021-01-11 02:00","2021","01","11","02:00","-5.0","","-5.7","","95","","0.0","","25","","9","","","","98.02","","","","-9","","NA"
"-80.80","46.63","SUDBURY CLIMATE","6068145","2021-01-11 03:00","2021","01","11","03:00","-4.7","","-5.4","","95","","0.0","","24","","11","","","","97.96","","","","-9","","NA"
"-80.80","46.63","SUDBURY CLIMATE","6068145","2021-01-11 04:00","2021","01","11","04:00","-4.4","","-5.1","","95","","0.0","","25","","12","","","","97.93","","","","-9","","NA"
"-80.80","46.63","SUDBURY CLIMATE","6068145","2021-01-11 05:00","2021","01","11","05:00","-4.0","","-4.6","","95","","0.0","","25","","10","","","","97.90","","","","-8","","NA"
"-80.80","46.63","SUDBURY CLIMATE","6068145","2021-01-11 06:00","2021","01","11","06:00","-3.7","","-4.5","","94","","0.0","","25","","10","","","","97.86","","","","-8","","NA"
"-80.80","46.63","SUDBURY CLIMATE","6068145","2021-01-11 07:00","2021","01","11","07:00","-3.6","","-5.0","","90","","0.0","","24","","20","","","","97.86","","","","-10","","NA"
"-80.80","46.63","SUDBURY CLIMATE","6068145","2021-01-11 08:00","2021","01","11","08:00","-3.4","","-5.2","","87","","0.0","","25","","12","","","","97.86","","","","-8","","NA"
"-80.80","46.63","SUDBURY CLIMATE","6068145","2021-01-11 09:00","2021","01","11","09:00","-3.1","","-5.6","","83","","0.0","","25","","14","","","","97.80","","","","-8","","NA"
"-80.80","46.63","SUDBURY CLIMATE","6068145","2021-01-11 10:00","2021","01","11","10:00","-3.3","","-4.8","","89","","0.0","","22","","13","","","","97.78","","","","-8","","NA"
"-80.80","46.63","SUDBURY CLIMATE","6068145","2021-01-11 11:00","2021","01","11","11:00","-2.8","","-4.4","","89","","0.0","","23","","17","","","","97.72","","","","-8","","NA"
"-80.80","46.63","SUDBURY CLIMATE","6068145","2021-01-11 12:00","2021","01","11","12:00","-2.5","","-3.9","","90","","0.0","","23","","20","","","","97.68","","","","-8","","NA"
"-80.80","46.63","SUDBURY CLIMATE","6068145","2021-01-11 13:00","2021","01","11","13:00","-2.5","","-3.6","","92","","0.0","","24","","17","","","","97.63","","","","-8","","NA"
"-80.80","46.63","SUDBURY CLIMATE","6068145","2021-01-11 14:00","2021","01","11","14:00","-2.2","","-4.0","","88","","0.0","","23","","21","","","","97.60","","","","-8","","NA"
"-80.80","46.63","SUDBURY CLIMATE","6068145","2021-01-11 15:00","2021","01","11","15:00","-2.4","","-5.3","","81","","0.0","","22","","26","","","","97.59","","","","-9","","NA"
"-80.80","46.63","SUDBURY CLIMATE","6068145","2021-01-11 16:00","2021","01","11","16:00","-2.3","","-5.2","","81","","0.0","","23","","22","","","","97.53","","","","-8","","NA"
"-80.80","46.63","SUDBURY CLIMATE","6068145","2021-01-11 17:00","2021","01","11","17:00","-2.5","","-5.6","","79","","0.0","","23","","24","","","","97.43","","","","-9","","NA"
"-80.80","46.63","SUDBURY CLIMATE","6068145","2021-01-11 18:00","2021","01","11","18:00","-2.3","","-5.3","","80","","0.0","","22","","21","","","","97.31","","","","-8","","NA"
"-80.80","46.63","SUDBURY CLIMATE","6068145","2021-01-11 19:00","2021","01","11","19:00","-2.1","","-5.2","","80","","0.0","","22","","21","","","","97.24","","","","-8","","NA"
"-80.80","46.63","SUDBURY CLIMATE","6068145","2021-01-11 20:00","2021","01","11","20:00","-2.1","","-5.5","","78","","0.0","","24","","22","","","","97.23","","","","-8","","NA"
"-80.80","46.63","SUDBURY CLIMATE","6068145","2021-01-11 21:00","2021","01","11","21:00","-2.3","","-5.5","","79","","0.0","","24","","14","","","","97.23","","","","-7","","NA"
"-80.80","46.63","SUDBURY CLIMATE","6068145","2021-01-11 22:00","2021","01","11","22:00","-2.4","","-5.1","","82","","0.0","","24","","17","","","","97.23","","","","-8","","NA"
"-80.80","46.63","SUDBURY CLIMATE","6068145","2021-01-11 23:00","2021","01","11","23:00","-3.0","","-3.8","","94","","0.0","","22","","13","","","","97.22","","","","-8","","NA"
"-80.80","46.63","SUDBURY CLIMATE","6068145","2021-01-12 00:00","2021","01","12","00:00","-3.2","","-4.4","","91","","0.1","","24","","10","","","","97.23","","","","-7","","NA"
"-80.80","46.63","SUDBURY CLIMATE","6068145","2021-01-12 01:00","2021","01","12","01:00","-3.3","","-4.1","","94","","0.0","","23","","12","","","","97.23","","","","-8","","NA"
"-80.80","46.63","SUDBURY CLIMATE","6068145","2021-01-12 02:00","2021","01","12","02:00","-3.6","","-4.4","","94","","0.0","","25","","9","","","","97.22","","","","-7","","NA"
"-80.80","46.63","SUDBURY CLIMATE","6068145","2021-01-12 03:00","2021","01","12","03:00","-3.8","","-4.8","","93","","0.0","","25","","9","","","","97.27","","","","-8","","NA"
"-80.80","46.63","SUDBURY CLIMATE","6068145","2021-01-12 04:00","2021","01","12","04:00","-3.9","","-5.1","","91","","0.0","","24","","12","","","","97.28","","","","-9","","NA"
"-80.80","46.63","SUDBURY CLIMATE","6068145","2021-01-12 05:00","2021","01","12","05:00","-4.1","","-5.1","","93","","0.0","","23","","9","","","","97.28","","","","-8","","NA"
"-80.80","46.63","SUDBURY CLIMATE","6068145","2021-01-12 06:00","2021","01","12","06:00","-4.0","","-5.0","","93","","0.0","","23","","9","","","","97.26","","","","-8","","NA"
"-80.80","46.63","SUDBURY CLIMATE","6068145","2021-01-12 07:00","2021","01","12","07:00","-4.0","","-5.0","","93","","0.0","","23","","7","","","","97.27","","","","-7","","NA"
"-80.80","46.63","SUDBURY CLIMATE","6068145","2021-01-12 08:00","2021","01","12","08:00","-3.8","","-4.7","","93","","0.0","","24","","7","","","","97.31","","","","-7","","NA"
"-80.80","46.63","SUDBURY CLIMATE","6068145","2021-01-12 09:00","2021","01","12","09:00","-3.8","","-4.6","","94","","0.0","","25","","6","","","","97.29","","","","-6","","NA"
"-80.80","46.63","SUDBURY CLIMATE","6068145","2021-01-12 10:00","2021","01","12","10:00","-3.5","","-4.3","","94","","0.0","","23","","7","","","","97.29","","","","-6","","NA"
"-80.80","46.63","SUDBURY CLIMATE","6068145","2021-01-12 11:00","2021","01","12","11:00","-3.3","","-3.9","","95","","0.0","","22","","10","","","","97.29","","","","-7","","NA"
"-80.80","46.63","SUDBURY CLIMATE","6068145","2021-01-12 12:00","2021","01","12","12:00","-3.1","","-3.9","","94","","0.0","","23","","10","","","","97.29","","","","-7","","NA"
"-80.80","46.63","SUDBURY CLIMATE","6068145","2021-01-12 13:00","2021","01","12","13:00","-3.0","","-3.9","","94","","0.0","","22","","13","","","","97.29","","","","-8","","NA"
"-80.80","46.63","SUDBURY CLIMATE","6068145","2021-01-12 14:00","2021","01","12","14:00","-3.0","","-3.9","","93","","0.0","","21","","14","","","","97.30","","","","-8","","NA"
"-80.80","46.63","SUDBURY CLIMATE","6068145","2021-01-12 15:00","2021","01","12","15:00","-2.6","","-3.8","","91","","0.0","","21","","9","","","","97.30","","","","-6","","NA"
"-80.80","46.63","SUDBURY CLIMATE","6068145","2021-01-12 16:00","2021","01","12","16:00","-1.6","","-4.0","","84","","0.0","","22","","12","","","","97.31","","","","-6","","NA"
"-80.80","46.63","SUDBURY CLIMATE","6068145","2021-01-12 17:00","2021","01","12","17:00","-1.9","","-4.0","","86","","0.0","","22","","14","","","","97.24","","","","-7","","NA"
"-80.80","46.63","SUDBURY CLIMATE","6068145","2021-01-12 18:00","2021","01","12","18:00","-1.6","","-3.9","","85","","0.0","","21","","12","","","","97.16","","","","-6","","NA"
"-80.80","46.63","SUDBURY CLIMATE","6068145","2021-01-12 19:00","2021","01","12","19:00","-1.4","","-3.3","","86","","0.0","","20","","12","","","","97.12","","","","-5","","NA"
"-80.80","46.63","SUDBURY CLIMATE","6068145","2021-01-12 20:00","2021","01","12","20:00","-1.2","","-2.8","","89","","0.0","","19","","15","","","","97.12","","","","-6","","NA"
"-80.80","46.63","SUDBURY CLIMATE","6068145","2021-01-12 21:00","2021","01","12","21:00","-1.4","","-1.9","","96","","0.1","","21","","12","","","","97.12","","","","-5","","NA"
"-80.80","46.63","SUDBURY CLIMATE","6068145","2021-01-12 22:00","2021","01","12","22:00","-1.2","","-1.7","","97","","0.0","","20","","11","","","","97.10","","","","-5","","NA"
"-80.80","46.63","SUDBURY CLIMATE","6068145","2021-01-12 23:00","2021","01","12","23:00","-1.2","","-1.6","","98","","0.0","","19","","16","","","","97.09","","","","-6","","NA"
"-80.80","46.63","SUDBURY CLIMATE","6068145","2021-01-13 00:00","2021","01","13","00:00","-1.1","","-1.5","","98","","0.0","","21","","16","","","","97.08","","","","-6","","NA"
"-80.80","46.63","SUDBURY CLIMATE","6068145","2021-01-13 01:00","2021","01","13","01:00","-1.0","","-1.4","","97","","0.0","","23","","13","","","","97.08","","","","-5","","NA"
"-80.80","46.63","SUDBURY CLIMATE","6068145","2021-01-13 02:00","2021","01","13","02:00","-1.0","","-1.6","","96","","0.0","","22","","14","","","","97.02","","","","-5","","NA"
"-80.80","46.63","SUDBURY CLIMATE","6068145","2021-01-13 03:00","2021","01","13","03:00","-1.0","","-1.5","","96","","0.0","","22","","15","","","","96.99","","","","-6","","NA"
"-80.80","46.63","SUDBURY CLIMATE","6068145","2021-01-13 04:00","2021","01","13","04:00","-0.9","","-1.5","","96","","0.0","","22","","16","","","","96.94","","","","-6","","NA"
"-80.80","46.63","SUDBURY CLIMATE","6068145","2021-01-13 05:00","2021","01","13","05:00","-0.9","","-1.5","","96","","0.0","","22","","16","","","","96.86","","","","-6","","NA"
"-80.80","46.63","SUDBURY CLIMATE","6068145","2021-01-13 06:00","2021","01","13","06:00","-1.0","","-1.5","","96","","0.0","","22","","18","","","","96.78","","","","-6","","NA"
"-80.80","46.63","SUDBURY CLIMATE","6068145","2021-01-13 07:00","2021","01","13","07:00","-0.8","","-1.5","","95","","0.0","","22","","17","","","","96.76","","","","-6","","NA"
"-80.80","46.63","SUDBURY CLIMATE","6068145","2021-01-13 08:00","2021","01","13","08:00","-0.7","","-2.0","","91","","0.0","","22","","18","","","","96.75","","","","-6","","NA"
"-80.80","46.63","SUDBURY CLIMATE","6068145","2021-01-13 09:00","2021","01","13","09:00","-0.7","","-2.4","","88","","0.0","","21","","25","","","","96.65","","","","-7","","NA"
"-80.80","46.63","SUDBURY CLIMATE","6068145","2021-01-13 10:00","2021","01","13","10:00","-0.8","","-2.5","","88","","0.0","","22","","26","","","","96.58","","","","-7","","NA"
"-80.80","46.63","SUDBURY CLIMATE","6068145","2021-01-13 11:00","2021","01","13","11:00","-0.9","","-2.6","","88","","0.0","","21","","28","","","","96.50","","","","-7","","NA"
"-80.80","46.63","SUDBURY CLIMATE","6068145","2021-01-13 12:00","2021","01","13","12:00","-0.8","","-2.9","","86","","0.0","","22","","25","","","","96.46","","","","-7","","NA"
"-80.80","46.63","SUDBURY CLIMATE","6068145","2021-01-13 13:00","2021","01","13","13:00","-1.1","","-2.9","","88","","0.0","","20","","27","","","","96.36","","","","-8","","NA"
"-80.80","46.63","SUDBURY CLIMATE","6068145","2021-01-13 14:00","2021","01","13","14:00","-1.1","","-3.2","","86","","0.0","","21","","25","","","","96.39","","","","-7","","NA"
"-80.80","46.63","SUDBURY CLIMATE","6068145","2021-01-13 15:00","2021","01","13","15:00","-0.9","","-3.1","","85","","0.0","","21","","24","","","","96.34","","","","-7","","NA"
"-80.80","46.63","SUDBURY CLIMATE","6068145","2021-01-13 16:00","2021","01","13","16:00","-0.7","","-3.1","","84","","0.0","","22","","26","","","","96.27","","","","-7","","NA"
"-80.80","46.63","SUDBURY CLIMATE","6068145","2021-01-13 17:00","2021","01","13","17:00","-0.5","","-2.8","","84","","0.0","","22","","22","","","","96.18","","","","-6","","NA"
"-80.80","46.63","SUDBURY CLIMATE","6068145","2021-01-13 18:00","2021","01","13","18:00","-0.6","","-2.1","","89","","0.0","","23","","22","","","","96.12","","","","-6","","NA"
"-80.80","46.63","SUDBURY CLIMATE","6068145","2021-01-13 19:00","2021","01","13","19:00","-0.7","","-1.5","","94","","0.0","","22","","22","","","","96.06","","","","-6","","NA"
"-80.80","46.63","SUDBURY CLIMATE","6068145","2021-01-13 20:00","2021","01","13","20:00","-0.5","","-1.2","","95","","0.0","","22","","20","","","","96.08","","","","-6","","NA"
"-80.80","46.63","SUDBURY CLIMATE","6068145","2021-01-13 21:00","2021","01","13","21:00","-0.4","","-0.8","","97","","0.0","","23","","12","","","","96.12","","","","-4","","NA"
"-80.80","46.63","SUDBURY CLIMATE","6068145","2021-01-13 22:00","2021","01","13","22:00","-0.4","","-0.7","","98","","0.0","","23","","12","","","","96.14","","","","-4","","NA"
"-80.80","46.63","SUDBURY CLIMATE","6068145","2021-01-13 23:00","2021","01","13","23:00","-0.4","","-0.7","","98","","0.0","","23","","9","","","","96.16","","","","-4","","NA"
"-80.80","46.63","SUDBURY CLIMATE","6068145","2021-01-14 00:00","2021","01","14","00:00","-0.4","","-0.7","","98","","0.0","","23","","8","","","","96.20","","","","-3","","NA"
"-80.80","46.63","SUDBURY CLIMATE","6068145","2021-01-14 01:00","2021","01","14","01:00","-0.5","","-0.7","","98","","0.0","","24","","6","","","","96.24","","","","-3","","NA"
"-80.80","46.63","SUDBURY CLIMATE","6068145","2021-01-14 02:00","2021","01","14","02:00","-0.6","","-0.9","","98","","0.0","","24","","3","","","","96.26","","","","-2","","NA"
"-80.80","46.63","SUDBURY CLIMATE","6068145","2021-01-14 03:00","2021","01","14","03:00","-0.8","","-1.0","","98","","0.0","","24","","6","","","","96.24","","","","-3","","NA"
"-80.80","46.63","SUDBURY CLIMATE","6068145","2021-01-14 04:00","2021","01","14","04:00","-0.9","","-1.2","","98","","0.0","","23","","5","","","","96.24","","","","-3","","NA"
"-80.80","46.63","SUDBURY CLIMATE","6068145","2021-01-14 05:00","2021","01","14","05:00","-1.0","","-1.3","","98","","0.0","","26","","3","","","","96.27","","","","-2","","NA"
"-80.80","46.63","SUDBURY CLIMATE","6068145","2021-01-14 06:00","2021","01","14","06:00","-1.2","","-1.7","","96","","0.0","","27","","2","","","","96.28","","","","-2","","NA"
"-80.80","46.63","SUDBURY CLIMATE","6068145","2021-01-14 07:00","2021","01","14","07:00","-1.1","","-1.6","","96","","0.0","","29","","4","","","","96.32","","","","-2","","NA"
"-80.80","46.63","SUDBURY CLIMATE","6068145","2021-01-14 08:00","2021","01","14","08:00","-1.2","","-1.9","","95","","0.0","","31","","2","","","","96.38","","","","-2","","NA"
"-80.80","46.63","SUDBURY CLIMATE","6068145","2021-01-14 09:00","2021","01","14","09:00","-1.4","","-2.3","","93","","0.0","","3","","11","","","","96.43","","","","-5","","NA"
"-80.80","46.63","SUDBURY CLIMATE","6068145","2021-01-14 10:00","2021","01","14","10:00","-1.9","","-3.1","","91","","0.0","","4","","9","","","","96.42","","","","-5","","NA"
"-80.80","46.63","SUDBURY CLIMATE","6068145","2021-01-14 11:00","2021","01","14","11:00","-2.0","","-2.9","","93","","0.0","","2","","9","","","","96.49","","","","-5","","NA"
"-80.80","46.63","SUDBURY CLIMATE","6068145","2021-01-14 12:00","2021","01","14","12:00","-2.0","","-3.2","","91","","0.0","","3","","9","","","","96.56","","","","-5","","NA"
"-80.80","46.63","SUDBURY CLIMATE","6068145","2021-01-14 13:00","2021","01","14","13:00","-2.1","","-3.7","","88","","0.0","","5","","14","","","","96.59","","","","-7","","NA"
"-80.80","46.63","SUDBURY CLIMATE","6068145","2021-01-14 14:00","2021","01","14","14:00","-2.2","","-4.0","","87","","0.0","","6","","11","","","","96.62","","","","-6","","NA"
"-80.80","46.63","SUDBURY CLIMATE","6068145","2021-01-14 15:00","2021","01","14","15:00","-2.0","","-4.0","","86","","0.0","","6","","7","","","","96.69","","","","-5","","NA"
"-80.80","46.63","SUDBURY CLIMATE","6068145","2021-01-14 16:00","2021","01","14","16:00","-1.6","","-3.9","","84","","0.0","","8","","13","","","","96.71","","","","-6","","NA"
"-80.80","46.63","SUDBURY CLIMATE","6068145","2021-01-14 17:00","2021","01","14","17:00","-1.3","","-3.9","","83","","0.0","","7","","8","","","","96.66","","","","-4","","NA"
"-80.80","46.63","SUDBURY CLIMATE","6068145","2021-01-14 18:00","2021","01","14","18:00","-1.1","","-3.6","","83","","0.0","","9","","8","","","","96.58","","","","-4","","NA"
"-80.80","46.63","SUDBURY CLIMATE","6068145","2021-01-14 19:00","2021","01","14","19:00","-0.9","","-3.6","","82","","0.0","","10","","7","","","","96.59","","","","-3","","NA"
"-80.80","46.63","SUDBURY CLIMATE","6068145","2021-01-14 20:00","2021","01","14","20:00","-0.6","","-3.5","","81","","0.0","","10","","6","","","","96.61","","","","-3","","NA"
"-80.80","46.63","SUDBURY CLIMATE","6068145","2021-01-14 21:00","2021","01","14","21:00","-0.5","","-3.4","","81","","0.0","","9","","5","","","","96.65","","","","-2","","NA"
"-80.80","46.63","SUDBURY CLIMATE","6068145","2021-01-14 22:00","2021","01","14","22:00","-0.7","","-3.2","","83","","0.0","","7","","5","","","","96.70","","","","-2","","NA"
"-80.80","46.63","SUDBURY CLIMATE","6068145","2021-01-14 23:00","2021","01","14","23:00","-1.0","","-3.2","","85","","0.0","","5","","6","","","","96.76","","","","-3","","NA"
"-80.80","46.63","SUDBURY CLIMATE","6068145","2021-01-15 00:00","2021","01","15","00:00","-1.0","","-3.1","","85","","0.0","","5","","8","","","","96.81","","","","-4","","NA"
"-80.80","46.63","SUDBURY CLIMATE","6068145","2021-01-15 01:00","2021","01","15","01:00","-1.0","","-2.9","","87","","0.0","","6","","8","","","","96.84","","","","-4","","NA"
"-80.80","46.63","SUDBURY CLIMATE","6068145","2021-01-15 02:00","2021","01","15","02:00","-0.9","","-2.7","","87","","0.0","","7","","15","","","","96.85","","","","-6","","NA"
"-80.80","46.63","SUDBURY CLIMATE","6068145","2021-01-15 03:00","2021","01","15","03:00","-0.8","","-2.2","","90","","0.0","","10","","12","","","","96.85","","","","-5","","NA"
"-80.80","46.63","SUDBURY CLIMATE","6068145","2021-01-15 04:00","2021","01","15","04:00","-0.7","","-2.0","","91","","0.0","","10","","11","","","","96.87","","","","-4","","NA"
"-80.80","46.63","SUDBURY CLIMATE","6068145","2021-01-15 05:00","2021","01","15","05:00","-0.5","","-2.6","","86","","0.0","","12","","10","","","","96.87","","","","-4","","NA"
"-80.80","46.63","SUDBURY CLIMATE","6068145","2021-01-15 06:00","2021","01","15","06:00","-0.6","","-2.6","","87","","0.0","","9","","9","","","","96.85","","","","-4","","NA"
"-80.80","46.63","SUDBURY CLIMATE","6068145","2021-01-15 07:00","2021","01","15","07:00","-0.5","","-2.3","","88","","0.0","","11","","12","","","","96.84","","","","-4","","NA"
"-80.80","46.63","SUDBURY CLIMATE","6068145","2021-01-15 08:00","2021","01","15","08:00","-0.4","","-2.4","","87","","0.0","","10","","15","","","","96.85","","","","-5","","NA"
"-80.80","46.63","SUDBURY CLIMATE","6068145","2021-01-15 09:00","2021","01","15","09:00","-0.7","","-2.7","","87","","0.0","","13","","13","","","","96.92","","","","-5","","NA"
"-80.80","46.63","SUDBURY CLIMATE","6068145","2021-01-15 10:00","2021","01","15","10:00","-0.7","","-3.8","","79","","0.0","","13","","17","","","","96.91","","","","-6","","NA"
"-80.80","46.63","SUDBURY CLIMATE","6068145","2021-01-15 11:00","2021","01","15","11:00","-0.9","","-4.1","","79","","0.0","","11","","13","","","","96.91","","","","-5","","NA"
"-80.80","46.63","SUDBURY CLIMATE","6068145","2021-01-15 12:00","2021","01","15","12:00","-0.9","","-4.3","","77","","0.0","","9","","14","","","","96.85","","","","-5","","NA"
"-80.80","46.63","SUDBURY CLIMATE","6068145","2021-01-15 13:00","2021","01","15","13:00","-0.7","","-4.4","","76","","0.0","","10","","17","","","","96.88","","","","-6","","NA"
"-80.80","46.63","SUDBURY CLIMATE","6068145","2021-01-15 14:00","2021","01","15","14:00","-0.7","","-4.4","","76","","0.0","","9","","20","","","","96.82","","","","-6","","NA"
"-80.80","46.63","SUDBURY CLIMATE","6068145","2021-01-15 15:00","2021","01","15","15:00","-0.6","","-4.4","","75","","0.0","","9","","21","","","","96.83","","","","-6","","NA"
"-80.80","46.63","SUDBURY CLIMATE","6068145","2021-01-15 16:00","2021","01","15","16:00","0.0","","-4.6","","71","","0.0","","11","","19","","","","96.79","","","","-5","","NA"
"-80.80","46.63","SUDBURY CLIMATE","6068145","2021-01-15 17:00","2021","01","15","17:00","0.7","","-4.6","","67","","0.0","","10","","21","","","","96.69","","","","","","NA"
"-80.80","46.63","SUDBURY CLIMATE","6068145","2021-01-15 18:00","2021","01","15","18:00","0.5","","-4.2","","71","","0.0","","8","","23","","","","96.55","","","","","","NA"
"-80.80","46.63","SUDBURY CLIMATE","6068145","2021-01-15 19:00","2021","01","15","19:00","0.9","","-3.7","","71","","0.0","","9","","21","","","","96.56","","","","","","NA"
"-80.80","46.63","SUDBURY CLIMATE","6068145","2021-01-15 20:00","2021","01","15","20:00","1.2","","-3.3","","72","","0.0","","9","","23","","","","96.55","","","","","","NA"
"-80.80","46.63","SUDBURY CLIMATE","6068145","2021-01-15 21:00","2021","01","15","21:00","0.7","","-2.7","","78","","0.0","","8","","20","","","","96.52","","","","","","NA"
"-80.80","46.63","SUDBURY CLIMATE","6068145","2021-01-15 22:00","2021","01","15","22:00","0.0","","-3.1","","80","","0.0","","6","","24","","","","96.46","","","","-6","","NA"
"-80.80","46.63","SUDBURY CLIMATE","6068145","2021-01-15 23:00","2021","01","15","23:00","0.0","","-2.7","","82","","0.0","","8","","21","","","","96.49","","","","-5","","NA"
"-80.80","46.63","SUDBURY CLIMATE","6068145","2021-01-16 00:00","2021","01","16","00:00","-0.1","","-2.3","","85","","0.0","","8","","21","","","","96.50","","","","-6","","NA"
"-80.80","46.63","SUDBURY CLIMATE","6068145","2021-01-16 01:00","2021","01","16","01:00","-0.3","","-2.3","","86","","0.0","","9","","20","","","","96.47","","","","-6","","NA"
"-80.80","46.63","SUDBURY CLIMATE","6068145","2021-01-16 02:00","2021","01","16","02:00","-0.2","","-2.5","","85","","0.0","","9","","17","","","","96.42","","","","-5","","NA"
"-80.80","46.63","SUDBURY CLIMATE","6068145","2021-01-16 03:00","2021","01","16","03:00","-0.5","","-2.5","","86","","0.0","","9","","18","","","","96.34","","","","-6","","NA"
"-80.80","46.63","SUDBURY CLIMATE","6068145","2021-01-16 04:00","2021","01","16","04:00","-1.0","","-2.1","","92","","0.0","","9","","17","","","","96.29","","","","-6","","NA"
"-80.80","46.63","SUDBURY CLIMATE","6068145","2021-01-16 05:00","2021","01","16","05:00","-0.8","","-2.4","","89","","0.0","","9","","14","","","","96.21","","","","-5","","NA"
"-80.80","46.63","SUDBURY CLIMATE","6068145","2021-01-16 06:00","2021","01","16","06:00","-0.9","","-2.2","","91","","0.1","","10","","17","","","","96.17","","","","-6","","NA"
"-80.80","46.63","SUDBURY CLIMATE","6068145","2021-01-16 07:00","2021","01","16","07:00","-1.0","","-1.8","","94","","0.2","","9","","15","","","","96.15","","","","-6","","NA"
"-80.80","46.63","SUDBURY CLIMATE","6068145","2021-01-16 08:00","2021","01","16","08:00","-1.0","","-1.6","","95","","0.0","","8","","10","","","","96.14","","","","-5","","NA"
"-80.80","46.63","SUDBURY CLIMATE","6068145","2021-01-16 09:00","2021","01","16","09:00","-1.0","","-1.4","","97","","0.0","","8","","11","","","","96.09","","","","-5","","NA"
"-80.80","46.63","SUDBURY CLIMATE","6068145","2021-01-16 10:00","2021","01","16","10:00","-1.1","","-1.5","","97","","0.4","","5","","12","","","","96.03","","","","-5","","NA"
"-80.80","46.63","SUDBURY CLIMATE","6068145","2021-01-16 11:00","2021","01","16","11:00","-1.1","","-1.4","","98","","0.5","","5","","12","","","","96.01","","","","-5","","NA"
"-80.80","46.63","SUDBURY CLIMATE","6068145","2021-01-16 12:00","2021","01","16","12:00","-1.1","","-1.3","","98","","0.1","","4","","8","","","","96.00","","","","-4","","NA"
"-80.80","46.63","SUDBURY CLIMATE","6068145","2021-01-16 13:00","2021","01","16","13:00","-1.1","","-1.3","","98","","0.4","","4","","9","","","","95.96","","","","-4","","NA"
"-80.80","46.63","SUDBURY CLIMATE","6068145","2021-01-16 14:00","2021","01","16","14:00","-1.0","","-1.2","","98","","0.3","","6","","8","","","","95.95","","","","-4","","NA"
"-80.80","46.63","SUDBURY CLIMATE","6068145","2021-01-16 15:00","2021","01","16","15:00","-0.9","","-1.1","","98","","0.1","","4","","10","","","","95.91","","","","-4","","NA"
"-80.80","46.63","SUDBURY CLIMATE","6068145","2021-01-16 16:00","2021","01","16","16:00","-0.6","","-1.0","","97","","0.0","","2","","11","","","","95.84","","","","-4","","NA"
"-80.80","46.63","SUDBURY CLIMATE","6068145","2021-01-16 17:00","2021","01","16","17:00","-0.7","","-1.0","","98","","0.0","","2","","11","","","","95.76","","","","-4","","NA"
"-80.80","46.63","SUDBURY CLIMATE","6068145","2021-01-16 18:00","2021","01","16","18:00","-0.6","","-0.9","","98","","0.0","","1","","10","","","","95.66","","","","-4","","NA"
"-80.80","46.63","SUDBURY CLIMATE","6068145","2021-01-16 19:00","2021","01","16","19:00","-0.4","","-1.0","","95","","0.1","","35","","8","","","","95.58","","","","-3","","NA"
"-80.80","46.63","SUDBURY CLIMATE","6068145","2021-01-16 20:00","2021","01","16","20:00","-0.3","","-1.0","","95","","0.4","","35","","10","","","","95.58","","","","-4","","NA"
"-80.80","46.63","SUDBURY CLIMATE","6068145","2021-01-16 21:00","2021","01","16","21:00","-0.4","","-1.0","","96","","0.3","","35","","9","","","","95.57","","","","-4","","NA"
"-80.80","46.63","SUDBURY CLIMATE","6068145","2021-01-16 22:00","2021","01","16","22:00","-0.5","","-1.0","","97","","0.3","","35","","11","","","","95.58","","","","-4","","NA"
"-80.80","46.63","SUDBURY CLIMATE","6068145","2021-01-16 23:00","2021","01","16","23:00","-1.0","","-1.6","","96","","0.4","","35","","12","","","","95.57","","","","-5","","NA"
"-80.80","46.63","SUDBURY CLIMATE","6068145","2021-01-17 00:00","2021","01","17","00:00","-1.6","","-2.4","","94","","0.2","","35","","12","","","","95.52","","","","-6","","NA"
"-80.80","46.63","SUDBURY CLIMATE","6068145","2021-01-17 01:00","2021","01","17","01:00","-2.0","","-3.0","","93","","0.2","","35","","12","","","","95.48","","","","-6","","NA"
"-80.80","46.63","SUDBURY CLIMATE","6068145","2021-01-17 02:00","2021","01","17","02:00","-2.2","","-3.4","","92","","0.1","","35","","16","","","","95.45","","","","-7","","NA"
"-80.80","46.63","SUDBURY CLIMATE","6068145","2021-01-17 03:00","2021","01","17","03:00","-2.5","","-3.5","","93","","0.3","","34","","15","","","","95.43","","","","-7","","NA"
"-80.80","46.63","SUDBURY CLIMATE","6068145","2021-01-17 04:00","2021","01","17","04:00","-3.2","","-5.1","","87","","0.1","","34","","15","","","","95.46","","","","-8","","NA"
"-80.80","46.63","SUDBURY CLIMATE","6068145","2021-01-17 05:00","2021","01","17","05:00","-4.5","","-6.3","","87","","0.0","","35","","15","","","","95.48","","","","-10","","NA"
"-80.80","46.63","SUDBURY CLIMATE","6068145","2021-01-17 06:00","2021","01","17","06:00","-5.3","","-7.0","","88","","0.2","","34","","14","","","","95.51","","","","-11","","NA"
"-80.80","46.63","SUDBURY CLIMATE","6068145","2021-01-17 07:00","2021","01","17","07:00","-5.8","","-7.5","","87","","0.1","","34","","15","","","","95.55","","","","-12","","NA"
"-80.80","46.63","SUDBURY CLIMATE","6068145","2021-01-17 08:00","2021","01","17","08:00","-6.2","","-8.1","","86","","0.0","","34","","13","","","","95.59","","","","-12","","NA"
"-80.80","46.63","SUDBURY CLIMATE","6068145","2021-01-17 09:00","2021","01","17","09:00","-6.9","","-9.2","","84","","0.0","","35","","17","","","","95.64","","","","-13","","NA"
"-80.80","46.63","SUDBURY CLIMATE","6068145","2021-01-17 10:00","2021","01","17","10:00","-7.7","","-10.2","","83","","0.0","","35","","20","","","","95.69","","","","-15","","NA"
"-80.80","46.63","SUDBURY CLIMATE","6068145","2021-01-17 11:00","2021","01","17","11:00","-8.5","","-10.6","","84","","0.0","","35","","12","","","","95.74","","","","-14","","NA"
"-80.80","46.63","SUDBURY CLIMATE","6068145","2021-01-17 12:00","2021","01","17","12:00","-9.4","","-11.6","","85","","0.0","","33","","12","","","","95.84","","","","-15","","NA"
"-80.80","46.63","SUDBURY CLIMATE","6068145","2021-01-17 13:00","2021","01","17","13:00","-10.5","","-12.4","","86","","0.0","","32","","11","","","","95.90","","","","-16","","NA"
"-80.80","46.63","SUDBURY CLIMATE","6068145","2021-01-17 14:00","2021","01","17","14:00","-10.1","","-12.3","","84","","0.0","","35","","12","","","","95.94","","","","-16","","NA"
"-80.80","46.63","SUDBURY CLIMATE","6068145","2021-01-17 15:00","2021","01","17","15:00","-8.9","","-11.4","","82","","0.0","","34","","12","","","","95.99","","","","-15","","NA"
"-80.80","46.63","SUDBURY CLIMATE","6068145","2021-01-17 16:00","2021","01","17","16:00","-7.5","","-10.5","","79","","0.0","","33","","12","","","","96.01","","","","-13","","NA"
"-80.80","46.63","SUDBURY CLIMATE","6068145","2021-01-17 17:00","2021","01","17","17:00","-7.4","","-10.5","","79","","0.0","","34","","13","","","","96.02","","","","-13","","NA"
"-80.80","46.63","SUDBURY CLIMATE","6068145","2021-01-17 18:00","2021","01","17","18:00","-7.0","","-9.9","","80","","0.0","","33","","13","","","","96.02","","","","-13","","NA"
"-80.80","46.63","SUDBURY CLIMATE","6068145","2021-01-17 19:00","2021","01","17","19:00","-6.8","","-9.9","","78","","0.0","","35","","10","","","","96.03","","","","-11","","NA"
"-80.80","46.63","SUDBURY CLIMATE","6068145","2021-01-17 20:00","2021","01","17","20:00","-7.2","","-10.3","","78","","0.0","","35","","10","","","","96.07","","","","-12","","NA"
"-80.80","46.63","SUDBURY CLIMATE","6068145","2021-01-17 21:00","2021","01","17","21:00","-7.6","","-10.6","","79","","0.0","","36","","15","","","","96.10","","","","-14","","NA"
"-80.80","46.63","SUDBURY CLIMATE","6068145","2021-01-17 22:00","2021","01","17","22:00","-8.4","","-11.4","","79","","0.0","","1","","13","","","","96.14","","","","-14","","NA"
"-80.80","46.63","SUDBURY CLIMATE","6068145","2021-01-17 23:00","2021","01","17","23:00","-9.4","","-12.1","","81","","0.0","","36","","10","","","","96.22","","","","-15","","NA"
"-80.80","46.63","SUDBURY CLIMATE","6068145","2021-01-18 00:00","2021","01","18","00:00","-10.2","","-12.7","","81","","0.0","","34","","8","","","","96.28","","","","-15","","NA"
"-80.80","46.63","SUDBURY CLIMATE","6068145","2021-01-18 01:00","2021","01","18","01:00","-10.7","","-12.9","","84","","0.0","","35","","8","","","","96.31","","","","-15","","NA"
"-80.80","46.63","SUDBURY CLIMATE","6068145","2021-01-18 02:00","2021","01","18","02:00","-11.1","","-13.3","","84","","0.0","","35","","7","","","","96.32","","","","-15","","NA"
"-80.80","46.63","SUDBURY CLIMATE","6068145","2021-01-18 03:00","2021","01","18","03:00","-11.6","","-13.8","","84","","0.0","","35","","8","","","","96.34","","","","-16","","NA"
"-80.80","46.63","SUDBURY CLIMATE","6068145","2021-01-18 04:00","2021","01","18","04:00","-12.4","","-14.4","","85","","0.0","","35","","7","","","","96.36","","","","-17","","NA"
"-80.80","46.63","SUDBURY CLIMATE","6068145","2021-01-18 05:00","2021","01","18","05:00","-12.9","","-14.4","","88","","0.0","","1","","13","","","","96.34","","","","-20","","NA"
"-80.80","46.63","SUDBURY CLIMATE","6068145","2021-01-18 06:00","2021","01","18","06:00","-13.4","","-15.0","","88","","0.0","","1","","13","","","","96.33","","","","-20","","NA"
"-80.80","46.63","SUDBURY CLIMATE","6068145","2021-01-18 07:00","2021","01","18","07:00","-13.6","","-15.3","","87","","0.0","","2","","13","","","","96.34","","","","-21","","NA"
"-80.80","46.63","SUDBURY CLIMATE","6068145","2021-01-18 08:00","2021","01","18","08:00","-14.7","","-16.5","","86","","0.0","","1","","16","","","","96.36","","","","-23","","NA"
"-80.80","46.63","SUDBURY CLIMATE","6068145","2021-01-18 09:00","2021","01","18","09:00","-15.7","","-17.5","","86","","0.0","","1","","12","","","","96.38","","","","-23","","NA"
"-80.80","46.63","SUDBURY CLIMATE","6068145","2021-01-18 10:00","2021","01","18","10:00","-15.9","","-17.6","","87","","0.0","","2","","12","","","","96.42","","","","-23","","NA"
"-80.80","46.63","SUDBURY CLIMATE","6068145","2021-01-18 11:00","2021","01","18","11:00","-17.5","","-19.3","","86","","0.0","","32","","5","","","","96.47","","","","-21","","NA"
"-80.80","46.63","SUDBURY CLIMATE","6068145","2021-01-18 12:00","2021","01","18","12:00","-17.1","","-19.0","","85","","0.0","","35","","7","","","","96.52","","","","-22","","NA"
"-80.80","46.63","SUDBURY CLIMATE","6068145","2021-01-18 13:00","2021","01","18","13:00","-17.5","","-19.4","","85","","0.0","","36","","7","","","","96.55","","","","-23","","NA"
"-80.80","46.63","SUDBURY CLIMATE","6068145","2021-01-18 14:00","2021","01","18","14:00","-15.9","","-18.1","","83","","0.0","","2","","11","","","","96.57","","","","-23","","NA"
"-80.80","46.63","SUDBURY CLIMATE","6068145","2021-01-18 15:00","2021","01","18","15:00","-15.3","","-18.1","","79","","0.0","","3","","15","","","","96.62","","","","-23","","NA"
"-80.80","46.63","SUDBURY CLIMATE","6068145","2021-01-18 16:00","2021","01","18","16:00","-14.3","","-17.8","","75","","0.0","","5","","15","","","","96.68","","","","-22","","NA"
"-80.80","46.63","SUDBURY CLIMATE","6068145","2021-01-18 17:00","2021","01","18","17:00","-14.2","","-17.5","","76","","0.0","","5","","13","","","","96.67","","","","-21","","NA"
"-80.80","46.63","SUDBURY CLIMATE","6068145","2021-01-18 18:00","2021","01","18","18:00","-13.2","","-17.6","","70","","0.0","","4","","7","","","","96.68","","","","-18","","NA"
"-80.80","46.63","SUDBURY CLIMATE","6068145","2021-01-18 19:00","2021","01","18","19:00","-12.4","","-17.9","","64","","0.0","","5","","8","","","","96.68","","","","-17","","NA"
"-80.80","46.63","SUDBURY CLIMATE","6068145","2021-01-18 20:00","2021","01","18","20:00","-11.6","","-17.2","","63","","0.0","","3","","5","","","","96.73","","","","-15","","NA"
"-80.80","46.63","SUDBURY CLIMATE","6068145","2021-01-18 21:00","2021","01","18","21:00","-11.5","","-16.4","","67","","0.0","","6","","4","","","","96.78","","","","-14","","NA"
"-80.80","46.63","SUDBURY CLIMATE","6068145","2021-01-18 22:00","2021","01","18","22:00","-11.7","","-16.0","","70","","0.0","","8","","4","","","","96.83","","","","-14","","NA"
"-80.80","46.63","SUDBURY CLIMATE","6068145","2021-01-18 23:00","2021","01","18","23:00","-11.8","","-15.5","","74","","0.0","","9","","7","","","","96.86","","","","-16","","NA"
"-80.80","46.63","SUDBURY CLIMATE","6068145","2021-01-19 00:00","2021","01","19","00:00","-12.3","","-16.4","","72","","0.0","","11","","9","","","","96.89","","","","-18","","NA"
"-80.80","46.63","SUDBURY CLIMATE","6068145","2021-01-19 01:00","2021","01","19","01:00","-12.9","","-15.1","","83","","0.0","","13","","5","","","","96.90","","","","-16","","NA"
"-80.80","46.63","SUDBURY CLIMATE","6068145","2021-01-19 02:00","2021","01","19","02:00","-13.2","","-16.3","","78","","0.0","","12","","3","","","","96.95","","","","-15","","NA"
"-80.80","46.63","SUDBURY CLIMATE","6068145","2021-01-19 03:00","2021","01","19","03:00","-12.8","","-15.9","","77","","0.0","","","","0","","","","96.97","","","","","","NA"
"-80.80","46.63","SUDBURY CLIMATE","6068145","2021-01-19 04:00","2021","01","19","04:00","-12.5","","-15.7","","77","","0.0","","10","","6","","","","96.97","","","","-16","","NA"
"-80.80","46.63","SUDBURY CLIMATE","6068145","2021-01-19 05:00","2021","01","19","05:00","-12.6","","-15.6","","78","","0.0","","10","","1","","","","96.97","","","","-13","","NA"
"-80.80","46.63","SUDBURY CLIMATE","6068145","2021-01-19 06:00","2021","01","19","06:00","-13.0","","-15.6","","81","","0.0","","8","","8","","","","96.92","","","","-18","","NA"
"-80.80","46.63","SUDBURY CLIMATE","6068145","2021-01-19 07:00","2021","01","19","07:00","-13.4","","-15.8","","82","","0.0","","8","","5","","","","96.91","","","","-17","","NA"
"-80.80","46.63","SUDBURY CLIMATE","6068145","2021-01-19 08:00","2021","01","19","08:00","-13.2","","-15.6","","82","","0.0","","9","","7","","","","96.91","","","","-18","","NA"
"-80.80","46.63","SUDBURY CLIMATE","6068145","2021-01-19 09:00","2021","01","19","09:00","-13.1","","-15.3","","83","","0.0","","12","","7","","","","96.89","","","","-18","","NA"
"-80.80","46.63","SUDBURY CLIMATE","6068145","2021-01-19 10:00","2021","01","19","10:00","-13.0","","-15.0","","84","","0.0","","11","","7","","","","96.86","","","","-18","","NA"
"-80.80","46.63","SUDBURY CLIMATE","6068145","2021-01-19 11:00","2021","01","19","11:00","-13.0","","-14.9","","85","","0.1","","11","","5","","","","96.88","","","","-16","","NA"
"-80.80","46.63","SUDBURY CLIMATE","6068145","2021-01-19 12:00","2021","01","19","12:00","-13.0","","-14.8","","86","","0.1","","7","","4","","","","96.85","","","","-16","","NA"
"-80.80","46.63","SUDBURY CLIMATE","6068145","2021-01-19 13:00","2021","01","19","13:00","-12.9","","-14.6","","87","","0.0","","6","","5","","","","96.87","","","","-16","","NA"
"-80.80","46.63","SUDBURY CLIMATE","6068145","2021-01-19 14:00","2021","01","19","14:00","-12.7","","-14.5","","86","","0.2","","5","","3","","","","96.89","","","","-15","","NA"
"-80.80","46.63","SUDBURY CLIMATE","6068145","2021-01-19 15:00","2021","01","19","15:00","-11.9","","-13.9","","85","","0.1","","17","","2","","","","96.89","","","","-13","","NA"
"-80.80","46.63","SUDBURY CLIMATE","6068145","2021-01-19 16:00","2021","01","19","16:00","-11.4","","-13.6","","84","","0.1","","21","","2","","","","96.88","","","","-13","","NA"
"-80.80","46.63","SUDBURY CLIMATE","6068145","2021-01-19 17:00","2021","01","19","17:00","-9.9","","-12.3","","83","","0.0","","23","","8","","","","96.87","","","","-14","","NA"
"-80.80","46.63","SUDBURY CLIMATE","6068145","2021-01-19 18:00","2021","01","19","18:00","-8.1","","-11.0","","79","","0.0","","26","","9","","","","96.84","","","","-13","","NA"
"-80.80","46.63","SUDBURY CLIMATE","6068145","2021-01-19 19:00","2021","01","19","19:00","-7.2","","-10.7","","76","","0.0","","31","","9","","","","96.83","","","","-12","","NA"
"-80.80","46.63","SUDBURY CLIMATE","6068145","2021-01-19 20:00","2021","01","19","20:00","-6.4","","-11.6","","67","","0.0","","30","","10","","","","96.89","","","","-11","","NA"
"-80.80","46.63","SUDBURY CLIMATE","6068145","2021-01-19 21:00","2021","01","19","21:00","-6.8","","-12.1","","66","","0.0","","30","","9","","","","96.93","","","","-11","","NA"
"-80.80","46.63","SUDBURY CLIMATE","6068145","2021-01-19 22:00","2021","01","19","22:00","-7.5","","-11.5","","73","","0.0","","33","","6","","","","96.97","","","","-11","","NA"
"-80.80","46.63","SUDBURY CLIMATE","6068145","2021-01-19 23:00","2021","01","19","23:00","-8.5","","-11.1","","82","","0.0","","34","","10","","","","97.02","","","","-13","","NA"
"-80.80","46.63","SUDBURY CLIMATE","6068145","2021-01-20 00:00","2021","01","20","00:00","-10.7","","-14.8","","72","","0.0","","34","","12","","","","97.08","","","","-17","","NA"
"-80.80","46.63","SUDBURY CLIMATE","6068145","2021-01-20 01:00","2021","01","20","01:00","-12.2","","-16.0","","73","","0.0","","34","","7","","","","97.13","","","","-17","","NA"
"-80.80","46.63","SUDBURY CLIMATE","6068145","2021-01-20 02:00","2021","01","20","02:00","-13.3","","-16.6","","76","","0.0","","35","","12","","","","97.14","","","","-20","","NA"
"-80.80","46.63","SUDBURY CLIMATE","6068145","2021-01-20 03:00","2021","01","20","03:00","-15.6","","-17.9","","83","","0.0","","33","","7","","","","97.16","","","","-21","","NA"
"-80.80","46.63","SUDBURY CLIMATE","6068145","2021-01-20 04:00","2021","01","20","04:00","-16.2","","-18.4","","83","","0.0","","33","","8","","","","97.19","","","","-22","","NA"
"-80.80","46.63","SUDBURY CLIMATE","6068145","2021-01-20 05:00","2021","01","20","05:00","-17.2","","-19.1","","85","","0.0","","32","","6","","","","97.16","","","","-22","","NA"
"-80.80","46.63","SUDBURY CLIMATE","6068145","2021-01-20 06:00","2021","01","20","06:00","-16.9","","-19.1","","83","","0.0","","33","","9","","","","97.14","","","","-23","","NA"
"-80.80","46.63","SUDBURY CLIMATE","6068145","2021-01-20 07:00","2021","01","20","07:00","-17.3","","-20.1","","79","","0.0","","34","","9","","","","97.17","","","","-24","","NA"
"-80.80","46.63","SUDBURY CLIMATE","6068145","2021-01-20 08:00","2021","01","20","08:00","-17.9","","-20.4","","81","","0.0","","36","","10","","","","97.24","","","","-25","","NA"
"-80.80","46.63","SUDBURY CLIMATE","6068145","2021-01-20 09:00","2021","01","20","09:00","-18.2","","-20.4","","83","","0.0","","35","","5","","","","97.33","","","","-22","","NA"
"-80.80","46.63","SUDBURY CLIMATE","6068145","2021-01-20 10:00","2021","01","20","10:00","-18.4","","-21.1","","80","","0.0","","36","","8","","","","97.35","","","","-24","","NA"
"-80.80","46.63","SUDBURY CLIMATE","6068145","2021-01-20 11:00","2021","01","20","11:00","-19.2","","-21.6","","81","","0.0","","2","","8","","","","97.41","","","","-25","","NA"
"-80.80","46.63","SUDBURY CLIMATE","6068145","2021-01-20 12:00","2021","01","20","12:00","-19.7","","-21.9","","83","","0.0","","3","","10","","","","97.42","","","","-27","","NA"
"-80.80","46.63","SUDBURY CLIMATE","6068145","2021-01-20 13:00","2021","01","20","13:00","-20.1","","-22.2","","84","","0.0","","36","","3","","","","97.47","","","","-23","","NA"
"-80.80","46.63","SUDBURY CLIMATE","6068145","2021-01-20 14:00","2021","01","20","14:00","-20.1","","-22.4","","82","","0.0","","4","","2","","","","97.49","","","","-22","","NA"
"-80.80","46.63","SUDBURY CLIMATE","6068145","2021-01-20 15:00","2021","01","20","15:00","-19.3","","-22.6","","75","","0.0","","8","","2","","","","97.53","","","","-21","","NA"
"-80.80","46.63","SUDBURY CLIMATE","6068145","2021-01-20 16:00","2021","01","20","16:00","-18.1","","-21.8","","73","","0.0","","20","","4","","","","97.55","","","","-21","","NA"
"-80.80","46.63","SUDBURY CLIMATE","6068145","2021-01-20 17:00","2021","01","20","17:00","-17.6","","-21.7","","71","","0.0","","19","","7","","","","97.50","","","","-23","","NA"
"-80.80","46.63","SUDBURY CLIMATE","6068145","2021-01-20 18:00","2021","01","20","18:00","-16.8","","-20.5","","73","","0.0","","21","","13","","","","97.43","","","","-25","","NA"
"-80.80","46.63","SUDBURY CLIMATE","6068145","2021-01-20 19:00","2021","01","20","19:00","-16.3","","-20.3","","72","","0.0","","17","","12","","","","97.29","","","","-24","","NA"
"-80.80","46.63","SUDBURY CLIMATE","6068145","2021-01-20 20:00","2021","01","20","20:00","-15.3","","-19.4","","71","","0.0","","17","","11","","","","97.19","","","","-22","","NA"
"-80.80","46.63","SUDBURY CLIMATE","6068145","2021-01-20 21:00","2021","01","20","21:00","-15.1","","-18.4","","75","","0.0","","17","","16","","","","97.12","","","","-23","","NA"
"-80.80","46.63","SUDBURY CLIMATE","6068145","2021-01-20 22:00","2021","01","20","22:00","-15.5","","-18.3","","79","","0.0","","15","","17","","","","96.99","","","","-24","","NA"
"-80.80","46.63","SUDBURY CLIMATE","6068145","2021-01-20 23:00","2021","01","20","23:00","-15.9","","-18.5","","80","","0.0","","14","","17","","","","96.88","","","","-25","","NA"
"-80.80","46.63","SUDBURY CLIMATE","6068145","2021-01-21 00:00","2021","01","21","00:00","-15.2","","-17.4","","83","","0.0","","14","","25","","","","96.69","","","","-25","","NA"
"-80.80","46.63","SUDBURY CLIMATE","6068145","2021-01-21 01:00","2021","01","21","01:00","-14.1","","-16.3","","84","","0.0","","15","","27","","","","96.49","","","","-24","","NA"
"-80.80","46.63","SUDBURY CLIMATE","6068145","2021-01-21 02:00","2021","01","21","02:00","-13.2","","-14.9","","87","","0.0","","15","","27","","","","96.29","","","","-23","","NA"
"-80.80","46.63","SUDBURY CLIMATE","6068145","2021-01-21 03:00","2021","01","21","03:00","-11.7","","-13.2","","89","","0.0","","15","","26","","","","96.12","","","","-21","","NA"
"-80.80","46.63","SUDBURY CLIMATE","6068145","2021-01-21 04:00","2021","01","21","04:00","-10.6","","-11.9","","90","","0.1","","15","","25","","","","95.94","","","","-20","","NA"
"-80.80","46.63","SUDBURY CLIMATE","6068145","2021-01-21 05:00","2021","01","21","05:00","-8.6","","-9.7","","92","","0.5","","15","","23","","","","95.71","","","","-17","","NA"
"-80.80","46.63","SUDBURY CLIMATE","6068145","2021-01-21 06:00","2021","01","21","06:00","-7.5","","-8.6","","92","","0.7","","16","","25","","","","95.49","","","","-16","","NA"
"-80.80","46.63","SUDBURY CLIMATE","6068145","2021-01-21 07:00","2021","01","21","07:00","-7.1","","-8.1","","93","","0.6","","15","","24","","","","95.34","","","","-15","","NA"
"-80.80","46.63","SUDBURY CLIMATE","6068145","2021-01-21 08:00","2021","01","21","08:00","-5.1","","-5.7","","96","","0.1","","18","","16","","","","95.29","","","","-11","","NA"
"-80.80","46.63","SUDBURY CLIMATE","6068145","2021-01-21 09:00","2021","01","21","09:00","-3.3","","-4.2","","94","","0.3","","21","","26","","","","95.19","","","","-10","","NA"
"-80.80","46.63","SUDBURY CLIMATE","6068145","2021-01-21 10:00","2021","01","21","10:00","-3.2","","-4.2","","93","","0.0","","20","","17","","","","95.10","","","","-9","","NA"
"-80.80","46.63","SUDBURY CLIMATE","6068145","2021-01-21 11:00","2021","01","21","11:00","-3.0","","-3.8","","94","","0.3","","20","","20","","","","95.02","","","","-9","","NA"
"-80.80","46.63","SUDBURY CLIMATE","6068145","2021-01-21 12:00","2021","01","21","12:00","-2.6","","-3.4","","95","","0.2","","20","","21","","","","94.96","","","","-9","","NA"
"-80.80","46.63","SUDBURY CLIMATE","6068145","2021-01-21 13:00","2021","01","21","13:00","-1.9","","-2.6","","95","","0.2","","21","","23","","","","94.90","","","","-8","","NA"
"-80.80","46.63","SUDBURY CLIMATE","6068145","2021-01-21 14:00","2021","01","21","14:00","-1.1","","-1.9","","94","","0.1","","23","","22","","","","94.89","","","","-7","","NA"
"-80.80","46.63","SUDBURY CLIMATE","6068145","2021-01-21 15:00","2021","01","21","15:00","-0.5","","-2.2","","88","","0.2","","24","","22","","","","94.88","","","","-6","","NA"
"-80.80","46.63","SUDBURY CLIMATE","6068145","2021-01-21 16:00","2021","01","21","16:00","0.0","","-2.6","","83","","0.0","","25","","19","","","","94.89","","","","-5","","NA"
"-80.80","46.63","SUDBURY CLIMATE","6068145","2021-01-21 17:00","2021","01","21","17:00","-0.1","","-4.9","","70","","0.0","","28","","23","","","","94.86","","","","-6","","NA"
"-80.80","46.63","SUDBURY CLIMATE","6068145","2021-01-21 18:00","2021","01","21","18:00","-0.9","","-6.6","","65","","0.0","","28","","19","","","","94.89","","","","-6","","NA"
"-80.80","46.63","SUDBURY CLIMATE","6068145","2021-01-21 19:00","2021","01","21","19:00","-1.1","","-8.0","","60","","0.0","","28","","20","","","","94.93","","","","-7","","NA"
"-80.80","46.63","SUDBURY CLIMATE","6068145","2021-01-21 20:00","2021","01","21","20:00","-1.1","","-8.1","","59","","0.0","","29","","15","","","","95.00","","","","-6","","NA"
"-80.80","46.63","SUDBURY CLIMATE","6068145","2021-01-21 21:00","2021","01","21","21:00","-1.2","","-8.6","","57","","0.0","","30","","15","","","","95.08","","","","-6","","NA"
"-80.80","46.63","SUDBURY CLIMATE","6068145","2021-01-21 22:00","2021","01","21","22:00","-1.9","","-7.9","","64","","0.0","","32","","7","","","","95.16","","","","-5","","NA"
"-80.80","46.63","SUDBURY CLIMATE","6068145","2021-01-21 23:00","2021","01","21","23:00","-2.7","","-8.3","","65","","0.0","","31","","9","","","","95.23","","","","-6","","NA"
"-80.80","46.63","SUDBURY CLIMATE","6068145","2021-01-22 00:00","2021","01","22","00:00","-3.9","","-9.4","","66","","0.0","","31","","9","","","","95.31","","","","-8","","NA"
"-80.80","46.63","SUDBURY CLIMATE","6068145","2021-01-22 01:00","2021","01","22","01:00","-5.2","","-9.6","","71","","0.0","","32","","9","","","","95.37","","","","-9","","NA"
"-80.80","46.63","SUDBURY CLIMATE","6068145","2021-01-22 02:00","2021","01","22","02:00","-6.7","","-10.5","","75","","0.0","","32","","7","","","","95.44","","","","-10","","NA"
"-80.80","46.63","SUDBURY CLIMATE","6068145","2021-01-22 03:00","2021","01","22","03:00","-6.5","","-10.5","","73","","0.0","","33","","10","","","","95.52","","","","-11","","NA"
"-80.80","46.63","SUDBURY CLIMATE","6068145","2021-01-22 04:00","2021","01","22","04:00","-6.0","","-10.5","","70","","0.0","","32","","19","","","","95.60","","","","-13","","NA"
"-80.80","46.63","SUDBURY CLIMATE","6068145","2021-01-22 05:00","2021","01","22","05:00","-6.8","","-10.9","","72","","0.0","","34","","13","","","","95.73","","","","-12","","NA"
"-80.80","46.63","SUDBURY CLIMATE","6068145","2021-01-22 06:00","2021","01","22","06:00","-8.1","","-12.5","","71","","0.0","","34","","13","","","","95.81","","","","-14","","NA"
"-80.80","46.63","SUDBURY CLIMATE","6068145","2021-01-22 07:00","2021","01","22","07:00","-9.8","","-13.9","","72","","0.0","","34","","15","","","","95.86","","","","-16","","NA"
"-80.80","46.63","SUDBURY CLIMATE","6068145","2021-01-22 08:00","2021","01","22","08:00","-11.2","","-15.3","","72","","0.0","","1","","22","","","","95.89","","","","-20","","NA"
"-80.80","46.63","SUDBURY CLIMATE","6068145","2021-01-22 09:00","2021","01","22","09:00","-11.8","","-16.1","","71","","0.0","","34","","16","","","","96.06","","","","-19","","NA"
"-80.80","46.63","SUDBURY CLIMATE","6068145","2021-01-22 10:00","2021","01","22","10:00","-12.5","","-16.5","","72","","0.0","","34","","8","","","","96.15","","","","-17","","NA"
"-80.80","46.63","SUDBURY CLIMATE","6068145","2021-01-22 11:00","2021","01","22","11:00","-13.2","","-16.8","","74","","0.0","","34","","11","","","","96.25","","","","-19","","NA"
"-80.80","46.63","SUDBURY CLIMATE","6068145","2021-01-22 12:00","2021","01","22","12:00","-13.5","","-16.1","","80","","0.0","","34","","8","","","","96.30","","","","-19","","NA"
"-80.80","46.63","SUDBURY CLIMATE","6068145","2021-01-22 13:00","2021","01","22","13:00","-13.9","","-17.0","","77","","0.1","","35","","13","","","","96.37","","","","-21","","NA"
"-80.80","46.63","SUDBURY CLIMATE","6068145","2021-01-22 14:00","2021","01","22","14:00","-14.0","","-17.5","","74","","0.0","","35","","12","","","","96.48","","","","-21","","NA"
"-80.80","46.63","SUDBURY CLIMATE","6068145","2021-01-22 15:00","2021","01","22","15:00","-13.9","","-18.0","","71","","0.0","","35","","15","","","","96.59","","","","-22","","NA"
"-80.80","46.63","SUDBURY CLIMATE","6068145","2021-01-22 16:00","2021","01","22","16:00","-13.7","","-18.7","","66","","0.0","","34","","16","","","","96.68","","","","-22","","NA"
"-80.80","46.63","SUDBURY CLIMATE","6068145","2021-01-22 17:00","2021","01","22","17:00","-13.1","","-19.0","","61","","0.0","","35","","14","","","","96.68","","","","-20","","NA"
"-80.80","46.63","SUDBURY CLIMATE","6068145","2021-01-22 18:00","2021","01","22","18:00","-12.2","","-18.6","","59","","0.0","","33","","12","","","","96.70","","","","-19","","NA"
"-80.80","46.63","SUDBURY CLIMATE","6068145","2021-01-22 19:00","2021","01","22","19:00","-12.0","","-19.3","","55","","0.0","","33","","10","","","","96.76","","","","-18","","NA"
"-80.80","46.63","SUDBURY CLIMATE","6068145","2021-01-22 20:00","2021","01","22","20:00","-12.3","","-19.1","","57","","0.0","","33","","13","","","","96.86","","","","-19","","NA"
"-80.80","46.63","SUDBURY CLIMATE","6068145","2021-01-22 21:00","2021","01","22","21:00","-12.4","","-18.9","","59","","0.0","","32","","12","","","","96.94","","","","-19","","NA"
"-80.80","46.63","SUDBURY CLIMATE","6068145","2021-01-22 22:00","2021","01","22","22:00","-13.1","","-17.8","","67","","0.0","","35","","13","","","","97.05","","","","-20","","NA"
"-80.80","46.63","SUDBURY CLIMATE","6068145","2021-01-22 23:00","2021","01","22","23:00","-14.2","","-18.7","","69","","0.0","","35","","10","","","","97.14","","","","-20","","NA"
"-80.80","46.63","SUDBURY CLIMATE","6068145","2021-01-23 00:00","2021","01","23","00:00","-15.1","","-19.1","","71","","0.0","","35","","11","","","","97.20","","","","-22","","NA"
"-80.80","46.63","SUDBURY CLIMATE","6068145","2021-01-23 01:00","2021","01","23","01:00","-15.4","","-18.8","","75","","0.0","","1","","9","","","","97.27","","","","-21","","NA"
"-80.80","46.63","SUDBURY CLIMATE","6068145","2021-01-23 02:00","2021","01","23","02:00","-15.9","","-19.3","","75","","0.0","","36","","12","","","","97.35","","","","-23","","NA"
"-80.80","46.63","SUDBURY CLIMATE","6068145","2021-01-23 03:00","2021","01","23","03:00","-16.2","","-19.3","","77","","0.0","","35","","12","","","","97.37","","","","-23","","NA"
"-80.80","46.63","SUDBURY CLIMATE","6068145","2021-01-23 04:00","2021","01","23","04:00","-16.3","","-19.3","","78","","0.0","","34","","10","","","","97.43","","","","-23","","NA"
"-80.80","46.63","SUDBURY CLIMATE","6068145","2021-01-23 05:00","2021","01","23","05:00","-17.3","","-20.3","","77","","0.0","","36","","10","","","","97.49","","","","-24","","NA"
"-80.80","46.63","SUDBURY CLIMATE","6068145","2021-01-23 06:00","2021","01","23","06:00","-17.9","","-20.8","","78","","0.0","","36","","9","","","","97.55","","","","-24","","NA"
"-80.80","46.63","SUDBURY CLIMATE","6068145","2021-01-23 07:00","2021","01","23","07:00","-18.4","","-21.0","","80","","0.0","","1","","9","","","","97.63","","","","-25","","NA"
"-80.80","46.63","SUDBURY CLIMATE","6068145","2021-01-23 08:00","2021","01","23","08:00","-18.6","","-21.1","","81","","0.0","","1","","7","","","","97.71","","","","-24","","NA"
"-80.80","46.63","SUDBURY CLIMATE","6068145","2021-01-23 09:00","2021","01","23","09:00","-18.7","","-21.5","","79","","0.0","","33","","8","","","","97.75","","","","-25","","NA"
"-80.80","46.63","SUDBURY CLIMATE","6068145","2021-01-23 10:00","2021","01","23","10:00","-19.8","","-22.3","","80","","0.0","","34","","7","","","","97.80","","","","-25","","NA"
"-80.80","46.63","SUDBURY CLIMATE","6068145","2021-01-23 11:00","2021","01","23","11:00","-20.1","","-22.4","","82","","0.0","","35","","6","","","","97.86","","","","-25","","NA"
"-80.80","46.63","SUDBURY CLIMATE","6068145","2021-01-23 12:00","2021","01","23","12:00","-20.2","","-22.5","","82","","0.0","","35","","6","","","","97.93","","","","-25","","NA"
"-80.80","46.63","SUDBURY CLIMATE","6068145","2021-01-23 13:00","2021","01","23","13:00","-20.2","","-22.5","","82","","0.0","","33","","6","","","","98.02","","","","-25","","NA"
"-80.80","46.63","SUDBURY CLIMATE","6068145","2021-01-23 14:00","2021","01","23","14:00","-20.1","","-22.6","","80","","0.0","","35","","5","","","","98.10","","","","-24","","NA"
"-80.80","46.63","SUDBURY CLIMATE","6068145","2021-01-23 15:00","2021","01","23","15:00","-19.7","","-23.4","","72","","0.0","","36","","7","","","","98.12","","","","-25","","NA"
"-80.80","46.63","SUDBURY CLIMATE","6068145","2021-01-23 16:00","2021","01","23","16:00","-18.2","","-23.1","","66","","0.0","","33","","7","","","","98.20","","","","-24","","NA"
"-80.80","46.63","SUDBURY CLIMATE","6068145","2021-01-23 17:00","2021","01","23","17:00","-16.5","","-23.0","","58","","0.0","","29","","4","","","","98.16","","","","-20","","NA"
"-80.80","46.63","SUDBURY CLIMATE","6068145","2021-01-23 18:00","2021","01","23","18:00","-15.4","","-22.2","","56","","0.0","","26","","8","","","","98.15","","","","-21","","NA"
"-80.80","46.63","SUDBURY CLIMATE","6068145","2021-01-23 19:00","2021","01","23","19:00","-13.9","","-21.4","","53","","0.0","","26","","8","","","","98.16","","","","-19","","NA"
"-80.80","46.63","SUDBURY CLIMATE","6068145","2021-01-23 20:00","2021","01","23","20:00","-13.4","","-20.1","","57","","0.0","","24","","6","","","","98.18","","","","-17","","NA"
"-80.80","46.63","SUDBURY CLIMATE","6068145","2021-01-23 21:00","2021","01","23","21:00","-13.2","","-19.9","","57","","0.0","","25","","6","","","","98.21","","","","-17","","NA"
"-80.80","46.63","SUDBURY CLIMATE","6068145","2021-01-23 22:00","2021","01","23","22:00","-12.9","","-19.5","","58","","0.0","","30","","7","","","","98.26","","","","-17","","NA"
"-80.80","46.63","SUDBURY CLIMATE","6068145","2021-01-23 23:00","2021","01","23","23:00","-13.5","","-19.5","","61","","0.0","","35","","1","","","","98.29","","","","-14","","NA"
"-80.80","46.63","SUDBURY CLIMATE","6068145","2021-01-24 00:00","2021","01","24","00:00","-13.6","","-19.3","","62","","0.0","","31","","2","","","","98.32","","","","-15","","NA"
"-80.80","46.63","SUDBURY CLIMATE","6068145","2021-01-24 01:00","2021","01","24","01:00","-13.9","","-19.6","","62","","0.0","","34","","4","","","","98.33","","","","-17","","NA"
"-80.80","46.63","SUDBURY CLIMATE","6068145","2021-01-24 02:00","2021","01","24","02:00","-14.4","","-19.6","","65","","0.0","","32","","3","","","","98.36","","","","-17","","NA"
"-80.80","46.63","SUDBURY CLIMATE","6068145","2021-01-24 03:00","2021","01","24","03:00","-14.9","","-19.5","","68","","0.0","","2","","5","","","","98.35","","","","-18","","NA"
"-80.80","46.63","SUDBURY CLIMATE","6068145","2021-01-24 04:00","2021","01","24","04:00","-14.7","","-19.5","","67","","0.0","","33","","5","","","","98.34","","","","-18","","NA"
"-80.80","46.63","SUDBURY CLIMATE","6068145","2021-01-24 05:00","2021","01","24","05:00","-14.6","","-19.0","","69","","0.0","","30","","2","","","","98.33","","","","-16","","NA"
"-80.80","46.63","SUDBURY CLIMATE","6068145","2021-01-24 06:00","2021","01","24","06:00","-16.6","","-19.9","","76","","0.0","","36","","2","","","","98.29","","","","-18","","NA"
"-80.80","46.63","SUDBURY CLIMATE","6068145","2021-01-24 07:00","2021","01","24","07:00","-15.7","","-18.4","","80","","0.0","","9","","3","","","","98.28","","","","-18","","NA"
"-80.80","46.63","SUDBURY CLIMATE","6068145","2021-01-24 08:00","2021","01","24","08:00","-14.9","","-17.7","","79","","0.0","","13","","2","","","","98.30","","","","-16","","NA"
"-80.80","46.63","SUDBURY CLIMATE","6068145","2021-01-24 09:00","2021","01","24","09:00","-14.7","","-18.5","","73","","0.0","","15","","2","","","","98.31","","","","-16","","NA"
"-80.80","46.63","SUDBURY CLIMATE","6068145","2021-01-24 10:00","2021","01","24","10:00","-14.8","","-19.1","","70","","0.0","","12","","5","","","","98.28","","","","-18","","NA"
"-80.80","46.63","SUDBURY CLIMATE","6068145","2021-01-24 11:00","2021","01","24","11:00","-14.8","","-18.8","","72","","0.0","","12","","6","","","","98.27","","","","-19","","NA"
"-80.80","46.63","SUDBURY CLIMATE","6068145","2021-01-24 12:00","2021","01","24","12:00","-15.1","","-19.1","","71","","0.0","","12","","10","","","","98.22","","","","-21","","NA"
"-80.80","46.63","SUDBURY CLIMATE","6068145","2021-01-24 13:00","2021","01","24","13:00","-15.0","","-18.7","","73","","0.0","","16","","7","","","","98.22","","","","-20","","NA"
"-80.80","46.63","SUDBURY CLIMATE","6068145","2021-01-24 14:00","2021","01","24","14:00","-14.9","","-18.8","","72","","0.0","","17","","8","","","","98.20","","","","-20","","NA"
"-80.80","46.63","SUDBURY CLIMATE","6068145","2021-01-24 15:00","2021","01","24","15:00","-14.7","","-19.3","","68","","0.0","","13","","10","","","","98.17","","","","-21","","NA"
"-80.80","46.63","SUDBURY CLIMATE","6068145","2021-01-24 16:00","2021","01","24","16:00","-14.2","","-19.7","","63","","0.0","","12","","12","","","","98.13","","","","-21","","NA"
"-80.80","46.63","SUDBURY CLIMATE","6068145","2021-01-24 17:00","2021","01","24","17:00","-13.6","","-18.6","","66","","0.0","","13","","9","","","","98.04","","","","-19","","NA"
"-80.80","46.63","SUDBURY CLIMATE","6068145","2021-01-24 18:00","2021","01","24","18:00","-13.3","","-18.1","","67","","0.0","","11","","10","","","","97.99","","","","-19","","NA"
"-80.80","46.63","SUDBURY CLIMATE","6068145","2021-01-24 19:00","2021","01","24","19:00","-12.7","","-16.9","","70","","0.0","","12","","11","","","","97.89","","","","-19","","NA"
"-80.80","46.63","SUDBURY CLIMATE","6068145","2021-01-24 20:00","2021","01","24","20:00","-11.6","","-15.7","","72","","0.0","","12","","10","","","","97.83","","","","-17","","NA"
"-80.80","46.63","SUDBURY CLIMATE","6068145","2021-01-24 21:00","2021","01","24","21:00","-11.4","","-14.9","","75","","0.0","","12","","9","","","","97.78","","","","-17","","NA"
"-80.80","46.63","SUDBURY CLIMATE","6068145","2021-01-24 22:00","2021","01","24","22:00","-11.5","","-14.1","","81","","0.0","","11","","8","","","","97.75","","","","-16","","NA"
"-80.80","46.63","SUDBURY CLIMATE","6068145","2021-01-24 23:00","2021","01","24","23:00","-11.8","","-13.8","","85","","0.2","","10","","8","","","","97.71","","","","-17","","NA"
"-80.80","46.63","SUDBURY CLIMATE","6068145","2021-01-25 00:00","2021","01","25","00:00","-11.9","","-13.6","","87","","0.3","","11","","8","","","","97.68","","","","-17","","NA"
"-80.80","46.63","SUDBURY CLIMATE","6068145","2021-01-25 01:00","2021","01","25","01:00","-11.9","","-13.7","","87","","0.2","","12","","9","","","","97.62","","","","-17","","NA"
"-80.80","46.63","SUDBURY CLIMATE","6068145","2021-01-25 02:00","2021","01","25","02:00","-11.9","","-13.5","","87","","0.1","","11","","9","","","","97.58","","","","-17","","NA"
"-80.80","46.63","SUDBURY CLIMATE","6068145","2021-01-25 03:00","2021","01","25","03:00","-11.6","","-13.2","","88","","0.1","","11","","7","","","","97.53","","","","-16","","NA"
"-80.80","46.63","SUDBURY CLIMATE","6068145","2021-01-25 04:00","2021","01","25","04:00","-11.4","","-13.0","","88","","0.3","","10","","8","","","","97.46","","","","-16","","NA"
"-80.80","46.63","SUDBURY CLIMATE","6068145","2021-01-25 05:00","2021","01","25","05:00","-10.8","","-12.3","","89","","0.2","","13","","6","","","","97.44","","","","-14","","NA"
"-80.80","46.63","SUDBURY CLIMATE","6068145","2021-01-25 06:00","2021","01","25","06:00","-10.4","","-11.9","","89","","0.2","","10","","1","","","","97.42","","","","-11","","NA"
"-80.80","46.63","SUDBURY CLIMATE","6068145","2021-01-25 07:00","2021","01","25","07:00","-10.5","","-12.0","","89","","0.1","","5","","5","","","","97.39","","","","-14","","NA"
"-80.80","46.63","SUDBURY CLIMATE","6068145","2021-01-25 08:00","2021","01","25","08:00","-10.3","","-11.7","","89","","0.2","","4","","4","","","","97.41","","","","-13","","NA"
"-80.80","46.63","SUDBURY CLIMATE","6068145","2021-01-25 09:00","2021","01","25","09:00","-9.9","","-11.2","","90","","0.2","","33","","2","","","","97.43","","","","-11","","NA"
"-80.80","46.63","SUDBURY CLIMATE","6068145","2021-01-25 10:00","2021","01","25","10:00","-10.1","","-11.4","","90","","0.1","","30","","3","","","","97.44","","","","-12","","NA"
"-80.80","46.63","SUDBURY CLIMATE","6068145","2021-01-25 11:00","2021","01","25","11:00","-10.4","","-11.2","","94","","0.0","","28","","8","","","","97.48","","","","-15","","NA"
"-80.80","46.63","SUDBURY CLIMATE","6068145","2021-01-25 12:00","2021","01","25","12:00","-11.3","","-12.0","","94","","0.0","","29","","3","","","","97.46","","","","-13","","NA"
"-80.80","46.63","SUDBURY CLIMATE","6068145","2021-01-25 13:00","2021","01","25","13:00","-12.8","","-13.6","","93","","0.0","","24","","3","","","","97.38","","","","-15","","NA"
"-80.80","46.63","SUDBURY CLIMATE","6068145","2021-01-25 14:00","2021","01","25","14:00","-13.4","","-14.7","","90","","0.0","","24","","8","","","","97.48","","","","-18","","NA"
"-80.80","46.63","SUDBURY CLIMATE","6068145","2021-01-25 15:00","2021","01","25","15:00","-11.9","","-13.6","","88","","0.0","","26","","5","","","","97.58","","","","-15","","NA"
"-80.80","46.63","SUDBURY CLIMATE","6068145","2021-01-25 16:00","2021","01","25","16:00","-9.2","","-10.9","","88","","0.0","","27","","5","","","","97.55","","","","-12","","NA"
"-80.80","46.63","SUDBURY CLIMATE","6068145","2021-01-25 17:00","2021","01","25","17:00","-7.4","","-9.9","","83","","0.0","","24","","5","","","","97.50","","","","-10","","NA"
"-80.80","46.63","SUDBURY CLIMATE","6068145","2021-01-25 18:00","2021","01","25","18:00","-5.4","","-9.8","","71","","0.0","","17","","5","","","","97.49","","","","-8","","NA"
"-80.80","46.63","SUDBURY CLIMATE","6068145","2021-01-25 19:00","2021","01","25","19:00","-4.6","","-9.2","","70","","0.0","","21","","7","","","","97.47","","","","-8","","NA"
"-80.80","46.63","SUDBURY CLIMATE","6068145","2021-01-25 20:00","2021","01","25","20:00","-3.7","","-10.8","","58","","0.0","","30","","8","","","","97.43","","","","-7","","NA"
"-80.80","46.63","SUDBURY CLIMATE","6068145","2021-01-25 21:00","2021","01","25","21:00","-4.3","","-9.9","","65","","0.0","","34","","9","","","","97.47","","","","-8","","NA"
"-80.80","46.63","SUDBURY CLIMATE","6068145","2021-01-25 22:00","2021","01","25","22:00","-5.6","","-8.8","","78","","0.0","","5","","6","","","","97.55","","","","-8","","NA"
"-80.80","46.63","SUDBURY CLIMATE","6068145","2021-01-25 23:00","2021","01","25","23:00","-5.5","","-10.0","","71","","0.0","","1","","6","","","","97.58","","","","-8","","NA"
"-80.80","46.63","SUDBURY CLIMATE","6068145","2021-01-26 00:00","2021","01","26","00:00","-6.0","","-10.3","","72","","0.0","","4","","7","","","","97.61","","","","-9","","NA"
"-80.80","46.63","SUDBURY CLIMATE","6068145","2021-01-26 01:00","2021","01","26","01:00","-6.4","","-11.4","","68","","0.0","","2","","5","","","","97.64","","","","-9","","NA"
"-80.80","46.63","SUDBURY CLIMATE","6068145","2021-01-26 02:00","2021","01","26","02:00","-7.5","","-12.9","","65","","0.0","","2","","9","","","","97.59","","","","-12","","NA"
"-80.80","46.63","SUDBURY CLIMATE","6068145","2021-01-26 03:00","2021","01","26","03:00","-9.2","","-13.3","","72","","0.0","","1","","6","","","","97.57","","","","-13","","NA"
"-80.80","46.63","SUDBURY CLIMATE","6068145","2021-01-26 04:00","2021","01","26","04:00","-10.7","","-13.5","","80","","0.0","","3","","8","","","","97.58","","","","-15","","NA"
"-80.80","46.63","SUDBURY CLIMATE","6068145","2021-01-26 05:00","2021","01","26","05:00","-11.4","","-12.7","","90","","0.0","","3","","9","","","","97.57","","","","-17","","NA"
"-80.80","46.63","SUDBURY CLIMATE","6068145","2021-01-26 06:00","2021","01","26","06:00","-11.1","","-12.7","","88","","0.0","","3","","15","","","","97.56","","","","-18","","NA"
"-80.80","46.63","SUDBURY CLIMATE","6068145","2021-01-26 07:00","2021","01","26","07:00","-10.8","","-12.5","","87","","0.0","","2","","15","","","","97.56","","","","-18","","NA"
"-80.80","46.63","SUDBURY CLIMATE","6068145","2021-01-26 08:00","2021","01","26","08:00","-10.7","","-12.4","","87","","0.0","","3","","14","","","","97.56","","","","-17","","NA"
"-80.80","46.63","SUDBURY CLIMATE","6068145","2021-01-26 09:00","2021","01","26","09:00","-11.1","","-12.8","","87","","0.0","","4","","16","","","","97.55","","","","-18","","NA"
"-80.80","46.63","SUDBURY CLIMATE","6068145","2021-01-26 10:00","2021","01","26","10:00","-11.7","","-13.4","","87","","0.0","","2","","18","","","","97.52","","","","-20","","NA"
"-80.80","46.63","SUDBURY CLIMATE","6068145","2021-01-26 11:00","2021","01","26","11:00","-12.4","","-14.4","","85","","0.0","","2","","22","","","","97.50","","","","-21","","NA"
"-80.80","46.63","SUDBURY CLIMATE","6068145","2021-01-26 12:00","2021","01","26","12:00","-13.2","","-15.2","","85","","0.0","","2","","21","","","","97.51","","","","-22","","NA"
"-80.80","46.63","SUDBURY CLIMATE","6068145","2021-01-26 13:00","2021","01","26","13:00","-14.5","","-16.5","","85","","0.0","","2","","20","","","","97.52","","","","-24","","NA"
"-80.80","46.63","SUDBURY CLIMATE","6068145","2021-01-26 14:00","2021","01","26","14:00","-14.6","","-17.0","","82","","0.0","","3","","18","","","","97.48","","","","-23","","NA"
"-80.80","46.63","SUDBURY CLIMATE","6068145","2021-01-26 15:00","2021","01","26","15:00","-13.8","","-16.7","","79","","0.0","","3","","20","","","","97.44","","","","-23","","NA"
"-80.80","46.63","SUDBURY CLIMATE","6068145","2021-01-26 16:00","2021","01","26","16:00","-12.8","","-16.3","","75","","0.0","","3","","21","","","","97.40","","","","-22","","NA"
"-80.80","46.63","SUDBURY CLIMATE","6068145","2021-01-26 17:00","2021","01","26","17:00","-11.5","","-15.2","","74","","0.0","","3","","20","","","","97.31","","","","-20","","NA"
"-80.80","46.63","SUDBURY CLIMATE","6068145","2021-01-26 18:00","2021","01","26","18:00","-9.6","","-14.7","","66","","0.0","","3","","21","","","","97.22","","","","-18","","NA"
"-80.80","46.63","SUDBURY CLIMATE","6068145","2021-01-26 19:00","2021","01","26","19:00","-9.1","","-13.8","","68","","0.0","","3","","18","","","","97.16","","","","-16","","NA"
"-80.80","46.63","SUDBURY CLIMATE","6068145","2021-01-26 20:00","2021","01","26","20:00","-8.6","","-13.3","","69","","0.0","","3","","18","","","","97.16","","","","-16","","NA"
"-80.80","46.63","SUDBURY CLIMATE","6068145","2021-01-26 21:00","2021","01","26","21:00","-8.4","","-13.2","","68","","0.0","","3","","15","","","","97.26","","","","-15","","NA"
"-80.80","46.63","SUDBURY CLIMATE","6068145","2021-01-26 22:00","2021","01","26","22:00","-8.9","","-13.1","","71","","0.0","","3","","15","","","","97.33","","","","-15","","NA"
"-80.80","46.63","SUDBURY CLIMATE","6068145","2021-01-26 23:00","2021","01","26","23:00","-9.4","","-12.8","","76","","0.0","","3","","15","","","","97.40","","","","-16","","NA"
"-80.80","46.63","SUDBURY CLIMATE","6068145","2021-01-27 00:00","2021","01","27","00:00","-10.2","","-13.2","","79","","0.0","","3","","20","","","","97.41","","","","-18","","NA"
"-80.80","46.63","SUDBURY CLIMATE","6068145","2021-01-27 01:00","2021","01","27","01:00","-10.9","","-13.6","","81","","0.0","","2","","19","","","","97.44","","","","-19","","NA"
"-80.80","46.63","SUDBURY CLIMATE","6068145","2021-01-27 02:00","2021","01","27","02:00","-11.6","","-14.0","","82","","0.0","","2","","17","","","","97.46","","","","-19","","NA"
"-80.80","46.63","SUDBURY CLIMATE","6068145","2021-01-27 03:00","2021","01","27","03:00","-12.6","","-14.7","","85","","0.0","","2","","14","","","","97.51","","","","-20","","NA"
"-80.80","46.63","SUDBURY CLIMATE","6068145","2021-01-27 04:00","2021","01","27","04:00","-13.0","","-15.0","","85","","0.0","","1","","13","","","","97.54","","","","-20","","NA"
"-80.80","46.63","SUDBURY CLIMATE","6068145","2021-01-27 05:00","2021","01","27","05:00","-13.7","","-15.6","","85","","0.0","","1","","13","","","","97.61","","","","-21","","NA"
"-80.80","46.63","SUDBURY CLIMATE","6068145","2021-01-27 06:00","2021","01","27","06:00","-13.9","","-16.0","","84","","0.0","","1","","14","","","","97.65","","","","-21","","NA"
"-80.80","46.63","SUDBURY CLIMATE","6068145","2021-01-27 07:00","2021","01","27","07:00","-14.8","","-16.6","","86","","0.0","","36","","13","","","","97.71","","","","-22","","NA"
"-80.80","46.63","SUDBURY CLIMATE","6068145","2021-01-27 08:00","2021","01","27","08:00","-15.4","","-17.1","","86","","0.0","","36","","12","","","","97.76","","","","-22","","NA"
"-80.80","46.63","SUDBURY CLIMATE","6068145","2021-01-27 09:00","2021","01","27","09:00","-16.0","","-17.7","","87","","0.0","","34","","8","","","","97.85","","","","-22","","NA"
"-80.80","46.63","SUDBURY CLIMATE","6068145","2021-01-27 10:00","2021","01","27","10:00","-15.6","","-17.6","","85","","0.0","","36","","9","","","","97.91","","","","-22","","NA"
"-80.80","46.63","SUDBURY CLIMATE","6068145","2021-01-27 11:00","2021","01","27","11:00","-16.3","","-18.2","","85","","0.0","","35","","8","","","","97.95","","","","-22","","NA"
"-80.80","46.63","SUDBURY CLIMATE","6068145","2021-01-27 12:00","2021","01","27","12:00","-16.9","","-18.9","","85","","0.0","","1","","10","","","","98.04","","","","-24","","NA"
"-80.80","46.63","SUDBURY CLIMATE","6068145","2021-01-27 13:00","2021","01","27","13:00","-17.2","","-19.1","","85","","0.0","","36","","10","","","","98.08","","","","-24","","NA"
"-80.80","46.63","SUDBURY CLIMATE","6068145","2021-01-27 14:00","2021","01","27","14:00","-16.6","","-19.1","","81","","0.0","","35","","14","","","","98.10","","","","-25","","NA"
"-80.80","46.63","SUDBURY CLIMATE","6068145","2021-01-27 15:00","2021","01","27","15:00","-15.6","","-19.0","","75","","0.0","","36","","17","","","","98.10","","","","-24","","NA"
"-80.80","46.63","SUDBURY CLIMATE","6068145","2021-01-27 16:00","2021","01","27","16:00","-13.9","","-18.5","","68","","0.0","","36","","14","","","","98.11","","","","-21","","NA"
"-80.80","46.63","SUDBURY CLIMATE","6068145","2021-01-27 17:00","2021","01","27","17:00","-12.7","","-18.0","","64","","0.0","","2","","10","","","","98.12","","","","-18","","NA"
"-80.80","46.63","SUDBURY CLIMATE","6068145","2021-01-27 18:00","2021","01","27","18:00","-11.9","","-17.5","","63","","0.0","","5","","7","","","","98.13","","","","-16","","NA"
"-80.80","46.63","SUDBURY CLIMATE","6068145","2021-01-27 19:00","2021","01","27","19:00","-10.6","","-17.2","","59","","0.0","","5","","8","","","","98.11","","","","-15","","NA"
"-80.80","46.63","SUDBURY CLIMATE","6068145","2021-01-27 20:00","2021","01","27","20:00","-9.3","","-16.7","","55","","0.0","","36","","7","","","","98.11","","","","-13","","NA"
"-80.80","46.63","SUDBURY CLIMATE","6068145","2021-01-27 21:00","2021","01","27","21:00","-9.2","","-16.5","","55","","0.0","","35","","9","","","","98.14","","","","-14","","NA"
"-80.80","46.63","SUDBURY CLIMATE","6068145","2021-01-27 22:00","2021","01","27","22:00","-10.6","","-16.6","","61","","0.0","","36","","8","","","","98.18","","","","-15","","NA"
"-80.80","46.63","SUDBURY CLIMATE","6068145","2021-01-27 23:00","2021","01","27","23:00","-12.2","","-16.8","","69","","0.0","","35","","6","","","","98.26","","","","-16","","NA"
"-80.80","46.63","SUDBURY CLIMATE","6068145","2021-01-28 00:00","2021","01","28","00:00","-13.6","","-17.4","","73","","0.0","","34","","7","","","","98.31","","","","-18","","NA"
"-80.80","46.63","SUDBURY CLIMATE","6068145","2021-01-28 01:00","2021","01","28","01:00","-14.8","","-18.2","","75","","0.0","","34","","7","","","","98.34","","","","-20","","NA"
"-80.80","46.63","SUDBURY CLIMATE","6068145","2021-01-28 02:00","2021","01","28","02:00","-15.5","","-18.7","","77","","0.0","","36","","8","","","","98.35","","","","-21","","NA"
"-80.80","46.63","SUDBURY CLIMATE","6068145","2021-01-28 03:00","2021","01","28","03:00","-16.9","","-19.2","","82","","0.0","","35","","5","","","","98.38","","","","-21","","NA"
"-80.80","46.63","SUDBURY CLIMATE","6068145","2021-01-28 04:00","2021","01","28","04:00","-17.6","","-19.6","","85","","0.0","","32","","7","","","","98.41","","","","-23","","NA"
"-80.80","46.63","SUDBURY CLIMATE","6068145","2021-01-28 05:00","2021","01","28","05:00","-18.5","","-20.2","","86","","0.0","","33","","7","","","","98.44","","","","-24","","NA"
"-80.80","46.63","SUDBURY CLIMATE","6068145","2021-01-28 06:00","2021","01","28","06:00","-19.1","","-21.6","","81","","0.0","","34","","8","","","","98.44","","","","-25","","NA"
"-80.80","46.63","SUDBURY CLIMATE","6068145","2021-01-28 07:00","2021","01","28","07:00","-19.3","","-21.7","","81","","0.0","","34","","13","","","","98.46","","","","-28","","NA"
"-80.80","46.63","SUDBURY CLIMATE","6068145","2021-01-28 08:00","2021","01","28","08:00","-19.3","","-22.3","","77","","0.0","","35","","14","","","","98.51","","","","-28","","NA"
"-80.80","46.63","SUDBURY CLIMATE","6068145","2021-01-28 09:00","2021","01","28","09:00","-19.1","","-22.0","","78","","0.0","","34","","7","","","","98.51","","","","-25","","NA"
"-80.80","46.63","SUDBURY CLIMATE","6068145","2021-01-28 10:00","2021","01","28","10:00","-19.9","","-22.9","","77","","0.0","","36","","8","","","","98.53","","","","-26","","NA"
"-80.80","46.63","SUDBURY CLIMATE","6068145","2021-01-28 11:00","2021","01","28","11:00","-20.4","","-23.2","","78","","0.0","","34","","8","","","","98.53","","","","-27","","NA"
"-80.80","46.63","SUDBURY CLIMATE","6068145","2021-01-28 12:00","2021","01","28","12:00","-20.7","","-23.3","","79","","0.0","","32","","6","","","","98.54","","","","-26","","NA"
"-80.80","46.63","SUDBURY CLIMATE","6068145","2021-01-28 13:00","2021","01","28","13:00","-20.9","","-23.5","","80","","0.0","","31","","6","","","","98.58","","","","-26","","NA"
"-80.80","46.63","SUDBURY CLIMATE","6068145","2021-01-28 14:00","2021","01","28","14:00","-19.9","","-23.2","","75","","0.0","","31","","3","","","","98.59","","","","-22","","NA"
"-80.80","46.63","SUDBURY CLIMATE","6068145","2021-01-28 15:00","2021","01","28","15:00","-18.4","","-22.6","","70","","0.0","","34","","8","","","","98.59","","","","-24","","NA"
"-80.80","46.63","SUDBURY CLIMATE","6068145","2021-01-28 16:00","2021","01","28","16:00","-17.8","","-22.9","","64","","0.0","","33","","13","","","","98.60","","","","-26","","NA"
"-80.80","46.63","SUDBURY CLIMATE","6068145","2021-01-28 17:00","2021","01","28","17:00","-17.0","","-23.1","","59","","0.0","","32","","10","","","","98.54","","","","-24","","NA"
"-80.80","46.63","SUDBURY CLIMATE","6068145","2021-01-28 18:00","2021","01","28","18:00","-16.5","","-23.0","","57","","0.0","","33","","11","","","","98.49","","","","-23","","NA"
"-80.80","46.63","SUDBURY CLIMATE","6068145","2021-01-28 19:00","2021","01","28","19:00","-15.9","","-22.7","","55","","0.0","","31","","12","","","","98.49","","","","-23","","NA"
"-80.80","46.63","SUDBURY CLIMATE","6068145","2021-01-28 20:00","2021","01","28","20:00","-15.4","","-22.4","","55","","0.0","","31","","9","","","","98.49","","","","-21","","NA"
"-80.80","46.63","SUDBURY CLIMATE","6068145","2021-01-28 21:00","2021","01","28","21:00","-15.1","","-21.7","","57","","0.0","","31","","11","","","","98.50","","","","-22","","NA"
"-80.80","46.63","SUDBURY CLIMATE","6068145","2021-01-28 22:00","2021","01","28","22:00","-15.4","","-20.9","","63","","0.0","","32","","12","","","","98.52","","","","-22","","NA"
"-80.80","46.63","SUDBURY CLIMATE","6068145","2021-01-28 23:00","2021","01","28","23:00","-15.3","","-20.5","","64","","0.0","","32","","9","","","","98.54","","","","-21","","NA"
"-80.80","46.63","SUDBURY CLIMATE","6068145","2021-01-29 00:00","2021","01","29","00:00","-15.9","","-20.9","","66","","0.0","","31","","4","","","","98.50","","","","-19","","NA"
"-80.80","46.63","SUDBURY CLIMATE","6068145","2021-01-29 01:00","2021","01","29","01:00","-16.3","","-20.3","","71","","0.0","","34","","8","","","","98.48","","","","-22","","NA"
"-80.80","46.63","SUDBURY CLIMATE","6068145","2021-01-29 02:00","2021","01","29","02:00","-17.5","","-20.2","","79","","0.0","","32","","5","","","","98.47","","","","-21","","NA"
"-80.80","46.63","SUDBURY CLIMATE","6068145","2021-01-29 03:00","2021","01","29","03:00","-19.5","","-21.4","","85","","0.0","","29","","4","","","","98.45","","","","-23","","NA"
"-80.80","46.63","SUDBURY CLIMATE","6068145","2021-01-29 04:00","2021","01","29","04:00","-18.8","","-20.4","","87","","0.0","","31","","5","","","","98.39","","","","-23","","NA"
"-80.80","46.63","SUDBURY CLIMATE","6068145","2021-01-29 05:00","2021","01","29","05:00","-18.0","","-20.0","","84","","0.0","","31","","7","","","","98.38","","","","-23","","NA"
"-80.80","46.63","SUDBURY CLIMATE","6068145","2021-01-29 06:00","2021","01","29","06:00","-17.0","","-19.0","","84","","0.0","","34","","6","","","","98.35","","","","-22","","NA"
"-80.80","46.63","SUDBURY CLIMATE","6068145","2021-01-29 07:00","2021","01","29","07:00","-17.1","","-19.2","","83","","0.0","","31","","6","","","","98.34","","","","-22","","NA"
"-80.80","46.63","SUDBURY CLIMATE","6068145","2021-01-29 08:00","2021","01","29","08:00","-16.2","","-18.5","","82","","0.0","","30","","7","","","","98.35","","","","-21","","NA"
"-80.80","46.63","SUDBURY CLIMATE","6068145","2021-01-29 09:00","2021","01","29","09:00","-15.9","","-18.3","","82","","0.0","","30","","8","","","","98.33","","","","-21","","NA"
"-80.80","46.63","SUDBURY CLIMATE","6068145","2021-01-29 10:00","2021","01","29","10:00","-15.5","","-17.9","","82","","0.0","","30","","7","","","","98.32","","","","-20","","NA"
"-80.80","46.63","SUDBURY CLIMATE","6068145","2021-01-29 11:00","2021","01","29","11:00","-14.8","","-17.4","","80","","0.0","","32","","10","","","","98.31","","","","-21","","NA"
"-80.80","46.63","SUDBURY CLIMATE","6068145","2021-01-29 12:00","2021","01","29","12:00","-14.7","","-17.3","","81","","0.0","","33","","10","","","","98.33","","","","-21","","NA"
"-80.80","46.63","SUDBURY CLIMATE","6068145","2021-01-29 13:00","2021","01","29","13:00","-14.9","","-17.3","","82","","0.0","","32","","10","","","","98.35","","","","-21","","NA"
"-80.80","46.63","SUDBURY CLIMATE","6068145","2021-01-29 14:00","2021","01","29","14:00","-14.7","","-17.8","","78","","0.0","","34","","12","","","","98.37","","","","-22","","NA"
"-80.80","46.63","SUDBURY CLIMATE","6068145","2021-01-29 15:00","2021","01","29","15:00","-14.4","","-18.2","","73","","0.0","","35","","8","","","","98.35","","","","-20","","NA"
"-80.80","46.63","SUDBURY CLIMATE","6068145","2021-01-29 16:00","2021","01","29","16:00","-13.8","","-18.1","","70","","0.0","","33","","14","","","","98.35","","","","-21","","NA"
"-80.80","46.63","SUDBURY CLIMATE","6068145","2021-01-29 17:00","2021","01","29","17:00","-13.3","","-17.8","","69","","0.0","","32","","12","","","","98.31","","","","-20","","NA"
"-80.80","46.63","SUDBURY CLIMATE","6068145","2021-01-29 18:00","2021","01","29","18:00","-13.0","","-17.5","","69","","0.0","","34","","9","","","","98.27","","","","-18","","NA"
"-80.80","46.63","SUDBURY CLIMATE","6068145","2021-01-29 19:00","2021","01","29","19:00","-13.0","","-17.7","","68","","0.0","","33","","13","","","","98.26","","","","-20","","NA"
"-80.80","46.63","SUDBURY CLIMATE","6068145","2021-01-29 20:00","2021","01","29","20:00","-12.4","","-17.4","","66","","0.0","","34","","9","","","","98.25","","","","-18","","NA"
"-80.80","46.63","SUDBURY CLIMATE","6068145","2021-01-29 21:00","2021","01","29","21:00","-11.7","","-17.4","","63","","0.0","","32","","9","","","","98.27","","","","-17","","NA"
"-80.80","46.63","SUDBURY CLIMATE","6068145","2021-01-29 22:00","2021","01","29","22:00","-12.6","","-18.0","","64","","0.0","","36","","8","","","","98.28","","","","-18","","NA"
"-80.80","46.63","SUDBURY CLIMATE","6068145","2021-01-29 23:00","2021","01","29","23:00","-14.4","","-18.5","","71","","0.0","","1","","6","","","","98.31","","","","-19","","NA"
"-80.80","46.63","SUDBURY CLIMATE","6068145","2021-01-30 00:00","2021","01","30","00:00","-15.2","","-18.5","","76","","0.0","","36","","7","","","","98.34","","","","-20","","NA"
"-80.80","46.63","SUDBURY CLIMATE","6068145","2021-01-30 01:00","2021","01","30","01:00","-15.7","","-18.5","","79","","0.0","","2","","9","","","","98.32","","","","-22","","NA"
"-80.80","46.63","SUDBURY CLIMATE","6068145","2021-01-30 02:00","2021","01","30","02:00","-16.1","","-18.1","","85","","0.0","","1","","6","","","","98.32","","","","-21","","NA"
"-80.80","46.63","SUDBURY CLIMATE","6068145","2021-01-30 03:00","2021","01","30","03:00","-17.8","","-19.4","","87","","0.0","","31","","2","","","","98.32","","","","-19","","NA"
"-80.80","46.63","SUDBURY CLIMATE","6068145","2021-01-30 04:00","2021","01","30","04:00","-19.1","","-20.8","","87","","0.0","","29","","7","","","","98.32","","","","-25","","NA"
"-80.80","46.63","SUDBURY CLIMATE","6068145","2021-01-30 05:00","2021","01","30","05:00","-19.7","","-21.6","","85","","0.0","","29","","5","","","","98.36","","","","-24","","NA"
"-80.80","46.63","SUDBURY CLIMATE","6068145","2021-01-30 06:00","2021","01","30","06:00","-20.0","","-21.6","","87","","0.0","","32","","6","","","","98.33","","","","-25","","NA"
"-80.80","46.63","SUDBURY CLIMATE","6068145","2021-01-30 07:00","2021","01","30","07:00","-20.9","","-22.9","","84","","0.0","","29","","5","","","","98.34","","","","-25","","NA"
"-80.80","46.63","SUDBURY CLIMATE","6068145","2021-01-30 08:00","2021","01","30","08:00","-21.7","","-23.6","","84","","0.0","","31","","5","","","","98.34","","","","-26","","NA"
"-80.80","46.63","SUDBURY CLIMATE","6068145","2021-01-30 09:00","2021","01","30","09:00","-18.6","","-20.4","","85","","0.0","","32","","6","","","","98.38","","","","-23","","NA"
"-80.80","46.63","SUDBURY CLIMATE","6068145","2021-01-30 10:00","2021","01","30","10:00","-18.6","","-20.2","","88","","0.0","","34","","5","","","","98.36","","","","-23","","NA"
"-80.80","46.63","SUDBURY CLIMATE","6068145","2021-01-30 11:00","2021","01","30","11:00","-18.3","","-20.0","","87","","0.0","","33","","6","","","","98.37","","","","-23","","NA"
"-80.80","46.63","SUDBURY CLIMATE","6068145","2021-01-30 12:00","2021","01","30","12:00","-18.7","","-20.5","","86","","0.0","","36","","8","","","","98.37","","","","-25","","NA"
"-80.80","46.63","SUDBURY CLIMATE","6068145","2021-01-30 13:00","2021","01","30","13:00","-18.7","","-20.6","","85","","0.0","","1","","5","","","","98.41","","","","-23","","NA"
"-80.80","46.63","SUDBURY CLIMATE","6068145","2021-01-30 14:00","2021","01","30","14:00","-18.7","","-20.8","","84","","0.0","","2","","6","","","","98.44","","","","-24","","NA"
"-80.80","46.63","SUDBURY CLIMATE","6068145","2021-01-30 15:00","2021","01","30","15:00","-18.0","","-20.1","","83","","0.0","","3","","7","","","","98.48","","","","-23","","NA"
"-80.80","46.63","SUDBURY CLIMATE","6068145","2021-01-30 16:00","2021","01","30","16:00","-17.1","","-19.7","","80","","0.0","","4","","9","","","","98.51","","","","-23","","NA"
"-80.80","46.63","SUDBURY CLIMATE","6068145","2021-01-30 17:00","2021","01","30","17:00","-16.0","","-19.4","","75","","0.0","","4","","13","","","","98.47","","","","-24","","NA"
"-80.80","46.63","SUDBURY CLIMATE","6068145","2021-01-30 18:00","2021","01","30","18:00","-14.8","","-19.2","","69","","0.0","","6","","11","","","","98.44","","","","-21","","NA"
"-80.80","46.63","SUDBURY CLIMATE","6068145","2021-01-30 19:00","2021","01","30","19:00","-13.1","","-18.6","","63","","0.0","","6","","9","","","","98.37","","","","-19","","NA"
"-80.80","46.63","SUDBURY CLIMATE","6068145","2021-01-30 20:00","2021","01","30","20:00","-11.6","","-18.9","","55","","0.0","","8","","4","","","","98.37","","","","-14","","NA"
"-80.80","46.63","SUDBURY CLIMATE","6068145","2021-01-30 21:00","2021","01","30","21:00","-11.0","","-18.7","","53","","0.0","","6","","5","","","","98.38","","","","-14","","NA"
"-80.80","46.63","SUDBURY CLIMATE","6068145","2021-01-30 22:00","2021","01","30","22:00","-11.7","","-18.3","","58","","0.0","","7","","7","","","","98.36","","","","-16","","NA"
"-80.80","46.63","SUDBURY CLIMATE","6068145","2021-01-30 23:00","2021","01","30","23:00","-13.7","","-18.3","","68","","0.0","","9","","3","","","","98.39","","","","-16","","NA"
"-80.80","46.63","SUDBURY CLIMATE","6068145","2021-01-31 00:00","2021","01","31","00:00","-13.9","","-18.3","","69","","0.0","","8","","6","","","","98.38","","","","-18","","NA"
"-80.80","46.63","SUDBURY CLIMATE","6068145","2021-01-31 01:00","2021","01","31","01:00","-14.9","","-18.3","","75","","0.0","","5","","10","","","","98.39","","","","-21","","NA"
"-80.80","46.63","SUDBURY CLIMATE","6068145","2021-01-31 02:00","2021","01","31","02:00","-15.5","","-18.5","","78","","0.0","","7","","6","","","","98.39","","","","-20","","NA"
"-80.80","46.63","SUDBURY CLIMATE","6068145","2021-01-31 03:00","2021","01","31","03:00","-16.3","","-18.9","","80","","0.0","","5","","6","","","","98.36","","","","-21","","NA"
"-80.80","46.63","SUDBURY CLIMATE","6068145","2021-01-31 04:00","2021","01","31","04:00","-17.9","","-19.7","","86","","0.0","","5","","11","","","","98.34","","","","-25","","NA"
"-80.80","46.63","SUDBURY CLIMATE","6068145","2021-01-31 05:00","2021","01","31","05:00","-18.4","","-20.4","","85","","0.0","","4","","10","","","","98.37","","","","-25","","NA"
"-80.80","46.63","SUDBURY CLIMATE","6068145","2021-01-31 06:00","2021","01","31","06:00","-19.3","","-20.9","","87","","0.0","","5","","6","","","","98.43","","","","-24","","NA"
"-80.80","46.63","SUDBURY CLIMATE","6068145","2021-01-31 07:00","2021","01","31","07:00","-19.7","","-21.4","","86","","0.0","","4","","12","","","","98.40","","","","-28","","NA"
"-80.80","46.63","SUDBURY CLIMATE","6068145","2021-01-31 08:00","2021","01","31","08:00","-20.7","","-22.7","","84","","0.0","","5","","11","","","","98.39","","","","-28","","NA"
"-80.80","46.63","SUDBURY CLIMATE","6068145","2021-01-31 09:00","2021","01","31","09:00","-21.7","","-23.6","","85","","0.0","","5","","15","","","","98.37","","","","-31","","NA"
"-80.80","46.63","SUDBURY CLIMATE","6068145","2021-01-31 10:00","2021","01","31","10:00","-21.5","","-23.6","","83","","0.0","","4","","10","","","","98.37","","","","-29","","NA"
"-80.80","46.63","SUDBURY CLIMATE","6068145","2021-01-31 11:00","2021","01","31","11:00","-21.2","","-23.3","","84","","0.0","","4","","11","","","","98.36","","","","-29","","NA"
"-80.80","46.63","SUDBURY CLIMATE","6068145","2021-01-31 12:00","2021","01","31","12:00","-21.7","","-23.9","","83","","0.0","","4","","12","","","","98.36","","","","-30","","NA"
"-80.80","46.63","SUDBURY CLIMATE","6068145","2021-01-31 13:00","2021","01","31","13:00","-21.7","","-24.0","","82","","0.0","","4","","12","","","","98.40","","","","-30","","NA"
"-80.80","46.63","SUDBURY CLIMATE","6068145","2021-01-31 14:00","2021","01","31","14:00","-21.2","","-23.8","","80","","0.0","","5","","16","","","","98.40","","","","-31","","NA"
"-80.80","46.63","SUDBURY CLIMATE","6068145","2021-01-31 15:00","2021","01","31","15:00","-20.1","","-23.0","","78","","0.0","","4","","18","","","","98.37","","","","-30","","NA"
"-80.80","46.63","SUDBURY CLIMATE","6068145","2021-01-31 16:00","2021","01","31","16:00","-18.1","","-21.4","","75","","0.0","","4","","18","","","","98.33","","","","-28","","NA"
"-80.80","46.63","SUDBURY CLIMATE","6068145","2021-01-31 17:00","2021","01","31","17:00","-16.1","","-20.8","","67","","0.0","","4","","17","","","","98.29","","","","-25","","NA"
"-80.80","46.63","SUDBURY CLIMATE","6068145","2021-01-31 18:00","2021","01","31","18:00","-14.7","","-20.5","","61","","0.0","","3","","16","","","","98.22","","","","-23","","NA"
"-80.80","46.63","SUDBURY CLIMATE","6068145","2021-01-31 19:00","2021","01","31","19:00","-13.5","","-20.2","","57","","0.0","","3","","15","","","","98.16","","","","-21","","NA"
"-80.80","46.63","SUDBURY CLIMATE","6068145","2021-01-31 20:00","2021","01","31","20:00","-12.2","","-19.6","","54","","0.0","","3","","17","","","","98.15","","","","-20","","NA"
"-80.80","46.63","SUDBURY CLIMATE","6068145","2021-01-31 21:00","2021","01","31","21:00","-12.2","","-19.5","","55","","0.0","","4","","19","","","","98.12","","","","-20","","NA"
"-80.80","46.63","SUDBURY CLIMATE","6068145","2021-01-31 22:00","2021","01","31","22:00","-12.5","","-19.3","","57","","0.0","","4","","15","","","","98.16","","","","-20","","NA"
"-80.80","46.63","SUDBURY CLIMATE","6068145","2021-01-31 23:00","2021","01","31","23:00","-13.3","","-19.0","","62","","0.0","","4","","16","","","","98.18","","","","-21","","NA"
