"Longitude (x)","Latitude (y)","Station Name","Climate ID","Date/Time (UTC)","Year","Month","Day","Time (UTC)","Temp (°C)","Temp Flag","Dew Point Temp (°C)","Dew Point Temp Flag","Rel Hum (%)","Rel Hum Flag","Precip. Amount (mm)","Precip. Amount Flag","Wind Dir (10s deg)","Wind Dir Flag","Wind Spd (km/h)","Wind Spd Flag","Visibility (km)","Visibility Flag","Stn Press (kPa)","Stn Press Flag","Hmdx","Hmdx Flag","Wind Chill","Wind Chill Flag","Weather"
"-80.80","46.63","SUDBURY CLIMATE","6068145","2021-06-01 00:00","2021","06","01","00:00","17.2","","5.1","","45","","0.0","","23","","22","","","","97.84","","","","","","NA"
"-80.80","46.63","SUDBURY CLIMATE","6068145","2021-06-01 01:00","2021","06","01","01:00","15.4","","6.1","","54","","0.0","","24","","17","","","","97.86","","","","","","NA"
"-80.80","46.63","SUDBURY CLIMATE","6068145","2021-06-01 02:00","2021","06","01","02:00","14.3","","4.6","","52","","0.0","","24","","18","","","","97.89","","","","","","NA"
"-80.80","46.63","SUDBURY CLIMATE","6068145","2021-06-01 03:00","2021","06","01","03:00","12.6","","3.8","","55","","0.0","","25","","9","","","","97.90","","","","","","NA"
"-80.80","46.63","SUDBURY CLIMATE","6068145","2021-06-01 04:00","2021","06","01","04:00","10.2","","3.6","","64","","0.0","","24","","6","","","","97.88","","","","","","NA"
"-80.80","46.63","SUDBURY CLIMATE","6068145","2021-06-01 05:00","2021","06","01","05:00","9.6","","3.3","","65","","0.0","","24","","8","","","","97.87","","","","","","NA"
"-80.80","46.63","SUDBURY CLIMATE","6068145","2021-06-01 06:00","2021","06","01","06:00","9.4","","3.5","","67","","0.0","","24","","9","","","","97.86","","","","","","NA"
"-80.80","46.63","SUDBURY CLIMATE","6068145","2021-06-01 07:00","2021","06","01","07:00","9.4","","3.8","","68","","0.0","","25","","8","","","","97.84","","","","","","NA"
"-80.80","46.63","SUDBURY CLIMATE","6068145","2021-06-01 08:00","2021","06","01","08:00","8.4","","3.8","","73","","0.0","","23","","12","","","","97.85","","","","","","NA"
"-80.80","46.63","SUDBURY CLIMATE","6068145","2021-06-01 09:00","2021","06","01","09:00","8.3","","4.1","","75","","0.0","","25","","8","","","","97.85","","","","","","NA"
"-80.80","46.63","SUDBURY CLIMATE","6068145","2021-06-01 10:00","2021","06","01","10:00","7.1","","4.2","","82","","0.0","","27","","7","","","","97.89","","","","","","NA"
"-80.80","46.63","SUDBURY CLIMATE","6068145","2021-06-01 11:00","2021","06","01","11:00","8.6","","4.8","","77","","0.0","","28","","6","","","","97.92","","","","","","NA"
"-80.80","46.63","SUDBURY CLIMATE","6068145","2021-06-01 12:00","2021","06","01","12:00","11.0","","6.4","","73","","0.0","","27","","8","","","","97.94","","","","","","NA"
"-80.80","46.63","SUDBURY CLIMATE","6068145","2021-06-01 13:00","2021","06","01","13:00","14.0","","7.1","","63","","0.0","","30","","7","","","","97.96","","","","","","NA"
"-80.80","46.63","SUDBURY CLIMATE","6068145","2021-06-01 14:00","2021","06","01","14:00","16.8","","7.6","","55","","0.0","","31","","5","","","","97.96","","","","","","NA"
"-80.80","46.63","SUDBURY CLIMATE","6068145","2021-06-01 15:00","2021","06","01","15:00","18.7","","8.1","","50","","0.0","","24","","8","","","","97.96","","","","","","NA"
"-80.80","46.63","SUDBURY CLIMATE","6068145","2021-06-01 16:00","2021","06","01","16:00","19.9","","7.7","","45","","0.0","","21","","10","","","","97.93","","","","","","NA"
"-80.80","46.63","SUDBURY CLIMATE","6068145","2021-06-01 17:00","2021","06","01","17:00","19.9","","6.6","","42","","0.0","","23","","15","","","","97.92","","","","","","NA"
"-80.80","46.63","SUDBURY CLIMATE","6068145","2021-06-01 18:00","2021","06","01","18:00","20.6","","7.1","","42","","0.0","","25","","12","","","","97.89","","","","","","NA"
"-80.80","46.63","SUDBURY CLIMATE","6068145","2021-06-01 19:00","2021","06","01","19:00","22.4","","6.9","","37","","0.0","","26","","12","","","","97.85","","","","","","NA"
"-80.80","46.63","SUDBURY CLIMATE","6068145","2021-06-01 20:00","2021","06","01","20:00","22.1","","6.2","","36","","0.0","","24","","20","","","","97.83","","","","","","NA"
"-80.80","46.63","SUDBURY CLIMATE","6068145","2021-06-01 21:00","2021","06","01","21:00","22.7","","6.6","","35","","0.0","","23","","18","","","","97.80","","","","","","NA"
"-80.80","46.63","SUDBURY CLIMATE","6068145","2021-06-01 22:00","2021","06","01","22:00","21.9","","6.6","","37","","0.0","","26","","13","","","","97.81","","","","","","NA"
"-80.80","46.63","SUDBURY CLIMATE","6068145","2021-06-01 23:00","2021","06","01","23:00","21.8","","6.6","","37","","0.0","","24","","18","","","","97.79","","","","","","NA"
"-80.80","46.63","SUDBURY CLIMATE","6068145","2021-06-02 00:00","2021","06","02","00:00","20.2","","7.1","","42","","0.0","","23","","20","","","","97.82","","","","","","NA"
"-80.80","46.63","SUDBURY CLIMATE","6068145","2021-06-02 01:00","2021","06","02","01:00","17.4","","6.9","","50","","0.0","","23","","16","","","","97.83","","","","","","NA"
"-80.80","46.63","SUDBURY CLIMATE","6068145","2021-06-02 02:00","2021","06","02","02:00","14.9","","6.1","","56","","0.0","","22","","14","","","","97.86","","","","","","NA"
"-80.80","46.63","SUDBURY CLIMATE","6068145","2021-06-02 03:00","2021","06","02","03:00","13.6","","6.4","","62","","0.0","","22","","12","","","","97.87","","","","","","NA"
"-80.80","46.63","SUDBURY CLIMATE","6068145","2021-06-02 04:00","2021","06","02","04:00","12.8","","6.5","","66","","0.0","","24","","8","","","","97.89","","","","","","NA"
"-80.80","46.63","SUDBURY CLIMATE","6068145","2021-06-02 05:00","2021","06","02","05:00","12.5","","7.1","","70","","0.0","","25","","9","","","","97.88","","","","","","NA"
"-80.80","46.63","SUDBURY CLIMATE","6068145","2021-06-02 06:00","2021","06","02","06:00","11.3","","7.5","","77","","0.0","","24","","11","","","","97.88","","","","","","NA"
"-80.80","46.63","SUDBURY CLIMATE","6068145","2021-06-02 07:00","2021","06","02","07:00","10.5","","7.8","","83","","0.0","","24","","10","","","","97.84","","","","","","NA"
"-80.80","46.63","SUDBURY CLIMATE","6068145","2021-06-02 08:00","2021","06","02","08:00","9.8","","8.0","","88","","0.0","","24","","11","","","","97.84","","","","","","NA"
"-80.80","46.63","SUDBURY CLIMATE","6068145","2021-06-02 09:00","2021","06","02","09:00","9.9","","8.0","","88","","0.0","","25","","10","","","","97.83","","","","","","NA"
"-80.80","46.63","SUDBURY CLIMATE","6068145","2021-06-02 10:00","2021","06","02","10:00","9.3","","7.8","","90","","0.0","","24","","9","","","","97.86","","","","","","NA"
"-80.80","46.63","SUDBURY CLIMATE","6068145","2021-06-02 11:00","2021","06","02","11:00","10.9","","8.4","","85","","0.0","","27","","6","","","","97.88","","","","","","NA"
"-80.80","46.63","SUDBURY CLIMATE","6068145","2021-06-02 12:00","2021","06","02","12:00","13.4","","8.9","","74","","0.0","","23","","4","","","","97.89","","","","","","NA"
"-80.80","46.63","SUDBURY CLIMATE","6068145","2021-06-02 13:00","2021","06","02","13:00","16.1","","9.2","","64","","0.0","","22","","7","","","","97.88","","","","","","NA"
"-80.80","46.63","SUDBURY CLIMATE","6068145","2021-06-02 14:00","2021","06","02","14:00","18.5","","9.4","","55","","0.0","","23","","8","","","","97.82","","","","","","NA"
"-80.80","46.63","SUDBURY CLIMATE","6068145","2021-06-02 15:00","2021","06","02","15:00","20.7","","6.3","","39","","0.0","","20","","14","","","","97.80","","","","","","NA"
"-80.80","46.63","SUDBURY CLIMATE","6068145","2021-06-02 16:00","2021","06","02","16:00","21.7","","5.6","","35","","0.0","","21","","18","","","","97.77","","","","","","NA"
"-80.80","46.63","SUDBURY CLIMATE","6068145","2021-06-02 17:00","2021","06","02","17:00","22.6","","7.0","","37","","0.0","","21","","22","","","","97.71","","","","","","NA"
"-80.80","46.63","SUDBURY CLIMATE","6068145","2021-06-02 18:00","2021","06","02","18:00","23.0","","7.3","","36","","0.0","","20","","23","","","","97.68","","","","","","NA"
"-80.80","46.63","SUDBURY CLIMATE","6068145","2021-06-02 19:00","2021","06","02","19:00","22.5","","6.8","","36","","0.0","","23","","19","","","","97.62","","","","","","NA"
"-80.80","46.63","SUDBURY CLIMATE","6068145","2021-06-02 20:00","2021","06","02","20:00","23.6","","7.8","","36","","0.0","","22","","27","","","","97.56","","","","","","NA"
"-80.80","46.63","SUDBURY CLIMATE","6068145","2021-06-02 21:00","2021","06","02","21:00","22.7","","7.8","","39","","0.0","","22","","25","","","","97.49","","","","","","NA"
"-80.80","46.63","SUDBURY CLIMATE","6068145","2021-06-02 22:00","2021","06","02","22:00","22.8","","8.5","","40","","0.0","","22","","24","","","","97.43","","","","","","NA"
"-80.80","46.63","SUDBURY CLIMATE","6068145","2021-06-02 23:00","2021","06","02","23:00","22.1","","8.6","","42","","0.0","","22","","21","","","","97.40","","","","","","NA"
"-80.80","46.63","SUDBURY CLIMATE","6068145","2021-06-03 00:00","2021","06","03","00:00","20.9","","7.9","","43","","0.0","","22","","24","","","","97.38","","","","","","NA"
"-80.80","46.63","SUDBURY CLIMATE","6068145","2021-06-03 01:00","2021","06","03","01:00","18.0","","8.1","","52","","0.0","","21","","14","","","","97.34","","","","","","NA"
"-80.80","46.63","SUDBURY CLIMATE","6068145","2021-06-03 02:00","2021","06","03","02:00","15.7","","8.4","","62","","0.0","","20","","10","","","","97.34","","","","","","NA"
"-80.80","46.63","SUDBURY CLIMATE","6068145","2021-06-03 03:00","2021","06","03","03:00","15.5","","8.5","","63","","0.0","","20","","16","","","","97.32","","","","","","NA"
"-80.80","46.63","SUDBURY CLIMATE","6068145","2021-06-03 04:00","2021","06","03","04:00","13.4","","8.6","","73","","0.0","","22","","12","","","","97.30","","","","","","NA"
"-80.80","46.63","SUDBURY CLIMATE","6068145","2021-06-03 05:00","2021","06","03","05:00","13.0","","8.3","","73","","0.0","","23","","12","","","","97.26","","","","","","NA"
"-80.80","46.63","SUDBURY CLIMATE","6068145","2021-06-03 06:00","2021","06","03","06:00","12.6","","8.2","","74","","0.0","","24","","9","","","","97.22","","","","","","NA"
"-80.80","46.63","SUDBURY CLIMATE","6068145","2021-06-03 07:00","2021","06","03","07:00","12.0","","7.7","","75","","0.0","","23","","8","","","","97.16","","","","","","NA"
"-80.80","46.63","SUDBURY CLIMATE","6068145","2021-06-03 08:00","2021","06","03","08:00","10.9","","7.5","","80","","0.0","","23","","9","","","","97.14","","","","","","NA"
"-80.80","46.63","SUDBURY CLIMATE","6068145","2021-06-03 09:00","2021","06","03","09:00","10.8","","8.1","","83","","0.0","","22","","11","","","","97.10","","","","","","NA"
"-80.80","46.63","SUDBURY CLIMATE","6068145","2021-06-03 10:00","2021","06","03","10:00","10.1","","8.6","","90","","0.0","","21","","11","","","","97.05","","","","","","NA"
"-80.80","46.63","SUDBURY CLIMATE","6068145","2021-06-03 11:00","2021","06","03","11:00","13.1","","10.4","","84","","0.0","","20","","13","","","","97.06","","","","","","NA"
"-80.80","46.63","SUDBURY CLIMATE","6068145","2021-06-03 12:00","2021","06","03","12:00","14.5","","11.2","","81","","0.0","","22","","14","","","","97.05","","","","","","NA"
"-80.80","46.63","SUDBURY CLIMATE","6068145","2021-06-03 13:00","2021","06","03","13:00","16.3","","11.7","","74","","0.0","","22","","19","","","","97.05","","","","","","NA"
"-80.80","46.63","SUDBURY CLIMATE","6068145","2021-06-03 14:00","2021","06","03","14:00","18.4","","11.6","","65","","0.0","","22","","26","","","","97.03","","","","","","NA"
"-80.80","46.63","SUDBURY CLIMATE","6068145","2021-06-03 15:00","2021","06","03","15:00","19.6","","12.1","","62","","0.0","","23","","23","","","","96.97","","","","","","NA"
"-80.80","46.63","SUDBURY CLIMATE","6068145","2021-06-03 16:00","2021","06","03","16:00","21.0","","11.9","","56","","0.0","","20","","25","","","","96.94","","","","","","NA"
"-80.80","46.63","SUDBURY CLIMATE","6068145","2021-06-03 17:00","2021","06","03","17:00","22.0","","11.5","","51","","0.0","","22","","27","","","","96.88","","","","","","NA"
"-80.80","46.63","SUDBURY CLIMATE","6068145","2021-06-03 18:00","2021","06","03","18:00","23.0","","11.1","","47","","0.0","","21","","27","","","","96.82","","25","","","","NA"
"-80.80","46.63","SUDBURY CLIMATE","6068145","2021-06-03 19:00","2021","06","03","19:00","23.5","","11.4","","47","","0.0","","21","","28","","","","96.75","","25","","","","NA"
"-80.80","46.63","SUDBURY CLIMATE","6068145","2021-06-03 20:00","2021","06","03","20:00","23.1","","11.0","","46","","0.0","","23","","28","","","","96.69","","25","","","","NA"
"-80.80","46.63","SUDBURY CLIMATE","6068145","2021-06-03 21:00","2021","06","03","21:00","23.1","","10.4","","45","","0.0","","23","","32","","","","96.64","","25","","","","NA"
"-80.80","46.63","SUDBURY CLIMATE","6068145","2021-06-03 22:00","2021","06","03","22:00","21.5","","11.1","","51","","0.0","","22","","32","","","","96.66","","","","","","NA"
"-80.80","46.63","SUDBURY CLIMATE","6068145","2021-06-03 23:00","2021","06","03","23:00","20.8","","12.2","","58","","0.0","","22","","21","","","","96.67","","","","","","NA"
"-80.80","46.63","SUDBURY CLIMATE","6068145","2021-06-04 00:00","2021","06","04","00:00","19.4","","12.5","","64","","0.0","","23","","14","","","","96.72","","","","","","NA"
"-80.80","46.63","SUDBURY CLIMATE","6068145","2021-06-04 01:00","2021","06","04","01:00","18.3","","13.1","","72","","0.0","","21","","13","","","","96.71","","","","","","NA"
"-80.80","46.63","SUDBURY CLIMATE","6068145","2021-06-04 02:00","2021","06","04","02:00","16.0","","12.0","","77","","0.0","","23","","9","","","","96.77","","","","","","NA"
"-80.80","46.63","SUDBURY CLIMATE","6068145","2021-06-04 03:00","2021","06","04","03:00","15.1","","12.9","","87","","0.0","","20","","11","","","","96.79","","","","","","NA"
"-80.80","46.63","SUDBURY CLIMATE","6068145","2021-06-04 04:00","2021","06","04","04:00","13.7","","12.2","","91","","0.0","","21","","13","","","","96.78","","","","","","NA"
"-80.80","46.63","SUDBURY CLIMATE","6068145","2021-06-04 05:00","2021","06","04","05:00","13.2","","12.3","","95","","0.0","","22","","14","","","","96.78","","","","","","NA"
"-80.80","46.63","SUDBURY CLIMATE","6068145","2021-06-04 06:00","2021","06","04","06:00","12.6","","11.9","","95","","0.0","","23","","12","","","","96.77","","","","","","NA"
"-80.80","46.63","SUDBURY CLIMATE","6068145","2021-06-04 07:00","2021","06","04","07:00","12.4","","11.9","","96","","0.0","","24","","13","","","","96.79","","","","","","NA"
"-80.80","46.63","SUDBURY CLIMATE","6068145","2021-06-04 08:00","2021","06","04","08:00","12.3","","11.7","","96","","0.0","","25","","8","","","","96.79","","","","","","NA"
"-80.80","46.63","SUDBURY CLIMATE","6068145","2021-06-04 09:00","2021","06","04","09:00","12.4","","11.9","","97","","0.0","","27","","9","","","","96.80","","","","","","NA"
"-80.80","46.63","SUDBURY CLIMATE","6068145","2021-06-04 10:00","2021","06","04","10:00","12.0","","11.7","","98","","0.0","","25","","8","","","","96.79","","","","","","NA"
"-80.80","46.63","SUDBURY CLIMATE","6068145","2021-06-04 11:00","2021","06","04","11:00","12.1","","11.7","","98","","0.0","","29","","7","","","","96.84","","","","","","NA"
"-80.80","46.63","SUDBURY CLIMATE","6068145","2021-06-04 12:00","2021","06","04","12:00","14.8","","12.1","","84","","0.0","","29","","4","","","","96.85","","","","","","NA"
"-80.80","46.63","SUDBURY CLIMATE","6068145","2021-06-04 13:00","2021","06","04","13:00","18.4","","13.1","","72","","0.0","","33","","7","","","","96.88","","","","","","NA"
"-80.80","46.63","SUDBURY CLIMATE","6068145","2021-06-04 14:00","2021","06","04","14:00","20.2","","12.9","","63","","0.0","","32","","3","","","","96.90","","","","","","NA"
"-80.80","46.63","SUDBURY CLIMATE","6068145","2021-06-04 15:00","2021","06","04","15:00","22.3","","11.7","","51","","0.0","","23","","4","","","","96.88","","","","","","NA"
"-80.80","46.63","SUDBURY CLIMATE","6068145","2021-06-04 16:00","2021","06","04","16:00","23.3","","12.0","","49","","0.0","","20","","13","","","","96.87","","26","","","","NA"
"-80.80","46.63","SUDBURY CLIMATE","6068145","2021-06-04 17:00","2021","06","04","17:00","25.1","","13.0","","47","","0.0","","25","","10","","","","96.82","","28","","","","NA"
"-80.80","46.63","SUDBURY CLIMATE","6068145","2021-06-04 18:00","2021","06","04","18:00","26.3","","12.6","","43","","0.0","","22","","11","","","","96.78","","29","","","","NA"
"-80.80","46.63","SUDBURY CLIMATE","6068145","2021-06-04 19:00","2021","06","04","19:00","25.7","","11.4","","41","","0.0","","23","","14","","","","96.76","","28","","","","NA"
"-80.80","46.63","SUDBURY CLIMATE","6068145","2021-06-04 20:00","2021","06","04","20:00","25.9","","11.0","","39","","0.0","","22","","14","","","","96.72","","28","","","","NA"
"-80.80","46.63","SUDBURY CLIMATE","6068145","2021-06-04 21:00","2021","06","04","21:00","27.0","","11.8","","39","","0.0","","22","","23","","","","96.67","","29","","","","NA"
"-80.80","46.63","SUDBURY CLIMATE","6068145","2021-06-04 22:00","2021","06","04","22:00","26.7","","10.8","","37","","0.0","","23","","19","","","","96.64","","28","","","","NA"
"-80.80","46.63","SUDBURY CLIMATE","6068145","2021-06-04 23:00","2021","06","04","23:00","24.8","","13.2","","49","","0.0","","21","","27","","","","96.63","","28","","","","NA"
"-80.80","46.63","SUDBURY CLIMATE","6068145","2021-06-05 00:00","2021","06","05","00:00","23.1","","13.1","","53","","0.0","","21","","27","","","","96.62","","26","","","","NA"
"-80.80","46.63","SUDBURY CLIMATE","6068145","2021-06-05 01:00","2021","06","05","01:00","20.5","","12.9","","61","","0.0","","21","","21","","","","96.62","","","","","","NA"
"-80.80","46.63","SUDBURY CLIMATE","6068145","2021-06-05 02:00","2021","06","05","02:00","18.9","","12.5","","66","","0.0","","20","","20","","","","96.57","","","","","","NA"
"-80.80","46.63","SUDBURY CLIMATE","6068145","2021-06-05 03:00","2021","06","05","03:00","17.1","","12.0","","72","","0.0","","20","","22","","","","96.55","","","","","","NA"
"-80.80","46.63","SUDBURY CLIMATE","6068145","2021-06-05 04:00","2021","06","05","04:00","16.1","","12.1","","77","","0.0","","21","","17","","","","96.51","","","","","","NA"
"-80.80","46.63","SUDBURY CLIMATE","6068145","2021-06-05 05:00","2021","06","05","05:00","15.2","","11.6","","79","","0.0","","24","","9","","","","96.54","","","","","","NA"
"-80.80","46.63","SUDBURY CLIMATE","6068145","2021-06-05 06:00","2021","06","05","06:00","16.1","","12.0","","77","","0.0","","20","","17","","","","96.37","","","","","","NA"
"-80.80","46.63","SUDBURY CLIMATE","6068145","2021-06-05 07:00","2021","06","05","07:00","15.6","","12.2","","80","","0.0","","21","","13","","","","96.38","","","","","","NA"
"-80.80","46.63","SUDBURY CLIMATE","6068145","2021-06-05 08:00","2021","06","05","08:00","14.7","","12.5","","87","","0.0","","21","","12","","","","96.31","","","","","","NA"
"-80.80","46.63","SUDBURY CLIMATE","6068145","2021-06-05 09:00","2021","06","05","09:00","15.5","","12.8","","84","","0.0","","24","","8","","","","96.27","","","","","","NA"
"-80.80","46.63","SUDBURY CLIMATE","6068145","2021-06-05 10:00","2021","06","05","10:00","16.1","","14.0","","87","","0.0","","22","","12","","","","96.30","","","","","","NA"
"-80.80","46.63","SUDBURY CLIMATE","6068145","2021-06-05 11:00","2021","06","05","11:00","18.9","","14.6","","76","","0.0","","27","","11","","","","96.36","","","","","","NA"
"-80.80","46.63","SUDBURY CLIMATE","6068145","2021-06-05 12:00","2021","06","05","12:00","18.7","","15.4","","81","","0.0","","27","","11","","","","96.41","","","","","","NA"
"-80.80","46.63","SUDBURY CLIMATE","6068145","2021-06-05 13:00","2021","06","05","13:00","20.1","","15.6","","75","","0.0","","26","","14","","","","96.52","","","","","","NA"
"-80.80","46.63","SUDBURY CLIMATE","6068145","2021-06-05 14:00","2021","06","05","14:00","19.5","","16.6","","83","","0.0","","28","","6","","","","96.57","","","","","","NA"
"-80.80","46.63","SUDBURY CLIMATE","6068145","2021-06-05 15:00","2021","06","05","15:00","19.6","","17.2","","86","","0.0","","26","","7","","","","96.66","","","","","","NA"
"-80.80","46.63","SUDBURY CLIMATE","6068145","2021-06-05 16:00","2021","06","05","16:00","18.5","","16.5","","88","","0.1","","25","","15","","","","96.67","","","","","","NA"
"-80.80","46.63","SUDBURY CLIMATE","6068145","2021-06-05 17:00","2021","06","05","17:00","18.4","","16.3","","87","","0.2","","26","","14","","","","96.71","","","","","","NA"
"-80.80","46.63","SUDBURY CLIMATE","6068145","2021-06-05 18:00","2021","06","05","18:00","18.2","","16.8","","92","","0.4","","24","","12","","","","96.63","","","","","","NA"
"-80.80","46.63","SUDBURY CLIMATE","6068145","2021-06-05 19:00","2021","06","05","19:00","18.6","","16.5","","87","","0.2","","22","","18","","","","96.65","","","","","","NA"
"-80.80","46.63","SUDBURY CLIMATE","6068145","2021-06-05 20:00","2021","06","05","20:00","19.2","","16.9","","86","","0.0","","23","","12","","","","96.67","","","","","","NA"
"-80.80","46.63","SUDBURY CLIMATE","6068145","2021-06-05 21:00","2021","06","05","21:00","21.6","","15.8","","70","","0.0","","21","","14","","","","96.68","","26","","","","NA"
"-80.80","46.63","SUDBURY CLIMATE","6068145","2021-06-05 22:00","2021","06","05","22:00","22.1","","16.0","","68","","0.0","","22","","19","","","","96.73","","27","","","","NA"
"-80.80","46.63","SUDBURY CLIMATE","6068145","2021-06-05 23:00","2021","06","05","23:00","22.6","","16.4","","68","","0.0","","21","","18","","","","96.73","","27","","","","NA"
"-80.80","46.63","SUDBURY CLIMATE","6068145","2021-06-06 00:00","2021","06","06","00:00","21.4","","16.2","","72","","0.0","","21","","16","","","","96.76","","26","","","","NA"
"-80.80","46.63","SUDBURY CLIMATE","6068145","2021-06-06 01:00","2021","06","06","01:00","19.5","","16.4","","82","","0.0","","20","","9","","","","96.79","","","","","","NA"
"-80.80","46.63","SUDBURY CLIMATE","6068145","2021-06-06 02:00","2021","06","06","02:00","17.6","","15.7","","89","","0.0","","17","","6","","","","96.82","","","","","","NA"
"-80.80","46.63","SUDBURY CLIMATE","6068145","2021-06-06 03:00","2021","06","06","03:00","17.4","","15.2","","87","","0.0","","21","","15","","","","96.83","","","","","","NA"
"-80.80","46.63","SUDBURY CLIMATE","6068145","2021-06-06 04:00","2021","06","06","04:00","16.4","","15.3","","93","","0.0","","21","","8","","","","96.86","","","","","","NA"
"-80.80","46.63","SUDBURY CLIMATE","6068145","2021-06-06 05:00","2021","06","06","05:00","15.7","","14.9","","95","","0.0","","21","","7","","","","96.88","","","","","","NA"
"-80.80","46.63","SUDBURY CLIMATE","6068145","2021-06-06 06:00","2021","06","06","06:00","15.3","","14.6","","96","","0.0","","20","","10","","","","96.87","","","","","","NA"
"-80.80","46.63","SUDBURY CLIMATE","6068145","2021-06-06 07:00","2021","06","06","07:00","15.3","","14.8","","97","","0.0","","22","","6","","","","96.89","","","","","","NA"
"-80.80","46.63","SUDBURY CLIMATE","6068145","2021-06-06 08:00","2021","06","06","08:00","14.9","","14.5","","98","","0.0","","19","","5","","","","96.86","","","","","","NA"
"-80.80","46.63","SUDBURY CLIMATE","6068145","2021-06-06 09:00","2021","06","06","09:00","13.6","","13.3","","98","","0.0","","15","","2","","","","96.88","","","","","","NA"
"-80.80","46.63","SUDBURY CLIMATE","6068145","2021-06-06 10:00","2021","06","06","10:00","14.3","","13.5","","95","","0.0","","14","","8","","","","96.91","","","","","","NA"
"-80.80","46.63","SUDBURY CLIMATE","6068145","2021-06-06 11:00","2021","06","06","11:00","14.9","","13.1","","89","","0.0","","16","","12","","","","96.92","","","","","","NA"
"-80.80","46.63","SUDBURY CLIMATE","6068145","2021-06-06 12:00","2021","06","06","12:00","16.5","","13.8","","84","","0.0","","21","","8","","","","97.00","","","","","","NA"
"-80.80","46.63","SUDBURY CLIMATE","6068145","2021-06-06 13:00","2021","06","06","13:00","19.8","","15.1","","75","","0.0","","21","","12","","","","96.98","","","","","","NA"
"-80.80","46.63","SUDBURY CLIMATE","6068145","2021-06-06 14:00","2021","06","06","14:00","22.8","","16.4","","67","","0.0","","22","","22","","","","96.99","","28","","","","NA"
"-80.80","46.63","SUDBURY CLIMATE","6068145","2021-06-06 15:00","2021","06","06","15:00","25.6","","16.8","","58","","0.0","","22","","21","","","","96.98","","31","","","","NA"
"-80.80","46.63","SUDBURY CLIMATE","6068145","2021-06-06 16:00","2021","06","06","16:00","27.2","","17.1","","54","","0.0","","23","","19","","","","96.96","","33","","","","NA"
"-80.80","46.63","SUDBURY CLIMATE","6068145","2021-06-06 17:00","2021","06","06","17:00","28.1","","17.5","","53","","0.0","","22","","21","","","","96.97","","34","","","","NA"
"-80.80","46.63","SUDBURY CLIMATE","6068145","2021-06-06 18:00","2021","06","06","18:00","30.1","","17.2","","46","","0.0","","22","","24","","","","96.94","","36","","","","NA"
"-80.80","46.63","SUDBURY CLIMATE","6068145","2021-06-06 19:00","2021","06","06","19:00","30.5","","16.9","","44","","0.0","","23","","28","","","","96.93","","36","","","","NA"
"-80.80","46.63","SUDBURY CLIMATE","6068145","2021-06-06 20:00","2021","06","06","20:00","30.7","","17.3","","45","","0.0","","24","","26","","","","96.91","","36","","","","NA"
"-80.80","46.63","SUDBURY CLIMATE","6068145","2021-06-06 21:00","2021","06","06","21:00","30.3","","16.6","","44","","0.0","","24","","29","","","","96.89","","35","","","","NA"
"-80.80","46.63","SUDBURY CLIMATE","6068145","2021-06-06 22:00","2021","06","06","22:00","29.7","","16.5","","45","","0.1","","23","","35","","","","96.91","","35","","","","NA"
"-80.80","46.63","SUDBURY CLIMATE","6068145","2021-06-06 23:00","2021","06","06","23:00","28.4","","17.5","","51","","0.0","","21","","29","","","","96.92","","34","","","","NA"
"-80.80","46.63","SUDBURY CLIMATE","6068145","2021-06-07 00:00","2021","06","07","00:00","25.4","","16.9","","59","","0.0","","21","","24","","","","96.98","","31","","","","NA"
"-80.80","46.63","SUDBURY CLIMATE","6068145","2021-06-07 01:00","2021","06","07","01:00","24.3","","16.9","","63","","0.0","","19","","19","","","","97.03","","30","","","","NA"
"-80.80","46.63","SUDBURY CLIMATE","6068145","2021-06-07 02:00","2021","06","07","02:00","22.4","","16.5","","69","","0.0","","20","","20","","","","97.06","","27","","","","NA"
"-80.80","46.63","SUDBURY CLIMATE","6068145","2021-06-07 03:00","2021","06","07","03:00","21.2","","15.2","","69","","0.0","","20","","23","","","","97.05","","25","","","","NA"
"-80.80","46.63","SUDBURY CLIMATE","6068145","2021-06-07 04:00","2021","06","07","04:00","19.6","","14.9","","74","","0.0","","21","","18","","","","97.04","","","","","","NA"
"-80.80","46.63","SUDBURY CLIMATE","6068145","2021-06-07 05:00","2021","06","07","05:00","19.0","","14.8","","76","","0.0","","22","","17","","","","97.03","","","","","","NA"
"-80.80","46.63","SUDBURY CLIMATE","6068145","2021-06-07 06:00","2021","06","07","06:00","17.8","","14.5","","81","","0.0","","20","","15","","","","97.04","","","","","","NA"
"-80.80","46.63","SUDBURY CLIMATE","6068145","2021-06-07 07:00","2021","06","07","07:00","16.4","","14.0","","85","","0.0","","21","","14","","","","97.02","","","","","","NA"
"-80.80","46.63","SUDBURY CLIMATE","6068145","2021-06-07 08:00","2021","06","07","08:00","16.1","","13.8","","86","","0.0","","21","","15","","","","97.04","","","","","","NA"
"-80.80","46.63","SUDBURY CLIMATE","6068145","2021-06-07 09:00","2021","06","07","09:00","16.3","","13.7","","84","","0.0","","20","","15","","","","97.05","","","","","","NA"
"-80.80","46.63","SUDBURY CLIMATE","6068145","2021-06-07 10:00","2021","06","07","10:00","16.7","","13.8","","83","","0.0","","20","","15","","","","97.09","","","","","","NA"
"-80.80","46.63","SUDBURY CLIMATE","6068145","2021-06-07 11:00","2021","06","07","11:00","18.6","","14.6","","78","","0.0","","20","","14","","","","97.12","","","","","","NA"
"-80.80","46.63","SUDBURY CLIMATE","6068145","2021-06-07 12:00","2021","06","07","12:00","19.4","","14.9","","76","","0.0","","21","","17","","","","97.13","","","","","","NA"
"-80.80","46.63","SUDBURY CLIMATE","6068145","2021-06-07 13:00","2021","06","07","13:00","21.1","","16.2","","74","","0.0","","22","","17","","","","97.13","","26","","","","NA"
"-80.80","46.63","SUDBURY CLIMATE","6068145","2021-06-07 14:00","2021","06","07","14:00","25.0","","17.4","","63","","0.0","","24","","19","","","","97.13","","31","","","","NA"
"-80.80","46.63","SUDBURY CLIMATE","6068145","2021-06-07 15:00","2021","06","07","15:00","27.2","","18.3","","58","","0.0","","23","","23","","","","97.10","","33","","","","NA"
"-80.80","46.63","SUDBURY CLIMATE","6068145","2021-06-07 16:00","2021","06","07","16:00","29.0","","17.7","","51","","0.0","","23","","26","","","","97.08","","35","","","","NA"
"-80.80","46.63","SUDBURY CLIMATE","6068145","2021-06-07 17:00","2021","06","07","17:00","28.9","","17.2","","49","","0.0","","24","","27","","","","97.06","","34","","","","NA"
"-80.80","46.63","SUDBURY CLIMATE","6068145","2021-06-07 18:00","2021","06","07","18:00","30.7","","16.7","","43","","0.0","","22","","30","","","","97.05","","36","","","","NA"
"-80.80","46.63","SUDBURY CLIMATE","6068145","2021-06-07 19:00","2021","06","07","19:00","30.7","","17.6","","46","","0.0","","22","","32","","","","97.05","","36","","","","NA"
"-80.80","46.63","SUDBURY CLIMATE","6068145","2021-06-07 20:00","2021","06","07","20:00","30.7","","17.7","","46","","0.0","","23","","27","","","","97.05","","36","","","","NA"
"-80.80","46.63","SUDBURY CLIMATE","6068145","2021-06-07 21:00","2021","06","07","21:00","30.2","","18.0","","48","","0.0","","23","","30","","","","97.06","","36","","","","NA"
"-80.80","46.63","SUDBURY CLIMATE","6068145","2021-06-07 22:00","2021","06","07","22:00","29.3","","16.6","","46","","0.0","","24","","29","","","","97.04","","34","","","","NA"
"-80.80","46.63","SUDBURY CLIMATE","6068145","2021-06-07 23:00","2021","06","07","23:00","28.1","","18.5","","56","","0.0","","22","","28","","","","97.09","","34","","","","NA"
"-80.80","46.63","SUDBURY CLIMATE","6068145","2021-06-08 00:00","2021","06","08","00:00","26.2","","18.8","","64","","0.0","","23","","28","","","","97.13","","33","","","","NA"
"-80.80","46.63","SUDBURY CLIMATE","6068145","2021-06-08 01:00","2021","06","08","01:00","24.4","","18.2","","68","","0.0","","23","","21","","","","97.17","","31","","","","NA"
"-80.80","46.63","SUDBURY CLIMATE","6068145","2021-06-08 02:00","2021","06","08","02:00","23.3","","18.5","","75","","0.0","","23","","17","","","","97.23","","30","","","","NA"
"-80.80","46.63","SUDBURY CLIMATE","6068145","2021-06-08 03:00","2021","06","08","03:00","22.2","","18.8","","81","","0.0","","24","","13","","","","97.25","","29","","","","NA"
"-80.80","46.63","SUDBURY CLIMATE","6068145","2021-06-08 04:00","2021","06","08","04:00","21.6","","18.8","","84","","0.0","","24","","9","","","","97.26","","28","","","","NA"
"-80.80","46.63","SUDBURY CLIMATE","6068145","2021-06-08 05:00","2021","06","08","05:00","21.1","","18.8","","87","","0.0","","26","","7","","","","97.31","","28","","","","NA"
"-80.80","46.63","SUDBURY CLIMATE","6068145","2021-06-08 06:00","2021","06","08","06:00","20.4","","18.5","","89","","0.0","","24","","8","","","","97.32","","27","","","","NA"
"-80.80","46.63","SUDBURY CLIMATE","6068145","2021-06-08 07:00","2021","06","08","07:00","19.5","","18.4","","93","","0.0","","23","","9","","","","97.33","","","","","","NA"
"-80.80","46.63","SUDBURY CLIMATE","6068145","2021-06-08 08:00","2021","06","08","08:00","19.5","","18.5","","94","","0.0","","24","","8","","","","97.34","","","","","","NA"
"-80.80","46.63","SUDBURY CLIMATE","6068145","2021-06-08 09:00","2021","06","08","09:00","19.0","","18.2","","96","","0.0","","23","","8","","","","97.36","","","","","","NA"
"-80.80","46.63","SUDBURY CLIMATE","6068145","2021-06-08 10:00","2021","06","08","10:00","18.7","","18.1","","97","","0.0","","24","","8","","","","97.40","","","","","","NA"
"-80.80","46.63","SUDBURY CLIMATE","6068145","2021-06-08 11:00","2021","06","08","11:00","19.7","","18.7","","94","","0.0","","22","","9","","","","97.46","","","","","","NA"
"-80.80","46.63","SUDBURY CLIMATE","6068145","2021-06-08 12:00","2021","06","08","12:00","22.3","","18.7","","80","","0.0","","29","","4","","","","97.48","","29","","","","NA"
"-80.80","46.63","SUDBURY CLIMATE","6068145","2021-06-08 13:00","2021","06","08","13:00","24.7","","18.9","","70","","0.0","","33","","8","","","","97.51","","31","","","","NA"
"-80.80","46.63","SUDBURY CLIMATE","6068145","2021-06-08 14:00","2021","06","08","14:00","26.2","","18.2","","61","","0.0","","4","","6","","","","97.57","","32","","","","NA"
"-80.80","46.63","SUDBURY CLIMATE","6068145","2021-06-08 15:00","2021","06","08","15:00","27.1","","18.3","","59","","0.0","","21","","7","","","","97.54","","33","","","","NA"
"-80.80","46.63","SUDBURY CLIMATE","6068145","2021-06-08 16:00","2021","06","08","16:00","27.6","","19.5","","61","","0.0","","24","","7","","","","97.57","","35","","","","NA"
"-80.80","46.63","SUDBURY CLIMATE","6068145","2021-06-08 17:00","2021","06","08","17:00","28.9","","19.9","","58","","0.0","","25","","7","","","","97.52","","36","","","","NA"
"-80.80","46.63","SUDBURY CLIMATE","6068145","2021-06-08 18:00","2021","06","08","18:00","29.4","","19.1","","54","","0.0","","28","","7","","","","97.43","","36","","","","NA"
"-80.80","46.63","SUDBURY CLIMATE","6068145","2021-06-08 19:00","2021","06","08","19:00","29.7","","19.3","","54","","0.0","","6","","8","","","","97.37","","37","","","","NA"
"-80.80","46.63","SUDBURY CLIMATE","6068145","2021-06-08 20:00","2021","06","08","20:00","22.5","","18.2","","77","","19.9","","18","","23","","","","97.42","","29","","","","NA"
"-80.80","46.63","SUDBURY CLIMATE","6068145","2021-06-08 21:00","2021","06","08","21:00","21.2","","18.8","","86","","0.0","","28","","10","","","","97.52","","28","","","","NA"
"-80.80","46.63","SUDBURY CLIMATE","6068145","2021-06-08 22:00","2021","06","08","22:00","21.3","","19.2","","88","","0.0","","27","","4","","","","97.38","","28","","","","NA"
"-80.80","46.63","SUDBURY CLIMATE","6068145","2021-06-08 23:00","2021","06","08","23:00","21.9","","18.9","","83","","0.0","","28","","6","","","","97.39","","29","","","","NA"
"-80.80","46.63","SUDBURY CLIMATE","6068145","2021-06-09 00:00","2021","06","09","00:00","21.9","","18.1","","79","","0.0","","28","","6","","","","97.47","","28","","","","NA"
"-80.80","46.63","SUDBURY CLIMATE","6068145","2021-06-09 01:00","2021","06","09","01:00","20.6","","18.1","","86","","0.0","","28","","3","","","","97.52","","27","","","","NA"
"-80.80","46.63","SUDBURY CLIMATE","6068145","2021-06-09 02:00","2021","06","09","02:00","20.4","","18.6","","90","","0.0","","17","","3","","","","97.61","","27","","","","NA"
"-80.80","46.63","SUDBURY CLIMATE","6068145","2021-06-09 03:00","2021","06","09","03:00","20.5","","18.6","","89","","0.0","","24","","5","","","","97.60","","27","","","","NA"
"-80.80","46.63","SUDBURY CLIMATE","6068145","2021-06-09 04:00","2021","06","09","04:00","20.0","","18.6","","91","","0.0","","32","","6","","","","97.62","","26","","","","NA"
"-80.80","46.63","SUDBURY CLIMATE","6068145","2021-06-09 05:00","2021","06","09","05:00","19.1","","18.6","","97","","0.0","","4","","14","","","","97.66","","","","","","NA"
"-80.80","46.63","SUDBURY CLIMATE","6068145","2021-06-09 06:00","2021","06","09","06:00","18.9","","15.6","","81","","0.0","","4","","14","","","","97.73","","","","","","NA"
"-80.80","46.63","SUDBURY CLIMATE","6068145","2021-06-09 07:00","2021","06","09","07:00","18.1","","13.7","","76","","0.0","","3","","14","","","","97.75","","","","","","NA"
"-80.80","46.63","SUDBURY CLIMATE","6068145","2021-06-09 08:00","2021","06","09","08:00","17.4","","12.9","","75","","0.0","","4","","18","","","","97.76","","","","","","NA"
"-80.80","46.63","SUDBURY CLIMATE","6068145","2021-06-09 09:00","2021","06","09","09:00","17.0","","11.5","","70","","0.0","","4","","22","","","","97.84","","","","","","NA"
"-80.80","46.63","SUDBURY CLIMATE","6068145","2021-06-09 10:00","2021","06","09","10:00","16.3","","11.3","","72","","0.0","","4","","19","","","","97.93","","","","","","NA"
"-80.80","46.63","SUDBURY CLIMATE","6068145","2021-06-09 11:00","2021","06","09","11:00","16.2","","10.7","","70","","0.0","","4","","21","","","","98.02","","","","","","NA"
"-80.80","46.63","SUDBURY CLIMATE","6068145","2021-06-09 12:00","2021","06","09","12:00","17.1","","10.8","","66","","0.0","","5","","20","","","","98.10","","","","","","NA"
"-80.80","46.63","SUDBURY CLIMATE","6068145","2021-06-09 13:00","2021","06","09","13:00","18.1","","10.9","","63","","0.0","","4","","19","","","","98.13","","","","","","NA"
"-80.80","46.63","SUDBURY CLIMATE","6068145","2021-06-09 14:00","2021","06","09","14:00","19.4","","11.5","","60","","0.0","","4","","18","","","","98.18","","","","","","NA"
"-80.80","46.63","SUDBURY CLIMATE","6068145","2021-06-09 15:00","2021","06","09","15:00","20.2","","9.4","","50","","0.0","","5","","21","","","","98.23","","","","","","NA"
"-80.80","46.63","SUDBURY CLIMATE","6068145","2021-06-09 16:00","2021","06","09","16:00","21.3","","9.6","","47","","0.0","","3","","19","","","","98.21","","","","","","NA"
"-80.80","46.63","SUDBURY CLIMATE","6068145","2021-06-09 17:00","2021","06","09","17:00","22.4","","9.2","","43","","0.0","","3","","17","","","","98.21","","","","","","NA"
"-80.80","46.63","SUDBURY CLIMATE","6068145","2021-06-09 18:00","2021","06","09","18:00","23.4","","9.9","","43","","0.0","","5","","17","","","","98.20","","25","","","","NA"
"-80.80","46.63","SUDBURY CLIMATE","6068145","2021-06-09 19:00","2021","06","09","19:00","23.3","","6.3","","33","","0.0","","2","","21","","","","98.16","","","","","","NA"
"-80.80","46.63","SUDBURY CLIMATE","6068145","2021-06-09 20:00","2021","06","09","20:00","24.3","","6.6","","32","","0.0","","4","","17","","","","98.11","","","","","","NA"
"-80.80","46.63","SUDBURY CLIMATE","6068145","2021-06-09 21:00","2021","06","09","21:00","24.2","","6.3","","32","","0.0","","3","","17","","","","98.07","","","","","","NA"
"-80.80","46.63","SUDBURY CLIMATE","6068145","2021-06-09 22:00","2021","06","09","22:00","24.0","","5.3","","30","","0.0","","5","","19","","","","98.04","","","","","","NA"
"-80.80","46.63","SUDBURY CLIMATE","6068145","2021-06-09 23:00","2021","06","09","23:00","23.2","","4.3","","29","","0.0","","5","","17","","","","97.99","","","","","","NA"
"-80.80","46.63","SUDBURY CLIMATE","6068145","2021-06-10 00:00","2021","06","10","00:00","21.7","","6.1","","36","","0.0","","5","","12","","","","98.03","","","","","","NA"
"-80.80","46.63","SUDBURY CLIMATE","6068145","2021-06-10 01:00","2021","06","10","01:00","18.6","","6.3","","45","","0.0","","6","","7","","","","98.08","","","","","","NA"
"-80.80","46.63","SUDBURY CLIMATE","6068145","2021-06-10 02:00","2021","06","10","02:00","16.3","","6.8","","53","","0.0","","8","","7","","","","98.10","","","","","","NA"
"-80.80","46.63","SUDBURY CLIMATE","6068145","2021-06-10 03:00","2021","06","10","03:00","16.2","","6.5","","53","","0.0","","8","","12","","","","98.10","","","","","","NA"
"-80.80","46.63","SUDBURY CLIMATE","6068145","2021-06-10 04:00","2021","06","10","04:00","14.5","","6.4","","58","","0.0","","6","","9","","","","98.10","","","","","","NA"
"-80.80","46.63","SUDBURY CLIMATE","6068145","2021-06-10 05:00","2021","06","10","05:00","13.6","","7.0","","64","","0.0","","5","","13","","","","98.09","","","","","","NA"
"-80.80","46.63","SUDBURY CLIMATE","6068145","2021-06-10 06:00","2021","06","10","06:00","12.7","","8.3","","75","","0.0","","5","","9","","","","98.09","","","","","","NA"
"-80.80","46.63","SUDBURY CLIMATE","6068145","2021-06-10 07:00","2021","06","10","07:00","11.7","","9.0","","83","","0.0","","5","","12","","","","98.05","","","","","","NA"
"-80.80","46.63","SUDBURY CLIMATE","6068145","2021-06-10 08:00","2021","06","10","08:00","11.9","","7.3","","73","","0.0","","5","","14","","","","98.00","","","","","","NA"
"-80.80","46.63","SUDBURY CLIMATE","6068145","2021-06-10 09:00","2021","06","10","09:00","10.7","","8.2","","84","","0.0","","7","","8","","","","97.99","","","","","","NA"
"-80.80","46.63","SUDBURY CLIMATE","6068145","2021-06-10 10:00","2021","06","10","10:00","10.3","","8.4","","88","","0.0","","6","","8","","","","98.02","","","","","","NA"
"-80.80","46.63","SUDBURY CLIMATE","6068145","2021-06-10 11:00","2021","06","10","11:00","13.0","","7.8","","71","","0.0","","7","","10","","","","98.07","","","","","","NA"
"-80.80","46.63","SUDBURY CLIMATE","6068145","2021-06-10 12:00","2021","06","10","12:00","14.4","","7.4","","63","","0.0","","7","","17","","","","98.08","","","","","","NA"
"-80.80","46.63","SUDBURY CLIMATE","6068145","2021-06-10 13:00","2021","06","10","13:00","15.1","","7.0","","58","","0.0","","7","","14","","","","98.09","","","","","","NA"
"-80.80","46.63","SUDBURY CLIMATE","6068145","2021-06-10 14:00","2021","06","10","14:00","17.1","","7.7","","54","","0.0","","9","","14","","","","98.08","","","","","","NA"
"-80.80","46.63","SUDBURY CLIMATE","6068145","2021-06-10 15:00","2021","06","10","15:00","18.5","","6.8","","47","","0.0","","9","","17","","","","98.02","","","","","","NA"
"-80.80","46.63","SUDBURY CLIMATE","6068145","2021-06-10 16:00","2021","06","10","16:00","19.7","","6.7","","43","","0.0","","8","","17","","","","97.94","","","","","","NA"
"-80.80","46.63","SUDBURY CLIMATE","6068145","2021-06-10 17:00","2021","06","10","17:00","21.2","","7.3","","40","","0.0","","10","","14","","","","97.89","","","","","","NA"
"-80.80","46.63","SUDBURY CLIMATE","6068145","2021-06-10 18:00","2021","06","10","18:00","22.0","","7.0","","38","","0.0","","12","","15","","","","97.78","","","","","","NA"
"-80.80","46.63","SUDBURY CLIMATE","6068145","2021-06-10 19:00","2021","06","10","19:00","22.9","","6.9","","36","","0.0","","12","","15","","","","97.73","","","","","","NA"
"-80.80","46.63","SUDBURY CLIMATE","6068145","2021-06-10 20:00","2021","06","10","20:00","21.6","","7.2","","39","","0.0","","16","","12","","","","97.68","","","","","","NA"
"-80.80","46.63","SUDBURY CLIMATE","6068145","2021-06-10 21:00","2021","06","10","21:00","20.1","","10.4","","53","","0.0","","28","","1","","","","97.68","","","","","","NA"
"-80.80","46.63","SUDBURY CLIMATE","6068145","2021-06-10 22:00","2021","06","10","22:00","16.5","","11.5","","72","","0.5","","21","","10","","","","97.72","","","","","","NA"
"-80.80","46.63","SUDBURY CLIMATE","6068145","2021-06-10 23:00","2021","06","10","23:00","13.4","","11.2","","86","","2.8","","11","","8","","","","97.67","","","","","","NA"
"-80.80","46.63","SUDBURY CLIMATE","6068145","2021-06-11 00:00","2021","06","11","00:00","13.3","","12.5","","95","","1.5","","5","","22","","","","97.64","","","","","","NA"
"-80.80","46.63","SUDBURY CLIMATE","6068145","2021-06-11 01:00","2021","06","11","01:00","12.7","","12.0","","96","","0.8","","6","","25","","","","97.63","","","","","","NA"
"-80.80","46.63","SUDBURY CLIMATE","6068145","2021-06-11 02:00","2021","06","11","02:00","12.1","","11.3","","95","","0.0","","6","","20","","","","97.68","","","","","","NA"
"-80.80","46.63","SUDBURY CLIMATE","6068145","2021-06-11 03:00","2021","06","11","03:00","11.9","","11.0","","95","","0.0","","6","","19","","","","97.66","","","","","","NA"
"-80.80","46.63","SUDBURY CLIMATE","6068145","2021-06-11 04:00","2021","06","11","04:00","11.7","","10.7","","94","","0.0","","7","","15","","","","97.64","","","","","","NA"
"-80.80","46.63","SUDBURY CLIMATE","6068145","2021-06-11 05:00","2021","06","11","05:00","11.8","","10.6","","93","","0.0","","6","","17","","","","97.64","","","","","","NA"
"-80.80","46.63","SUDBURY CLIMATE","6068145","2021-06-11 06:00","2021","06","11","06:00","11.9","","10.4","","90","","0.0","","5","","16","","","","97.58","","","","","","NA"
"-80.80","46.63","SUDBURY CLIMATE","6068145","2021-06-11 07:00","2021","06","11","07:00","12.2","","10.4","","88","","0.0","","5","","18","","","","97.55","","","","","","NA"
"-80.80","46.63","SUDBURY CLIMATE","6068145","2021-06-11 08:00","2021","06","11","08:00","12.5","","10.7","","88","","0.0","","6","","14","","","","97.55","","","","","","NA"
"-80.80","46.63","SUDBURY CLIMATE","6068145","2021-06-11 09:00","2021","06","11","09:00","12.5","","10.9","","90","","0.0","","6","","12","","","","97.49","","","","","","NA"
"-80.80","46.63","SUDBURY CLIMATE","6068145","2021-06-11 10:00","2021","06","11","10:00","12.5","","11.2","","91","","0.0","","6","","13","","","","97.51","","","","","","NA"
"-80.80","46.63","SUDBURY CLIMATE","6068145","2021-06-11 11:00","2021","06","11","11:00","12.7","","11.2","","90","","0.0","","8","","10","","","","97.48","","","","","","NA"
"-80.80","46.63","SUDBURY CLIMATE","6068145","2021-06-11 12:00","2021","06","11","12:00","12.5","","11.6","","94","","0.2","","7","","12","","","","97.49","","","","","","NA"
"-80.80","46.63","SUDBURY CLIMATE","6068145","2021-06-11 13:00","2021","06","11","13:00","12.3","","11.7","","96","","0.2","","6","","15","","","","97.53","","","","","","NA"
"-80.80","46.63","SUDBURY CLIMATE","6068145","2021-06-11 14:00","2021","06","11","14:00","12.6","","12.1","","97","","0.0","","5","","14","","","","97.53","","","","","","NA"
"-80.80","46.63","SUDBURY CLIMATE","6068145","2021-06-11 15:00","2021","06","11","15:00","13.3","","12.4","","94","","0.1","","6","","19","","","","97.45","","","","","","NA"
"-80.80","46.63","SUDBURY CLIMATE","6068145","2021-06-11 16:00","2021","06","11","16:00","13.6","","12.3","","92","","0.0","","6","","16","","","","97.52","","","","","","NA"
"-80.80","46.63","SUDBURY CLIMATE","6068145","2021-06-11 17:00","2021","06","11","17:00","14.5","","12.8","","89","","0.0","","7","","14","","","","97.50","","","","","","NA"
"-80.80","46.63","SUDBURY CLIMATE","6068145","2021-06-11 18:00","2021","06","11","18:00","14.9","","12.1","","84","","0.0","","7","","16","","","","97.48","","","","","","NA"
"-80.80","46.63","SUDBURY CLIMATE","6068145","2021-06-11 19:00","2021","06","11","19:00","15.5","","12.3","","81","","0.0","","7","","11","","","","97.47","","","","","","NA"
"-80.80","46.63","SUDBURY CLIMATE","6068145","2021-06-11 20:00","2021","06","11","20:00","15.8","","11.9","","78","","0.0","","10","","5","","","","97.47","","","","","","NA"
"-80.80","46.63","SUDBURY CLIMATE","6068145","2021-06-11 21:00","2021","06","11","21:00","17.3","","12.3","","72","","0.0","","10","","2","","","","97.37","","","","","","NA"
"-80.80","46.63","SUDBURY CLIMATE","6068145","2021-06-11 22:00","2021","06","11","22:00","19.1","","11.8","","62","","0.0","","11","","10","","","","97.29","","","","","","NA"
"-80.80","46.63","SUDBURY CLIMATE","6068145","2021-06-11 23:00","2021","06","11","23:00","19.0","","11.4","","61","","0.0","","10","","7","","","","97.24","","","","","","NA"
"-80.80","46.63","SUDBURY CLIMATE","6068145","2021-06-12 00:00","2021","06","12","00:00","19.4","","11.4","","60","","0.0","","","","0","","","","97.28","","","","","","NA"
"-80.80","46.63","SUDBURY CLIMATE","6068145","2021-06-12 01:00","2021","06","12","01:00","16.1","","12.5","","79","","0.0","","32","","5","","","","97.31","","","","","","NA"
"-80.80","46.63","SUDBURY CLIMATE","6068145","2021-06-12 02:00","2021","06","12","02:00","13.2","","11.7","","91","","0.0","","29","","4","","","","97.34","","","","","","NA"
"-80.80","46.63","SUDBURY CLIMATE","6068145","2021-06-12 03:00","2021","06","12","03:00","11.5","","10.6","","95","","0.0","","29","","4","","","","97.36","","","","","","NA"
"-80.80","46.63","SUDBURY CLIMATE","6068145","2021-06-12 04:00","2021","06","12","04:00","10.8","","10.3","","97","","0.0","","3","","6","","","","97.29","","","","","","NA"
"-80.80","46.63","SUDBURY CLIMATE","6068145","2021-06-12 05:00","2021","06","12","05:00","13.2","","13.0","","99","","0.0","","2","","8","","","","97.28","","","","","","NA"
"-80.80","46.63","SUDBURY CLIMATE","6068145","2021-06-12 06:00","2021","06","12","06:00","12.5","","12.2","","98","","0.0","","2","","8","","","","97.30","","","","","","NA"
"-80.80","46.63","SUDBURY CLIMATE","6068145","2021-06-12 07:00","2021","06","12","07:00","12.8","","10.0","","83","","0.0","","3","","12","","","","97.28","","","","","","NA"
"-80.80","46.63","SUDBURY CLIMATE","6068145","2021-06-12 08:00","2021","06","12","08:00","12.3","","8.4","","77","","0.0","","4","","14","","","","97.25","","","","","","NA"
"-80.80","46.63","SUDBURY CLIMATE","6068145","2021-06-12 09:00","2021","06","12","09:00","12.0","","7.6","","74","","0.0","","4","","16","","","","97.27","","","","","","NA"
"-80.80","46.63","SUDBURY CLIMATE","6068145","2021-06-12 10:00","2021","06","12","10:00","11.8","","7.0","","72","","0.0","","4","","14","","","","97.31","","","","","","NA"
"-80.80","46.63","SUDBURY CLIMATE","6068145","2021-06-12 11:00","2021","06","12","11:00","12.4","","7.0","","70","","0.0","","3","","13","","","","97.37","","","","","","NA"
"-80.80","46.63","SUDBURY CLIMATE","6068145","2021-06-12 12:00","2021","06","12","12:00","12.8","","7.1","","68","","0.0","","4","","16","","","","97.36","","","","","","NA"
"-80.80","46.63","SUDBURY CLIMATE","6068145","2021-06-12 13:00","2021","06","12","13:00","13.8","","7.3","","65","","0.0","","5","","16","","","","97.35","","","","","","NA"
"-80.80","46.63","SUDBURY CLIMATE","6068145","2021-06-12 14:00","2021","06","12","14:00","17.3","","9.6","","61","","0.0","","7","","13","","","","97.30","","","","","","NA"
"-80.80","46.63","SUDBURY CLIMATE","6068145","2021-06-12 15:00","2021","06","12","15:00","17.8","","9.5","","58","","0.0","","5","","9","","","","97.26","","","","","","NA"
"-80.80","46.63","SUDBURY CLIMATE","6068145","2021-06-12 16:00","2021","06","12","16:00","19.0","","10.6","","58","","0.0","","5","","7","","","","97.29","","","","","","NA"
"-80.80","46.63","SUDBURY CLIMATE","6068145","2021-06-12 17:00","2021","06","12","17:00","20.2","","9.1","","49","","0.0","","3","","5","","","","97.30","","","","","","NA"
"-80.80","46.63","SUDBURY CLIMATE","6068145","2021-06-12 18:00","2021","06","12","18:00","20.0","","10.1","","53","","0.0","","4","","10","","","","97.25","","","","","","NA"
"-80.80","46.63","SUDBURY CLIMATE","6068145","2021-06-12 19:00","2021","06","12","19:00","20.6","","9.2","","48","","0.0","","3","","9","","","","97.23","","","","","","NA"
"-80.80","46.63","SUDBURY CLIMATE","6068145","2021-06-12 20:00","2021","06","12","20:00","20.5","","8.8","","47","","0.0","","4","","9","","","","97.22","","","","","","NA"
"-80.80","46.63","SUDBURY CLIMATE","6068145","2021-06-12 21:00","2021","06","12","21:00","19.7","","8.3","","48","","0.0","","3","","9","","","","97.19","","","","","","NA"
"-80.80","46.63","SUDBURY CLIMATE","6068145","2021-06-12 22:00","2021","06","12","22:00","19.2","","8.4","","50","","0.0","","4","","4","","","","97.17","","","","","","NA"
"-80.80","46.63","SUDBURY CLIMATE","6068145","2021-06-12 23:00","2021","06","12","23:00","19.6","","8.7","","49","","0.0","","15","","5","","","","97.07","","","","","","NA"
"-80.80","46.63","SUDBURY CLIMATE","6068145","2021-06-13 00:00","2021","06","13","00:00","19.0","","10.5","","58","","0.0","","6","","3","","","","97.08","","","","","","NA"
"-80.80","46.63","SUDBURY CLIMATE","6068145","2021-06-13 01:00","2021","06","13","01:00","16.0","","9.9","","67","","0.0","","5","","1","","","","97.06","","","","","","NA"
"-80.80","46.63","SUDBURY CLIMATE","6068145","2021-06-13 02:00","2021","06","13","02:00","13.3","","7.8","","69","","0.0","","6","","5","","","","97.09","","","","","","NA"
"-80.80","46.63","SUDBURY CLIMATE","6068145","2021-06-13 03:00","2021","06","13","03:00","13.0","","6.5","","64","","0.0","","6","","3","","","","97.12","","","","","","NA"
"-80.80","46.63","SUDBURY CLIMATE","6068145","2021-06-13 04:00","2021","06","13","04:00","13.3","","8.9","","75","","0.0","","5","","4","","","","97.11","","","","","","NA"
"-80.80","46.63","SUDBURY CLIMATE","6068145","2021-06-13 05:00","2021","06","13","05:00","14.1","","11.1","","83","","0.0","","","","0","","","","97.11","","","","","","NA"
"-80.80","46.63","SUDBURY CLIMATE","6068145","2021-06-13 06:00","2021","06","13","06:00","16.1","","10.6","","70","","0.0","","16","","4","","","","97.08","","","","","","NA"
"-80.80","46.63","SUDBURY CLIMATE","6068145","2021-06-13 07:00","2021","06","13","07:00","16.1","","9.5","","65","","0.0","","20","","5","","","","97.06","","","","","","NA"
"-80.80","46.63","SUDBURY CLIMATE","6068145","2021-06-13 08:00","2021","06","13","08:00","14.2","","10.2","","77","","0.0","","26","","3","","","","97.03","","","","","","NA"
"-80.80","46.63","SUDBURY CLIMATE","6068145","2021-06-13 09:00","2021","06","13","09:00","14.3","","10.4","","77","","0.0","","23","","4","","","","97.03","","","","","","NA"
"-80.80","46.63","SUDBURY CLIMATE","6068145","2021-06-13 10:00","2021","06","13","10:00","14.7","","9.9","","73","","0.0","","28","","5","","","","97.05","","","","","","NA"
"-80.80","46.63","SUDBURY CLIMATE","6068145","2021-06-13 11:00","2021","06","13","11:00","15.2","","10.5","","73","","0.0","","27","","5","","","","97.08","","","","","","NA"
"-80.80","46.63","SUDBURY CLIMATE","6068145","2021-06-13 12:00","2021","06","13","12:00","16.2","","10.4","","68","","0.0","","26","","4","","","","97.08","","","","","","NA"
"-80.80","46.63","SUDBURY CLIMATE","6068145","2021-06-13 13:00","2021","06","13","13:00","18.8","","10.8","","59","","0.0","","24","","7","","","","97.06","","","","","","NA"
"-80.80","46.63","SUDBURY CLIMATE","6068145","2021-06-13 14:00","2021","06","13","14:00","19.6","","11.2","","58","","0.0","","27","","6","","","","97.02","","","","","","NA"
"-80.80","46.63","SUDBURY CLIMATE","6068145","2021-06-13 15:00","2021","06","13","15:00","22.1","","13.1","","57","","0.0","","26","","11","","","","96.99","","25","","","","NA"
"-80.80","46.63","SUDBURY CLIMATE","6068145","2021-06-13 16:00","2021","06","13","16:00","23.4","","13.4","","54","","0.0","","25","","9","","","","96.97","","26","","","","NA"
"-80.80","46.63","SUDBURY CLIMATE","6068145","2021-06-13 17:00","2021","06","13","17:00","23.1","","13.4","","54","","0.0","","24","","12","","","","96.92","","26","","","","NA"
"-80.80","46.63","SUDBURY CLIMATE","6068145","2021-06-13 18:00","2021","06","13","18:00","24.1","","15.2","","58","","0.0","","24","","17","","","","96.87","","28","","","","NA"
"-80.80","46.63","SUDBURY CLIMATE","6068145","2021-06-13 19:00","2021","06","13","19:00","24.9","","14.4","","52","","0.0","","24","","15","","","","96.81","","29","","","","NA"
"-80.80","46.63","SUDBURY CLIMATE","6068145","2021-06-13 20:00","2021","06","13","20:00","23.5","","13.7","","54","","0.0","","26","","10","","","","96.78","","27","","","","NA"
"-80.80","46.63","SUDBURY CLIMATE","6068145","2021-06-13 21:00","2021","06","13","21:00","24.8","","12.5","","46","","0.0","","26","","14","","","","96.72","","27","","","","NA"
"-80.80","46.63","SUDBURY CLIMATE","6068145","2021-06-13 22:00","2021","06","13","22:00","23.6","","13.4","","53","","0.0","","29","","5","","","","96.69","","27","","","","NA"
"-80.80","46.63","SUDBURY CLIMATE","6068145","2021-06-13 23:00","2021","06","13","23:00","23.4","","11.6","","47","","0.0","","34","","9","","","","96.72","","25","","","","NA"
"-80.80","46.63","SUDBURY CLIMATE","6068145","2021-06-14 00:00","2021","06","14","00:00","22.2","","11.5","","51","","0.0","","1","","14","","","","96.75","","","","","","NA"
"-80.80","46.63","SUDBURY CLIMATE","6068145","2021-06-14 01:00","2021","06","14","01:00","19.5","","12.7","","65","","0.0","","5","","10","","","","96.75","","","","","","NA"
"-80.80","46.63","SUDBURY CLIMATE","6068145","2021-06-14 02:00","2021","06","14","02:00","17.8","","13.8","","77","","0.0","","9","","12","","","","96.81","","","","","","NA"
"-80.80","46.63","SUDBURY CLIMATE","6068145","2021-06-14 03:00","2021","06","14","03:00","14.7","","13.8","","94","","11.6","","6","","11","","","","96.88","","","","","","NA"
"-80.80","46.63","SUDBURY CLIMATE","6068145","2021-06-14 04:00","2021","06","14","04:00","13.8","","13.3","","97","","0.0","","30","","9","","","","96.86","","","","","","NA"
"-80.80","46.63","SUDBURY CLIMATE","6068145","2021-06-14 05:00","2021","06","14","05:00","13.2","","13.0","","98","","0.0","","27","","4","","","","96.75","","","","","","NA"
"-80.80","46.63","SUDBURY CLIMATE","6068145","2021-06-14 06:00","2021","06","14","06:00","13.5","","13.1","","98","","0.0","","29","","8","","","","96.72","","","","","","NA"
"-80.80","46.63","SUDBURY CLIMATE","6068145","2021-06-14 07:00","2021","06","14","07:00","13.3","","12.9","","98","","0.0","","29","","6","","","","96.72","","","","","","NA"
"-80.80","46.63","SUDBURY CLIMATE","6068145","2021-06-14 08:00","2021","06","14","08:00","13.5","","12.8","","95","","0.0","","31","","7","","","","96.74","","","","","","NA"
"-80.80","46.63","SUDBURY CLIMATE","6068145","2021-06-14 09:00","2021","06","14","09:00","14.1","","12.9","","93","","0.3","","34","","11","","","","96.75","","","","","","NA"
"-80.80","46.63","SUDBURY CLIMATE","6068145","2021-06-14 10:00","2021","06","14","10:00","13.9","","13.1","","95","","1.4","","36","","11","","","","96.78","","","","","","NA"
"-80.80","46.63","SUDBURY CLIMATE","6068145","2021-06-14 11:00","2021","06","14","11:00","13.8","","13.0","","95","","0.4","","35","","9","","","","96.83","","","","","","NA"
"-80.80","46.63","SUDBURY CLIMATE","6068145","2021-06-14 12:00","2021","06","14","12:00","14.1","","13.4","","95","","0.1","","35","","8","","","","96.83","","","","","","NA"
"-80.80","46.63","SUDBURY CLIMATE","6068145","2021-06-14 13:00","2021","06","14","13:00","14.9","","13.4","","91","","0.1","","35","","10","","","","96.84","","","","","","NA"
"-80.80","46.63","SUDBURY CLIMATE","6068145","2021-06-14 14:00","2021","06","14","14:00","16.1","","13.9","","87","","0.0","","34","","10","","","","96.84","","","","","","NA"
"-80.80","46.63","SUDBURY CLIMATE","6068145","2021-06-14 15:00","2021","06","14","15:00","16.3","","14.0","","86","","0.0","","32","","9","","","","96.84","","","","","","NA"
"-80.80","46.63","SUDBURY CLIMATE","6068145","2021-06-14 16:00","2021","06","14","16:00","17.6","","14.1","","80","","0.0","","34","","9","","","","96.85","","","","","","NA"
"-80.80","46.63","SUDBURY CLIMATE","6068145","2021-06-14 17:00","2021","06","14","17:00","19.1","","13.0","","68","","0.0","","34","","13","","","","96.84","","","","","","NA"
"-80.80","46.63","SUDBURY CLIMATE","6068145","2021-06-14 18:00","2021","06","14","18:00","16.5","","14.5","","88","","1.1","","33","","9","","","","96.81","","","","","","NA"
"-80.80","46.63","SUDBURY CLIMATE","6068145","2021-06-14 19:00","2021","06","14","19:00","20.3","","12.0","","59","","0.0","","35","","20","","","","96.78","","","","","","NA"
"-80.80","46.63","SUDBURY CLIMATE","6068145","2021-06-14 20:00","2021","06","14","20:00","20.2","","11.9","","59","","0.0","","36","","17","","","","96.79","","","","","","NA"
"-80.80","46.63","SUDBURY CLIMATE","6068145","2021-06-14 21:00","2021","06","14","21:00","20.6","","12.5","","60","","0.0","","35","","18","","","","96.82","","","","","","NA"
"-80.80","46.63","SUDBURY CLIMATE","6068145","2021-06-14 22:00","2021","06","14","22:00","19.2","","12.4","","65","","0.0","","35","","18","","","","96.88","","","","","","NA"
"-80.80","46.63","SUDBURY CLIMATE","6068145","2021-06-14 23:00","2021","06","14","23:00","18.5","","11.9","","66","","0.0","","36","","21","","","","96.92","","","","","","NA"
"-80.80","46.63","SUDBURY CLIMATE","6068145","2021-06-15 00:00","2021","06","15","00:00","17.7","","10.9","","65","","0.0","","36","","18","","","","96.98","","","","","","NA"
"-80.80","46.63","SUDBURY CLIMATE","6068145","2021-06-15 01:00","2021","06","15","01:00","16.2","","10.5","","69","","0.0","","36","","14","","","","97.04","","","","","","NA"
"-80.80","46.63","SUDBURY CLIMATE","6068145","2021-06-15 02:00","2021","06","15","02:00","15.2","","9.9","","71","","0.0","","35","","11","","","","97.12","","","","","","NA"
"-80.80","46.63","SUDBURY CLIMATE","6068145","2021-06-15 03:00","2021","06","15","03:00","14.5","","9.1","","70","","0.0","","34","","12","","","","97.14","","","","","","NA"
"-80.80","46.63","SUDBURY CLIMATE","6068145","2021-06-15 04:00","2021","06","15","04:00","14.1","","6.6","","61","","0.0","","34","","14","","","","97.14","","","","","","NA"
"-80.80","46.63","SUDBURY CLIMATE","6068145","2021-06-15 05:00","2021","06","15","05:00","13.6","","5.7","","59","","0.0","","36","","16","","","","97.16","","","","","","NA"
"-80.80","46.63","SUDBURY CLIMATE","6068145","2021-06-15 06:00","2021","06","15","06:00","12.9","","5.0","","59","","0.0","","1","","16","","","","97.18","","","","","","NA"
"-80.80","46.63","SUDBURY CLIMATE","6068145","2021-06-15 07:00","2021","06","15","07:00","12.1","","3.0","","54","","0.0","","1","","22","","","","97.21","","","","","","NA"
"-80.80","46.63","SUDBURY CLIMATE","6068145","2021-06-15 08:00","2021","06","15","08:00","11.0","","0.0","","47","","0.0","","2","","23","","","","97.24","","","","","","NA"
"-80.80","46.63","SUDBURY CLIMATE","6068145","2021-06-15 09:00","2021","06","15","09:00","9.6","","-2.3","","43","","0.0","","1","","22","","","","97.31","","","","","","NA"
"-80.80","46.63","SUDBURY CLIMATE","6068145","2021-06-15 10:00","2021","06","15","10:00","8.7","","-1.5","","49","","0.0","","1","","20","","","","97.36","","","","","","NA"
"-80.80","46.63","SUDBURY CLIMATE","6068145","2021-06-15 11:00","2021","06","15","11:00","9.0","","-0.6","","51","","0.0","","1","","18","","","","97.42","","","","","","NA"
"-80.80","46.63","SUDBURY CLIMATE","6068145","2021-06-15 12:00","2021","06","15","12:00","10.3","","0.1","","49","","0.0","","1","","22","","","","97.48","","","","","","NA"
"-80.80","46.63","SUDBURY CLIMATE","6068145","2021-06-15 13:00","2021","06","15","13:00","11.6","","1.2","","49","","0.0","","1","","22","","","","97.48","","","","","","NA"
"-80.80","46.63","SUDBURY CLIMATE","6068145","2021-06-15 14:00","2021","06","15","14:00","13.1","","0.4","","42","","0.0","","1","","24","","","","97.49","","","","","","NA"
"-80.80","46.63","SUDBURY CLIMATE","6068145","2021-06-15 15:00","2021","06","15","15:00","15.0","","0.9","","38","","0.0","","36","","18","","","","97.48","","","","","","NA"
"-80.80","46.63","SUDBURY CLIMATE","6068145","2021-06-15 16:00","2021","06","15","16:00","16.1","","-0.3","","33","","0.0","","36","","22","","","","97.49","","","","","","NA"
"-80.80","46.63","SUDBURY CLIMATE","6068145","2021-06-15 17:00","2021","06","15","17:00","17.1","","-1.3","","28","","0.0","","2","","23","","","","97.48","","","","","","NA"
"-80.80","46.63","SUDBURY CLIMATE","6068145","2021-06-15 18:00","2021","06","15","18:00","17.7","","-0.5","","29","","0.0","","2","","19","","","","97.49","","","","","","NA"
"-80.80","46.63","SUDBURY CLIMATE","6068145","2021-06-15 19:00","2021","06","15","19:00","18.5","","-0.7","","27","","0.0","","1","","22","","","","97.48","","","","","","NA"
"-80.80","46.63","SUDBURY CLIMATE","6068145","2021-06-15 20:00","2021","06","15","20:00","18.9","","-0.8","","26","","0.0","","2","","23","","","","97.48","","","","","","NA"
"-80.80","46.63","SUDBURY CLIMATE","6068145","2021-06-15 21:00","2021","06","15","21:00","18.9","","-1.9","","24","","0.0","","2","","21","","","","97.52","","","","","","NA"
"-80.80","46.63","SUDBURY CLIMATE","6068145","2021-06-15 22:00","2021","06","15","22:00","19.2","","0.3","","28","","0.0","","1","","20","","","","97.53","","","","","","NA"
"-80.80","46.63","SUDBURY CLIMATE","6068145","2021-06-15 23:00","2021","06","15","23:00","18.0","","-0.3","","29","","0.0","","36","","18","","","","97.54","","","","","","NA"
"-80.80","46.63","SUDBURY CLIMATE","6068145","2021-06-16 00:00","2021","06","16","00:00","16.6","","-0.2","","32","","0.0","","35","","16","","","","97.61","","","","","","NA"
"-80.80","46.63","SUDBURY CLIMATE","6068145","2021-06-16 01:00","2021","06","16","01:00","14.5","","0.4","","38","","0.0","","36","","12","","","","97.60","","","","","","NA"
"-80.80","46.63","SUDBURY CLIMATE","6068145","2021-06-16 02:00","2021","06","16","02:00","13.1","","0.8","","43","","0.0","","36","","10","","","","97.64","","","","","","NA"
"-80.80","46.63","SUDBURY CLIMATE","6068145","2021-06-16 03:00","2021","06","16","03:00","11.7","","1.8","","51","","0.0","","1","","10","","","","97.68","","","","","","NA"
"-80.80","46.63","SUDBURY CLIMATE","6068145","2021-06-16 04:00","2021","06","16","04:00","11.2","","2.2","","54","","0.0","","36","","10","","","","97.66","","","","","","NA"
"-80.80","46.63","SUDBURY CLIMATE","6068145","2021-06-16 05:00","2021","06","16","05:00","10.1","","2.8","","60","","0.0","","36","","9","","","","97.71","","","","","","NA"
"-80.80","46.63","SUDBURY CLIMATE","6068145","2021-06-16 06:00","2021","06","16","06:00","9.9","","2.7","","61","","0.0","","36","","12","","","","97.71","","","","","","NA"
"-80.80","46.63","SUDBURY CLIMATE","6068145","2021-06-16 07:00","2021","06","16","07:00","8.1","","3.0","","70","","0.0","","34","","8","","","","97.70","","","","","","NA"
"-80.80","46.63","SUDBURY CLIMATE","6068145","2021-06-16 08:00","2021","06","16","08:00","7.9","","3.2","","72","","0.0","","36","","10","","","","97.72","","","","","","NA"
"-80.80","46.63","SUDBURY CLIMATE","6068145","2021-06-16 09:00","2021","06","16","09:00","7.1","","3.1","","76","","0.0","","36","","8","","","","97.71","","","","","","NA"
"-80.80","46.63","SUDBURY CLIMATE","6068145","2021-06-16 10:00","2021","06","16","10:00","4.6","","2.5","","86","","0.0","","31","","6","","","","97.73","","","","","","NA"
"-80.80","46.63","SUDBURY CLIMATE","6068145","2021-06-16 11:00","2021","06","16","11:00","6.1","","3.3","","82","","0.0","","29","","3","","","","97.72","","","","","","NA"
"-80.80","46.63","SUDBURY CLIMATE","6068145","2021-06-16 12:00","2021","06","16","12:00","9.8","","2.8","","62","","0.0","","35","","11","","","","97.74","","","","","","NA"
"-80.80","46.63","SUDBURY CLIMATE","6068145","2021-06-16 13:00","2021","06","16","13:00","12.0","","0.4","","45","","0.0","","36","","12","","","","97.77","","","","","","NA"
"-80.80","46.63","SUDBURY CLIMATE","6068145","2021-06-16 14:00","2021","06","16","14:00","13.2","","0.6","","42","","0.0","","35","","18","","","","97.76","","","","","","NA"
"-80.80","46.63","SUDBURY CLIMATE","6068145","2021-06-16 15:00","2021","06","16","15:00","14.7","","0.4","","38","","0.0","","1","","16","","","","97.70","","","","","","NA"
"-80.80","46.63","SUDBURY CLIMATE","6068145","2021-06-16 16:00","2021","06","16","16:00","16.6","","1.3","","36","","0.0","","33","","11","","","","97.66","","","","","","NA"
"-80.80","46.63","SUDBURY CLIMATE","6068145","2021-06-16 17:00","2021","06","16","17:00","17.6","","1.4","","34","","0.0","","33","","10","","","","97.58","","","","","","NA"
"-80.80","46.63","SUDBURY CLIMATE","6068145","2021-06-16 18:00","2021","06","16","18:00","18.4","","2.0","","33","","0.0","","33","","14","","","","97.52","","","","","","NA"
"-80.80","46.63","SUDBURY CLIMATE","6068145","2021-06-16 19:00","2021","06","16","19:00","19.1","","1.4","","31","","0.0","","35","","15","","","","97.47","","","","","","NA"
"-80.80","46.63","SUDBURY CLIMATE","6068145","2021-06-16 20:00","2021","06","16","20:00","20.2","","1.1","","28","","0.0","","35","","12","","","","97.43","","","","","","NA"
"-80.80","46.63","SUDBURY CLIMATE","6068145","2021-06-16 21:00","2021","06","16","21:00","20.2","","1.1","","28","","0.0","","35","","13","","","","97.40","","","","","","NA"
"-80.80","46.63","SUDBURY CLIMATE","6068145","2021-06-16 22:00","2021","06","16","22:00","20.0","","0.0","","26","","0.0","","32","","16","","","","97.36","","","","","","NA"
"-80.80","46.63","SUDBURY CLIMATE","6068145","2021-06-16 23:00","2021","06","16","23:00","20.1","","1.0","","28","","0.0","","35","","8","","","","97.32","","","","","","NA"
"-80.80","46.63","SUDBURY CLIMATE","6068145","2021-06-17 00:00","2021","06","17","00:00","19.4","","2.5","","33","","0.0","","34","","5","","","","97.31","","","","","","NA"
"-80.80","46.63","SUDBURY CLIMATE","6068145","2021-06-17 01:00","2021","06","17","01:00","16.2","","3.6","","43","","0.0","","32","","6","","","","97.32","","","","","","NA"
"-80.80","46.63","SUDBURY CLIMATE","6068145","2021-06-17 02:00","2021","06","17","02:00","13.3","","3.8","","53","","0.0","","33","","7","","","","97.37","","","","","","NA"
"-80.80","46.63","SUDBURY CLIMATE","6068145","2021-06-17 03:00","2021","06","17","03:00","11.0","","2.4","","55","","0.0","","32","","6","","","","97.35","","","","","","NA"
"-80.80","46.63","SUDBURY CLIMATE","6068145","2021-06-17 04:00","2021","06","17","04:00","8.6","","3.5","","70","","0.0","","30","","5","","","","97.35","","","","","","NA"
"-80.80","46.63","SUDBURY CLIMATE","6068145","2021-06-17 05:00","2021","06","17","05:00","7.5","","2.9","","72","","0.0","","27","","6","","","","97.33","","","","","","NA"
"-80.80","46.63","SUDBURY CLIMATE","6068145","2021-06-17 06:00","2021","06","17","06:00","9.9","","3.4","","64","","0.0","","29","","9","","","","97.32","","","","","","NA"
"-80.80","46.63","SUDBURY CLIMATE","6068145","2021-06-17 07:00","2021","06","17","07:00","8.1","","4.4","","78","","0.0","","28","","9","","","","97.33","","","","","","NA"
"-80.80","46.63","SUDBURY CLIMATE","6068145","2021-06-17 08:00","2021","06","17","08:00","7.5","","4.1","","79","","0.0","","28","","7","","","","97.30","","","","","","NA"
"-80.80","46.63","SUDBURY CLIMATE","6068145","2021-06-17 09:00","2021","06","17","09:00","6.6","","3.9","","83","","0.0","","28","","6","","","","97.29","","","","","","NA"
"-80.80","46.63","SUDBURY CLIMATE","6068145","2021-06-17 10:00","2021","06","17","10:00","7.1","","3.9","","80","","0.0","","29","","7","","","","97.33","","","","","","NA"
"-80.80","46.63","SUDBURY CLIMATE","6068145","2021-06-17 11:00","2021","06","17","11:00","11.6","","6.0","","69","","0.0","","33","","4","","","","97.30","","","","","","NA"
"-80.80","46.63","SUDBURY CLIMATE","6068145","2021-06-17 12:00","2021","06","17","12:00","13.6","","5.9","","60","","0.0","","25","","5","","","","97.30","","","","","","NA"
"-80.80","46.63","SUDBURY CLIMATE","6068145","2021-06-17 13:00","2021","06","17","13:00","16.0","","7.9","","58","","0.0","","25","","10","","","","97.34","","","","","","NA"
"-80.80","46.63","SUDBURY CLIMATE","6068145","2021-06-17 14:00","2021","06","17","14:00","19.4","","6.4","","43","","0.0","","23","","14","","","","97.26","","","","","","NA"
"-80.80","46.63","SUDBURY CLIMATE","6068145","2021-06-17 15:00","2021","06","17","15:00","20.3","","4.7","","36","","0.0","","24","","21","","","","97.25","","","","","","NA"
"-80.80","46.63","SUDBURY CLIMATE","6068145","2021-06-17 16:00","2021","06","17","16:00","21.5","","5.3","","35","","0.0","","25","","20","","","","97.23","","","","","","NA"
"-80.80","46.63","SUDBURY CLIMATE","6068145","2021-06-17 17:00","2021","06","17","17:00","23.2","","5.2","","31","","0.0","","23","","23","","","","97.21","","","","","","NA"
"-80.80","46.63","SUDBURY CLIMATE","6068145","2021-06-17 18:00","2021","06","17","18:00","23.0","","4.9","","31","","0.0","","24","","21","","","","97.12","","","","","","NA"
"-80.80","46.63","SUDBURY CLIMATE","6068145","2021-06-17 19:00","2021","06","17","19:00","23.5","","6.8","","34","","0.1","","24","","26","","","","97.07","","","","","","NA"
"-80.80","46.63","SUDBURY CLIMATE","6068145","2021-06-17 20:00","2021","06","17","20:00","24.2","","8.0","","36","","0.0","","23","","22","","","","97.02","","25","","","","NA"
"-80.80","46.63","SUDBURY CLIMATE","6068145","2021-06-17 21:00","2021","06","17","21:00","21.9","","7.3","","39","","0.0","","24","","28","","","","97.00","","","","","","NA"
"-80.80","46.63","SUDBURY CLIMATE","6068145","2021-06-17 22:00","2021","06","17","22:00","22.2","","6.6","","36","","0.0","","22","","32","","","","96.93","","","","","","NA"
"-80.80","46.63","SUDBURY CLIMATE","6068145","2021-06-17 23:00","2021","06","17","23:00","20.9","","5.8","","37","","0.0","","21","","32","","","","96.92","","","","","","NA"
"-80.80","46.63","SUDBURY CLIMATE","6068145","2021-06-18 00:00","2021","06","18","00:00","19.8","","5.0","","38","","0.0","","22","","25","","","","96.87","","","","","","NA"
"-80.80","46.63","SUDBURY CLIMATE","6068145","2021-06-18 01:00","2021","06","18","01:00","17.8","","4.8","","42","","0.0","","21","","18","","","","96.85","","","","","","NA"
"-80.80","46.63","SUDBURY CLIMATE","6068145","2021-06-18 02:00","2021","06","18","02:00","16.5","","4.9","","46","","0.0","","20","","19","","","","96.86","","","","","","NA"
"-80.80","46.63","SUDBURY CLIMATE","6068145","2021-06-18 03:00","2021","06","18","03:00","15.5","","6.0","","53","","0.0","","21","","19","","","","96.82","","","","","","NA"
"-80.80","46.63","SUDBURY CLIMATE","6068145","2021-06-18 04:00","2021","06","18","04:00","15.5","","7.2","","58","","0.0","","21","","20","","","","96.81","","","","","","NA"
"-80.80","46.63","SUDBURY CLIMATE","6068145","2021-06-18 05:00","2021","06","18","05:00","15.7","","8.4","","62","","0.0","","20","","18","","","","96.72","","","","","","NA"
"-80.80","46.63","SUDBURY CLIMATE","6068145","2021-06-18 06:00","2021","06","18","06:00","15.0","","9.0","","67","","0.0","","18","","14","","","","96.64","","","","","","NA"
"-80.80","46.63","SUDBURY CLIMATE","6068145","2021-06-18 07:00","2021","06","18","07:00","14.5","","9.3","","71","","0.0","","20","","14","","","","96.60","","","","","","NA"
"-80.80","46.63","SUDBURY CLIMATE","6068145","2021-06-18 08:00","2021","06","18","08:00","14.4","","9.6","","73","","0.0","","18","","13","","","","96.52","","","","","","NA"
"-80.80","46.63","SUDBURY CLIMATE","6068145","2021-06-18 09:00","2021","06","18","09:00","15.3","","9.8","","70","","0.0","","21","","14","","","","96.50","","","","","","NA"
"-80.80","46.63","SUDBURY CLIMATE","6068145","2021-06-18 10:00","2021","06","18","10:00","15.5","","10.3","","71","","0.0","","20","","12","","","","96.45","","","","","","NA"
"-80.80","46.63","SUDBURY CLIMATE","6068145","2021-06-18 11:00","2021","06","18","11:00","15.7","","11.1","","74","","0.0","","21","","12","","","","96.41","","","","","","NA"
"-80.80","46.63","SUDBURY CLIMATE","6068145","2021-06-18 12:00","2021","06","18","12:00","17.1","","11.7","","71","","0.0","","23","","13","","","","96.39","","","","","","NA"
"-80.80","46.63","SUDBURY CLIMATE","6068145","2021-06-18 13:00","2021","06","18","13:00","19.9","","12.2","","61","","0.0","","22","","18","","","","96.41","","","","","","NA"
"-80.80","46.63","SUDBURY CLIMATE","6068145","2021-06-18 14:00","2021","06","18","14:00","20.7","","13.1","","62","","0.0","","24","","20","","","","96.33","","","","","","NA"
"-80.80","46.63","SUDBURY CLIMATE","6068145","2021-06-18 15:00","2021","06","18","15:00","20.0","","15.0","","73","","0.0","","23","","11","","","","96.23","","","","","","NA"
"-80.80","46.63","SUDBURY CLIMATE","6068145","2021-06-18 16:00","2021","06","18","16:00","21.4","","16.2","","72","","0.0","","21","","33","","","","96.31","","26","","","","NA"
"-80.80","46.63","SUDBURY CLIMATE","6068145","2021-06-18 17:00","2021","06","18","17:00","19.8","","16.2","","79","","0.0","","22","","29","","","","96.27","","","","","","NA"
"-80.80","46.63","SUDBURY CLIMATE","6068145","2021-06-18 18:00","2021","06","18","18:00","21.3","","15.9","","71","","0.0","","22","","29","","","","96.22","","26","","","","NA"
"-80.80","46.63","SUDBURY CLIMATE","6068145","2021-06-18 19:00","2021","06","18","19:00","22.5","","16.6","","70","","0.0","","21","","27","","","","96.15","","28","","","","NA"
"-80.80","46.63","SUDBURY CLIMATE","6068145","2021-06-18 20:00","2021","06","18","20:00","24.0","","16.5","","63","","0.0","","21","","22","","","","96.08","","29","","","","NA"
"-80.80","46.63","SUDBURY CLIMATE","6068145","2021-06-18 21:00","2021","06","18","21:00","24.7","","16.4","","60","","0.0","","21","","26","","","","96.05","","30","","","","NA"
"-80.80","46.63","SUDBURY CLIMATE","6068145","2021-06-18 22:00","2021","06","18","22:00","22.3","","17.3","","73","","0.0","","20","","23","","","","96.04","","28","","","","NA"
"-80.80","46.63","SUDBURY CLIMATE","6068145","2021-06-18 23:00","2021","06","18","23:00","22.8","","17.5","","72","","0.0","","22","","29","","","","96.04","","28","","","","NA"
"-80.80","46.63","SUDBURY CLIMATE","6068145","2021-06-19 00:00","2021","06","19","00:00","21.9","","17.3","","75","","0.0","","22","","26","","","","96.07","","27","","","","NA"
"-80.80","46.63","SUDBURY CLIMATE","6068145","2021-06-19 01:00","2021","06","19","01:00","22.1","","5.4","","34","","0.0","","27","","17","","","","96.13","","","","","","NA"
"-80.80","46.63","SUDBURY CLIMATE","6068145","2021-06-19 02:00","2021","06","19","02:00","20.4","","5.4","","38","","0.0","","27","","12","","","","96.16","","","","","","NA"
"-80.80","46.63","SUDBURY CLIMATE","6068145","2021-06-19 03:00","2021","06","19","03:00","18.5","","6.1","","44","","0.0","","26","","10","","","","96.18","","","","","","NA"
"-80.80","46.63","SUDBURY CLIMATE","6068145","2021-06-19 04:00","2021","06","19","04:00","18.1","","6.8","","48","","0.0","","26","","15","","","","96.19","","","","","","NA"
"-80.80","46.63","SUDBURY CLIMATE","6068145","2021-06-19 05:00","2021","06","19","05:00","16.9","","7.2","","53","","0.0","","27","","11","","","","96.20","","","","","","NA"
"-80.80","46.63","SUDBURY CLIMATE","6068145","2021-06-19 06:00","2021","06","19","06:00","15.9","","7.3","","57","","0.0","","28","","7","","","","96.23","","","","","","NA"
"-80.80","46.63","SUDBURY CLIMATE","6068145","2021-06-19 07:00","2021","06","19","07:00","13.9","","7.6","","66","","0.0","","28","","6","","","","96.26","","","","","","NA"
"-80.80","46.63","SUDBURY CLIMATE","6068145","2021-06-19 08:00","2021","06","19","08:00","12.8","","7.9","","72","","0.0","","27","","5","","","","96.29","","","","","","NA"
"-80.80","46.63","SUDBURY CLIMATE","6068145","2021-06-19 09:00","2021","06","19","09:00","11.9","","8.5","","80","","0.0","","28","","7","","","","96.28","","","","","","NA"
"-80.80","46.63","SUDBURY CLIMATE","6068145","2021-06-19 10:00","2021","06","19","10:00","11.9","","8.8","","81","","0.0","","27","","7","","","","96.38","","","","","","NA"
"-80.80","46.63","SUDBURY CLIMATE","6068145","2021-06-19 11:00","2021","06","19","11:00","13.3","","9.5","","78","","0.0","","27","","7","","","","96.46","","","","","","NA"
"-80.80","46.63","SUDBURY CLIMATE","6068145","2021-06-19 12:00","2021","06","19","12:00","14.9","","9.8","","72","","0.0","","26","","12","","","","96.49","","","","","","NA"
"-80.80","46.63","SUDBURY CLIMATE","6068145","2021-06-19 13:00","2021","06","19","13:00","16.4","","10.6","","69","","0.0","","28","","10","","","","96.51","","","","","","NA"
"-80.80","46.63","SUDBURY CLIMATE","6068145","2021-06-19 14:00","2021","06","19","14:00","17.7","","10.6","","63","","0.0","","30","","15","","","","96.51","","","","","","NA"
"-80.80","46.63","SUDBURY CLIMATE","6068145","2021-06-19 15:00","2021","06","19","15:00","18.5","","9.5","","56","","0.0","","30","","13","","","","96.51","","","","","","NA"
"-80.80","46.63","SUDBURY CLIMATE","6068145","2021-06-19 16:00","2021","06","19","16:00","19.0","","9.7","","55","","0.0","","33","","13","","","","96.56","","","","","","NA"
"-80.80","46.63","SUDBURY CLIMATE","6068145","2021-06-19 17:00","2021","06","19","17:00","19.6","","9.4","","52","","0.0","","34","","9","","","","96.54","","","","","","NA"
"-80.80","46.63","SUDBURY CLIMATE","6068145","2021-06-19 18:00","2021","06","19","18:00","21.4","","9.5","","47","","0.0","","31","","13","","","","96.54","","","","","","NA"
"-80.80","46.63","SUDBURY CLIMATE","6068145","2021-06-19 19:00","2021","06","19","19:00","21.2","","8.4","","44","","0.0","","29","","8","","","","96.52","","","","","","NA"
"-80.80","46.63","SUDBURY CLIMATE","6068145","2021-06-19 20:00","2021","06","19","20:00","22.2","","7.8","","40","","0.0","","30","","10","","","","96.49","","","","","","NA"
"-80.80","46.63","SUDBURY CLIMATE","6068145","2021-06-19 21:00","2021","06","19","21:00","23.0","","8.5","","39","","0.0","","27","","7","","","","96.47","","","","","","NA"
"-80.80","46.63","SUDBURY CLIMATE","6068145","2021-06-19 22:00","2021","06","19","22:00","23.0","","9.3","","42","","0.0","","6","","14","","","","96.46","","","","","","NA"
"-80.80","46.63","SUDBURY CLIMATE","6068145","2021-06-19 23:00","2021","06","19","23:00","21.6","","8.8","","44","","0.0","","4","","9","","","","96.48","","","","","","NA"
"-80.80","46.63","SUDBURY CLIMATE","6068145","2021-06-20 00:00","2021","06","20","00:00","20.6","","9.6","","49","","0.0","","4","","7","","","","96.48","","","","","","NA"
"-80.80","46.63","SUDBURY CLIMATE","6068145","2021-06-20 01:00","2021","06","20","01:00","18.9","","11.3","","61","","0.0","","4","","7","","","","96.52","","","","","","NA"
"-80.80","46.63","SUDBURY CLIMATE","6068145","2021-06-20 02:00","2021","06","20","02:00","17.8","","12.0","","69","","0.0","","5","","6","","","","96.56","","","","","","NA"
"-80.80","46.63","SUDBURY CLIMATE","6068145","2021-06-20 03:00","2021","06","20","03:00","16.0","","11.2","","73","","0.0","","7","","8","","","","96.59","","","","","","NA"
"-80.80","46.63","SUDBURY CLIMATE","6068145","2021-06-20 04:00","2021","06","20","04:00","15.2","","11.0","","76","","0.0","","5","","9","","","","96.61","","","","","","NA"
"-80.80","46.63","SUDBURY CLIMATE","6068145","2021-06-20 05:00","2021","06","20","05:00","14.1","","11.4","","84","","0.0","","5","","13","","","","96.60","","","","","","NA"
"-80.80","46.63","SUDBURY CLIMATE","6068145","2021-06-20 06:00","2021","06","20","06:00","13.3","","11.3","","88","","0.0","","8","","10","","","","96.61","","","","","","NA"
"-80.80","46.63","SUDBURY CLIMATE","6068145","2021-06-20 07:00","2021","06","20","07:00","12.7","","11.2","","91","","0.0","","8","","10","","","","96.61","","","","","","NA"
"-80.80","46.63","SUDBURY CLIMATE","6068145","2021-06-20 08:00","2021","06","20","08:00","11.6","","10.8","","95","","0.0","","8","","5","","","","96.58","","","","","","NA"
"-80.80","46.63","SUDBURY CLIMATE","6068145","2021-06-20 09:00","2021","06","20","09:00","11.3","","10.6","","95","","0.0","","11","","9","","","","96.55","","","","","","NA"
"-80.80","46.63","SUDBURY CLIMATE","6068145","2021-06-20 10:00","2021","06","20","10:00","11.1","","10.5","","96","","0.0","","14","","9","","","","96.54","","","","","","NA"
"-80.80","46.63","SUDBURY CLIMATE","6068145","2021-06-20 11:00","2021","06","20","11:00","11.4","","9.6","","89","","0.0","","24","","11","","","","96.53","","","","","","NA"
"-80.80","46.63","SUDBURY CLIMATE","6068145","2021-06-20 12:00","2021","06","20","12:00","13.2","","9.9","","80","","0.0","","23","","13","","","","96.55","","","","","","NA"
"-80.80","46.63","SUDBURY CLIMATE","6068145","2021-06-20 13:00","2021","06","20","13:00","15.4","","10.8","","74","","0.0","","22","","14","","","","96.56","","","","","","NA"
"-80.80","46.63","SUDBURY CLIMATE","6068145","2021-06-20 14:00","2021","06","20","14:00","16.7","","10.8","","68","","0.0","","21","","14","","","","96.52","","","","","","NA"
"-80.80","46.63","SUDBURY CLIMATE","6068145","2021-06-20 15:00","2021","06","20","15:00","19.0","","11.9","","63","","0.0","","22","","20","","","","96.54","","","","","","NA"
"-80.80","46.63","SUDBURY CLIMATE","6068145","2021-06-20 16:00","2021","06","20","16:00","20.0","","10.2","","53","","0.0","","24","","18","","","","96.51","","","","","","NA"
"-80.80","46.63","SUDBURY CLIMATE","6068145","2021-06-20 17:00","2021","06","20","17:00","20.8","","9.5","","48","","0.0","","25","","20","","","","96.54","","","","","","NA"
"-80.80","46.63","SUDBURY CLIMATE","6068145","2021-06-20 18:00","2021","06","20","18:00","22.0","","9.6","","45","","0.0","","25","","24","","","","96.52","","","","","","NA"
"-80.80","46.63","SUDBURY CLIMATE","6068145","2021-06-20 19:00","2021","06","20","19:00","22.1","","9.7","","45","","0.0","","25","","23","","","","96.48","","","","","","NA"
"-80.80","46.63","SUDBURY CLIMATE","6068145","2021-06-20 20:00","2021","06","20","20:00","23.3","","11.0","","46","","0.0","","24","","22","","","","96.47","","25","","","","NA"
"-80.80","46.63","SUDBURY CLIMATE","6068145","2021-06-20 21:00","2021","06","20","21:00","22.6","","10.0","","45","","0.0","","25","","18","","","","96.45","","","","","","NA"
"-80.80","46.63","SUDBURY CLIMATE","6068145","2021-06-20 22:00","2021","06","20","22:00","21.9","","9.7","","46","","0.0","","23","","20","","","","96.41","","","","","","NA"
"-80.80","46.63","SUDBURY CLIMATE","6068145","2021-06-20 23:00","2021","06","20","23:00","21.1","","10.4","","50","","0.0","","23","","19","","","","96.36","","","","","","NA"
"-80.80","46.63","SUDBURY CLIMATE","6068145","2021-06-21 00:00","2021","06","21","00:00","19.9","","10.7","","55","","0.0","","22","","19","","","","96.40","","","","","","NA"
"-80.80","46.63","SUDBURY CLIMATE","6068145","2021-06-21 01:00","2021","06","21","01:00","18.8","","11.2","","62","","0.0","","22","","15","","","","96.40","","","","","","NA"
"-80.80","46.63","SUDBURY CLIMATE","6068145","2021-06-21 02:00","2021","06","21","02:00","17.4","","11.4","","68","","0.0","","25","","4","","","","96.33","","","","","","NA"
"-80.80","46.63","SUDBURY CLIMATE","6068145","2021-06-21 03:00","2021","06","21","03:00","17.4","","11.3","","67","","0.0","","20","","14","","","","96.32","","","","","","NA"
"-80.80","46.63","SUDBURY CLIMATE","6068145","2021-06-21 04:00","2021","06","21","04:00","16.6","","11.5","","72","","0.0","","20","","8","","","","96.25","","","","","","NA"
"-80.80","46.63","SUDBURY CLIMATE","6068145","2021-06-21 05:00","2021","06","21","05:00","15.4","","12.2","","81","","0.0","","17","","8","","","","96.15","","","","","","NA"
"-80.80","46.63","SUDBURY CLIMATE","6068145","2021-06-21 06:00","2021","06","21","06:00","14.9","","11.5","","80","","0.0","","20","","15","","","","96.15","","","","","","NA"
"-80.80","46.63","SUDBURY CLIMATE","6068145","2021-06-21 07:00","2021","06","21","07:00","13.8","","12.5","","92","","0.8","","0","","1","","","","95.93","","","","","","NA"
"-80.80","46.63","SUDBURY CLIMATE","6068145","2021-06-21 08:00","2021","06","21","08:00","13.4","","12.8","","96","","0.0","","4","","6","","","","95.82","","","","","","NA"
"-80.80","46.63","SUDBURY CLIMATE","6068145","2021-06-21 09:00","2021","06","21","09:00","13.5","","12.6","","95","","0.0","","9","","7","","","","95.70","","","","","","NA"
"-80.80","46.63","SUDBURY CLIMATE","6068145","2021-06-21 10:00","2021","06","21","10:00","13.6","","12.7","","95","","0.0","","8","","13","","","","95.57","","","","","","NA"
"-80.80","46.63","SUDBURY CLIMATE","6068145","2021-06-21 11:00","2021","06","21","11:00","13.6","","12.5","","93","","0.1","","6","","14","","","","95.40","","","","","","NA"
"-80.80","46.63","SUDBURY CLIMATE","6068145","2021-06-21 12:00","2021","06","21","12:00","14.0","","12.4","","90","","0.4","","10","","12","","","","95.29","","","","","","NA"
"-80.80","46.63","SUDBURY CLIMATE","6068145","2021-06-21 13:00","2021","06","21","13:00","14.7","","13.8","","94","","0.0","","15","","14","","","","95.20","","","","","","NA"
"-80.80","46.63","SUDBURY CLIMATE","6068145","2021-06-21 14:00","2021","06","21","14:00","15.7","","15.4","","98","","2.8","","18","","18","","","","95.12","","","","","","NA"
"-80.80","46.63","SUDBURY CLIMATE","6068145","2021-06-21 15:00","2021","06","21","15:00","16.8","","16.6","","99","","11.2","","20","","17","","","","95.04","","","","","","NA"
"-80.80","46.63","SUDBURY CLIMATE","6068145","2021-06-21 16:00","2021","06","21","16:00","17.3","","16.9","","97","","0.2","","22","","23","","","","95.11","","","","","","NA"
"-80.80","46.63","SUDBURY CLIMATE","6068145","2021-06-21 17:00","2021","06","21","17:00","19.0","","16.4","","85","","0.0","","23","","22","","","","95.10","","","","","","NA"
"-80.80","46.63","SUDBURY CLIMATE","6068145","2021-06-21 18:00","2021","06","21","18:00","18.7","","15.8","","83","","0.0","","24","","23","","","","95.19","","","","","","NA"
"-80.80","46.63","SUDBURY CLIMATE","6068145","2021-06-21 19:00","2021","06","21","19:00","14.7","","12.9","","89","","0.3","","32","","21","","","","95.39","","","","","","NA"
"-80.80","46.63","SUDBURY CLIMATE","6068145","2021-06-21 20:00","2021","06","21","20:00","15.4","","11.1","","75","","0.0","","33","","20","","","","95.59","","","","","","NA"
"-80.80","46.63","SUDBURY CLIMATE","6068145","2021-06-21 21:00","2021","06","21","21:00","13.7","","9.3","","75","","0.0","","34","","16","","","","95.75","","","","","","NA"
"-80.80","46.63","SUDBURY CLIMATE","6068145","2021-06-21 22:00","2021","06","21","22:00","10.8","","7.7","","81","","0.0","","31","","15","","","","95.95","","","","","","NA"
"-80.80","46.63","SUDBURY CLIMATE","6068145","2021-06-21 23:00","2021","06","21","23:00","10.2","","6.8","","79","","0.0","","31","","13","","","","96.13","","","","","","NA"
"-80.80","46.63","SUDBURY CLIMATE","6068145","2021-06-22 00:00","2021","06","22","00:00","9.7","","5.0","","73","","0.0","","34","","19","","","","96.26","","","","","","NA"
"-80.80","46.63","SUDBURY CLIMATE","6068145","2021-06-22 01:00","2021","06","22","01:00","8.2","","5.2","","81","","0.0","","34","","10","","","","96.38","","","","","","NA"
"-80.80","46.63","SUDBURY CLIMATE","6068145","2021-06-22 02:00","2021","06","22","02:00","7.8","","4.9","","82","","0.0","","33","","13","","","","96.51","","","","","","NA"
"-80.80","46.63","SUDBURY CLIMATE","6068145","2021-06-22 03:00","2021","06","22","03:00","6.8","","4.3","","84","","0.0","","34","","11","","","","96.60","","","","","","NA"
"-80.80","46.63","SUDBURY CLIMATE","6068145","2021-06-22 04:00","2021","06","22","04:00","6.6","","3.9","","83","","0.0","","35","","10","","","","96.65","","","","","","NA"
"-80.80","46.63","SUDBURY CLIMATE","6068145","2021-06-22 05:00","2021","06","22","05:00","5.4","","3.5","","87","","0.0","","35","","8","","","","96.69","","","","","","NA"
"-80.80","46.63","SUDBURY CLIMATE","6068145","2021-06-22 06:00","2021","06","22","06:00","4.7","","3.2","","90","","0.0","","32","","6","","","","96.74","","","","","","NA"
"-80.80","46.63","SUDBURY CLIMATE","6068145","2021-06-22 07:00","2021","06","22","07:00","3.6","","2.7","","94","","0.0","","32","","5","","","","96.80","","","","","","NA"
"-80.80","46.63","SUDBURY CLIMATE","6068145","2021-06-22 08:00","2021","06","22","08:00","3.4","","2.7","","95","","0.0","","35","","5","","","","96.81","","","","","","NA"
"-80.80","46.63","SUDBURY CLIMATE","6068145","2021-06-22 09:00","2021","06","22","09:00","2.6","","2.2","","97","","0.0","","28","","7","","","","96.84","","","","","","NA"
"-80.80","46.63","SUDBURY CLIMATE","6068145","2021-06-22 10:00","2021","06","22","10:00","2.6","","2.3","","98","","0.0","","28","","6","","","","96.92","","","","","","NA"
"-80.80","46.63","SUDBURY CLIMATE","6068145","2021-06-22 11:00","2021","06","22","11:00","4.2","","3.8","","97","","0.0","","27","","6","","","","96.99","","","","","","NA"
"-80.80","46.63","SUDBURY CLIMATE","6068145","2021-06-22 12:00","2021","06","22","12:00","6.4","","4.9","","90","","0.0","","25","","4","","","","97.01","","","","","","NA"
"-80.80","46.63","SUDBURY CLIMATE","6068145","2021-06-22 13:00","2021","06","22","13:00","8.5","","3.6","","71","","0.0","","19","","6","","","","97.06","","","","","","NA"
"-80.80","46.63","SUDBURY CLIMATE","6068145","2021-06-22 14:00","2021","06","22","14:00","9.9","","3.6","","65","","0.0","","23","","8","","","","97.09","","","","","","NA"
"-80.80","46.63","SUDBURY CLIMATE","6068145","2021-06-22 15:00","2021","06","22","15:00","8.8","","5.0","","77","","0.4","","32","","6","","","","97.12","","","","","","NA"
"-80.80","46.63","SUDBURY CLIMATE","6068145","2021-06-22 16:00","2021","06","22","16:00","9.0","","4.8","","75","","0.7","","1","","6","","","","97.14","","","","","","NA"
"-80.80","46.63","SUDBURY CLIMATE","6068145","2021-06-22 17:00","2021","06","22","17:00","11.5","","6.8","","73","","0.0","","22","","11","","","","97.14","","","","","","NA"
"-80.80","46.63","SUDBURY CLIMATE","6068145","2021-06-22 18:00","2021","06","22","18:00","11.0","","5.0","","67","","0.8","","9","","4","","","","97.10","","","","","","NA"
"-80.80","46.63","SUDBURY CLIMATE","6068145","2021-06-22 19:00","2021","06","22","19:00","12.6","","6.3","","66","","0.0","","5","","12","","","","97.10","","","","","","NA"
"-80.80","46.63","SUDBURY CLIMATE","6068145","2021-06-22 20:00","2021","06","22","20:00","13.2","","3.9","","53","","0.0","","2","","8","","","","97.06","","","","","","NA"
"-80.80","46.63","SUDBURY CLIMATE","6068145","2021-06-22 21:00","2021","06","22","21:00","13.7","","3.6","","50","","0.0","","26","","7","","","","97.07","","","","","","NA"
"-80.80","46.63","SUDBURY CLIMATE","6068145","2021-06-22 22:00","2021","06","22","22:00","13.7","","3.7","","51","","0.0","","27","","6","","","","97.09","","","","","","NA"
"-80.80","46.63","SUDBURY CLIMATE","6068145","2021-06-22 23:00","2021","06","22","23:00","13.3","","6.0","","61","","0.0","","24","","8","","","","97.10","","","","","","NA"
"-80.80","46.63","SUDBURY CLIMATE","6068145","2021-06-23 00:00","2021","06","23","00:00","12.8","","6.9","","67","","0.0","","20","","16","","","","97.14","","","","","","NA"
"-80.80","46.63","SUDBURY CLIMATE","6068145","2021-06-23 01:00","2021","06","23","01:00","11.2","","7.1","","76","","0.0","","18","","14","","","","97.16","","","","","","NA"
"-80.80","46.63","SUDBURY CLIMATE","6068145","2021-06-23 02:00","2021","06","23","02:00","9.8","","7.6","","86","","0.0","","17","","10","","","","97.21","","","","","","NA"
"-80.80","46.63","SUDBURY CLIMATE","6068145","2021-06-23 03:00","2021","06","23","03:00","9.3","","7.4","","88","","0.0","","20","","11","","","","97.27","","","","","","NA"
"-80.80","46.63","SUDBURY CLIMATE","6068145","2021-06-23 04:00","2021","06","23","04:00","8.4","","6.8","","90","","0.0","","22","","6","","","","97.29","","","","","","NA"
"-80.80","46.63","SUDBURY CLIMATE","6068145","2021-06-23 05:00","2021","06","23","05:00","8.9","","6.9","","87","","0.0","","24","","8","","","","97.32","","","","","","NA"
"-80.80","46.63","SUDBURY CLIMATE","6068145","2021-06-23 06:00","2021","06","23","06:00","8.8","","7.1","","89","","0.0","","25","","5","","","","97.35","","","","","","NA"
"-80.80","46.63","SUDBURY CLIMATE","6068145","2021-06-23 07:00","2021","06","23","07:00","7.5","","6.4","","93","","0.0","","23","","6","","","","97.35","","","","","","NA"
"-80.80","46.63","SUDBURY CLIMATE","6068145","2021-06-23 08:00","2021","06","23","08:00","6.9","","6.0","","94","","0.0","","23","","7","","","","97.35","","","","","","NA"
"-80.80","46.63","SUDBURY CLIMATE","6068145","2021-06-23 09:00","2021","06","23","09:00","6.2","","5.7","","97","","0.0","","23","","9","","","","97.40","","","","","","NA"
"-80.80","46.63","SUDBURY CLIMATE","6068145","2021-06-23 10:00","2021","06","23","10:00","6.4","","5.8","","96","","0.0","","25","","6","","","","97.47","","","","","","NA"
"-80.80","46.63","SUDBURY CLIMATE","6068145","2021-06-23 11:00","2021","06","23","11:00","8.2","","6.9","","92","","0.0","","23","","5","","","","97.52","","","","","","NA"
"-80.80","46.63","SUDBURY CLIMATE","6068145","2021-06-23 12:00","2021","06","23","12:00","10.3","","8.0","","86","","0.0","","23","","10","","","","97.58","","","","","","NA"
"-80.80","46.63","SUDBURY CLIMATE","6068145","2021-06-23 13:00","2021","06","23","13:00","12.7","","7.8","","72","","0.0","","26","","13","","","","97.65","","","","","","NA"
"-80.80","46.63","SUDBURY CLIMATE","6068145","2021-06-23 14:00","2021","06","23","14:00","14.6","","6.6","","59","","0.0","","22","","18","","","","97.67","","","","","","NA"
"-80.80","46.63","SUDBURY CLIMATE","6068145","2021-06-23 15:00","2021","06","23","15:00","15.8","","6.5","","54","","0.0","","21","","17","","","","97.65","","","","","","NA"
"-80.80","46.63","SUDBURY CLIMATE","6068145","2021-06-23 16:00","2021","06","23","16:00","16.2","","6.6","","53","","0.0","","24","","16","","","","97.64","","","","","","NA"
"-80.80","46.63","SUDBURY CLIMATE","6068145","2021-06-23 17:00","2021","06","23","17:00","15.8","","7.7","","59","","0.0","","22","","21","","","","97.65","","","","","","NA"
"-80.80","46.63","SUDBURY CLIMATE","6068145","2021-06-23 18:00","2021","06","23","18:00","16.2","","7.5","","56","","0.0","","21","","25","","","","97.68","","","","","","NA"
"-80.80","46.63","SUDBURY CLIMATE","6068145","2021-06-23 19:00","2021","06","23","19:00","16.4","","7.0","","54","","0.0","","21","","25","","","","97.69","","","","","","NA"
"-80.80","46.63","SUDBURY CLIMATE","6068145","2021-06-23 20:00","2021","06","23","20:00","16.5","","7.5","","55","","0.0","","20","","26","","","","97.64","","","","","","NA"
"-80.80","46.63","SUDBURY CLIMATE","6068145","2021-06-23 21:00","2021","06","23","21:00","17.4","","7.2","","51","","0.0","","20","","28","","","","97.60","","","","","","NA"
"-80.80","46.63","SUDBURY CLIMATE","6068145","2021-06-23 22:00","2021","06","23","22:00","19.1","","5.5","","41","","0.0","","21","","35","","","","97.55","","","","","","NA"
"-80.80","46.63","SUDBURY CLIMATE","6068145","2021-06-23 23:00","2021","06","23","23:00","18.4","","5.5","","43","","0.0","","21","","31","","","","97.56","","","","","","NA"
"-80.80","46.63","SUDBURY CLIMATE","6068145","2021-06-24 00:00","2021","06","24","00:00","17.4","","5.8","","46","","0.0","","20","","27","","","","97.52","","","","","","NA"
"-80.80","46.63","SUDBURY CLIMATE","6068145","2021-06-24 01:00","2021","06","24","01:00","15.9","","5.6","","50","","0.0","","20","","22","","","","97.52","","","","","","NA"
"-80.80","46.63","SUDBURY CLIMATE","6068145","2021-06-24 02:00","2021","06","24","02:00","14.6","","6.5","","58","","0.0","","19","","20","","","","97.52","","","","","","NA"
"-80.80","46.63","SUDBURY CLIMATE","6068145","2021-06-24 03:00","2021","06","24","03:00","14.3","","6.8","","60","","0.0","","18","","23","","","","97.50","","","","","","NA"
"-80.80","46.63","SUDBURY CLIMATE","6068145","2021-06-24 04:00","2021","06","24","04:00","14.4","","9.5","","72","","0.0","","20","","27","","","","97.47","","","","","","NA"
"-80.80","46.63","SUDBURY CLIMATE","6068145","2021-06-24 05:00","2021","06","24","05:00","15.5","","12.7","","83","","0.0","","20","","29","","","","97.44","","","","","","NA"
"-80.80","46.63","SUDBURY CLIMATE","6068145","2021-06-24 06:00","2021","06","24","06:00","15.9","","13.0","","83","","0.0","","21","","27","","","","97.47","","","","","","NA"
"-80.80","46.63","SUDBURY CLIMATE","6068145","2021-06-24 07:00","2021","06","24","07:00","15.2","","12.5","","84","","0.0","","20","","28","","","","97.44","","","","","","NA"
"-80.80","46.63","SUDBURY CLIMATE","6068145","2021-06-24 08:00","2021","06","24","08:00","14.8","","12.1","","84","","0.0","","20","","24","","","","97.43","","","","","","NA"
"-80.80","46.63","SUDBURY CLIMATE","6068145","2021-06-24 09:00","2021","06","24","09:00","15.1","","11.4","","78","","0.0","","20","","29","","","","97.39","","","","","","NA"
"-80.80","46.63","SUDBURY CLIMATE","6068145","2021-06-24 10:00","2021","06","24","10:00","15.6","","10.7","","73","","0.0","","21","","30","","","","97.39","","","","","","NA"
"-80.80","46.63","SUDBURY CLIMATE","6068145","2021-06-24 11:00","2021","06","24","11:00","16.1","","10.7","","70","","0.0","","20","","29","","","","97.41","","","","","","NA"
"-80.80","46.63","SUDBURY CLIMATE","6068145","2021-06-24 12:00","2021","06","24","12:00","16.7","","11.3","","70","","0.0","","20","","29","","","","97.45","","","","","","NA"
"-80.80","46.63","SUDBURY CLIMATE","6068145","2021-06-24 13:00","2021","06","24","13:00","17.1","","11.7","","71","","0.0","","21","","27","","","","97.46","","","","","","NA"
"-80.80","46.63","SUDBURY CLIMATE","6068145","2021-06-24 14:00","2021","06","24","14:00","19.0","","11.9","","64","","0.0","","21","","30","","","","97.42","","","","","","NA"
"-80.80","46.63","SUDBURY CLIMATE","6068145","2021-06-24 15:00","2021","06","24","15:00","19.8","","12.1","","61","","0.0","","21","","35","","","","97.43","","","","","","NA"
"-80.80","46.63","SUDBURY CLIMATE","6068145","2021-06-24 16:00","2021","06","24","16:00","19.9","","11.8","","60","","0.0","","21","","37","","","","97.44","","","","","","NA"
"-80.80","46.63","SUDBURY CLIMATE","6068145","2021-06-24 17:00","2021","06","24","17:00","20.1","","11.9","","59","","0.0","","21","","35","","","","97.47","","","","","","NA"
"-80.80","46.63","SUDBURY CLIMATE","6068145","2021-06-24 18:00","2021","06","24","18:00","19.8","","12.4","","62","","0.0","","21","","32","","","","97.47","","","","","","NA"
"-80.80","46.63","SUDBURY CLIMATE","6068145","2021-06-24 19:00","2021","06","24","19:00","20.1","","12.3","","61","","0.0","","22","","31","","","","97.48","","","","","","NA"
"-80.80","46.63","SUDBURY CLIMATE","6068145","2021-06-24 20:00","2021","06","24","20:00","19.7","","12.1","","61","","0.0","","22","","25","","","","97.49","","","","","","NA"
"-80.80","46.63","SUDBURY CLIMATE","6068145","2021-06-24 21:00","2021","06","24","21:00","17.2","","13.6","","79","","0.0","","22","","29","","","","97.49","","","","","","NA"
"-80.80","46.63","SUDBURY CLIMATE","6068145","2021-06-24 22:00","2021","06","24","22:00","17.4","","12.5","","73","","0.3","","22","","28","","","","97.47","","","","","","NA"
"-80.80","46.63","SUDBURY CLIMATE","6068145","2021-06-24 23:00","2021","06","24","23:00","16.6","","12.6","","77","","0.0","","21","","19","","","","97.51","","","","","","NA"
"-80.80","46.63","SUDBURY CLIMATE","6068145","2021-06-25 00:00","2021","06","25","00:00","15.9","","13.2","","84","","0.0","","20","","32","","","","97.59","","","","","","NA"
"-80.80","46.63","SUDBURY CLIMATE","6068145","2021-06-25 01:00","2021","06","25","01:00","15.1","","14.1","","94","","0.0","","18","","27","","","","97.50","","","","","","NA"
"-80.80","46.63","SUDBURY CLIMATE","6068145","2021-06-25 02:00","2021","06","25","02:00","14.7","","14.1","","96","","0.1","","18","","25","","","","97.52","","","","","","NA"
"-80.80","46.63","SUDBURY CLIMATE","6068145","2021-06-25 03:00","2021","06","25","03:00","15.0","","14.5","","97","","0.0","","19","","20","","","","97.51","","","","","","NA"
"-80.80","46.63","SUDBURY CLIMATE","6068145","2021-06-25 04:00","2021","06","25","04:00","15.0","","14.4","","96","","0.0","","19","","14","","","","97.50","","","","","","NA"
"-80.80","46.63","SUDBURY CLIMATE","6068145","2021-06-25 05:00","2021","06","25","05:00","15.0","","14.4","","96","","0.0","","18","","11","","","","97.49","","","","","","NA"
"-80.80","46.63","SUDBURY CLIMATE","6068145","2021-06-25 06:00","2021","06","25","06:00","15.0","","14.5","","97","","0.0","","19","","11","","","","97.49","","","","","","NA"
"-80.80","46.63","SUDBURY CLIMATE","6068145","2021-06-25 07:00","2021","06","25","07:00","15.0","","14.6","","98","","0.0","","17","","19","","","","97.47","","","","","","NA"
"-80.80","46.63","SUDBURY CLIMATE","6068145","2021-06-25 08:00","2021","06","25","08:00","15.5","","15.2","","98","","0.0","","22","","13","","","","97.50","","","","","","NA"
"-80.80","46.63","SUDBURY CLIMATE","6068145","2021-06-25 09:00","2021","06","25","09:00","15.8","","15.6","","99","","0.1","","20","","11","","","","97.42","","","","","","NA"
"-80.80","46.63","SUDBURY CLIMATE","6068145","2021-06-25 10:00","2021","06","25","10:00","15.8","","15.6","","99","","1.7","","20","","12","","","","97.44","","","","","","NA"
"-80.80","46.63","SUDBURY CLIMATE","6068145","2021-06-25 11:00","2021","06","25","11:00","16.2","","16.0","","99","","0.9","","18","","14","","","","97.43","","","","","","NA"
"-80.80","46.63","SUDBURY CLIMATE","6068145","2021-06-25 12:00","2021","06","25","12:00","16.2","","16.0","","99","","1.6","","19","","15","","","","97.42","","","","","","NA"
"-80.80","46.63","SUDBURY CLIMATE","6068145","2021-06-25 13:00","2021","06","25","13:00","16.5","","16.0","","97","","0.1","","19","","14","","","","97.44","","","","","","NA"
"-80.80","46.63","SUDBURY CLIMATE","6068145","2021-06-25 14:00","2021","06","25","14:00","17.2","","16.3","","95","","0.2","","19","","17","","","","97.43","","","","","","NA"
"-80.80","46.63","SUDBURY CLIMATE","6068145","2021-06-25 15:00","2021","06","25","15:00","17.9","","16.7","","93","","0.0","","20","","21","","","","97.42","","","","","","NA"
"-80.80","46.63","SUDBURY CLIMATE","6068145","2021-06-25 16:00","2021","06","25","16:00","18.7","","16.8","","89","","0.0","","20","","23","","","","97.40","","","","","","NA"
"-80.80","46.63","SUDBURY CLIMATE","6068145","2021-06-25 17:00","2021","06","25","17:00","19.7","","17.4","","87","","0.0","","20","","25","","","","97.38","","","","","","NA"
"-80.80","46.63","SUDBURY CLIMATE","6068145","2021-06-25 18:00","2021","06","25","18:00","21.9","","17.8","","78","","0.0","","19","","25","","","","97.33","","28","","","","NA"
"-80.80","46.63","SUDBURY CLIMATE","6068145","2021-06-25 19:00","2021","06","25","19:00","20.7","","17.1","","80","","0.0","","19","","26","","","","97.33","","26","","","","NA"
"-80.80","46.63","SUDBURY CLIMATE","6068145","2021-06-25 20:00","2021","06","25","20:00","20.0","","17.3","","84","","0.0","","19","","26","","","","97.33","","25","","","","NA"
"-80.80","46.63","SUDBURY CLIMATE","6068145","2021-06-25 21:00","2021","06","25","21:00","19.4","","17.7","","90","","0.0","","20","","19","","","","97.31","","","","","","NA"
"-80.80","46.63","SUDBURY CLIMATE","6068145","2021-06-25 22:00","2021","06","25","22:00","19.1","","18.0","","93","","0.0","","20","","21","","","","97.29","","","","","","NA"
"-80.80","46.63","SUDBURY CLIMATE","6068145","2021-06-25 23:00","2021","06","25","23:00","18.8","","17.8","","94","","0.0","","21","","17","","","","97.24","","","","","","NA"
"-80.80","46.63","SUDBURY CLIMATE","6068145","2021-06-26 00:00","2021","06","26","00:00","18.5","","18.1","","98","","0.0","","18","","8","","","","97.22","","","","","","NA"
"-80.80","46.63","SUDBURY CLIMATE","6068145","2021-06-26 01:00","2021","06","26","01:00","18.3","","17.9","","98","","0.2","","18","","18","","","","97.17","","","","","","NA"
"-80.80","46.63","SUDBURY CLIMATE","6068145","2021-06-26 02:00","2021","06","26","02:00","18.1","","17.8","","98","","0.1","","19","","15","","","","97.20","","","","","","NA"
"-80.80","46.63","SUDBURY CLIMATE","6068145","2021-06-26 03:00","2021","06","26","03:00","17.7","","17.4","","98","","0.0","","20","","15","","","","97.19","","","","","","NA"
"-80.80","46.63","SUDBURY CLIMATE","6068145","2021-06-26 04:00","2021","06","26","04:00","17.2","","17.0","","99","","0.0","","21","","9","","","","97.19","","","","","","NA"
"-80.80","46.63","SUDBURY CLIMATE","6068145","2021-06-26 05:00","2021","06","26","05:00","17.0","","16.9","","99","","0.0","","22","","6","","","","97.15","","","","","","NA"
"-80.80","46.63","SUDBURY CLIMATE","6068145","2021-06-26 06:00","2021","06","26","06:00","17.0","","16.9","","99","","0.0","","19","","3","","","","97.13","","","","","","NA"
"-80.80","46.63","SUDBURY CLIMATE","6068145","2021-06-26 07:00","2021","06","26","07:00","16.9","","16.9","","100","","0.2","","14","","11","","","","97.03","","","","","","NA"
"-80.80","46.63","SUDBURY CLIMATE","6068145","2021-06-26 08:00","2021","06","26","08:00","17.0","","16.9","","100","","0.0","","16","","3","","","","97.02","","","","","","NA"
"-80.80","46.63","SUDBURY CLIMATE","6068145","2021-06-26 09:00","2021","06","26","09:00","17.0","","16.9","","100","","0.0","","35","","4","","","","96.99","","","","","","NA"
"-80.80","46.63","SUDBURY CLIMATE","6068145","2021-06-26 10:00","2021","06","26","10:00","17.0","","16.9","","100","","0.0","","1","","6","","","","97.00","","","","","","NA"
"-80.80","46.63","SUDBURY CLIMATE","6068145","2021-06-26 11:00","2021","06","26","11:00","17.0","","17.0","","100","","0.4","","1","","3","","","","97.03","","","","","","NA"
"-80.80","46.63","SUDBURY CLIMATE","6068145","2021-06-26 12:00","2021","06","26","12:00","17.4","","17.4","","100","","0.1","","1","","6","","","","97.02","","","","","","NA"
"-80.80","46.63","SUDBURY CLIMATE","6068145","2021-06-26 13:00","2021","06","26","13:00","18.4","","18.2","","99","","0.0","","34","","5","","","","97.06","","","","","","NA"
"-80.80","46.63","SUDBURY CLIMATE","6068145","2021-06-26 14:00","2021","06","26","14:00","19.8","","17.9","","89","","0.0","","32","","4","","","","97.05","","","","","","NA"
"-80.80","46.63","SUDBURY CLIMATE","6068145","2021-06-26 15:00","2021","06","26","15:00","21.4","","18.3","","82","","0.0","","21","","4","","","","97.03","","28","","","","NA"
"-80.80","46.63","SUDBURY CLIMATE","6068145","2021-06-26 16:00","2021","06","26","16:00","21.8","","18.3","","81","","0.0","","22","","10","","","","97.05","","28","","","","NA"
"-80.80","46.63","SUDBURY CLIMATE","6068145","2021-06-26 17:00","2021","06","26","17:00","21.4","","18.6","","84","","0.0","","21","","18","","","","97.08","","28","","","","NA"
"-80.80","46.63","SUDBURY CLIMATE","6068145","2021-06-26 18:00","2021","06","26","18:00","22.7","","18.8","","79","","0.0","","22","","20","","","","97.07","","29","","","","NA"
"-80.80","46.63","SUDBURY CLIMATE","6068145","2021-06-26 19:00","2021","06","26","19:00","22.3","","18.8","","80","","0.0","","21","","24","","","","97.09","","29","","","","NA"
"-80.80","46.63","SUDBURY CLIMATE","6068145","2021-06-26 20:00","2021","06","26","20:00","21.9","","18.8","","82","","0.0","","20","","23","","","","97.07","","29","","","","NA"
"-80.80","46.63","SUDBURY CLIMATE","6068145","2021-06-26 21:00","2021","06","26","21:00","20.6","","18.4","","87","","0.0","","20","","21","","","","97.08","","27","","","","NA"
"-80.80","46.63","SUDBURY CLIMATE","6068145","2021-06-26 22:00","2021","06","26","22:00","19.9","","18.8","","93","","0.0","","20","","17","","","","97.08","","","","","","NA"
"-80.80","46.63","SUDBURY CLIMATE","6068145","2021-06-26 23:00","2021","06","26","23:00","19.4","","18.7","","96","","0.3","","19","","11","","","","97.03","","","","","","NA"
"-80.80","46.63","SUDBURY CLIMATE","6068145","2021-06-27 00:00","2021","06","27","00:00","19.1","","18.6","","97","","0.2","","19","","14","","","","97.01","","","","","","NA"
"-80.80","46.63","SUDBURY CLIMATE","6068145","2021-06-27 01:00","2021","06","27","01:00","18.9","","18.6","","99","","0.7","","17","","12","","","","96.97","","","","","","NA"
"-80.80","46.63","SUDBURY CLIMATE","6068145","2021-06-27 02:00","2021","06","27","02:00","18.5","","18.3","","99","","0.5","","13","","11","","","","96.95","","","","","","NA"
"-80.80","46.63","SUDBURY CLIMATE","6068145","2021-06-27 03:00","2021","06","27","03:00","18.6","","18.4","","99","","2.7","","11","","10","","","","96.87","","","","","","NA"
"-80.80","46.63","SUDBURY CLIMATE","6068145","2021-06-27 04:00","2021","06","27","04:00","18.4","","18.2","","99","","5.1","","10","","15","","","","96.72","","","","","","NA"
"-80.80","46.63","SUDBURY CLIMATE","6068145","2021-06-27 05:00","2021","06","27","05:00","18.3","","18.2","","99","","6.1","","2","","8","","","","96.70","","","","","","NA"
"-80.80","46.63","SUDBURY CLIMATE","6068145","2021-06-27 06:00","2021","06","27","06:00","18.1","","18.0","","99","","3.4","","5","","15","","","","96.66","","","","","","NA"
"-80.80","46.63","SUDBURY CLIMATE","6068145","2021-06-27 07:00","2021","06","27","07:00","18.1","","18.0","","99","","0.8","","5","","15","","","","96.62","","","","","","NA"
"-80.80","46.63","SUDBURY CLIMATE","6068145","2021-06-27 08:00","2021","06","27","08:00","17.9","","17.8","","99","","0.5","","3","","11","","","","96.65","","","","","","NA"
"-80.80","46.63","SUDBURY CLIMATE","6068145","2021-06-27 09:00","2021","06","27","09:00","17.7","","17.6","","99","","0.3","","2","","10","","","","96.69","","","","","","NA"
"-80.80","46.63","SUDBURY CLIMATE","6068145","2021-06-27 10:00","2021","06","27","10:00","17.6","","17.5","","99","","0.2","","3","","7","","","","96.69","","","","","","NA"
"-80.80","46.63","SUDBURY CLIMATE","6068145","2021-06-27 11:00","2021","06","27","11:00","17.4","","17.3","","99","","0.0","","4","","7","","","","96.72","","","","","","NA"
"-80.80","46.63","SUDBURY CLIMATE","6068145","2021-06-27 12:00","2021","06","27","12:00","17.5","","17.4","","99","","0.1","","5","","10","","","","96.71","","","","","","NA"
"-80.80","46.63","SUDBURY CLIMATE","6068145","2021-06-27 13:00","2021","06","27","13:00","18.0","","17.9","","99","","0.4","","10","","5","","","","96.76","","","","","","NA"
"-80.80","46.63","SUDBURY CLIMATE","6068145","2021-06-27 14:00","2021","06","27","14:00","19.7","","19.0","","96","","0.3","","18","","10","","","","96.78","","","","","","NA"
"-80.80","46.63","SUDBURY CLIMATE","6068145","2021-06-27 15:00","2021","06","27","15:00","20.7","","19.4","","92","","0.0","","20","","17","","","","96.80","","28","","","","NA"
"-80.80","46.63","SUDBURY CLIMATE","6068145","2021-06-27 16:00","2021","06","27","16:00","21.4","","20.2","","93","","0.0","","21","","20","","","","96.80","","29","","","","NA"
"-80.80","46.63","SUDBURY CLIMATE","6068145","2021-06-27 17:00","2021","06","27","17:00","18.5","","18.0","","97","","2.4","","1","","12","","","","96.92","","","","","","NA"
"-80.80","46.63","SUDBURY CLIMATE","6068145","2021-06-27 18:00","2021","06","27","18:00","18.8","","18.2","","97","","1.7","","35","","7","","","","97.01","","","","","","NA"
"-80.80","46.63","SUDBURY CLIMATE","6068145","2021-06-27 19:00","2021","06","27","19:00","19.4","","18.2","","92","","0.2","","3","","11","","","","97.03","","","","","","NA"
"-80.80","46.63","SUDBURY CLIMATE","6068145","2021-06-27 20:00","2021","06","27","20:00","18.8","","17.5","","92","","0.0","","3","","13","","","","97.08","","","","","","NA"
"-80.80","46.63","SUDBURY CLIMATE","6068145","2021-06-27 21:00","2021","06","27","21:00","19.6","","18.1","","91","","0.0","","4","","8","","","","97.15","","","","","","NA"
"-80.80","46.63","SUDBURY CLIMATE","6068145","2021-06-27 22:00","2021","06","27","22:00","19.9","","18.4","","91","","0.0","","4","","11","","","","97.18","","","","","","NA"
"-80.80","46.63","SUDBURY CLIMATE","6068145","2021-06-27 23:00","2021","06","27","23:00","19.3","","17.7","","90","","0.0","","3","","10","","","","97.23","","","","","","NA"
"-80.80","46.63","SUDBURY CLIMATE","6068145","2021-06-28 00:00","2021","06","28","00:00","19.1","","18.3","","95","","0.0","","4","","6","","","","97.28","","","","","","NA"
"-80.80","46.63","SUDBURY CLIMATE","6068145","2021-06-28 01:00","2021","06","28","01:00","18.6","","18.0","","96","","0.0","","10","","5","","","","97.32","","","","","","NA"
"-80.80","46.63","SUDBURY CLIMATE","6068145","2021-06-28 02:00","2021","06","28","02:00","18.3","","17.9","","98","","0.0","","36","","6","","","","97.37","","","","","","NA"
"-80.80","46.63","SUDBURY CLIMATE","6068145","2021-06-28 03:00","2021","06","28","03:00","18.0","","17.8","","98","","0.0","","4","","4","","","","97.41","","","","","","NA"
"-80.80","46.63","SUDBURY CLIMATE","6068145","2021-06-28 04:00","2021","06","28","04:00","18.1","","17.8","","98","","0.0","","3","","7","","","","97.42","","","","","","NA"
"-80.80","46.63","SUDBURY CLIMATE","6068145","2021-06-28 05:00","2021","06","28","05:00","17.9","","17.7","","99","","0.0","","3","","8","","","","97.46","","","","","","NA"
"-80.80","46.63","SUDBURY CLIMATE","6068145","2021-06-28 06:00","2021","06","28","06:00","17.7","","17.6","","99","","0.0","","3","","7","","","","97.49","","","","","","NA"
"-80.80","46.63","SUDBURY CLIMATE","6068145","2021-06-28 07:00","2021","06","28","07:00","17.7","","17.6","","99","","0.1","","6","","8","","","","97.50","","","","","","NA"
"-80.80","46.63","SUDBURY CLIMATE","6068145","2021-06-28 08:00","2021","06","28","08:00","17.5","","17.4","","99","","0.1","","3","","6","","","","97.53","","","","","","NA"
"-80.80","46.63","SUDBURY CLIMATE","6068145","2021-06-28 09:00","2021","06","28","09:00","17.3","","17.2","","100","","0.0","","4","","8","","","","97.55","","","","","","NA"
"-80.80","46.63","SUDBURY CLIMATE","6068145","2021-06-28 10:00","2021","06","28","10:00","17.3","","17.2","","100","","0.0","","2","","6","","","","97.62","","","","","","NA"
"-80.80","46.63","SUDBURY CLIMATE","6068145","2021-06-28 11:00","2021","06","28","11:00","17.4","","17.3","","100","","0.0","","2","","8","","","","97.65","","","","","","NA"
"-80.80","46.63","SUDBURY CLIMATE","6068145","2021-06-28 12:00","2021","06","28","12:00","17.7","","17.6","","99","","0.0","","4","","8","","","","97.71","","","","","","NA"
"-80.80","46.63","SUDBURY CLIMATE","6068145","2021-06-28 13:00","2021","06","28","13:00","18.2","","17.7","","97","","0.0","","2","","5","","","","97.76","","","","","","NA"
"-80.80","46.63","SUDBURY CLIMATE","6068145","2021-06-28 14:00","2021","06","28","14:00","18.7","","17.3","","91","","0.0","","1","","5","","","","97.78","","","","","","NA"
"-80.80","46.63","SUDBURY CLIMATE","6068145","2021-06-28 15:00","2021","06","28","15:00","19.6","","17.7","","88","","0.0","","4","","6","","","","97.80","","","","","","NA"
"-80.80","46.63","SUDBURY CLIMATE","6068145","2021-06-28 16:00","2021","06","28","16:00","20.5","","17.4","","83","","0.0","","4","","2","","","","97.85","","26","","","","NA"
"-80.80","46.63","SUDBURY CLIMATE","6068145","2021-06-28 17:00","2021","06","28","17:00","22.2","","17.5","","74","","0.0","","17","","4","","","","97.84","","28","","","","NA"
"-80.80","46.63","SUDBURY CLIMATE","6068145","2021-06-28 18:00","2021","06","28","18:00","23.5","","17.2","","68","","0.0","","22","","9","","","","97.87","","29","","","","NA"
"-80.80","46.63","SUDBURY CLIMATE","6068145","2021-06-28 19:00","2021","06","28","19:00","25.1","","18.6","","67","","0.0","","19","","13","","","","97.84","","32","","","","NA"
"-80.80","46.63","SUDBURY CLIMATE","6068145","2021-06-28 20:00","2021","06","28","20:00","23.2","","18.5","","75","","0.0","","5","","6","","","","97.83","","30","","","","NA"
"-80.80","46.63","SUDBURY CLIMATE","6068145","2021-06-28 21:00","2021","06","28","21:00","23.2","","18.5","","75","","0.0","","24","","9","","","","97.83","","30","","","","NA"
"-80.80","46.63","SUDBURY CLIMATE","6068145","2021-06-28 22:00","2021","06","28","22:00","21.6","","19.3","","87","","0.0","","22","","18","","","","97.84","","29","","","","NA"
"-80.80","46.63","SUDBURY CLIMATE","6068145","2021-06-28 23:00","2021","06","28","23:00","22.8","","19.8","","83","","0.9","","17","","10","","","","97.78","","30","","","","NA"
"-80.80","46.63","SUDBURY CLIMATE","6068145","2021-06-29 00:00","2021","06","29","00:00","23.4","","18.1","","72","","0.0","","20","","13","","","","97.82","","29","","","","NA"
"-80.80","46.63","SUDBURY CLIMATE","6068145","2021-06-29 01:00","2021","06","29","01:00","21.0","","16.8","","77","","0.0","","21","","12","","","","97.81","","26","","","","NA"
"-80.80","46.63","SUDBURY CLIMATE","6068145","2021-06-29 02:00","2021","06","29","02:00","19.7","","14.7","","73","","0.0","","22","","12","","","","97.89","","","","","","NA"
"-80.80","46.63","SUDBURY CLIMATE","6068145","2021-06-29 03:00","2021","06","29","03:00","18.6","","15.2","","81","","0.0","","21","","12","","","","97.92","","","","","","NA"
"-80.80","46.63","SUDBURY CLIMATE","6068145","2021-06-29 04:00","2021","06","29","04:00","18.3","","16.1","","87","","0.0","","22","","11","","","","97.95","","","","","","NA"
"-80.80","46.63","SUDBURY CLIMATE","6068145","2021-06-29 05:00","2021","06","29","05:00","18.2","","15.4","","84","","0.0","","25","","8","","","","97.94","","","","","","NA"
"-80.80","46.63","SUDBURY CLIMATE","6068145","2021-06-29 06:00","2021","06","29","06:00","17.7","","15.3","","86","","0.0","","24","","9","","","","97.93","","","","","","NA"
"-80.80","46.63","SUDBURY CLIMATE","6068145","2021-06-29 07:00","2021","06","29","07:00","17.6","","15.3","","87","","0.0","","23","","14","","","","97.96","","","","","","NA"
"-80.80","46.63","SUDBURY CLIMATE","6068145","2021-06-29 08:00","2021","06","29","08:00","17.1","","15.4","","90","","0.0","","24","","10","","","","97.94","","","","","","NA"
"-80.80","46.63","SUDBURY CLIMATE","6068145","2021-06-29 09:00","2021","06","29","09:00","17.1","","15.7","","92","","0.0","","23","","13","","","","97.93","","","","","","NA"
"-80.80","46.63","SUDBURY CLIMATE","6068145","2021-06-29 10:00","2021","06","29","10:00","17.3","","15.8","","91","","0.0","","24","","8","","","","97.97","","","","","","NA"
"-80.80","46.63","SUDBURY CLIMATE","6068145","2021-06-29 11:00","2021","06","29","11:00","17.5","","16.2","","92","","0.0","","22","","8","","","","98.02","","","","","","NA"
"-80.80","46.63","SUDBURY CLIMATE","6068145","2021-06-29 12:00","2021","06","29","12:00","18.3","","16.5","","89","","0.0","","23","","14","","","","98.02","","","","","","NA"
"-80.80","46.63","SUDBURY CLIMATE","6068145","2021-06-29 13:00","2021","06","29","13:00","20.4","","16.2","","77","","0.0","","24","","13","","","","98.01","","25","","","","NA"
"-80.80","46.63","SUDBURY CLIMATE","6068145","2021-06-29 14:00","2021","06","29","14:00","20.7","","17.0","","79","","0.0","","24","","10","","","","98.00","","26","","","","NA"
"-80.80","46.63","SUDBURY CLIMATE","6068145","2021-06-29 15:00","2021","06","29","15:00","21.0","","17.0","","78","","0.0","","21","","14","","","","97.98","","26","","","","NA"
"-80.80","46.63","SUDBURY CLIMATE","6068145","2021-06-29 16:00","2021","06","29","16:00","22.3","","17.9","","76","","0.0","","21","","16","","","","97.98","","28","","","","NA"
"-80.80","46.63","SUDBURY CLIMATE","6068145","2021-06-29 17:00","2021","06","29","17:00","22.5","","17.5","","74","","0.0","","21","","17","","","","97.97","","28","","","","NA"
"-80.80","46.63","SUDBURY CLIMATE","6068145","2021-06-29 18:00","2021","06","29","18:00","21.8","","18.0","","79","","0.0","","21","","16","","","","97.91","","28","","","","NA"
"-80.80","46.63","SUDBURY CLIMATE","6068145","2021-06-29 19:00","2021","06","29","19:00","21.5","","18.5","","83","","0.0","","22","","13","","","","97.89","","28","","","","NA"
"-80.80","46.63","SUDBURY CLIMATE","6068145","2021-06-29 20:00","2021","06","29","20:00","21.3","","18.5","","84","","0.0","","23","","14","","","","97.83","","28","","","","NA"
"-80.80","46.63","SUDBURY CLIMATE","6068145","2021-06-29 21:00","2021","06","29","21:00","21.2","","18.5","","85","","0.0","","20","","15","","","","97.75","","28","","","","NA"
"-80.80","46.63","SUDBURY CLIMATE","6068145","2021-06-29 22:00","2021","06","29","22:00","20.5","","18.5","","88","","0.0","","19","","13","","","","97.68","","27","","","","NA"
"-80.80","46.63","SUDBURY CLIMATE","6068145","2021-06-29 23:00","2021","06","29","23:00","19.8","","18.6","","93","","0.0","","20","","11","","","","97.64","","","","","","NA"
"-80.80","46.63","SUDBURY CLIMATE","6068145","2021-06-30 00:00","2021","06","30","00:00","19.4","","18.6","","95","","0.0","","20","","12","","","","97.60","","","","","","NA"
"-80.80","46.63","SUDBURY CLIMATE","6068145","2021-06-30 01:00","2021","06","30","01:00","18.9","","18.1","","95","","0.0","","23","","9","","","","97.60","","","","","","NA"
"-80.80","46.63","SUDBURY CLIMATE","6068145","2021-06-30 02:00","2021","06","30","02:00","18.7","","18.1","","96","","0.0","","22","","9","","","","97.58","","","","","","NA"
"-80.80","46.63","SUDBURY CLIMATE","6068145","2021-06-30 03:00","2021","06","30","03:00","18.3","","17.7","","96","","0.0","","25","","9","","","","97.58","","","","","","NA"
"-80.80","46.63","SUDBURY CLIMATE","6068145","2021-06-30 04:00","2021","06","30","04:00","18.1","","17.4","","96","","0.0","","24","","9","","","","97.48","","","","","","NA"
"-80.80","46.63","SUDBURY CLIMATE","6068145","2021-06-30 05:00","2021","06","30","05:00","18.0","","17.5","","97","","0.0","","24","","11","","","","97.45","","","","","","NA"
"-80.80","46.63","SUDBURY CLIMATE","6068145","2021-06-30 06:00","2021","06","30","06:00","18.0","","17.6","","98","","0.0","","23","","12","","","","97.38","","","","","","NA"
"-80.80","46.63","SUDBURY CLIMATE","6068145","2021-06-30 07:00","2021","06","30","07:00","17.8","","17.5","","98","","0.0","","25","","9","","","","97.34","","","","","","NA"
"-80.80","46.63","SUDBURY CLIMATE","6068145","2021-06-30 08:00","2021","06","30","08:00","17.9","","17.5","","98","","0.4","","25","","10","","","","97.31","","","","","","NA"
"-80.80","46.63","SUDBURY CLIMATE","6068145","2021-06-30 09:00","2021","06","30","09:00","18.0","","17.5","","97","","0.0","","26","","10","","","","97.30","","","","","","NA"
"-80.80","46.63","SUDBURY CLIMATE","6068145","2021-06-30 10:00","2021","06","30","10:00","17.8","","17.4","","97","","0.0","","26","","7","","","","97.28","","","","","","NA"
"-80.80","46.63","SUDBURY CLIMATE","6068145","2021-06-30 11:00","2021","06","30","11:00","18.0","","17.5","","97","","0.0","","28","","6","","","","97.28","","","","","","NA"
"-80.80","46.63","SUDBURY CLIMATE","6068145","2021-06-30 12:00","2021","06","30","12:00","18.3","","17.0","","92","","0.0","","32","","9","","","","97.28","","","","","","NA"
"-80.80","46.63","SUDBURY CLIMATE","6068145","2021-06-30 13:00","2021","06","30","13:00","18.0","","15.7","","87","","0.0","","36","","17","","","","97.32","","","","","","NA"
"-80.80","46.63","SUDBURY CLIMATE","6068145","2021-06-30 14:00","2021","06","30","14:00","19.2","","15.3","","79","","0.0","","36","","13","","","","97.35","","","","","","NA"
"-80.80","46.63","SUDBURY CLIMATE","6068145","2021-06-30 15:00","2021","06","30","15:00","19.0","","15.6","","81","","0.0","","1","","15","","","","97.41","","","","","","NA"
"-80.80","46.63","SUDBURY CLIMATE","6068145","2021-06-30 16:00","2021","06","30","16:00","20.6","","15.4","","72","","0.0","","4","","11","","","","97.39","","25","","","","NA"
"-80.80","46.63","SUDBURY CLIMATE","6068145","2021-06-30 17:00","2021","06","30","17:00","21.6","","15.6","","69","","0.0","","2","","9","","","","97.39","","26","","","","NA"
"-80.80","46.63","SUDBURY CLIMATE","6068145","2021-06-30 18:00","2021","06","30","18:00","22.9","","14.3","","58","","0.0","","4","","8","","","","97.35","","26","","","","NA"
"-80.80","46.63","SUDBURY CLIMATE","6068145","2021-06-30 19:00","2021","06","30","19:00","24.3","","13.8","","52","","0.0","","31","","3","","","","97.29","","28","","","","NA"
"-80.80","46.63","SUDBURY CLIMATE","6068145","2021-06-30 20:00","2021","06","30","20:00","16.5","","15.6","","95","","2.5","","36","","19","","","","97.36","","","","","","NA"
"-80.80","46.63","SUDBURY CLIMATE","6068145","2021-06-30 21:00","2021","06","30","21:00","18.5","","16.0","","85","","3.0","","5","","6","","","","97.30","","","","","","NA"
"-80.80","46.63","SUDBURY CLIMATE","6068145","2021-06-30 22:00","2021","06","30","22:00","19.1","","14.8","","76","","0.0","","3","","5","","","","97.30","","","","","","NA"
"-80.80","46.63","SUDBURY CLIMATE","6068145","2021-06-30 23:00","2021","06","30","23:00","18.4","","16.8","","91","","0.0","","22","","7","","","","97.40","","","","","","NA"
