"Longitude (x)","Latitude (y)","Station Name","Climate ID","Date/Time (UTC)","Year","Month","Day","Time (UTC)","Temp (°C)","Temp Flag","Dew Point Temp (°C)","Dew Point Temp Flag","Rel Hum (%)","Rel Hum Flag","Precip. Amount (mm)","Precip. Amount Flag","Wind Dir (10s deg)","Wind Dir Flag","Wind Spd (km/h)","Wind Spd Flag","Visibility (km)","Visibility Flag","Stn Press (kPa)","Stn Press Flag","Hmdx","Hmdx Flag","Wind Chill","Wind Chill Flag","Weather"
"-80.80","46.63","SUDBURY CLIMATE","6068145","2021-04-01 00:00","2021","04","01","00:00","-0.5","","-10.3","","47","","0.0","","32","","9","","","","97.49","","","","-4","","NA"
"-80.80","46.63","SUDBURY CLIMATE","6068145","2021-04-01 01:00","2021","04","01","01:00","-1.3","","-8.7","","57","","0.0","","34","","14","","","","97.63","","","","-6","","NA"
"-80.80","46.63","SUDBURY CLIMATE","6068145","2021-04-01 02:00","2021","04","01","02:00","-3.4","","-6.9","","77","","0.0","","2","","18","","","","97.76","","","","-9","","NA"
"-80.80","46.63","SUDBURY CLIMATE","6068145","2021-04-01 03:00","2021","04","01","03:00","-3.5","","-8.9","","66","","0.0","","2","","21","","","","97.79","","","","-10","","NA"
"-80.80","46.63","SUDBURY CLIMATE","6068145","2021-04-01 04:00","2021","04","01","04:00","-4.3","","-11.5","","57","","0.0","","1","","24","","","","97.83","","","","-11","","NA"
"-80.80","46.63","SUDBURY CLIMATE","6068145","2021-04-01 05:00","2021","04","01","05:00","-5.1","","-13.3","","52","","0.0","","1","","23","","","","97.88","","","","-12","","NA"
"-80.80","46.63","SUDBURY CLIMATE","6068145","2021-04-01 06:00","2021","04","01","06:00","-6.2","","-13.3","","57","","0.0","","1","","21","","","","97.94","","","","-13","","NA"
"-80.80","46.63","SUDBURY CLIMATE","6068145","2021-04-01 07:00","2021","04","01","07:00","-8.3","","-14.9","","59","","0.0","","36","","22","","","","98.00","","","","-16","","NA"
"-80.80","46.63","SUDBURY CLIMATE","6068145","2021-04-01 08:00","2021","04","01","08:00","-9.8","","-15.5","","63","","0.0","","1","","20","","","","98.07","","","","-18","","NA"
"-80.80","46.63","SUDBURY CLIMATE","6068145","2021-04-01 09:00","2021","04","01","09:00","-11.0","","-16.6","","63","","0.0","","36","","20","","","","98.08","","","","-19","","NA"
"-80.80","46.63","SUDBURY CLIMATE","6068145","2021-04-01 10:00","2021","04","01","10:00","-11.4","","-17.1","","63","","0.0","","1","","27","","","","98.12","","","","-21","","NA"
"-80.80","46.63","SUDBURY CLIMATE","6068145","2021-04-01 11:00","2021","04","01","11:00","-11.6","","-17.1","","64","","0.0","","1","","26","","","","98.20","","","","-21","","NA"
"-80.80","46.63","SUDBURY CLIMATE","6068145","2021-04-01 12:00","2021","04","01","12:00","-11.3","","-16.8","","64","","0.0","","2","","26","","","","98.25","","","","-21","","NA"
"-80.80","46.63","SUDBURY CLIMATE","6068145","2021-04-01 13:00","2021","04","01","13:00","-10.0","","-15.8","","62","","0.0","","1","","23","","","","98.27","","","","-18","","NA"
"-80.80","46.63","SUDBURY CLIMATE","6068145","2021-04-01 14:00","2021","04","01","14:00","-9.2","","-16.6","","55","","0.0","","1","","26","","","","98.30","","","","-18","","NA"
"-80.80","46.63","SUDBURY CLIMATE","6068145","2021-04-01 15:00","2021","04","01","15:00","-7.7","","-16.9","","48","","0.0","","1","","27","","","","98.33","","","","-16","","NA"
"-80.80","46.63","SUDBURY CLIMATE","6068145","2021-04-01 16:00","2021","04","01","16:00","-6.0","","-17.0","","42","","0.0","","2","","28","","","","98.34","","","","-14","","NA"
"-80.80","46.63","SUDBURY CLIMATE","6068145","2021-04-01 17:00","2021","04","01","17:00","-4.6","","-19.2","","31","","0.0","","2","","24","","","","98.36","","","","-12","","NA"
"-80.80","46.63","SUDBURY CLIMATE","6068145","2021-04-01 18:00","2021","04","01","18:00","-2.9","","-19.6","","26","","0.0","","2","","27","","","","98.33","","","","-10","","NA"
"-80.80","46.63","SUDBURY CLIMATE","6068145","2021-04-01 19:00","2021","04","01","19:00","-1.7","","-19.2","","25","","0.0","","2","","28","","","","98.32","","","","-8","","NA"
"-80.80","46.63","SUDBURY CLIMATE","6068145","2021-04-01 20:00","2021","04","01","20:00","-1.0","","-19.4","","23","","0.0","","1","","23","","","","98.31","","","","-7","","NA"
"-80.80","46.63","SUDBURY CLIMATE","6068145","2021-04-01 21:00","2021","04","01","21:00","-0.8","","-19.0","","24","","0.0","","1","","22","","","","98.33","","","","-7","","NA"
"-80.80","46.63","SUDBURY CLIMATE","6068145","2021-04-01 22:00","2021","04","01","22:00","-1.3","","-20.4","","22","","0.0","","36","","23","","","","98.36","","","","-7","","NA"
"-80.80","46.63","SUDBURY CLIMATE","6068145","2021-04-01 23:00","2021","04","01","23:00","-1.7","","-19.3","","25","","0.0","","1","","16","","","","98.40","","","","-7","","NA"
"-80.80","46.63","SUDBURY CLIMATE","6068145","2021-04-02 00:00","2021","04","02","00:00","-2.7","","-19.6","","26","","0.0","","36","","18","","","","98.44","","","","-8","","NA"
"-80.80","46.63","SUDBURY CLIMATE","6068145","2021-04-02 01:00","2021","04","02","01:00","-3.8","","-18.7","","30","","0.0","","36","","10","","","","98.52","","","","-8","","NA"
"-80.80","46.63","SUDBURY CLIMATE","6068145","2021-04-02 02:00","2021","04","02","02:00","-4.6","","-18.4","","33","","0.0","","36","","8","","","","98.55","","","","-8","","NA"
"-80.80","46.63","SUDBURY CLIMATE","6068145","2021-04-02 03:00","2021","04","02","03:00","-5.0","","-18.4","","34","","0.0","","36","","9","","","","98.57","","","","-9","","NA"
"-80.80","46.63","SUDBURY CLIMATE","6068145","2021-04-02 04:00","2021","04","02","04:00","-5.9","","-18.3","","37","","0.0","","35","","8","","","","98.57","","","","-10","","NA"
"-80.80","46.63","SUDBURY CLIMATE","6068145","2021-04-02 05:00","2021","04","02","05:00","-6.5","","-18.1","","39","","0.0","","35","","9","","","","98.59","","","","-11","","NA"
"-80.80","46.63","SUDBURY CLIMATE","6068145","2021-04-02 06:00","2021","04","02","06:00","-7.6","","-18.2","","43","","0.0","","35","","7","","","","98.63","","","","-11","","NA"
"-80.80","46.63","SUDBURY CLIMATE","6068145","2021-04-02 07:00","2021","04","02","07:00","-8.1","","-17.9","","45","","0.0","","36","","9","","","","98.63","","","","-13","","NA"
"-80.80","46.63","SUDBURY CLIMATE","6068145","2021-04-02 08:00","2021","04","02","08:00","-8.5","","-17.6","","48","","0.0","","1","","8","","","","98.64","","","","-13","","NA"
"-80.80","46.63","SUDBURY CLIMATE","6068145","2021-04-02 09:00","2021","04","02","09:00","-9.4","","-17.5","","52","","0.0","","35","","8","","","","98.67","","","","-14","","NA"
"-80.80","46.63","SUDBURY CLIMATE","6068145","2021-04-02 10:00","2021","04","02","10:00","-10.3","","-17.7","","55","","0.0","","32","","8","","","","98.73","","","","-15","","NA"
"-80.80","46.63","SUDBURY CLIMATE","6068145","2021-04-02 11:00","2021","04","02","11:00","-10.5","","-17.8","","55","","0.0","","33","","7","","","","98.78","","","","-15","","NA"
"-80.80","46.63","SUDBURY CLIMATE","6068145","2021-04-02 12:00","2021","04","02","12:00","-8.9","","-16.8","","53","","0.0","","34","","8","","","","98.85","","","","-13","","NA"
"-80.80","46.63","SUDBURY CLIMATE","6068145","2021-04-02 13:00","2021","04","02","13:00","-6.6","","-17.8","","41","","0.0","","36","","11","","","","98.87","","","","-12","","NA"
"-80.80","46.63","SUDBURY CLIMATE","6068145","2021-04-02 14:00","2021","04","02","14:00","-5.0","","-17.7","","36","","0.0","","3","","12","","","","98.87","","","","-10","","NA"
"-80.80","46.63","SUDBURY CLIMATE","6068145","2021-04-02 15:00","2021","04","02","15:00","-3.5","","-16.6","","36","","0.0","","5","","14","","","","98.86","","","","-9","","NA"
"-80.80","46.63","SUDBURY CLIMATE","6068145","2021-04-02 16:00","2021","04","02","16:00","-1.8","","-17.4","","29","","0.0","","3","","15","","","","98.80","","","","-7","","NA"
"-80.80","46.63","SUDBURY CLIMATE","6068145","2021-04-02 17:00","2021","04","02","17:00","-0.2","","-15.8","","30","","0.0","","6","","19","","","","98.71","","","","-5","","NA"
"-80.80","46.63","SUDBURY CLIMATE","6068145","2021-04-02 18:00","2021","04","02","18:00","0.9","","-16.3","","26","","0.0","","6","","18","","","","98.63","","","","","","NA"
"-80.80","46.63","SUDBURY CLIMATE","6068145","2021-04-02 19:00","2021","04","02","19:00","2.4","","-17.0","","22","","0.0","","2","","8","","","","98.55","","","","","","NA"
"-80.80","46.63","SUDBURY CLIMATE","6068145","2021-04-02 20:00","2021","04","02","20:00","3.4","","-17.5","","20","","0.0","","3","","7","","","","98.46","","","","","","NA"
"-80.80","46.63","SUDBURY CLIMATE","6068145","2021-04-02 21:00","2021","04","02","21:00","4.2","","-18.2","","18","","0.0","","33","","11","","","","98.41","","","","","","NA"
"-80.80","46.63","SUDBURY CLIMATE","6068145","2021-04-02 22:00","2021","04","02","22:00","4.8","","-18.4","","17","","0.0","","32","","9","","","","98.35","","","","","","NA"
"-80.80","46.63","SUDBURY CLIMATE","6068145","2021-04-02 23:00","2021","04","02","23:00","3.8","","-17.4","","20","","0.0","","6","","5","","","","98.33","","","","","","NA"
"-80.80","46.63","SUDBURY CLIMATE","6068145","2021-04-03 00:00","2021","04","03","00:00","1.2","","-16.3","","26","","0.0","","10","","4","","","","98.29","","","","","","NA"
"-80.80","46.63","SUDBURY CLIMATE","6068145","2021-04-03 01:00","2021","04","03","01:00","-0.3","","-12.7","","39","","0.0","","25","","7","","","","98.32","","","","-3","","NA"
"-80.80","46.63","SUDBURY CLIMATE","6068145","2021-04-03 02:00","2021","04","03","02:00","-0.9","","-12.4","","41","","0.0","","24","","9","","","","98.29","","","","-4","","NA"
"-80.80","46.63","SUDBURY CLIMATE","6068145","2021-04-03 03:00","2021","04","03","03:00","-1.5","","-12.5","","43","","0.0","","24","","11","","","","98.27","","","","-5","","NA"
"-80.80","46.63","SUDBURY CLIMATE","6068145","2021-04-03 04:00","2021","04","03","04:00","-3.0","","-11.9","","50","","0.0","","24","","8","","","","98.20","","","","-6","","NA"
"-80.80","46.63","SUDBURY CLIMATE","6068145","2021-04-03 05:00","2021","04","03","05:00","-3.1","","-11.4","","53","","0.0","","24","","13","","","","98.17","","","","-8","","NA"
"-80.80","46.63","SUDBURY CLIMATE","6068145","2021-04-03 06:00","2021","04","03","06:00","-3.5","","-11.3","","55","","0.0","","23","","12","","","","98.17","","","","-8","","NA"
"-80.80","46.63","SUDBURY CLIMATE","6068145","2021-04-03 07:00","2021","04","03","07:00","-3.6","","-11.4","","55","","0.0","","25","","11","","","","98.17","","","","-8","","NA"
"-80.80","46.63","SUDBURY CLIMATE","6068145","2021-04-03 08:00","2021","04","03","08:00","-4.1","","-10.1","","63","","0.0","","25","","8","","","","98.12","","","","-8","","NA"
"-80.80","46.63","SUDBURY CLIMATE","6068145","2021-04-03 09:00","2021","04","03","09:00","-5.2","","-9.1","","74","","0.0","","22","","6","","","","98.07","","","","-8","","NA"
"-80.80","46.63","SUDBURY CLIMATE","6068145","2021-04-03 10:00","2021","04","03","10:00","-4.8","","-8.3","","77","","0.0","","20","","10","","","","98.04","","","","-9","","NA"
"-80.80","46.63","SUDBURY CLIMATE","6068145","2021-04-03 11:00","2021","04","03","11:00","-3.5","","-7.7","","73","","0.0","","19","","14","","","","98.00","","","","-9","","NA"
"-80.80","46.63","SUDBURY CLIMATE","6068145","2021-04-03 12:00","2021","04","03","12:00","-2.9","","-5.6","","82","","0.0","","19","","16","","","","97.98","","","","-8","","NA"
"-80.80","46.63","SUDBURY CLIMATE","6068145","2021-04-03 13:00","2021","04","03","13:00","-1.8","","-4.0","","85","","0.0","","18","","17","","","","97.89","","","","-7","","NA"
"-80.80","46.63","SUDBURY CLIMATE","6068145","2021-04-03 14:00","2021","04","03","14:00","0.9","","-2.7","","76","","0.0","","20","","20","","","","97.85","","","","","","NA"
"-80.80","46.63","SUDBURY CLIMATE","6068145","2021-04-03 15:00","2021","04","03","15:00","2.9","","-3.4","","63","","0.0","","20","","24","","","","97.79","","","","","","NA"
"-80.80","46.63","SUDBURY CLIMATE","6068145","2021-04-03 16:00","2021","04","03","16:00","4.3","","-3.7","","56","","0.0","","21","","27","","","","97.75","","","","","","NA"
"-80.80","46.63","SUDBURY CLIMATE","6068145","2021-04-03 17:00","2021","04","03","17:00","6.4","","-3.1","","51","","0.0","","21","","24","","","","97.70","","","","","","NA"
"-80.80","46.63","SUDBURY CLIMATE","6068145","2021-04-03 18:00","2021","04","03","18:00","8.0","","-3.5","","44","","0.0","","21","","24","","","","97.63","","","","","","NA"
"-80.80","46.63","SUDBURY CLIMATE","6068145","2021-04-03 19:00","2021","04","03","19:00","7.6","","-6.0","","37","","0.0","","21","","27","","","","97.60","","","","","","NA"
"-80.80","46.63","SUDBURY CLIMATE","6068145","2021-04-03 20:00","2021","04","03","20:00","7.5","","-6.6","","36","","0.2","","20","","34","","","","97.57","","","","","","NA"
"-80.80","46.63","SUDBURY CLIMATE","6068145","2021-04-03 21:00","2021","04","03","21:00","5.9","","-6.3","","41","","0.0","","22","","28","","","","97.57","","","","","","NA"
"-80.80","46.63","SUDBURY CLIMATE","6068145","2021-04-03 22:00","2021","04","03","22:00","5.2","","-4.3","","50","","0.0","","21","","26","","","","97.58","","","","","","NA"
"-80.80","46.63","SUDBURY CLIMATE","6068145","2021-04-03 23:00","2021","04","03","23:00","5.3","","-4.2","","50","","0.0","","21","","18","","","","97.60","","","","","","NA"
"-80.80","46.63","SUDBURY CLIMATE","6068145","2021-04-04 00:00","2021","04","04","00:00","3.5","","-4.7","","55","","0.0","","22","","15","","","","97.61","","","","","","NA"
"-80.80","46.63","SUDBURY CLIMATE","6068145","2021-04-04 01:00","2021","04","04","01:00","2.1","","-4.4","","62","","0.0","","19","","13","","","","97.61","","","","","","NA"
"-80.80","46.63","SUDBURY CLIMATE","6068145","2021-04-04 02:00","2021","04","04","02:00","1.3","","-4.0","","68","","0.0","","19","","12","","","","97.63","","","","","","NA"
"-80.80","46.63","SUDBURY CLIMATE","6068145","2021-04-04 03:00","2021","04","04","03:00","0.0","","-3.7","","76","","0.0","","21","","13","","","","97.62","","","","-4","","NA"
"-80.80","46.63","SUDBURY CLIMATE","6068145","2021-04-04 04:00","2021","04","04","04:00","-1.1","","-4.0","","80","","0.0","","22","","13","","","","97.63","","","","-5","","NA"
"-80.80","46.63","SUDBURY CLIMATE","6068145","2021-04-04 05:00","2021","04","04","05:00","-1.1","","-3.9","","81","","0.0","","21","","9","","","","97.67","","","","-4","","NA"
"-80.80","46.63","SUDBURY CLIMATE","6068145","2021-04-04 06:00","2021","04","04","06:00","-1.9","","-4.9","","80","","0.0","","22","","10","","","","97.65","","","","-6","","NA"
"-80.80","46.63","SUDBURY CLIMATE","6068145","2021-04-04 07:00","2021","04","04","07:00","-0.8","","-3.4","","83","","0.0","","22","","6","","","","97.68","","","","-3","","NA"
"-80.80","46.63","SUDBURY CLIMATE","6068145","2021-04-04 08:00","2021","04","04","08:00","-0.8","","-3.8","","80","","0.0","","33","","5","","","","97.71","","","","-2","","NA"
"-80.80","46.63","SUDBURY CLIMATE","6068145","2021-04-04 09:00","2021","04","04","09:00","0.3","","-3.2","","77","","0.0","","32","","7","","","","97.73","","","","","","NA"
"-80.80","46.63","SUDBURY CLIMATE","6068145","2021-04-04 10:00","2021","04","04","10:00","-0.2","","-4.4","","73","","0.0","","36","","9","","","","97.78","","","","-3","","NA"
"-80.80","46.63","SUDBURY CLIMATE","6068145","2021-04-04 11:00","2021","04","04","11:00","-1.0","","-4.6","","77","","0.0","","34","","7","","","","97.87","","","","-4","","NA"
"-80.80","46.63","SUDBURY CLIMATE","6068145","2021-04-04 12:00","2021","04","04","12:00","1.5","","-4.1","","66","","0.0","","36","","9","","","","97.94","","","","","","NA"
"-80.80","46.63","SUDBURY CLIMATE","6068145","2021-04-04 13:00","2021","04","04","13:00","4.2","","-3.4","","58","","0.0","","36","","11","","","","97.97","","","","","","NA"
"-80.80","46.63","SUDBURY CLIMATE","6068145","2021-04-04 14:00","2021","04","04","14:00","6.0","","-2.6","","54","","0.0","","3","","15","","","","98.01","","","","","","NA"
"-80.80","46.63","SUDBURY CLIMATE","6068145","2021-04-04 15:00","2021","04","04","15:00","8.1","","-1.5","","51","","0.0","","3","","15","","","","98.04","","","","","","NA"
"-80.80","46.63","SUDBURY CLIMATE","6068145","2021-04-04 16:00","2021","04","04","16:00","9.2","","-2.6","","43","","0.0","","3","","15","","","","98.04","","","","","","NA"
"-80.80","46.63","SUDBURY CLIMATE","6068145","2021-04-04 17:00","2021","04","04","17:00","10.0","","-3.5","","38","","0.0","","6","","16","","","","98.02","","","","","","NA"
"-80.80","46.63","SUDBURY CLIMATE","6068145","2021-04-04 18:00","2021","04","04","18:00","11.3","","-4.1","","34","","0.0","","5","","17","","","","97.99","","","","","","NA"
"-80.80","46.63","SUDBURY CLIMATE","6068145","2021-04-04 19:00","2021","04","04","19:00","12.0","","-5.4","","29","","0.0","","5","","19","","","","97.97","","","","","","NA"
"-80.80","46.63","SUDBURY CLIMATE","6068145","2021-04-04 20:00","2021","04","04","20:00","13.0","","-5.2","","28","","0.0","","6","","17","","","","97.94","","","","","","NA"
"-80.80","46.63","SUDBURY CLIMATE","6068145","2021-04-04 21:00","2021","04","04","21:00","13.2","","-6.4","","25","","0.0","","6","","14","","","","97.91","","","","","","NA"
"-80.80","46.63","SUDBURY CLIMATE","6068145","2021-04-04 22:00","2021","04","04","22:00","13.2","","-6.9","","24","","0.0","","4","","14","","","","97.91","","","","","","NA"
"-80.80","46.63","SUDBURY CLIMATE","6068145","2021-04-04 23:00","2021","04","04","23:00","12.1","","-7.5","","25","","0.0","","2","","9","","","","97.93","","","","","","NA"
"-80.80","46.63","SUDBURY CLIMATE","6068145","2021-04-05 00:00","2021","04","05","00:00","8.8","","-8.3","","29","","0.0","","4","","5","","","","97.96","","","","","","NA"
"-80.80","46.63","SUDBURY CLIMATE","6068145","2021-04-05 01:00","2021","04","05","01:00","7.6","","-8.0","","32","","0.0","","5","","7","","","","97.99","","","","","","NA"
"-80.80","46.63","SUDBURY CLIMATE","6068145","2021-04-05 02:00","2021","04","05","02:00","6.2","","-8.1","","35","","0.0","","6","","6","","","","98.02","","","","","","NA"
"-80.80","46.63","SUDBURY CLIMATE","6068145","2021-04-05 03:00","2021","04","05","03:00","4.5","","-7.7","","41","","0.0","","4","","8","","","","98.01","","","","","","NA"
"-80.80","46.63","SUDBURY CLIMATE","6068145","2021-04-05 04:00","2021","04","05","04:00","3.6","","-6.7","","47","","0.0","","4","","10","","","","98.03","","","","","","NA"
"-80.80","46.63","SUDBURY CLIMATE","6068145","2021-04-05 05:00","2021","04","05","05:00","1.4","","-7.5","","51","","0.0","","3","","5","","","","98.07","","","","","","NA"
"-80.80","46.63","SUDBURY CLIMATE","6068145","2021-04-05 06:00","2021","04","05","06:00","3.3","","-7.1","","46","","0.0","","5","","7","","","","98.04","","","","","","NA"
"-80.80","46.63","SUDBURY CLIMATE","6068145","2021-04-05 07:00","2021","04","05","07:00","1.8","","-5.4","","58","","0.0","","5","","12","","","","98.03","","","","","","NA"
"-80.80","46.63","SUDBURY CLIMATE","6068145","2021-04-05 08:00","2021","04","05","08:00","1.7","","-5.1","","61","","0.0","","6","","14","","","","97.95","","","","","","NA"
"-80.80","46.63","SUDBURY CLIMATE","6068145","2021-04-05 09:00","2021","04","05","09:00","1.6","","-5.0","","62","","0.0","","7","","10","","","","97.98","","","","","","NA"
"-80.80","46.63","SUDBURY CLIMATE","6068145","2021-04-05 10:00","2021","04","05","10:00","1.2","","-5.3","","62","","0.0","","4","","8","","","","98.00","","","","","","NA"
"-80.80","46.63","SUDBURY CLIMATE","6068145","2021-04-05 11:00","2021","04","05","11:00","-0.4","","-4.8","","72","","0.0","","6","","12","","","","97.98","","","","-4","","NA"
"-80.80","46.63","SUDBURY CLIMATE","6068145","2021-04-05 12:00","2021","04","05","12:00","1.2","","-4.0","","68","","0.0","","7","","11","","","","98.05","","","","","","NA"
"-80.80","46.63","SUDBURY CLIMATE","6068145","2021-04-05 13:00","2021","04","05","13:00","1.9","","-3.5","","67","","0.0","","6","","8","","","","98.09","","","","","","NA"
"-80.80","46.63","SUDBURY CLIMATE","6068145","2021-04-05 14:00","2021","04","05","14:00","5.8","","-2.4","","56","","0.0","","9","","15","","","","98.08","","","","","","NA"
"-80.80","46.63","SUDBURY CLIMATE","6068145","2021-04-05 15:00","2021","04","05","15:00","8.0","","-2.2","","49","","0.0","","11","","15","","","","98.09","","","","","","NA"
"-80.80","46.63","SUDBURY CLIMATE","6068145","2021-04-05 16:00","2021","04","05","16:00","8.9","","-3.6","","41","","0.0","","10","","14","","","","98.04","","","","","","NA"
"-80.80","46.63","SUDBURY CLIMATE","6068145","2021-04-05 17:00","2021","04","05","17:00","10.0","","-2.9","","40","","0.0","","12","","11","","","","97.97","","","","","","NA"
"-80.80","46.63","SUDBURY CLIMATE","6068145","2021-04-05 18:00","2021","04","05","18:00","11.1","","-1.7","","41","","0.0","","7","","7","","","","97.91","","","","","","NA"
"-80.80","46.63","SUDBURY CLIMATE","6068145","2021-04-05 19:00","2021","04","05","19:00","12.1","","-2.1","","37","","0.0","","6","","10","","","","97.82","","","","","","NA"
"-80.80","46.63","SUDBURY CLIMATE","6068145","2021-04-05 20:00","2021","04","05","20:00","12.5","","-2.3","","36","","0.0","","4","","10","","","","97.76","","","","","","NA"
"-80.80","46.63","SUDBURY CLIMATE","6068145","2021-04-05 21:00","2021","04","05","21:00","13.3","","-2.4","","33","","0.0","","4","","10","","","","97.68","","","","","","NA"
"-80.80","46.63","SUDBURY CLIMATE","6068145","2021-04-05 22:00","2021","04","05","22:00","12.7","","-2.8","","34","","0.0","","5","","12","","","","97.67","","","","","","NA"
"-80.80","46.63","SUDBURY CLIMATE","6068145","2021-04-05 23:00","2021","04","05","23:00","11.9","","-3.8","","33","","0.0","","5","","11","","","","97.65","","","","","","NA"
"-80.80","46.63","SUDBURY CLIMATE","6068145","2021-04-06 00:00","2021","04","06","00:00","9.3","","-4.2","","38","","0.0","","6","","8","","","","97.66","","","","","","NA"
"-80.80","46.63","SUDBURY CLIMATE","6068145","2021-04-06 01:00","2021","04","06","01:00","7.9","","-5.4","","39","","0.0","","9","","11","","","","97.72","","","","","","NA"
"-80.80","46.63","SUDBURY CLIMATE","6068145","2021-04-06 02:00","2021","04","06","02:00","7.2","","-5.9","","39","","0.0","","9","","11","","","","97.71","","","","","","NA"
"-80.80","46.63","SUDBURY CLIMATE","6068145","2021-04-06 03:00","2021","04","06","03:00","6.4","","-6.1","","40","","0.0","","8","","12","","","","97.69","","","","","","NA"
"-80.80","46.63","SUDBURY CLIMATE","6068145","2021-04-06 04:00","2021","04","06","04:00","5.3","","-5.8","","45","","0.0","","9","","12","","","","97.67","","","","","","NA"
"-80.80","46.63","SUDBURY CLIMATE","6068145","2021-04-06 05:00","2021","04","06","05:00","4.8","","-6.3","","45","","0.0","","9","","12","","","","97.64","","","","","","NA"
"-80.80","46.63","SUDBURY CLIMATE","6068145","2021-04-06 06:00","2021","04","06","06:00","4.3","","-6.8","","44","","0.0","","10","","12","","","","97.59","","","","","","NA"
"-80.80","46.63","SUDBURY CLIMATE","6068145","2021-04-06 07:00","2021","04","06","07:00","3.4","","-6.6","","48","","0.0","","12","","11","","","","97.59","","","","","","NA"
"-80.80","46.63","SUDBURY CLIMATE","6068145","2021-04-06 08:00","2021","04","06","08:00","3.0","","-6.5","","50","","0.0","","10","","14","","","","97.57","","","","","","NA"
"-80.80","46.63","SUDBURY CLIMATE","6068145","2021-04-06 09:00","2021","04","06","09:00","2.9","","-6.6","","49","","0.0","","12","","15","","","","97.56","","","","","","NA"
"-80.80","46.63","SUDBURY CLIMATE","6068145","2021-04-06 10:00","2021","04","06","10:00","2.1","","-6.6","","53","","0.0","","13","","16","","","","97.57","","","","","","NA"
"-80.80","46.63","SUDBURY CLIMATE","6068145","2021-04-06 11:00","2021","04","06","11:00","2.0","","-6.5","","53","","0.0","","13","","12","","","","97.59","","","","","","NA"
"-80.80","46.63","SUDBURY CLIMATE","6068145","2021-04-06 12:00","2021","04","06","12:00","2.3","","-6.2","","53","","0.0","","12","","12","","","","97.54","","","","","","NA"
"-80.80","46.63","SUDBURY CLIMATE","6068145","2021-04-06 13:00","2021","04","06","13:00","4.6","","-5.9","","46","","0.0","","14","","18","","","","97.50","","","","","","NA"
"-80.80","46.63","SUDBURY CLIMATE","6068145","2021-04-06 14:00","2021","04","06","14:00","6.1","","-5.9","","42","","0.0","","16","","19","","","","97.49","","","","","","NA"
"-80.80","46.63","SUDBURY CLIMATE","6068145","2021-04-06 15:00","2021","04","06","15:00","6.4","","-5.1","","44","","0.0","","18","","13","","","","97.51","","","","","","NA"
"-80.80","46.63","SUDBURY CLIMATE","6068145","2021-04-06 16:00","2021","04","06","16:00","7.1","","-4.3","","44","","0.0","","12","","15","","","","97.35","","","","","","NA"
"-80.80","46.63","SUDBURY CLIMATE","6068145","2021-04-06 17:00","2021","04","06","17:00","8.3","","-3.8","","42","","0.0","","17","","10","","","","97.33","","","","","","NA"
"-80.80","46.63","SUDBURY CLIMATE","6068145","2021-04-06 18:00","2021","04","06","18:00","9.9","","-2.5","","42","","0.0","","18","","20","","","","97.34","","","","","","NA"
"-80.80","46.63","SUDBURY CLIMATE","6068145","2021-04-06 19:00","2021","04","06","19:00","9.9","","-0.3","","49","","0.0","","21","","18","","","","97.34","","","","","","NA"
"-80.80","46.63","SUDBURY CLIMATE","6068145","2021-04-06 20:00","2021","04","06","20:00","9.3","","1.8","","60","","0.0","","20","","11","","","","97.25","","","","","","NA"
"-80.80","46.63","SUDBURY CLIMATE","6068145","2021-04-06 21:00","2021","04","06","21:00","9.8","","2.6","","61","","0.0","","15","","9","","","","97.25","","","","","","NA"
"-80.80","46.63","SUDBURY CLIMATE","6068145","2021-04-06 22:00","2021","04","06","22:00","9.0","","3.7","","69","","0.0","","19","","17","","","","97.32","","","","","","NA"
"-80.80","46.63","SUDBURY CLIMATE","6068145","2021-04-06 23:00","2021","04","06","23:00","8.6","","3.9","","72","","0.0","","17","","14","","","","97.35","","","","","","NA"
"-80.80","46.63","SUDBURY CLIMATE","6068145","2021-04-07 00:00","2021","04","07","00:00","8.2","","4.0","","75","","0.0","","15","","11","","","","97.32","","","","","","NA"
"-80.80","46.63","SUDBURY CLIMATE","6068145","2021-04-07 01:00","2021","04","07","01:00","8.0","","4.1","","77","","0.0","","15","","7","","","","97.36","","","","","","NA"
"-80.80","46.63","SUDBURY CLIMATE","6068145","2021-04-07 02:00","2021","04","07","02:00","8.0","","4.2","","77","","0.0","","14","","7","","","","97.39","","","","","","NA"
"-80.80","46.63","SUDBURY CLIMATE","6068145","2021-04-07 03:00","2021","04","07","03:00","7.9","","4.2","","77","","0.0","","14","","9","","","","97.43","","","","","","NA"
"-80.80","46.63","SUDBURY CLIMATE","6068145","2021-04-07 04:00","2021","04","07","04:00","8.0","","4.4","","78","","0.0","","14","","10","","","","97.43","","","","","","NA"
"-80.80","46.63","SUDBURY CLIMATE","6068145","2021-04-07 05:00","2021","04","07","05:00","7.9","","4.3","","78","","0.0","","12","","6","","","","97.45","","","","","","NA"
"-80.80","46.63","SUDBURY CLIMATE","6068145","2021-04-07 06:00","2021","04","07","06:00","7.3","","3.9","","79","","0.0","","11","","6","","","","97.43","","","","","","NA"
"-80.80","46.63","SUDBURY CLIMATE","6068145","2021-04-07 07:00","2021","04","07","07:00","7.2","","4.0","","80","","0.0","","12","","9","","","","97.42","","","","","","NA"
"-80.80","46.63","SUDBURY CLIMATE","6068145","2021-04-07 08:00","2021","04","07","08:00","5.7","","4.2","","90","","0.0","","7","","3","","","","97.44","","","","","","NA"
"-80.80","46.63","SUDBURY CLIMATE","6068145","2021-04-07 09:00","2021","04","07","09:00","6.2","","3.9","","85","","0.0","","10","","4","","","","97.45","","","","","","NA"
"-80.80","46.63","SUDBURY CLIMATE","6068145","2021-04-07 10:00","2021","04","07","10:00","6.0","","3.9","","86","","0.0","","6","","6","","","","97.52","","","","","","NA"
"-80.80","46.63","SUDBURY CLIMATE","6068145","2021-04-07 11:00","2021","04","07","11:00","4.5","","3.1","","91","","0.0","","8","","11","","","","97.52","","","","","","NA"
"-80.80","46.63","SUDBURY CLIMATE","6068145","2021-04-07 12:00","2021","04","07","12:00","7.4","","4.6","","82","","0.0","","11","","9","","","","97.58","","","","","","NA"
"-80.80","46.63","SUDBURY CLIMATE","6068145","2021-04-07 13:00","2021","04","07","13:00","9.2","","5.0","","75","","0.0","","9","","7","","","","97.60","","","","","","NA"
"-80.80","46.63","SUDBURY CLIMATE","6068145","2021-04-07 14:00","2021","04","07","14:00","11.3","","2.8","","56","","0.0","","14","","11","","","","97.61","","","","","","NA"
"-80.80","46.63","SUDBURY CLIMATE","6068145","2021-04-07 15:00","2021","04","07","15:00","13.4","","1.0","","43","","0.0","","12","","11","","","","97.59","","","","","","NA"
"-80.80","46.63","SUDBURY CLIMATE","6068145","2021-04-07 16:00","2021","04","07","16:00","15.2","","3.0","","44","","0.0","","13","","11","","","","97.58","","","","","","NA"
"-80.80","46.63","SUDBURY CLIMATE","6068145","2021-04-07 17:00","2021","04","07","17:00","16.4","","4.2","","44","","0.0","","15","","17","","","","97.55","","","","","","NA"
"-80.80","46.63","SUDBURY CLIMATE","6068145","2021-04-07 18:00","2021","04","07","18:00","17.0","","5.3","","46","","0.0","","15","","13","","","","97.48","","","","","","NA"
"-80.80","46.63","SUDBURY CLIMATE","6068145","2021-04-07 19:00","2021","04","07","19:00","18.4","","6.1","","44","","0.0","","15","","16","","","","97.40","","","","","","NA"
"-80.80","46.63","SUDBURY CLIMATE","6068145","2021-04-07 20:00","2021","04","07","20:00","19.3","","6.6","","44","","0.0","","19","","12","","","","97.36","","","","","","NA"
"-80.80","46.63","SUDBURY CLIMATE","6068145","2021-04-07 21:00","2021","04","07","21:00","19.4","","6.3","","43","","0.0","","15","","13","","","","97.32","","","","","","NA"
"-80.80","46.63","SUDBURY CLIMATE","6068145","2021-04-07 22:00","2021","04","07","22:00","19.0","","6.3","","43","","0.0","","13","","15","","","","97.34","","","","","","NA"
"-80.80","46.63","SUDBURY CLIMATE","6068145","2021-04-07 23:00","2021","04","07","23:00","18.1","","6.4","","46","","0.0","","14","","15","","","","97.31","","","","","","NA"
"-80.80","46.63","SUDBURY CLIMATE","6068145","2021-04-08 00:00","2021","04","08","00:00","16.4","","6.3","","51","","0.0","","13","","8","","","","97.31","","","","","","NA"
"-80.80","46.63","SUDBURY CLIMATE","6068145","2021-04-08 01:00","2021","04","08","01:00","14.9","","6.1","","56","","0.0","","12","","11","","","","97.32","","","","","","NA"
"-80.80","46.63","SUDBURY CLIMATE","6068145","2021-04-08 02:00","2021","04","08","02:00","13.4","","5.8","","60","","0.0","","17","","5","","","","97.32","","","","","","NA"
"-80.80","46.63","SUDBURY CLIMATE","6068145","2021-04-08 03:00","2021","04","08","03:00","12.3","","6.2","","66","","0.0","","16","","9","","","","97.31","","","","","","NA"
"-80.80","46.63","SUDBURY CLIMATE","6068145","2021-04-08 04:00","2021","04","08","04:00","12.0","","5.7","","65","","0.0","","12","","8","","","","97.29","","","","","","NA"
"-80.80","46.63","SUDBURY CLIMATE","6068145","2021-04-08 05:00","2021","04","08","05:00","10.9","","5.4","","69","","0.0","","17","","10","","","","97.33","","","","","","NA"
"-80.80","46.63","SUDBURY CLIMATE","6068145","2021-04-08 06:00","2021","04","08","06:00","11.1","","4.0","","62","","0.0","","20","","16","","","","97.34","","","","","","NA"
"-80.80","46.63","SUDBURY CLIMATE","6068145","2021-04-08 07:00","2021","04","08","07:00","9.3","","3.0","","64","","0.0","","18","","10","","","","97.34","","","","","","NA"
"-80.80","46.63","SUDBURY CLIMATE","6068145","2021-04-08 08:00","2021","04","08","08:00","9.4","","3.8","","68","","0.0","","13","","7","","","","97.34","","","","","","NA"
"-80.80","46.63","SUDBURY CLIMATE","6068145","2021-04-08 09:00","2021","04","08","09:00","9.7","","3.4","","65","","0.0","","13","","16","","","","97.33","","","","","","NA"
"-80.80","46.63","SUDBURY CLIMATE","6068145","2021-04-08 10:00","2021","04","08","10:00","9.3","","2.4","","62","","0.0","","13","","17","","","","97.32","","","","","","NA"
"-80.80","46.63","SUDBURY CLIMATE","6068145","2021-04-08 11:00","2021","04","08","11:00","7.4","","1.9","","68","","0.0","","11","","9","","","","97.34","","","","","","NA"
"-80.80","46.63","SUDBURY CLIMATE","6068145","2021-04-08 12:00","2021","04","08","12:00","9.6","","2.3","","60","","0.0","","12","","14","","","","97.37","","","","","","NA"
"-80.80","46.63","SUDBURY CLIMATE","6068145","2021-04-08 13:00","2021","04","08","13:00","11.8","","3.9","","58","","0.0","","13","","17","","","","97.37","","","","","","NA"
"-80.80","46.63","SUDBURY CLIMATE","6068145","2021-04-08 14:00","2021","04","08","14:00","13.9","","4.4","","53","","0.0","","12","","15","","","","97.35","","","","","","NA"
"-80.80","46.63","SUDBURY CLIMATE","6068145","2021-04-08 15:00","2021","04","08","15:00","16.0","","4.7","","47","","0.0","","14","","13","","","","97.34","","","","","","NA"
"-80.80","46.63","SUDBURY CLIMATE","6068145","2021-04-08 16:00","2021","04","08","16:00","17.7","","4.8","","42","","0.0","","15","","10","","","","97.27","","","","","","NA"
"-80.80","46.63","SUDBURY CLIMATE","6068145","2021-04-08 17:00","2021","04","08","17:00","19.7","","5.8","","40","","0.0","","16","","10","","","","97.20","","","","","","NA"
"-80.80","46.63","SUDBURY CLIMATE","6068145","2021-04-08 18:00","2021","04","08","18:00","21.4","","5.8","","36","","0.0","","12","","17","","","","97.11","","","","","","NA"
"-80.80","46.63","SUDBURY CLIMATE","6068145","2021-04-08 19:00","2021","04","08","19:00","22.0","","5.3","","34","","0.0","","15","","19","","","","97.06","","","","","","NA"
"-80.80","46.63","SUDBURY CLIMATE","6068145","2021-04-08 20:00","2021","04","08","20:00","23.3","","5.2","","31","","0.0","","12","","21","","","","96.99","","","","","","NA"
"-80.80","46.63","SUDBURY CLIMATE","6068145","2021-04-08 21:00","2021","04","08","21:00","23.7","","5.5","","31","","0.0","","14","","21","","","","96.96","","","","","","NA"
"-80.80","46.63","SUDBURY CLIMATE","6068145","2021-04-08 22:00","2021","04","08","22:00","23.2","","5.4","","32","","0.0","","14","","21","","","","96.92","","","","","","NA"
"-80.80","46.63","SUDBURY CLIMATE","6068145","2021-04-08 23:00","2021","04","08","23:00","22.5","","4.4","","31","","0.0","","14","","21","","","","96.91","","","","","","NA"
"-80.80","46.63","SUDBURY CLIMATE","6068145","2021-04-09 00:00","2021","04","09","00:00","19.7","","4.1","","36","","0.0","","10","","10","","","","96.89","","","","","","NA"
"-80.80","46.63","SUDBURY CLIMATE","6068145","2021-04-09 01:00","2021","04","09","01:00","17.8","","4.0","","40","","0.0","","10","","11","","","","96.93","","","","","","NA"
"-80.80","46.63","SUDBURY CLIMATE","6068145","2021-04-09 02:00","2021","04","09","02:00","17.6","","3.7","","39","","0.0","","13","","16","","","","96.96","","","","","","NA"
"-80.80","46.63","SUDBURY CLIMATE","6068145","2021-04-09 03:00","2021","04","09","03:00","15.6","","3.7","","45","","0.0","","12","","12","","","","96.96","","","","","","NA"
"-80.80","46.63","SUDBURY CLIMATE","6068145","2021-04-09 04:00","2021","04","09","04:00","14.4","","3.6","","48","","0.0","","11","","13","","","","96.95","","","","","","NA"
"-80.80","46.63","SUDBURY CLIMATE","6068145","2021-04-09 05:00","2021","04","09","05:00","14.0","","3.6","","49","","0.0","","9","","17","","","","96.90","","","","","","NA"
"-80.80","46.63","SUDBURY CLIMATE","6068145","2021-04-09 06:00","2021","04","09","06:00","13.2","","4.2","","54","","0.0","","10","","13","","","","96.93","","","","","","NA"
"-80.80","46.63","SUDBURY CLIMATE","6068145","2021-04-09 07:00","2021","04","09","07:00","12.2","","4.8","","61","","0.0","","10","","15","","","","96.86","","","","","","NA"
"-80.80","46.63","SUDBURY CLIMATE","6068145","2021-04-09 08:00","2021","04","09","08:00","11.9","","5.0","","63","","0.0","","11","","16","","","","96.83","","","","","","NA"
"-80.80","46.63","SUDBURY CLIMATE","6068145","2021-04-09 09:00","2021","04","09","09:00","11.2","","5.1","","66","","0.0","","11","","17","","","","96.81","","","","","","NA"
"-80.80","46.63","SUDBURY CLIMATE","6068145","2021-04-09 10:00","2021","04","09","10:00","10.8","","5.2","","68","","0.0","","11","","17","","","","96.82","","","","","","NA"
"-80.80","46.63","SUDBURY CLIMATE","6068145","2021-04-09 11:00","2021","04","09","11:00","10.7","","5.4","","69","","0.0","","12","","19","","","","96.86","","","","","","NA"
"-80.80","46.63","SUDBURY CLIMATE","6068145","2021-04-09 12:00","2021","04","09","12:00","11.1","","5.7","","70","","0.0","","13","","18","","","","96.90","","","","","","NA"
"-80.80","46.63","SUDBURY CLIMATE","6068145","2021-04-09 13:00","2021","04","09","13:00","13.3","","6.4","","63","","0.0","","14","","20","","","","96.91","","","","","","NA"
"-80.80","46.63","SUDBURY CLIMATE","6068145","2021-04-09 14:00","2021","04","09","14:00","13.4","","6.9","","65","","0.0","","14","","16","","","","96.93","","","","","","NA"
"-80.80","46.63","SUDBURY CLIMATE","6068145","2021-04-09 15:00","2021","04","09","15:00","13.1","","8.8","","75","","0.0","","16","","17","","","","96.95","","","","","","NA"
"-80.80","46.63","SUDBURY CLIMATE","6068145","2021-04-09 16:00","2021","04","09","16:00","12.0","","10.0","","88","","0.7","","14","","15","","","","96.97","","","","","","NA"
"-80.80","46.63","SUDBURY CLIMATE","6068145","2021-04-09 17:00","2021","04","09","17:00","12.2","","10.2","","88","","0.0","","15","","12","","","","96.96","","","","","","NA"
"-80.80","46.63","SUDBURY CLIMATE","6068145","2021-04-09 18:00","2021","04","09","18:00","12.9","","11.4","","91","","1.2","","15","","16","","","","96.98","","","","","","NA"
"-80.80","46.63","SUDBURY CLIMATE","6068145","2021-04-09 19:00","2021","04","09","19:00","15.0","","12.1","","83","","0.0","","17","","16","","","","96.97","","","","","","NA"
"-80.80","46.63","SUDBURY CLIMATE","6068145","2021-04-09 20:00","2021","04","09","20:00","16.1","","11.9","","76","","0.0","","17","","14","","","","96.93","","","","","","NA"
"-80.80","46.63","SUDBURY CLIMATE","6068145","2021-04-09 21:00","2021","04","09","21:00","15.1","","11.1","","77","","0.0","","17","","19","","","","96.92","","","","","","NA"
"-80.80","46.63","SUDBURY CLIMATE","6068145","2021-04-09 22:00","2021","04","09","22:00","15.2","","11.4","","78","","0.0","","15","","24","","","","96.93","","","","","","NA"
"-80.80","46.63","SUDBURY CLIMATE","6068145","2021-04-09 23:00","2021","04","09","23:00","14.6","","12.0","","85","","0.0","","16","","20","","","","96.92","","","","","","NA"
"-80.80","46.63","SUDBURY CLIMATE","6068145","2021-04-10 00:00","2021","04","10","00:00","13.0","","11.8","","93","","0.0","","12","","12","","","","96.91","","","","","","NA"
"-80.80","46.63","SUDBURY CLIMATE","6068145","2021-04-10 01:00","2021","04","10","01:00","12.2","","11.4","","95","","0.0","","13","","12","","","","96.93","","","","","","NA"
"-80.80","46.63","SUDBURY CLIMATE","6068145","2021-04-10 02:00","2021","04","10","02:00","12.2","","11.3","","94","","0.0","","11","","15","","","","96.92","","","","","","NA"
"-80.80","46.63","SUDBURY CLIMATE","6068145","2021-04-10 03:00","2021","04","10","03:00","11.9","","10.7","","93","","0.0","","12","","17","","","","96.83","","","","","","NA"
"-80.80","46.63","SUDBURY CLIMATE","6068145","2021-04-10 04:00","2021","04","10","04:00","12.0","","10.4","","90","","0.0","","13","","19","","","","96.78","","","","","","NA"
"-80.80","46.63","SUDBURY CLIMATE","6068145","2021-04-10 05:00","2021","04","10","05:00","11.2","","10.5","","95","","0.4","","15","","15","","","","96.82","","","","","","NA"
"-80.80","46.63","SUDBURY CLIMATE","6068145","2021-04-10 06:00","2021","04","10","06:00","10.8","","10.3","","97","","0.8","","13","","18","","","","96.72","","","","","","NA"
"-80.80","46.63","SUDBURY CLIMATE","6068145","2021-04-10 07:00","2021","04","10","07:00","10.6","","10.2","","97","","0.0","","13","","16","","","","96.65","","","","","","NA"
"-80.80","46.63","SUDBURY CLIMATE","6068145","2021-04-10 08:00","2021","04","10","08:00","10.3","","9.7","","96","","0.0","","14","","16","","","","96.63","","","","","","NA"
"-80.80","46.63","SUDBURY CLIMATE","6068145","2021-04-10 09:00","2021","04","10","09:00","10.6","","10.0","","97","","0.0","","15","","16","","","","96.60","","","","","","NA"
"-80.80","46.63","SUDBURY CLIMATE","6068145","2021-04-10 10:00","2021","04","10","10:00","10.3","","9.8","","97","","0.0","","17","","15","","","","96.64","","","","","","NA"
"-80.80","46.63","SUDBURY CLIMATE","6068145","2021-04-10 11:00","2021","04","10","11:00","10.0","","9.0","","93","","0.0","","18","","18","","","","96.67","","","","","","NA"
"-80.80","46.63","SUDBURY CLIMATE","6068145","2021-04-10 12:00","2021","04","10","12:00","9.7","","8.2","","90","","0.0","","22","","15","","","","96.69","","","","","","NA"
"-80.80","46.63","SUDBURY CLIMATE","6068145","2021-04-10 13:00","2021","04","10","13:00","10.7","","8.5","","86","","0.0","","21","","13","","","","96.70","","","","","","NA"
"-80.80","46.63","SUDBURY CLIMATE","6068145","2021-04-10 14:00","2021","04","10","14:00","11.8","","8.4","","80","","0.0","","22","","9","","","","96.70","","","","","","NA"
"-80.80","46.63","SUDBURY CLIMATE","6068145","2021-04-10 15:00","2021","04","10","15:00","14.3","","9.0","","71","","0.0","","23","","15","","","","96.73","","","","","","NA"
"-80.80","46.63","SUDBURY CLIMATE","6068145","2021-04-10 16:00","2021","04","10","16:00","15.2","","8.2","","63","","0.0","","22","","24","","","","96.75","","","","","","NA"
"-80.80","46.63","SUDBURY CLIMATE","6068145","2021-04-10 17:00","2021","04","10","17:00","16.5","","7.5","","55","","0.0","","22","","17","","","","96.69","","","","","","NA"
"-80.80","46.63","SUDBURY CLIMATE","6068145","2021-04-10 18:00","2021","04","10","18:00","17.9","","8.0","","52","","0.0","","22","","21","","","","96.69","","","","","","NA"
"-80.80","46.63","SUDBURY CLIMATE","6068145","2021-04-10 19:00","2021","04","10","19:00","18.4","","6.7","","46","","0.0","","23","","14","","","","96.63","","","","","","NA"
"-80.80","46.63","SUDBURY CLIMATE","6068145","2021-04-10 20:00","2021","04","10","20:00","18.9","","6.2","","43","","0.0","","20","","14","","","","96.53","","","","","","NA"
"-80.80","46.63","SUDBURY CLIMATE","6068145","2021-04-10 21:00","2021","04","10","21:00","19.3","","5.7","","41","","0.0","","19","","15","","","","96.49","","","","","","NA"
"-80.80","46.63","SUDBURY CLIMATE","6068145","2021-04-10 22:00","2021","04","10","22:00","19.0","","5.6","","41","","0.0","","22","","16","","","","96.42","","","","","","NA"
"-80.80","46.63","SUDBURY CLIMATE","6068145","2021-04-10 23:00","2021","04","10","23:00","17.7","","6.5","","48","","0.0","","20","","13","","","","96.40","","","","","","NA"
"-80.80","46.63","SUDBURY CLIMATE","6068145","2021-04-11 00:00","2021","04","11","00:00","15.8","","6.7","","55","","0.0","","16","","9","","","","96.36","","","","","","NA"
"-80.80","46.63","SUDBURY CLIMATE","6068145","2021-04-11 01:00","2021","04","11","01:00","14.3","","6.4","","59","","0.0","","16","","4","","","","96.35","","","","","","NA"
"-80.80","46.63","SUDBURY CLIMATE","6068145","2021-04-11 02:00","2021","04","11","02:00","13.4","","6.1","","61","","0.0","","14","","1","","","","96.33","","","","","","NA"
"-80.80","46.63","SUDBURY CLIMATE","6068145","2021-04-11 03:00","2021","04","11","03:00","12.1","","6.7","","70","","0.0","","4","","8","","","","96.30","","","","","","NA"
"-80.80","46.63","SUDBURY CLIMATE","6068145","2021-04-11 04:00","2021","04","11","04:00","11.5","","6.1","","69","","0.0","","4","","10","","","","96.25","","","","","","NA"
"-80.80","46.63","SUDBURY CLIMATE","6068145","2021-04-11 05:00","2021","04","11","05:00","11.8","","6.4","","70","","0.0","","4","","16","","","","96.17","","","","","","NA"
"-80.80","46.63","SUDBURY CLIMATE","6068145","2021-04-11 06:00","2021","04","11","06:00","10.9","","6.2","","73","","0.0","","4","","13","","","","96.12","","","","","","NA"
"-80.80","46.63","SUDBURY CLIMATE","6068145","2021-04-11 07:00","2021","04","11","07:00","10.2","","6.4","","78","","0.0","","4","","16","","","","96.05","","","","","","NA"
"-80.80","46.63","SUDBURY CLIMATE","6068145","2021-04-11 08:00","2021","04","11","08:00","10.2","","6.1","","76","","0.0","","4","","18","","","","95.98","","","","","","NA"
"-80.80","46.63","SUDBURY CLIMATE","6068145","2021-04-11 09:00","2021","04","11","09:00","9.4","","5.7","","78","","0.0","","4","","15","","","","95.98","","","","","","NA"
"-80.80","46.63","SUDBURY CLIMATE","6068145","2021-04-11 10:00","2021","04","11","10:00","9.3","","5.7","","78","","0.0","","4","","17","","","","95.94","","","","","","NA"
"-80.80","46.63","SUDBURY CLIMATE","6068145","2021-04-11 11:00","2021","04","11","11:00","9.5","","5.8","","77","","0.0","","4","","15","","","","95.92","","","","","","NA"
"-80.80","46.63","SUDBURY CLIMATE","6068145","2021-04-11 12:00","2021","04","11","12:00","9.9","","6.2","","78","","0.0","","5","","15","","","","95.92","","","","","","NA"
"-80.80","46.63","SUDBURY CLIMATE","6068145","2021-04-11 13:00","2021","04","11","13:00","11.4","","6.5","","72","","0.0","","6","","13","","","","95.91","","","","","","NA"
"-80.80","46.63","SUDBURY CLIMATE","6068145","2021-04-11 14:00","2021","04","11","14:00","14.5","","7.7","","64","","0.0","","5","","14","","","","95.89","","","","","","NA"
"-80.80","46.63","SUDBURY CLIMATE","6068145","2021-04-11 15:00","2021","04","11","15:00","17.7","","8.1","","54","","0.0","","9","","19","","","","95.88","","","","","","NA"
"-80.80","46.63","SUDBURY CLIMATE","6068145","2021-04-11 16:00","2021","04","11","16:00","19.1","","9.0","","52","","0.0","","12","","22","","","","95.90","","","","","","NA"
"-80.80","46.63","SUDBURY CLIMATE","6068145","2021-04-11 17:00","2021","04","11","17:00","19.8","","9.5","","51","","0.0","","12","","22","","","","95.89","","","","","","NA"
"-80.80","46.63","SUDBURY CLIMATE","6068145","2021-04-11 18:00","2021","04","11","18:00","20.1","","10.0","","52","","0.0","","11","","24","","","","95.88","","","","","","NA"
"-80.80","46.63","SUDBURY CLIMATE","6068145","2021-04-11 19:00","2021","04","11","19:00","20.4","","10.2","","52","","0.0","","12","","18","","","","95.86","","","","","","NA"
"-80.80","46.63","SUDBURY CLIMATE","6068145","2021-04-11 20:00","2021","04","11","20:00","20.6","","10.4","","52","","0.0","","12","","24","","","","95.87","","","","","","NA"
"-80.80","46.63","SUDBURY CLIMATE","6068145","2021-04-11 21:00","2021","04","11","21:00","16.4","","10.7","","69","","0.0","","14","","22","","","","95.95","","","","","","NA"
"-80.80","46.63","SUDBURY CLIMATE","6068145","2021-04-11 22:00","2021","04","11","22:00","14.0","","11.8","","87","","1.0","","12","","19","","","","96.04","","","","","","NA"
"-80.80","46.63","SUDBURY CLIMATE","6068145","2021-04-11 23:00","2021","04","11","23:00","14.7","","11.8","","83","","0.0","","17","","11","","","","96.12","","","","","","NA"
"-80.80","46.63","SUDBURY CLIMATE","6068145","2021-04-12 00:00","2021","04","12","00:00","13.6","","12.3","","92","","0.5","","16","","8","","","","96.21","","","","","","NA"
"-80.80","46.63","SUDBURY CLIMATE","6068145","2021-04-12 01:00","2021","04","12","01:00","13.1","","11.5","","90","","0.0","","17","","9","","","","96.27","","","","","","NA"
"-80.80","46.63","SUDBURY CLIMATE","6068145","2021-04-12 02:00","2021","04","12","02:00","12.6","","10.8","","89","","0.0","","13","","14","","","","96.34","","","","","","NA"
"-80.80","46.63","SUDBURY CLIMATE","6068145","2021-04-12 03:00","2021","04","12","03:00","12.2","","10.8","","91","","0.6","","14","","9","","","","96.32","","","","","","NA"
"-80.80","46.63","SUDBURY CLIMATE","6068145","2021-04-12 04:00","2021","04","12","04:00","11.1","","10.6","","97","","0.5","","5","","11","","","","96.29","","","","","","NA"
"-80.80","46.63","SUDBURY CLIMATE","6068145","2021-04-12 05:00","2021","04","12","05:00","10.7","","10.6","","99","","0.0","","3","","10","","","","96.34","","","","","","NA"
"-80.80","46.63","SUDBURY CLIMATE","6068145","2021-04-12 06:00","2021","04","12","06:00","10.8","","10.7","","99","","0.0","","4","","8","","","","96.33","","","","","","NA"
"-80.80","46.63","SUDBURY CLIMATE","6068145","2021-04-12 07:00","2021","04","12","07:00","10.5","","10.4","","99","","0.0","","5","","11","","","","96.36","","","","","","NA"
"-80.80","46.63","SUDBURY CLIMATE","6068145","2021-04-12 08:00","2021","04","12","08:00","11.5","","7.5","","76","","0.0","","10","","17","","","","96.40","","","","","","NA"
"-80.80","46.63","SUDBURY CLIMATE","6068145","2021-04-12 09:00","2021","04","12","09:00","10.9","","7.2","","78","","0.0","","7","","11","","","","96.40","","","","","","NA"
"-80.80","46.63","SUDBURY CLIMATE","6068145","2021-04-12 10:00","2021","04","12","10:00","10.2","","4.0","","65","","0.0","","9","","11","","","","96.43","","","","","","NA"
"-80.80","46.63","SUDBURY CLIMATE","6068145","2021-04-12 11:00","2021","04","12","11:00","9.4","","5.3","","75","","0.0","","6","","12","","","","96.45","","","","","","NA"
"-80.80","46.63","SUDBURY CLIMATE","6068145","2021-04-12 12:00","2021","04","12","12:00","9.9","","4.7","","70","","0.0","","5","","12","","","","96.51","","","","","","NA"
"-80.80","46.63","SUDBURY CLIMATE","6068145","2021-04-12 13:00","2021","04","12","13:00","11.5","","1.9","","52","","0.0","","7","","17","","","","96.53","","","","","","NA"
"-80.80","46.63","SUDBURY CLIMATE","6068145","2021-04-12 14:00","2021","04","12","14:00","12.0","","0.2","","44","","0.0","","9","","21","","","","96.58","","","","","","NA"
"-80.80","46.63","SUDBURY CLIMATE","6068145","2021-04-12 15:00","2021","04","12","15:00","11.1","","0.1","","46","","0.0","","10","","20","","","","96.66","","","","","","NA"
"-80.80","46.63","SUDBURY CLIMATE","6068145","2021-04-12 16:00","2021","04","12","16:00","8.9","","3.2","","67","","0.0","","9","","19","","","","96.72","","","","","","NA"
"-80.80","46.63","SUDBURY CLIMATE","6068145","2021-04-12 17:00","2021","04","12","17:00","8.2","","5.6","","84","","0.0","","7","","15","","","","96.78","","","","","","NA"
"-80.80","46.63","SUDBURY CLIMATE","6068145","2021-04-12 18:00","2021","04","12","18:00","7.4","","5.9","","90","","0.2","","4","","16","","","","96.79","","","","","","NA"
"-80.80","46.63","SUDBURY CLIMATE","6068145","2021-04-12 19:00","2021","04","12","19:00","8.4","","5.6","","83","","0.0","","3","","12","","","","96.79","","","","","","NA"
"-80.80","46.63","SUDBURY CLIMATE","6068145","2021-04-12 20:00","2021","04","12","20:00","12.3","","5.2","","62","","0.0","","4","","10","","","","96.81","","","","","","NA"
"-80.80","46.63","SUDBURY CLIMATE","6068145","2021-04-12 21:00","2021","04","12","21:00","14.0","","6.0","","58","","0.0","","15","","11","","","","96.83","","","","","","NA"
"-80.80","46.63","SUDBURY CLIMATE","6068145","2021-04-12 22:00","2021","04","12","22:00","12.9","","6.6","","65","","0.0","","15","","20","","","","96.89","","","","","","NA"
"-80.80","46.63","SUDBURY CLIMATE","6068145","2021-04-12 23:00","2021","04","12","23:00","12.7","","5.2","","60","","0.0","","16","","17","","","","96.92","","","","","","NA"
"-80.80","46.63","SUDBURY CLIMATE","6068145","2021-04-13 00:00","2021","04","13","00:00","11.6","","5.4","","66","","0.0","","15","","20","","","","97.02","","","","","","NA"
"-80.80","46.63","SUDBURY CLIMATE","6068145","2021-04-13 01:00","2021","04","13","01:00","11.0","","5.7","","70","","0.0","","14","","17","","","","97.14","","","","","","NA"
"-80.80","46.63","SUDBURY CLIMATE","6068145","2021-04-13 02:00","2021","04","13","02:00","10.4","","5.6","","72","","0.0","","15","","13","","","","97.19","","","","","","NA"
"-80.80","46.63","SUDBURY CLIMATE","6068145","2021-04-13 03:00","2021","04","13","03:00","10.0","","5.2","","72","","0.0","","15","","17","","","","97.24","","","","","","NA"
"-80.80","46.63","SUDBURY CLIMATE","6068145","2021-04-13 04:00","2021","04","13","04:00","9.7","","5.1","","73","","0.0","","13","","16","","","","97.25","","","","","","NA"
"-80.80","46.63","SUDBURY CLIMATE","6068145","2021-04-13 05:00","2021","04","13","05:00","9.0","","5.8","","80","","0.0","","11","","14","","","","97.26","","","","","","NA"
"-80.80","46.63","SUDBURY CLIMATE","6068145","2021-04-13 06:00","2021","04","13","06:00","8.2","","6.4","","89","","0.0","","10","","16","","","","97.20","","","","","","NA"
"-80.80","46.63","SUDBURY CLIMATE","6068145","2021-04-13 07:00","2021","04","13","07:00","7.9","","6.3","","90","","0.0","","13","","15","","","","97.22","","","","","","NA"
"-80.80","46.63","SUDBURY CLIMATE","6068145","2021-04-13 08:00","2021","04","13","08:00","7.3","","6.2","","93","","0.0","","15","","13","","","","97.23","","","","","","NA"
"-80.80","46.63","SUDBURY CLIMATE","6068145","2021-04-13 09:00","2021","04","13","09:00","7.7","","6.6","","92","","0.0","","16","","14","","","","97.26","","","","","","NA"
"-80.80","46.63","SUDBURY CLIMATE","6068145","2021-04-13 10:00","2021","04","13","10:00","7.9","","6.4","","90","","0.0","","17","","13","","","","97.30","","","","","","NA"
"-80.80","46.63","SUDBURY CLIMATE","6068145","2021-04-13 11:00","2021","04","13","11:00","7.8","","6.5","","91","","0.0","","13","","11","","","","97.34","","","","","","NA"
"-80.80","46.63","SUDBURY CLIMATE","6068145","2021-04-13 12:00","2021","04","13","12:00","7.8","","6.5","","92","","0.0","","15","","15","","","","97.39","","","","","","NA"
"-80.80","46.63","SUDBURY CLIMATE","6068145","2021-04-13 13:00","2021","04","13","13:00","7.7","","6.5","","93","","0.0","","14","","17","","","","97.40","","","","","","NA"
"-80.80","46.63","SUDBURY CLIMATE","6068145","2021-04-13 14:00","2021","04","13","14:00","7.5","","6.5","","93","","0.0","","16","","16","","","","97.44","","","","","","NA"
"-80.80","46.63","SUDBURY CLIMATE","6068145","2021-04-13 15:00","2021","04","13","15:00","7.5","","7.0","","97","","0.0","","16","","19","","","","97.43","","","","","","NA"
"-80.80","46.63","SUDBURY CLIMATE","6068145","2021-04-13 16:00","2021","04","13","16:00","7.9","","7.5","","97","","0.3","","16","","17","","","","97.45","","","","","","NA"
"-80.80","46.63","SUDBURY CLIMATE","6068145","2021-04-13 17:00","2021","04","13","17:00","8.4","","7.9","","96","","0.7","","16","","17","","","","97.45","","","","","","NA"
"-80.80","46.63","SUDBURY CLIMATE","6068145","2021-04-13 18:00","2021","04","13","18:00","8.5","","8.0","","96","","1.1","","16","","17","","","","97.45","","","","","","NA"
"-80.80","46.63","SUDBURY CLIMATE","6068145","2021-04-13 19:00","2021","04","13","19:00","8.6","","8.2","","97","","1.2","","16","","15","","","","97.43","","","","","","NA"
"-80.80","46.63","SUDBURY CLIMATE","6068145","2021-04-13 20:00","2021","04","13","20:00","8.6","","8.1","","96","","0.2","","19","","23","","","","97.45","","","","","","NA"
"-80.80","46.63","SUDBURY CLIMATE","6068145","2021-04-13 21:00","2021","04","13","21:00","9.2","","6.6","","83","","0.0","","18","","19","","","","97.45","","","","","","NA"
"-80.80","46.63","SUDBURY CLIMATE","6068145","2021-04-13 22:00","2021","04","13","22:00","10.1","","5.0","","70","","0.0","","18","","20","","","","97.46","","","","","","NA"
"-80.80","46.63","SUDBURY CLIMATE","6068145","2021-04-13 23:00","2021","04","13","23:00","9.9","","5.0","","72","","0.0","","19","","20","","","","97.47","","","","","","NA"
"-80.80","46.63","SUDBURY CLIMATE","6068145","2021-04-14 00:00","2021","04","14","00:00","8.4","","3.6","","72","","0.0","","19","","17","","","","97.50","","","","","","NA"
"-80.80","46.63","SUDBURY CLIMATE","6068145","2021-04-14 01:00","2021","04","14","01:00","6.9","","3.3","","78","","0.0","","18","","14","","","","97.54","","","","","","NA"
"-80.80","46.63","SUDBURY CLIMATE","6068145","2021-04-14 02:00","2021","04","14","02:00","5.2","","2.4","","82","","0.0","","20","","13","","","","97.56","","","","","","NA"
"-80.80","46.63","SUDBURY CLIMATE","6068145","2021-04-14 03:00","2021","04","14","03:00","3.2","","1.4","","88","","0.0","","22","","10","","","","97.58","","","","","","NA"
"-80.80","46.63","SUDBURY CLIMATE","6068145","2021-04-14 04:00","2021","04","14","04:00","3.8","","2.2","","89","","0.0","","21","","4","","","","97.59","","","","","","NA"
"-80.80","46.63","SUDBURY CLIMATE","6068145","2021-04-14 05:00","2021","04","14","05:00","4.1","","2.3","","88","","0.0","","20","","5","","","","97.58","","","","","","NA"
"-80.80","46.63","SUDBURY CLIMATE","6068145","2021-04-14 06:00","2021","04","14","06:00","3.9","","2.6","","92","","0.0","","16","","3","","","","97.53","","","","","","NA"
"-80.80","46.63","SUDBURY CLIMATE","6068145","2021-04-14 07:00","2021","04","14","07:00","2.6","","1.5","","93","","0.0","","1","","8","","","","97.52","","","","","","NA"
"-80.80","46.63","SUDBURY CLIMATE","6068145","2021-04-14 08:00","2021","04","14","08:00","2.5","","1.9","","95","","0.0","","3","","3","","","","97.51","","","","","","NA"
"-80.80","46.63","SUDBURY CLIMATE","6068145","2021-04-14 09:00","2021","04","14","09:00","1.7","","1.1","","96","","0.0","","10","","6","","","","97.54","","","","","","NA"
"-80.80","46.63","SUDBURY CLIMATE","6068145","2021-04-14 10:00","2021","04","14","10:00","0.5","","-0.6","","93","","0.0","","10","","4","","","","97.54","","","","","","NA"
"-80.80","46.63","SUDBURY CLIMATE","6068145","2021-04-14 11:00","2021","04","14","11:00","1.4","","0.1","","90","","0.0","","8","","6","","","","97.52","","","","","","NA"
"-80.80","46.63","SUDBURY CLIMATE","6068145","2021-04-14 12:00","2021","04","14","12:00","3.5","","2.0","","90","","0.0","","4","","8","","","","97.51","","","","","","NA"
"-80.80","46.63","SUDBURY CLIMATE","6068145","2021-04-14 13:00","2021","04","14","13:00","5.0","","2.8","","86","","0.0","","5","","11","","","","97.46","","","","","","NA"
"-80.80","46.63","SUDBURY CLIMATE","6068145","2021-04-14 14:00","2021","04","14","14:00","9.1","","3.6","","68","","0.0","","6","","14","","","","97.39","","","","","","NA"
"-80.80","46.63","SUDBURY CLIMATE","6068145","2021-04-14 15:00","2021","04","14","15:00","10.9","","2.0","","54","","0.0","","12","","18","","","","97.36","","","","","","NA"
"-80.80","46.63","SUDBURY CLIMATE","6068145","2021-04-14 16:00","2021","04","14","16:00","11.8","","2.6","","53","","0.0","","14","","22","","","","97.29","","","","","","NA"
"-80.80","46.63","SUDBURY CLIMATE","6068145","2021-04-14 17:00","2021","04","14","17:00","12.5","","3.6","","55","","0.0","","16","","14","","","","97.22","","","","","","NA"
"-80.80","46.63","SUDBURY CLIMATE","6068145","2021-04-14 18:00","2021","04","14","18:00","12.2","","3.1","","54","","0.0","","18","","17","","","","97.16","","","","","","NA"
"-80.80","46.63","SUDBURY CLIMATE","6068145","2021-04-14 19:00","2021","04","14","19:00","12.7","","-0.3","","41","","0.0","","18","","23","","","","97.11","","","","","","NA"
"-80.80","46.63","SUDBURY CLIMATE","6068145","2021-04-14 20:00","2021","04","14","20:00","12.6","","0.9","","45","","0.0","","20","","22","","","","97.06","","","","","","NA"
"-80.80","46.63","SUDBURY CLIMATE","6068145","2021-04-14 21:00","2021","04","14","21:00","11.7","","1.4","","49","","0.0","","21","","23","","","","97.05","","","","","","NA"
"-80.80","46.63","SUDBURY CLIMATE","6068145","2021-04-14 22:00","2021","04","14","22:00","9.5","","1.1","","56","","0.0","","24","","23","","","","97.07","","","","","","NA"
"-80.80","46.63","SUDBURY CLIMATE","6068145","2021-04-14 23:00","2021","04","14","23:00","7.8","","0.0","","58","","0.0","","24","","18","","","","97.07","","","","","","NA"
"-80.80","46.63","SUDBURY CLIMATE","6068145","2021-04-15 00:00","2021","04","15","00:00","6.4","","-0.1","","63","","0.0","","24","","17","","","","97.08","","","","","","NA"
"-80.80","46.63","SUDBURY CLIMATE","6068145","2021-04-15 01:00","2021","04","15","01:00","5.8","","-0.2","","65","","0.0","","23","","11","","","","97.10","","","","","","NA"
"-80.80","46.63","SUDBURY CLIMATE","6068145","2021-04-15 02:00","2021","04","15","02:00","5.4","","-0.5","","66","","0.0","","26","","3","","","","97.09","","","","","","NA"
"-80.80","46.63","SUDBURY CLIMATE","6068145","2021-04-15 03:00","2021","04","15","03:00","4.4","","-0.8","","69","","0.0","","35","","4","","","","97.00","","","","","","NA"
"-80.80","46.63","SUDBURY CLIMATE","6068145","2021-04-15 04:00","2021","04","15","04:00","3.9","","0.6","","79","","0.0","","6","","3","","","","96.96","","","","","","NA"
"-80.80","46.63","SUDBURY CLIMATE","6068145","2021-04-15 05:00","2021","04","15","05:00","3.0","","1.0","","87","","0.0","","3","","3","","","","96.93","","","","","","NA"
"-80.80","46.63","SUDBURY CLIMATE","6068145","2021-04-15 06:00","2021","04","15","06:00","3.0","","1.6","","90","","0.0","","1","","6","","","","96.88","","","","","","NA"
"-80.80","46.63","SUDBURY CLIMATE","6068145","2021-04-15 07:00","2021","04","15","07:00","2.4","","1.2","","91","","0.0","","35","","3","","","","96.80","","","","","","NA"
"-80.80","46.63","SUDBURY CLIMATE","6068145","2021-04-15 08:00","2021","04","15","08:00","2.1","","1.3","","94","","0.0","","29","","3","","","","96.73","","","","","","NA"
"-80.80","46.63","SUDBURY CLIMATE","6068145","2021-04-15 09:00","2021","04","15","09:00","2.7","","2.0","","95","","0.0","","2","","7","","","","96.72","","","","","","NA"
"-80.80","46.63","SUDBURY CLIMATE","6068145","2021-04-15 10:00","2021","04","15","10:00","2.8","","2.3","","97","","0.0","","1","","5","","","","96.69","","","","","","NA"
"-80.80","46.63","SUDBURY CLIMATE","6068145","2021-04-15 11:00","2021","04","15","11:00","2.7","","2.3","","98","","0.0","","32","","3","","","","96.72","","","","","","NA"
"-80.80","46.63","SUDBURY CLIMATE","6068145","2021-04-15 12:00","2021","04","15","12:00","3.3","","2.7","","96","","0.0","","27","","2","","","","96.75","","","","","","NA"
"-80.80","46.63","SUDBURY CLIMATE","6068145","2021-04-15 13:00","2021","04","15","13:00","3.6","","2.9","","96","","0.0","","29","","5","","","","96.71","","","","","","NA"
"-80.80","46.63","SUDBURY CLIMATE","6068145","2021-04-15 14:00","2021","04","15","14:00","3.8","","2.4","","91","","0.0","","31","","5","","","","96.73","","","","","","NA"
"-80.80","46.63","SUDBURY CLIMATE","6068145","2021-04-15 15:00","2021","04","15","15:00","4.1","","3.3","","94","","0.8","","31","","6","","","","96.72","","","","","","NA"
"-80.80","46.63","SUDBURY CLIMATE","6068145","2021-04-15 16:00","2021","04","15","16:00","3.5","","2.5","","93","","1.2","","36","","13","","","","96.71","","","","","","NA"
"-80.80","46.63","SUDBURY CLIMATE","6068145","2021-04-15 17:00","2021","04","15","17:00","2.8","","1.8","","93","","0.6","","1","","16","","","","96.72","","","","","","NA"
"-80.80","46.63","SUDBURY CLIMATE","6068145","2021-04-15 18:00","2021","04","15","18:00","1.9","","1.4","","96","","0.9","","36","","11","","","","96.73","","","","","","NA"
"-80.80","46.63","SUDBURY CLIMATE","6068145","2021-04-15 19:00","2021","04","15","19:00","3.4","","2.3","","92","","0.6","","36","","16","","","","96.70","","","","","","NA"
"-80.80","46.63","SUDBURY CLIMATE","6068145","2021-04-15 20:00","2021","04","15","20:00","3.8","","1.7","","86","","0.0","","36","","17","","","","96.70","","","","","","NA"
"-80.80","46.63","SUDBURY CLIMATE","6068145","2021-04-15 21:00","2021","04","15","21:00","3.9","","1.5","","85","","0.0","","1","","16","","","","96.70","","","","","","NA"
"-80.80","46.63","SUDBURY CLIMATE","6068145","2021-04-15 22:00","2021","04","15","22:00","3.2","","1.9","","92","","0.0","","35","","13","","","","96.74","","","","","","NA"
"-80.80","46.63","SUDBURY CLIMATE","6068145","2021-04-15 23:00","2021","04","15","23:00","2.8","","1.7","","92","","0.0","","1","","13","","","","96.77","","","","","","NA"
"-80.80","46.63","SUDBURY CLIMATE","6068145","2021-04-16 00:00","2021","04","16","00:00","2.5","","1.7","","94","","0.0","","36","","14","","","","96.79","","","","","","NA"
"-80.80","46.63","SUDBURY CLIMATE","6068145","2021-04-16 01:00","2021","04","16","01:00","2.9","","2.0","","93","","0.0","","35","","15","","","","96.79","","","","","","NA"
"-80.80","46.63","SUDBURY CLIMATE","6068145","2021-04-16 02:00","2021","04","16","02:00","3.0","","2.1","","94","","0.0","","36","","16","","","","96.77","","","","","","NA"
"-80.80","46.63","SUDBURY CLIMATE","6068145","2021-04-16 03:00","2021","04","16","03:00","2.6","","1.9","","95","","0.9","","36","","15","","","","96.71","","","","","","NA"
"-80.80","46.63","SUDBURY CLIMATE","6068145","2021-04-16 04:00","2021","04","16","04:00","1.7","","1.0","","95","","0.6","","36","","17","","","","96.68","","","","","","NA"
"-80.80","46.63","SUDBURY CLIMATE","6068145","2021-04-16 05:00","2021","04","16","05:00","1.7","","0.9","","94","","0.3","","36","","18","","","","96.65","","","","","","NA"
"-80.80","46.63","SUDBURY CLIMATE","6068145","2021-04-16 06:00","2021","04","16","06:00","1.0","","0.2","","94","","0.9","","36","","14","","","","96.65","","","","","","NA"
"-80.80","46.63","SUDBURY CLIMATE","6068145","2021-04-16 07:00","2021","04","16","07:00","0.8","","0.0","","94","","0.5","","36","","15","","","","96.63","","","","","","NA"
"-80.80","46.63","SUDBURY CLIMATE","6068145","2021-04-16 08:00","2021","04","16","08:00","0.7","","-0.2","","94","","0.0","","1","","19","","","","96.63","","","","","","NA"
"-80.80","46.63","SUDBURY CLIMATE","6068145","2021-04-16 09:00","2021","04","16","09:00","0.4","","-0.2","","96","","0.2","","36","","18","","","","96.62","","","","","","NA"
"-80.80","46.63","SUDBURY CLIMATE","6068145","2021-04-16 10:00","2021","04","16","10:00","0.3","","-0.2","","97","","0.3","","36","","18","","","","96.65","","","","","","NA"
"-80.80","46.63","SUDBURY CLIMATE","6068145","2021-04-16 11:00","2021","04","16","11:00","0.2","","-0.4","","96","","0.1","","1","","23","","","","96.68","","","","","","NA"
"-80.80","46.63","SUDBURY CLIMATE","6068145","2021-04-16 12:00","2021","04","16","12:00","0.1","","-0.5","","95","","0.1","","1","","22","","","","96.72","","","","","","NA"
"-80.80","46.63","SUDBURY CLIMATE","6068145","2021-04-16 13:00","2021","04","16","13:00","0.1","","-0.7","","95","","0.8","","1","","20","","","","96.75","","","","","","NA"
"-80.80","46.63","SUDBURY CLIMATE","6068145","2021-04-16 14:00","2021","04","16","14:00","0.4","","-0.3","","95","","0.3","","1","","20","","","","96.80","","","","","","NA"
"-80.80","46.63","SUDBURY CLIMATE","6068145","2021-04-16 15:00","2021","04","16","15:00","1.1","","0.4","","95","","0.2","","2","","20","","","","96.82","","","","","","NA"
"-80.80","46.63","SUDBURY CLIMATE","6068145","2021-04-16 16:00","2021","04","16","16:00","1.9","","0.9","","93","","0.0","","2","","22","","","","96.83","","","","","","NA"
"-80.80","46.63","SUDBURY CLIMATE","6068145","2021-04-16 17:00","2021","04","16","17:00","2.4","","1.7","","95","","0.1","","1","","23","","","","96.84","","","","","","NA"
"-80.80","46.63","SUDBURY CLIMATE","6068145","2021-04-16 18:00","2021","04","16","18:00","2.6","","1.6","","93","","0.1","","1","","19","","","","96.86","","","","","","NA"
"-80.80","46.63","SUDBURY CLIMATE","6068145","2021-04-16 19:00","2021","04","16","19:00","3.5","","2.2","","91","","0.0","","1","","16","","","","96.88","","","","","","NA"
"-80.80","46.63","SUDBURY CLIMATE","6068145","2021-04-16 20:00","2021","04","16","20:00","4.5","","2.9","","89","","0.0","","2","","17","","","","96.90","","","","","","NA"
"-80.80","46.63","SUDBURY CLIMATE","6068145","2021-04-16 21:00","2021","04","16","21:00","4.8","","2.6","","86","","0.0","","36","","17","","","","96.91","","","","","","NA"
"-80.80","46.63","SUDBURY CLIMATE","6068145","2021-04-16 22:00","2021","04","16","22:00","4.3","","2.3","","87","","0.0","","36","","13","","","","96.97","","","","","","NA"
"-80.80","46.63","SUDBURY CLIMATE","6068145","2021-04-16 23:00","2021","04","16","23:00","3.8","","2.2","","89","","0.0","","36","","15","","","","97.02","","","","","","NA"
"-80.80","46.63","SUDBURY CLIMATE","6068145","2021-04-17 00:00","2021","04","17","00:00","3.6","","2.0","","89","","0.0","","35","","13","","","","97.06","","","","","","NA"
"-80.80","46.63","SUDBURY CLIMATE","6068145","2021-04-17 01:00","2021","04","17","01:00","3.1","","2.0","","92","","0.0","","1","","9","","","","97.10","","","","","","NA"
"-80.80","46.63","SUDBURY CLIMATE","6068145","2021-04-17 02:00","2021","04","17","02:00","2.4","","1.7","","96","","0.0","","35","","5","","","","97.09","","","","","","NA"
"-80.80","46.63","SUDBURY CLIMATE","6068145","2021-04-17 03:00","2021","04","17","03:00","2.3","","1.8","","96","","0.0","","33","","6","","","","97.07","","","","","","NA"
"-80.80","46.63","SUDBURY CLIMATE","6068145","2021-04-17 04:00","2021","04","17","04:00","1.7","","1.4","","98","","0.0","","30","","7","","","","97.06","","","","","","NA"
"-80.80","46.63","SUDBURY CLIMATE","6068145","2021-04-17 05:00","2021","04","17","05:00","1.5","","1.2","","98","","0.0","","32","","9","","","","97.05","","","","","","NA"
"-80.80","46.63","SUDBURY CLIMATE","6068145","2021-04-17 06:00","2021","04","17","06:00","2.9","","0.9","","87","","0.0","","1","","14","","","","97.04","","","","","","NA"
"-80.80","46.63","SUDBURY CLIMATE","6068145","2021-04-17 07:00","2021","04","17","07:00","1.9","","0.2","","89","","0.0","","36","","15","","","","97.01","","","","","","NA"
"-80.80","46.63","SUDBURY CLIMATE","6068145","2021-04-17 08:00","2021","04","17","08:00","1.3","","-0.1","","91","","0.0","","36","","12","","","","97.01","","","","","","NA"
"-80.80","46.63","SUDBURY CLIMATE","6068145","2021-04-17 09:00","2021","04","17","09:00","0.6","","-0.3","","93","","0.0","","1","","16","","","","96.99","","","","","","NA"
"-80.80","46.63","SUDBURY CLIMATE","6068145","2021-04-17 10:00","2021","04","17","10:00","0.1","","-0.5","","96","","0.0","","1","","12","","","","97.01","","","","","","NA"
"-80.80","46.63","SUDBURY CLIMATE","6068145","2021-04-17 11:00","2021","04","17","11:00","0.2","","-0.5","","95","","0.0","","36","","10","","","","97.02","","","","","","NA"
"-80.80","46.63","SUDBURY CLIMATE","6068145","2021-04-17 12:00","2021","04","17","12:00","0.8","","-0.2","","93","","0.0","","35","","8","","","","97.04","","","","","","NA"
"-80.80","46.63","SUDBURY CLIMATE","6068145","2021-04-17 13:00","2021","04","17","13:00","1.5","","-0.3","","87","","0.0","","35","","13","","","","97.07","","","","","","NA"
"-80.80","46.63","SUDBURY CLIMATE","6068145","2021-04-17 14:00","2021","04","17","14:00","2.8","","0.0","","82","","0.0","","36","","13","","","","97.05","","","","","","NA"
"-80.80","46.63","SUDBURY CLIMATE","6068145","2021-04-17 15:00","2021","04","17","15:00","4.3","","0.3","","75","","0.0","","1","","14","","","","97.02","","","","","","NA"
"-80.80","46.63","SUDBURY CLIMATE","6068145","2021-04-17 16:00","2021","04","17","16:00","5.2","","0.2","","70","","0.0","","1","","14","","","","97.00","","","","","","NA"
"-80.80","46.63","SUDBURY CLIMATE","6068145","2021-04-17 17:00","2021","04","17","17:00","7.6","","1.5","","65","","0.0","","35","","12","","","","96.95","","","","","","NA"
"-80.80","46.63","SUDBURY CLIMATE","6068145","2021-04-17 18:00","2021","04","17","18:00","8.8","","0.9","","58","","0.0","","1","","10","","","","96.90","","","","","","NA"
"-80.80","46.63","SUDBURY CLIMATE","6068145","2021-04-17 19:00","2021","04","17","19:00","10.1","","2.4","","59","","0.0","","4","","14","","","","96.85","","","","","","NA"
"-80.80","46.63","SUDBURY CLIMATE","6068145","2021-04-17 20:00","2021","04","17","20:00","10.5","","1.0","","52","","0.0","","5","","14","","","","96.82","","","","","","NA"
"-80.80","46.63","SUDBURY CLIMATE","6068145","2021-04-17 21:00","2021","04","17","21:00","10.9","","1.1","","51","","0.0","","2","","8","","","","96.80","","","","","","NA"
"-80.80","46.63","SUDBURY CLIMATE","6068145","2021-04-17 22:00","2021","04","17","22:00","11.8","","0.8","","47","","0.0","","3","","11","","","","96.78","","","","","","NA"
"-80.80","46.63","SUDBURY CLIMATE","6068145","2021-04-17 23:00","2021","04","17","23:00","11.4","","0.6","","47","","0.0","","3","","7","","","","96.79","","","","","","NA"
"-80.80","46.63","SUDBURY CLIMATE","6068145","2021-04-18 00:00","2021","04","18","00:00","9.7","","0.7","","53","","0.0","","32","","5","","","","96.77","","","","","","NA"
"-80.80","46.63","SUDBURY CLIMATE","6068145","2021-04-18 01:00","2021","04","18","01:00","7.0","","0.8","","65","","0.0","","29","","5","","","","96.81","","","","","","NA"
"-80.80","46.63","SUDBURY CLIMATE","6068145","2021-04-18 02:00","2021","04","18","02:00","6.4","","0.9","","68","","0.0","","30","","6","","","","96.82","","","","","","NA"
"-80.80","46.63","SUDBURY CLIMATE","6068145","2021-04-18 03:00","2021","04","18","03:00","6.8","","1.1","","67","","0.0","","1","","8","","","","96.80","","","","","","NA"
"-80.80","46.63","SUDBURY CLIMATE","6068145","2021-04-18 04:00","2021","04","18","04:00","4.7","","0.5","","74","","0.0","","34","","6","","","","96.79","","","","","","NA"
"-80.80","46.63","SUDBURY CLIMATE","6068145","2021-04-18 05:00","2021","04","18","05:00","5.6","","1.2","","73","","0.0","","3","","8","","","","96.78","","","","","","NA"
"-80.80","46.63","SUDBURY CLIMATE","6068145","2021-04-18 06:00","2021","04","18","06:00","5.8","","1.1","","72","","0.0","","35","","8","","","","96.78","","","","","","NA"
"-80.80","46.63","SUDBURY CLIMATE","6068145","2021-04-18 07:00","2021","04","18","07:00","5.9","","0.6","","69","","0.0","","1","","12","","","","96.75","","","","","","NA"
"-80.80","46.63","SUDBURY CLIMATE","6068145","2021-04-18 08:00","2021","04","18","08:00","5.3","","0.3","","70","","0.0","","1","","10","","","","96.77","","","","","","NA"
"-80.80","46.63","SUDBURY CLIMATE","6068145","2021-04-18 09:00","2021","04","18","09:00","4.7","","0.0","","72","","0.0","","36","","7","","","","96.78","","","","","","NA"
"-80.80","46.63","SUDBURY CLIMATE","6068145","2021-04-18 10:00","2021","04","18","10:00","4.4","","0.1","","74","","0.0","","36","","8","","","","96.78","","","","","","NA"
"-80.80","46.63","SUDBURY CLIMATE","6068145","2021-04-18 11:00","2021","04","18","11:00","4.6","","0.3","","74","","0.0","","2","","8","","","","96.81","","","","","","NA"
"-80.80","46.63","SUDBURY CLIMATE","6068145","2021-04-18 12:00","2021","04","18","12:00","4.3","","0.7","","78","","0.0","","2","","12","","","","96.84","","","","","","NA"
"-80.80","46.63","SUDBURY CLIMATE","6068145","2021-04-18 13:00","2021","04","18","13:00","5.2","","0.5","","72","","0.0","","4","","15","","","","96.86","","","","","","NA"
"-80.80","46.63","SUDBURY CLIMATE","6068145","2021-04-18 14:00","2021","04","18","14:00","5.8","","1.0","","71","","0.0","","5","","8","","","","96.88","","","","","","NA"
"-80.80","46.63","SUDBURY CLIMATE","6068145","2021-04-18 15:00","2021","04","18","15:00","7.1","","1.3","","66","","0.0","","5","","9","","","","96.85","","","","","","NA"
"-80.80","46.63","SUDBURY CLIMATE","6068145","2021-04-18 16:00","2021","04","18","16:00","8.4","","2.0","","64","","0.0","","4","","7","","","","96.83","","","","","","NA"
"-80.80","46.63","SUDBURY CLIMATE","6068145","2021-04-18 17:00","2021","04","18","17:00","10.0","","0.5","","52","","0.0","","6","","5","","","","96.78","","","","","","NA"
"-80.80","46.63","SUDBURY CLIMATE","6068145","2021-04-18 18:00","2021","04","18","18:00","11.4","","1.6","","51","","0.0","","6","","8","","","","96.73","","","","","","NA"
"-80.80","46.63","SUDBURY CLIMATE","6068145","2021-04-18 19:00","2021","04","18","19:00","10.6","","0.3","","49","","0.0","","4","","13","","","","96.72","","","","","","NA"
"-80.80","46.63","SUDBURY CLIMATE","6068145","2021-04-18 20:00","2021","04","18","20:00","10.2","","1.7","","55","","0.0","","15","","6","","","","96.71","","","","","","NA"
"-80.80","46.63","SUDBURY CLIMATE","6068145","2021-04-18 21:00","2021","04","18","21:00","10.9","","2.9","","58","","0.0","","14","","10","","","","96.70","","","","","","NA"
"-80.80","46.63","SUDBURY CLIMATE","6068145","2021-04-18 22:00","2021","04","18","22:00","7.5","","4.5","","81","","0.5","","25","","10","","","","96.75","","","","","","NA"
"-80.80","46.63","SUDBURY CLIMATE","6068145","2021-04-18 23:00","2021","04","18","23:00","8.3","","5.0","","79","","0.4","","23","","4","","","","96.74","","","","","","NA"
"-80.80","46.63","SUDBURY CLIMATE","6068145","2021-04-19 00:00","2021","04","19","00:00","7.6","","5.5","","87","","0.0","","34","","4","","","","96.74","","","","","","NA"
"-80.80","46.63","SUDBURY CLIMATE","6068145","2021-04-19 01:00","2021","04","19","01:00","7.0","","5.2","","88","","0.0","","27","","3","","","","96.76","","","","","","NA"
"-80.80","46.63","SUDBURY CLIMATE","6068145","2021-04-19 02:00","2021","04","19","02:00","6.7","","4.5","","86","","0.0","","26","","4","","","","96.75","","","","","","NA"
"-80.80","46.63","SUDBURY CLIMATE","6068145","2021-04-19 03:00","2021","04","19","03:00","6.5","","5.2","","91","","0.0","","16","","2","","","","96.72","","","","","","NA"
"-80.80","46.63","SUDBURY CLIMATE","6068145","2021-04-19 04:00","2021","04","19","04:00","5.3","","4.1","","92","","0.0","","28","","2","","","","96.70","","","","","","NA"
"-80.80","46.63","SUDBURY CLIMATE","6068145","2021-04-19 05:00","2021","04","19","05:00","4.7","","4.0","","95","","0.0","","21","","9","","","","96.67","","","","","","NA"
"-80.80","46.63","SUDBURY CLIMATE","6068145","2021-04-19 06:00","2021","04","19","06:00","4.7","","3.7","","93","","0.0","","20","","10","","","","96.65","","","","","","NA"
"-80.80","46.63","SUDBURY CLIMATE","6068145","2021-04-19 07:00","2021","04","19","07:00","3.5","","2.2","","91","","0.0","","23","","4","","","","96.62","","","","","","NA"
"-80.80","46.63","SUDBURY CLIMATE","6068145","2021-04-19 08:00","2021","04","19","08:00","2.1","","0.8","","91","","0.0","","21","","5","","","","96.59","","","","","","NA"
"-80.80","46.63","SUDBURY CLIMATE","6068145","2021-04-19 09:00","2021","04","19","09:00","1.1","","0.5","","96","","0.0","","20","","5","","","","96.58","","","","","","NA"
"-80.80","46.63","SUDBURY CLIMATE","6068145","2021-04-19 10:00","2021","04","19","10:00","1.5","","0.9","","96","","0.0","","19","","4","","","","96.56","","","","","","NA"
"-80.80","46.63","SUDBURY CLIMATE","6068145","2021-04-19 11:00","2021","04","19","11:00","1.1","","0.8","","98","","0.0","","17","","5","","","","96.56","","","","","","NA"
"-80.80","46.63","SUDBURY CLIMATE","6068145","2021-04-19 12:00","2021","04","19","12:00","1.5","","1.3","","99","","0.0","","17","","9","","","","96.54","","","","","","NA"
"-80.80","46.63","SUDBURY CLIMATE","6068145","2021-04-19 13:00","2021","04","19","13:00","2.9","","2.3","","96","","0.0","","15","","9","","","","96.53","","","","","","NA"
"-80.80","46.63","SUDBURY CLIMATE","6068145","2021-04-19 14:00","2021","04","19","14:00","5.9","","3.1","","82","","0.0","","14","","8","","","","96.48","","","","","","NA"
"-80.80","46.63","SUDBURY CLIMATE","6068145","2021-04-19 15:00","2021","04","19","15:00","8.8","","0.9","","58","","0.0","","14","","13","","","","96.43","","","","","","NA"
"-80.80","46.63","SUDBURY CLIMATE","6068145","2021-04-19 16:00","2021","04","19","16:00","10.5","","0.2","","49","","0.0","","16","","16","","","","96.36","","","","","","NA"
"-80.80","46.63","SUDBURY CLIMATE","6068145","2021-04-19 17:00","2021","04","19","17:00","12.0","","-0.2","","43","","0.0","","17","","20","","","","96.25","","","","","","NA"
"-80.80","46.63","SUDBURY CLIMATE","6068145","2021-04-19 18:00","2021","04","19","18:00","12.4","","-1.0","","40","","0.0","","18","","26","","","","96.15","","","","","","NA"
"-80.80","46.63","SUDBURY CLIMATE","6068145","2021-04-19 19:00","2021","04","19","19:00","10.7","","0.4","","49","","0.0","","20","","32","","","","96.12","","","","","","NA"
"-80.80","46.63","SUDBURY CLIMATE","6068145","2021-04-19 20:00","2021","04","19","20:00","8.7","","1.3","","60","","0.0","","20","","35","","","","96.10","","","","","","NA"
"-80.80","46.63","SUDBURY CLIMATE","6068145","2021-04-19 21:00","2021","04","19","21:00","5.8","","3.9","","88","","0.0","","20","","29","","","","96.16","","","","","","NA"
"-80.80","46.63","SUDBURY CLIMATE","6068145","2021-04-19 22:00","2021","04","19","22:00","5.5","","4.4","","93","","0.0","","22","","22","","","","96.14","","","","","","NA"
"-80.80","46.63","SUDBURY CLIMATE","6068145","2021-04-19 23:00","2021","04","19","23:00","4.6","","2.5","","87","","0.2","","24","","23","","","","96.16","","","","","","NA"
"-80.80","46.63","SUDBURY CLIMATE","6068145","2021-04-20 00:00","2021","04","20","00:00","4.1","","0.7","","78","","0.0","","24","","20","","","","96.17","","","","","","NA"
"-80.80","46.63","SUDBURY CLIMATE","6068145","2021-04-20 01:00","2021","04","20","01:00","3.5","","0.2","","79","","0.0","","24","","23","","","","96.20","","","","","","NA"
"-80.80","46.63","SUDBURY CLIMATE","6068145","2021-04-20 02:00","2021","04","20","02:00","2.4","","-1.6","","75","","0.1","","26","","21","","","","96.26","","","","","","NA"
"-80.80","46.63","SUDBURY CLIMATE","6068145","2021-04-20 03:00","2021","04","20","03:00","1.8","","-3.4","","69","","0.0","","26","","17","","","","96.24","","","","","","NA"
"-80.80","46.63","SUDBURY CLIMATE","6068145","2021-04-20 04:00","2021","04","20","04:00","0.6","","-4.6","","68","","0.0","","26","","21","","","","96.26","","","","","","NA"
"-80.80","46.63","SUDBURY CLIMATE","6068145","2021-04-20 05:00","2021","04","20","05:00","-0.3","","-4.7","","72","","0.0","","25","","22","","","","96.29","","","","-6","","NA"
"-80.80","46.63","SUDBURY CLIMATE","6068145","2021-04-20 06:00","2021","04","20","06:00","-0.9","","-5.2","","73","","0.0","","25","","19","","","","96.28","","","","-6","","NA"
"-80.80","46.63","SUDBURY CLIMATE","6068145","2021-04-20 07:00","2021","04","20","07:00","-1.2","","-5.8","","71","","0.0","","25","","15","","","","96.28","","","","-6","","NA"
"-80.80","46.63","SUDBURY CLIMATE","6068145","2021-04-20 08:00","2021","04","20","08:00","-1.8","","-5.5","","76","","0.0","","24","","19","","","","96.30","","","","-7","","NA"
"-80.80","46.63","SUDBURY CLIMATE","6068145","2021-04-20 09:00","2021","04","20","09:00","-1.9","","-5.4","","77","","0.0","","25","","14","","","","96.33","","","","-7","","NA"
"-80.80","46.63","SUDBURY CLIMATE","6068145","2021-04-20 10:00","2021","04","20","10:00","-1.9","","-4.7","","81","","0.0","","24","","14","","","","96.36","","","","-7","","NA"
"-80.80","46.63","SUDBURY CLIMATE","6068145","2021-04-20 11:00","2021","04","20","11:00","-2.0","","-4.1","","85","","0.0","","24","","13","","","","96.43","","","","-6","","NA"
"-80.80","46.63","SUDBURY CLIMATE","6068145","2021-04-20 12:00","2021","04","20","12:00","-3.2","","-6.6","","78","","0.2","","33","","13","","","","96.56","","","","-8","","NA"
"-80.80","46.63","SUDBURY CLIMATE","6068145","2021-04-20 13:00","2021","04","20","13:00","-3.5","","-8.3","","69","","0.0","","30","","14","","","","96.65","","","","-9","","NA"
"-80.80","46.63","SUDBURY CLIMATE","6068145","2021-04-20 14:00","2021","04","20","14:00","-3.6","","-9.4","","64","","0.0","","31","","14","","","","96.71","","","","-9","","NA"
"-80.80","46.63","SUDBURY CLIMATE","6068145","2021-04-20 15:00","2021","04","20","15:00","-3.2","","-10.4","","57","","0.0","","30","","17","","","","96.81","","","","-9","","NA"
"-80.80","46.63","SUDBURY CLIMATE","6068145","2021-04-20 16:00","2021","04","20","16:00","-3.0","","-10.6","","56","","0.0","","31","","14","","","","96.92","","","","-8","","NA"
"-80.80","46.63","SUDBURY CLIMATE","6068145","2021-04-20 17:00","2021","04","20","17:00","-2.6","","-10.6","","54","","0.0","","32","","16","","","","96.96","","","","-8","","NA"
"-80.80","46.63","SUDBURY CLIMATE","6068145","2021-04-20 18:00","2021","04","20","18:00","-1.4","","-10.0","","52","","0.0","","30","","16","","","","97.01","","","","-6","","NA"
"-80.80","46.63","SUDBURY CLIMATE","6068145","2021-04-20 19:00","2021","04","20","19:00","-0.7","","-11.0","","46","","0.0","","30","","14","","","","97.10","","","","-5","","NA"
"-80.80","46.63","SUDBURY CLIMATE","6068145","2021-04-20 20:00","2021","04","20","20:00","0.0","","-11.1","","43","","0.0","","32","","16","","","","97.10","","","","-5","","NA"
"-80.80","46.63","SUDBURY CLIMATE","6068145","2021-04-20 21:00","2021","04","20","21:00","-1.2","","-11.6","","45","","0.0","","34","","17","","","","97.13","","","","-6","","NA"
"-80.80","46.63","SUDBURY CLIMATE","6068145","2021-04-20 22:00","2021","04","20","22:00","-1.4","","-12.0","","44","","0.0","","31","","16","","","","97.21","","","","-6","","NA"
"-80.80","46.63","SUDBURY CLIMATE","6068145","2021-04-20 23:00","2021","04","20","23:00","-2.1","","-11.2","","50","","0.0","","34","","12","","","","97.26","","","","-6","","NA"
"-80.80","46.63","SUDBURY CLIMATE","6068145","2021-04-21 00:00","2021","04","21","00:00","-3.2","","-12.0","","51","","0.0","","34","","11","","","","97.30","","","","-7","","NA"
"-80.80","46.63","SUDBURY CLIMATE","6068145","2021-04-21 01:00","2021","04","21","01:00","-3.9","","-11.7","","55","","0.0","","36","","16","","","","97.39","","","","-9","","NA"
"-80.80","46.63","SUDBURY CLIMATE","6068145","2021-04-21 02:00","2021","04","21","02:00","-4.3","","-11.6","","56","","0.0","","35","","12","","","","97.45","","","","-9","","NA"
"-80.80","46.63","SUDBURY CLIMATE","6068145","2021-04-21 03:00","2021","04","21","03:00","-4.7","","-12.3","","55","","0.0","","35","","12","","","","97.47","","","","-9","","NA"
"-80.80","46.63","SUDBURY CLIMATE","6068145","2021-04-21 04:00","2021","04","21","04:00","-5.0","","-11.3","","61","","0.0","","36","","13","","","","97.45","","","","-10","","NA"
"-80.80","46.63","SUDBURY CLIMATE","6068145","2021-04-21 05:00","2021","04","21","05:00","-5.5","","-12.2","","59","","0.0","","35","","10","","","","97.42","","","","-10","","NA"
"-80.80","46.63","SUDBURY CLIMATE","6068145","2021-04-21 06:00","2021","04","21","06:00","-7.1","","-13.2","","62","","0.0","","1","","16","","","","97.38","","","","-13","","NA"
"-80.80","46.63","SUDBURY CLIMATE","6068145","2021-04-21 07:00","2021","04","21","07:00","-7.9","","-12.5","","70","","0.0","","35","","14","","","","97.38","","","","-14","","NA"
"-80.80","46.63","SUDBURY CLIMATE","6068145","2021-04-21 08:00","2021","04","21","08:00","-8.8","","-13.5","","68","","0.0","","35","","7","","","","97.40","","","","-13","","NA"
"-80.80","46.63","SUDBURY CLIMATE","6068145","2021-04-21 09:00","2021","04","21","09:00","-9.1","","-13.1","","73","","0.0","","34","","8","","","","97.38","","","","-13","","NA"
"-80.80","46.63","SUDBURY CLIMATE","6068145","2021-04-21 10:00","2021","04","21","10:00","-9.7","","-12.9","","78","","0.0","","33","","7","","","","97.40","","","","-14","","NA"
"-80.80","46.63","SUDBURY CLIMATE","6068145","2021-04-21 11:00","2021","04","21","11:00","-9.6","","-12.9","","77","","0.0","","34","","8","","","","97.44","","","","-14","","NA"
"-80.80","46.63","SUDBURY CLIMATE","6068145","2021-04-21 12:00","2021","04","21","12:00","-8.4","","-12.3","","74","","0.0","","36","","10","","","","97.40","","","","-13","","NA"
"-80.80","46.63","SUDBURY CLIMATE","6068145","2021-04-21 13:00","2021","04","21","13:00","-6.4","","-12.5","","62","","0.0","","36","","13","","","","97.37","","","","-12","","NA"
"-80.80","46.63","SUDBURY CLIMATE","6068145","2021-04-21 14:00","2021","04","21","14:00","-6.1","","-12.4","","61","","0.0","","36","","13","","","","97.34","","","","-11","","NA"
"-80.80","46.63","SUDBURY CLIMATE","6068145","2021-04-21 15:00","2021","04","21","15:00","-5.4","","-11.9","","60","","0.0","","35","","11","","","","97.33","","","","-10","","NA"
"-80.80","46.63","SUDBURY CLIMATE","6068145","2021-04-21 16:00","2021","04","21","16:00","-4.9","","-10.0","","67","","0.0","","36","","11","","","","97.30","","","","-9","","NA"
"-80.80","46.63","SUDBURY CLIMATE","6068145","2021-04-21 17:00","2021","04","21","17:00","-3.8","","-9.6","","64","","0.0","","36","","13","","","","97.25","","","","-9","","NA"
"-80.80","46.63","SUDBURY CLIMATE","6068145","2021-04-21 18:00","2021","04","21","18:00","-2.7","","-10.2","","56","","0.0","","34","","11","","","","97.20","","","","-7","","NA"
"-80.80","46.63","SUDBURY CLIMATE","6068145","2021-04-21 19:00","2021","04","21","19:00","-1.7","","-8.7","","59","","0.0","","36","","14","","","","97.18","","","","-6","","NA"
"-80.80","46.63","SUDBURY CLIMATE","6068145","2021-04-21 20:00","2021","04","21","20:00","-0.8","","-9.4","","52","","0.0","","34","","11","","","","97.12","","","","-5","","NA"
"-80.80","46.63","SUDBURY CLIMATE","6068145","2021-04-21 21:00","2021","04","21","21:00","-0.4","","-10.5","","46","","0.0","","35","","14","","","","97.08","","","","-5","","NA"
"-80.80","46.63","SUDBURY CLIMATE","6068145","2021-04-21 22:00","2021","04","21","22:00","-0.1","","-10.5","","45","","0.0","","35","","14","","","","97.08","","","","-4","","NA"
"-80.80","46.63","SUDBURY CLIMATE","6068145","2021-04-21 23:00","2021","04","21","23:00","-0.5","","-11.4","","43","","0.0","","33","","13","","","","97.07","","","","-5","","NA"
"-80.80","46.63","SUDBURY CLIMATE","6068145","2021-04-22 00:00","2021","04","22","00:00","-0.7","","-11.6","","43","","0.0","","33","","7","","","","97.04","","","","-3","","NA"
"-80.80","46.63","SUDBURY CLIMATE","6068145","2021-04-22 01:00","2021","04","22","01:00","-1.4","","-11.7","","45","","0.0","","36","","9","","","","97.05","","","","-5","","NA"
"-80.80","46.63","SUDBURY CLIMATE","6068145","2021-04-22 02:00","2021","04","22","02:00","-2.1","","-10.8","","51","","0.0","","34","","8","","","","97.08","","","","-5","","NA"
"-80.80","46.63","SUDBURY CLIMATE","6068145","2021-04-22 03:00","2021","04","22","03:00","-2.8","","-10.6","","55","","0.0","","33","","8","","","","97.05","","","","-6","","NA"
"-80.80","46.63","SUDBURY CLIMATE","6068145","2021-04-22 04:00","2021","04","22","04:00","-3.4","","-10.3","","59","","0.0","","34","","6","","","","97.04","","","","-6","","NA"
"-80.80","46.63","SUDBURY CLIMATE","6068145","2021-04-22 05:00","2021","04","22","05:00","-3.8","","-9.9","","62","","0.0","","30","","5","","","","97.03","","","","-6","","NA"
"-80.80","46.63","SUDBURY CLIMATE","6068145","2021-04-22 06:00","2021","04","22","06:00","-4.5","","-9.7","","67","","0.0","","30","","6","","","","96.99","","","","-7","","NA"
"-80.80","46.63","SUDBURY CLIMATE","6068145","2021-04-22 07:00","2021","04","22","07:00","-5.4","","-9.5","","73","","0.0","","28","","5","","","","96.96","","","","-8","","NA"
"-80.80","46.63","SUDBURY CLIMATE","6068145","2021-04-22 08:00","2021","04","22","08:00","-4.5","","-8.9","","72","","0.0","","28","","7","","","","96.91","","","","-8","","NA"
"-80.80","46.63","SUDBURY CLIMATE","6068145","2021-04-22 09:00","2021","04","22","09:00","-4.5","","-8.1","","76","","0.0","","28","","5","","","","96.89","","","","-7","","NA"
"-80.80","46.63","SUDBURY CLIMATE","6068145","2021-04-22 10:00","2021","04","22","10:00","-4.1","","-7.8","","76","","0.0","","28","","7","","","","96.88","","","","-7","","NA"
"-80.80","46.63","SUDBURY CLIMATE","6068145","2021-04-22 11:00","2021","04","22","11:00","-3.6","","-7.3","","76","","0.0","","27","","8","","","","96.89","","","","-7","","NA"
"-80.80","46.63","SUDBURY CLIMATE","6068145","2021-04-22 12:00","2021","04","22","12:00","-2.2","","-7.5","","67","","0.0","","28","","9","","","","96.93","","","","-6","","NA"
"-80.80","46.63","SUDBURY CLIMATE","6068145","2021-04-22 13:00","2021","04","22","13:00","-1.0","","-8.2","","58","","0.0","","30","","12","","","","96.94","","","","-5","","NA"
"-80.80","46.63","SUDBURY CLIMATE","6068145","2021-04-22 14:00","2021","04","22","14:00","0.3","","-8.8","","50","","0.0","","29","","19","","","","96.93","","","","","","NA"
"-80.80","46.63","SUDBURY CLIMATE","6068145","2021-04-22 15:00","2021","04","22","15:00","2.1","","-9.5","","42","","0.0","","32","","17","","","","96.91","","","","","","NA"
"-80.80","46.63","SUDBURY CLIMATE","6068145","2021-04-22 16:00","2021","04","22","16:00","2.0","","-10.6","","39","","0.0","","32","","18","","","","96.91","","","","","","NA"
"-80.80","46.63","SUDBURY CLIMATE","6068145","2021-04-22 17:00","2021","04","22","17:00","3.8","","-9.2","","38","","0.0","","30","","13","","","","96.86","","","","","","NA"
"-80.80","46.63","SUDBURY CLIMATE","6068145","2021-04-22 18:00","2021","04","22","18:00","4.7","","-10.4","","32","","0.0","","31","","16","","","","96.84","","","","","","NA"
"-80.80","46.63","SUDBURY CLIMATE","6068145","2021-04-22 19:00","2021","04","22","19:00","5.0","","-10.0","","33","","0.0","","30","","15","","","","96.83","","","","","","NA"
"-80.80","46.63","SUDBURY CLIMATE","6068145","2021-04-22 20:00","2021","04","22","20:00","5.9","","-8.6","","35","","0.0","","30","","16","","","","96.81","","","","","","NA"
"-80.80","46.63","SUDBURY CLIMATE","6068145","2021-04-22 21:00","2021","04","22","21:00","5.9","","-8.3","","35","","0.0","","30","","14","","","","96.80","","","","","","NA"
"-80.80","46.63","SUDBURY CLIMATE","6068145","2021-04-22 22:00","2021","04","22","22:00","5.9","","-8.7","","34","","0.0","","32","","12","","","","96.81","","","","","","NA"
"-80.80","46.63","SUDBURY CLIMATE","6068145","2021-04-22 23:00","2021","04","22","23:00","6.2","","-8.1","","35","","0.0","","30","","15","","","","96.81","","","","","","NA"
"-80.80","46.63","SUDBURY CLIMATE","6068145","2021-04-23 00:00","2021","04","23","00:00","5.3","","-7.2","","40","","0.0","","29","","7","","","","96.83","","","","","","NA"
"-80.80","46.63","SUDBURY CLIMATE","6068145","2021-04-23 01:00","2021","04","23","01:00","3.0","","-7.8","","45","","0.0","","26","","6","","","","96.88","","","","","","NA"
"-80.80","46.63","SUDBURY CLIMATE","6068145","2021-04-23 02:00","2021","04","23","02:00","1.8","","-6.5","","54","","0.0","","24","","5","","","","96.90","","","","","","NA"
"-80.80","46.63","SUDBURY CLIMATE","6068145","2021-04-23 03:00","2021","04","23","03:00","1.7","","-6.0","","57","","0.0","","25","","6","","","","96.90","","","","","","NA"
"-80.80","46.63","SUDBURY CLIMATE","6068145","2021-04-23 04:00","2021","04","23","04:00","1.1","","-5.8","","60","","0.0","","26","","10","","","","96.91","","","","","","NA"
"-80.80","46.63","SUDBURY CLIMATE","6068145","2021-04-23 05:00","2021","04","23","05:00","0.6","","-5.8","","62","","0.0","","26","","10","","","","96.94","","","","","","NA"
"-80.80","46.63","SUDBURY CLIMATE","6068145","2021-04-23 06:00","2021","04","23","06:00","0.1","","-6.2","","63","","0.0","","27","","11","","","","96.93","","","","","","NA"
"-80.80","46.63","SUDBURY CLIMATE","6068145","2021-04-23 07:00","2021","04","23","07:00","-0.1","","-7.2","","59","","0.0","","26","","11","","","","96.93","","","","-4","","NA"
"-80.80","46.63","SUDBURY CLIMATE","6068145","2021-04-23 08:00","2021","04","23","08:00","-0.5","","-8.0","","57","","0.0","","27","","11","","","","96.94","","","","-4","","NA"
"-80.80","46.63","SUDBURY CLIMATE","6068145","2021-04-23 09:00","2021","04","23","09:00","-0.6","","-8.3","","56","","0.0","","27","","9","","","","96.92","","","","-4","","NA"
"-80.80","46.63","SUDBURY CLIMATE","6068145","2021-04-23 10:00","2021","04","23","10:00","-1.8","","-7.5","","65","","0.0","","24","","11","","","","96.92","","","","-6","","NA"
"-80.80","46.63","SUDBURY CLIMATE","6068145","2021-04-23 11:00","2021","04","23","11:00","-1.3","","-6.9","","65","","0.0","","26","","6","","","","96.92","","","","-4","","NA"
"-80.80","46.63","SUDBURY CLIMATE","6068145","2021-04-23 12:00","2021","04","23","12:00","0.7","","-5.4","","64","","0.0","","24","","8","","","","96.96","","","","","","NA"
"-80.80","46.63","SUDBURY CLIMATE","6068145","2021-04-23 13:00","2021","04","23","13:00","3.7","","-5.0","","53","","0.0","","28","","10","","","","96.95","","","","","","NA"
"-80.80","46.63","SUDBURY CLIMATE","6068145","2021-04-23 14:00","2021","04","23","14:00","6.1","","-3.5","","50","","0.0","","23","","11","","","","96.92","","","","","","NA"
"-80.80","46.63","SUDBURY CLIMATE","6068145","2021-04-23 15:00","2021","04","23","15:00","9.1","","-2.2","","45","","0.0","","23","","12","","","","96.89","","","","","","NA"
"-80.80","46.63","SUDBURY CLIMATE","6068145","2021-04-23 16:00","2021","04","23","16:00","10.9","","-2.0","","40","","0.0","","22","","19","","","","96.87","","","","","","NA"
"-80.80","46.63","SUDBURY CLIMATE","6068145","2021-04-23 17:00","2021","04","23","17:00","13.8","","-0.9","","36","","0.0","","23","","18","","","","96.81","","","","","","NA"
"-80.80","46.63","SUDBURY CLIMATE","6068145","2021-04-23 18:00","2021","04","23","18:00","14.6","","-2.1","","32","","0.0","","25","","16","","","","96.75","","","","","","NA"
"-80.80","46.63","SUDBURY CLIMATE","6068145","2021-04-23 19:00","2021","04","23","19:00","16.5","","-1.4","","29","","0.0","","24","","19","","","","96.70","","","","","","NA"
"-80.80","46.63","SUDBURY CLIMATE","6068145","2021-04-23 20:00","2021","04","23","20:00","17.0","","-1.2","","29","","0.0","","23","","30","","","","96.67","","","","","","NA"
"-80.80","46.63","SUDBURY CLIMATE","6068145","2021-04-23 21:00","2021","04","23","21:00","16.7","","-0.9","","30","","0.0","","22","","33","","","","96.64","","","","","","NA"
"-80.80","46.63","SUDBURY CLIMATE","6068145","2021-04-23 22:00","2021","04","23","22:00","15.9","","-1.9","","29","","0.0","","24","","34","","","","96.65","","","","","","NA"
"-80.80","46.63","SUDBURY CLIMATE","6068145","2021-04-23 23:00","2021","04","23","23:00","14.8","","-1.2","","33","","0.0","","24","","24","","","","96.68","","","","","","NA"
"-80.80","46.63","SUDBURY CLIMATE","6068145","2021-04-24 00:00","2021","04","24","00:00","13.4","","-0.5","","38","","0.0","","24","","24","","","","96.69","","","","","","NA"
"-80.80","46.63","SUDBURY CLIMATE","6068145","2021-04-24 01:00","2021","04","24","01:00","11.8","","-1.5","","39","","0.0","","24","","19","","","","96.75","","","","","","NA"
"-80.80","46.63","SUDBURY CLIMATE","6068145","2021-04-24 02:00","2021","04","24","02:00","11.2","","-2.3","","39","","0.0","","25","","15","","","","96.80","","","","","","NA"
"-80.80","46.63","SUDBURY CLIMATE","6068145","2021-04-24 03:00","2021","04","24","03:00","10.9","","-3.2","","37","","0.0","","27","","13","","","","96.83","","","","","","NA"
"-80.80","46.63","SUDBURY CLIMATE","6068145","2021-04-24 04:00","2021","04","24","04:00","9.0","","-3.1","","43","","0.0","","28","","10","","","","96.85","","","","","","NA"
"-80.80","46.63","SUDBURY CLIMATE","6068145","2021-04-24 05:00","2021","04","24","05:00","8.8","","-2.8","","44","","0.0","","27","","9","","","","96.88","","","","","","NA"
"-80.80","46.63","SUDBURY CLIMATE","6068145","2021-04-24 06:00","2021","04","24","06:00","8.3","","-2.7","","46","","0.0","","27","","10","","","","96.87","","","","","","NA"
"-80.80","46.63","SUDBURY CLIMATE","6068145","2021-04-24 07:00","2021","04","24","07:00","8.3","","-2.3","","47","","0.0","","25","","9","","","","96.87","","","","","","NA"
"-80.80","46.63","SUDBURY CLIMATE","6068145","2021-04-24 08:00","2021","04","24","08:00","7.2","","-1.9","","52","","0.0","","25","","11","","","","96.94","","","","","","NA"
"-80.80","46.63","SUDBURY CLIMATE","6068145","2021-04-24 09:00","2021","04","24","09:00","6.5","","-1.8","","56","","0.0","","27","","8","","","","96.99","","","","","","NA"
"-80.80","46.63","SUDBURY CLIMATE","6068145","2021-04-24 10:00","2021","04","24","10:00","5.3","","-2.0","","59","","0.0","","26","","7","","","","97.01","","","","","","NA"
"-80.80","46.63","SUDBURY CLIMATE","6068145","2021-04-24 11:00","2021","04","24","11:00","4.9","","-1.8","","62","","0.0","","27","","7","","","","97.07","","","","","","NA"
"-80.80","46.63","SUDBURY CLIMATE","6068145","2021-04-24 12:00","2021","04","24","12:00","7.0","","-1.0","","57","","0.0","","29","","9","","","","97.06","","","","","","NA"
"-80.80","46.63","SUDBURY CLIMATE","6068145","2021-04-24 13:00","2021","04","24","13:00","9.2","","0.0","","53","","0.0","","32","","7","","","","97.07","","","","","","NA"
"-80.80","46.63","SUDBURY CLIMATE","6068145","2021-04-24 14:00","2021","04","24","14:00","11.3","","0.3","","47","","0.0","","30","","4","","","","97.04","","","","","","NA"
"-80.80","46.63","SUDBURY CLIMATE","6068145","2021-04-24 15:00","2021","04","24","15:00","13.4","","0.4","","41","","0.0","","27","","7","","","","97.03","","","","","","NA"
"-80.80","46.63","SUDBURY CLIMATE","6068145","2021-04-24 16:00","2021","04","24","16:00","15.0","","0.9","","38","","0.0","","23","","17","","","","96.99","","","","","","NA"
"-80.80","46.63","SUDBURY CLIMATE","6068145","2021-04-24 17:00","2021","04","24","17:00","14.6","","-0.5","","36","","0.0","","25","","15","","","","96.93","","","","","","NA"
"-80.80","46.63","SUDBURY CLIMATE","6068145","2021-04-24 18:00","2021","04","24","18:00","14.1","","-0.7","","36","","0.0","","22","","22","","","","96.89","","","","","","NA"
"-80.80","46.63","SUDBURY CLIMATE","6068145","2021-04-24 19:00","2021","04","24","19:00","14.4","","-0.5","","36","","0.0","","22","","22","","","","96.86","","","","","","NA"
"-80.80","46.63","SUDBURY CLIMATE","6068145","2021-04-24 20:00","2021","04","24","20:00","14.2","","-0.9","","35","","0.0","","22","","22","","","","96.78","","","","","","NA"
"-80.80","46.63","SUDBURY CLIMATE","6068145","2021-04-24 21:00","2021","04","24","21:00","14.2","","-0.4","","37","","0.0","","22","","22","","","","96.72","","","","","","NA"
"-80.80","46.63","SUDBURY CLIMATE","6068145","2021-04-24 22:00","2021","04","24","22:00","14.1","","-0.8","","36","","0.0","","22","","21","","","","96.70","","","","","","NA"
"-80.80","46.63","SUDBURY CLIMATE","6068145","2021-04-24 23:00","2021","04","24","23:00","13.5","","-1.4","","36","","0.0","","21","","21","","","","96.67","","","","","","NA"
"-80.80","46.63","SUDBURY CLIMATE","6068145","2021-04-25 00:00","2021","04","25","00:00","11.5","","-0.7","","43","","0.0","","21","","17","","","","96.64","","","","","","NA"
"-80.80","46.63","SUDBURY CLIMATE","6068145","2021-04-25 01:00","2021","04","25","01:00","10.4","","-0.5","","47","","0.0","","21","","16","","","","96.63","","","","","","NA"
"-80.80","46.63","SUDBURY CLIMATE","6068145","2021-04-25 02:00","2021","04","25","02:00","9.0","","-0.8","","50","","0.0","","20","","16","","","","96.63","","","","","","NA"
"-80.80","46.63","SUDBURY CLIMATE","6068145","2021-04-25 03:00","2021","04","25","03:00","7.3","","-0.5","","58","","0.0","","20","","12","","","","96.57","","","","","","NA"
"-80.80","46.63","SUDBURY CLIMATE","6068145","2021-04-25 04:00","2021","04","25","04:00","7.6","","-0.7","","56","","0.0","","16","","12","","","","96.50","","","","","","NA"
"-80.80","46.63","SUDBURY CLIMATE","6068145","2021-04-25 05:00","2021","04","25","05:00","7.3","","-0.2","","59","","0.0","","20","","19","","","","96.46","","","","","","NA"
"-80.80","46.63","SUDBURY CLIMATE","6068145","2021-04-25 06:00","2021","04","25","06:00","6.0","","4.0","","87","","0.1","","21","","12","","","","96.38","","","","","","NA"
"-80.80","46.63","SUDBURY CLIMATE","6068145","2021-04-25 07:00","2021","04","25","07:00","5.8","","5.4","","97","","0.4","","21","","15","","","","96.29","","","","","","NA"
"-80.80","46.63","SUDBURY CLIMATE","6068145","2021-04-25 08:00","2021","04","25","08:00","5.8","","5.5","","98","","0.1","","21","","13","","","","96.25","","","","","","NA"
"-80.80","46.63","SUDBURY CLIMATE","6068145","2021-04-25 09:00","2021","04","25","09:00","5.8","","5.5","","98","","1.1","","23","","14","","","","96.22","","","","","","NA"
"-80.80","46.63","SUDBURY CLIMATE","6068145","2021-04-25 10:00","2021","04","25","10:00","5.5","","5.0","","97","","0.4","","24","","13","","","","96.22","","","","","","NA"
"-80.80","46.63","SUDBURY CLIMATE","6068145","2021-04-25 11:00","2021","04","25","11:00","1.8","","0.6","","92","","0.1","","33","","17","","","","96.36","","","","","","NA"
"-80.80","46.63","SUDBURY CLIMATE","6068145","2021-04-25 12:00","2021","04","25","12:00","-0.6","","-1.7","","92","","0.0","","33","","18","","","","96.50","","","","-6","","NA"
"-80.80","46.63","SUDBURY CLIMATE","6068145","2021-04-25 13:00","2021","04","25","13:00","-2.1","","-4.9","","81","","0.0","","34","","23","","","","96.62","","","","-8","","NA"
"-80.80","46.63","SUDBURY CLIMATE","6068145","2021-04-25 14:00","2021","04","25","14:00","-2.0","","-5.8","","75","","0.0","","34","","20","","","","96.72","","","","-8","","NA"
"-80.80","46.63","SUDBURY CLIMATE","6068145","2021-04-25 15:00","2021","04","25","15:00","-2.7","","-6.1","","78","","0.0","","35","","22","","","","96.86","","","","-9","","NA"
"-80.80","46.63","SUDBURY CLIMATE","6068145","2021-04-25 16:00","2021","04","25","16:00","-2.6","","-6.7","","73","","0.0","","33","","20","","","","96.98","","","","-9","","NA"
"-80.80","46.63","SUDBURY CLIMATE","6068145","2021-04-25 17:00","2021","04","25","17:00","-2.4","","-6.9","","71","","0.0","","33","","20","","","","97.06","","","","-8","","NA"
"-80.80","46.63","SUDBURY CLIMATE","6068145","2021-04-25 18:00","2021","04","25","18:00","-1.7","","-7.6","","64","","0.0","","33","","17","","","","97.15","","","","-7","","NA"
"-80.80","46.63","SUDBURY CLIMATE","6068145","2021-04-25 19:00","2021","04","25","19:00","-0.7","","-7.1","","62","","0.0","","32","","17","","","","97.22","","","","-6","","NA"
"-80.80","46.63","SUDBURY CLIMATE","6068145","2021-04-25 20:00","2021","04","25","20:00","-0.4","","-7.4","","59","","0.0","","34","","17","","","","97.29","","","","-5","","NA"
"-80.80","46.63","SUDBURY CLIMATE","6068145","2021-04-25 21:00","2021","04","25","21:00","-0.6","","-8.2","","56","","0.0","","33","","17","","","","97.37","","","","-6","","NA"
"-80.80","46.63","SUDBURY CLIMATE","6068145","2021-04-25 22:00","2021","04","25","22:00","-1.0","","-8.4","","57","","0.0","","34","","22","","","","97.47","","","","-7","","NA"
"-80.80","46.63","SUDBURY CLIMATE","6068145","2021-04-25 23:00","2021","04","25","23:00","-1.1","","-8.8","","56","","0.0","","33","","18","","","","97.54","","","","-6","","NA"
"-80.80","46.63","SUDBURY CLIMATE","6068145","2021-04-26 00:00","2021","04","26","00:00","-1.6","","-8.9","","58","","0.0","","34","","20","","","","97.60","","","","-7","","NA"
"-80.80","46.63","SUDBURY CLIMATE","6068145","2021-04-26 01:00","2021","04","26","01:00","-1.8","","-8.9","","58","","0.0","","35","","15","","","","97.69","","","","-7","","NA"
"-80.80","46.63","SUDBURY CLIMATE","6068145","2021-04-26 02:00","2021","04","26","02:00","-2.3","","-9.5","","58","","0.0","","36","","16","","","","97.77","","","","-7","","NA"
"-80.80","46.63","SUDBURY CLIMATE","6068145","2021-04-26 03:00","2021","04","26","03:00","-3.2","","-9.2","","63","","0.0","","1","","10","","","","97.81","","","","-7","","NA"
"-80.80","46.63","SUDBURY CLIMATE","6068145","2021-04-26 04:00","2021","04","26","04:00","-3.5","","-9.3","","64","","0.0","","35","","5","","","","97.85","","","","-6","","NA"
"-80.80","46.63","SUDBURY CLIMATE","6068145","2021-04-26 05:00","2021","04","26","05:00","-4.9","","-9.1","","72","","0.0","","33","","6","","","","97.90","","","","-8","","NA"
"-80.80","46.63","SUDBURY CLIMATE","6068145","2021-04-26 06:00","2021","04","26","06:00","-5.7","","-9.2","","76","","0.0","","34","","5","","","","97.94","","","","-8","","NA"
"-80.80","46.63","SUDBURY CLIMATE","6068145","2021-04-26 07:00","2021","04","26","07:00","-6.0","","-8.5","","82","","0.0","","34","","6","","","","97.93","","","","-9","","NA"
"-80.80","46.63","SUDBURY CLIMATE","6068145","2021-04-26 08:00","2021","04","26","08:00","-7.5","","-9.6","","85","","0.0","","30","","5","","","","97.98","","","","-10","","NA"
"-80.80","46.63","SUDBURY CLIMATE","6068145","2021-04-26 09:00","2021","04","26","09:00","-8.1","","-9.3","","91","","0.0","","29","","5","","","","98.01","","","","-11","","NA"
"-80.80","46.63","SUDBURY CLIMATE","6068145","2021-04-26 10:00","2021","04","26","10:00","-8.1","","-9.2","","92","","0.0","","29","","8","","","","98.05","","","","-12","","NA"
"-80.80","46.63","SUDBURY CLIMATE","6068145","2021-04-26 11:00","2021","04","26","11:00","-7.2","","-8.8","","88","","0.0","","29","","7","","","","98.11","","","","-11","","NA"
"-80.80","46.63","SUDBURY CLIMATE","6068145","2021-04-26 12:00","2021","04","26","12:00","-4.8","","-7.4","","82","","0.0","","27","","7","","","","98.18","","","","-8","","NA"
"-80.80","46.63","SUDBURY CLIMATE","6068145","2021-04-26 13:00","2021","04","26","13:00","-1.7","","-6.7","","69","","0.0","","27","","6","","","","98.22","","","","-4","","NA"
"-80.80","46.63","SUDBURY CLIMATE","6068145","2021-04-26 14:00","2021","04","26","14:00","1.4","","-10.9","","40","","0.0","","3","","7","","","","98.23","","","","","","NA"
"-80.80","46.63","SUDBURY CLIMATE","6068145","2021-04-26 15:00","2021","04","26","15:00","2.3","","-10.1","","39","","0.0","","6","","18","","","","98.20","","","","","","NA"
"-80.80","46.63","SUDBURY CLIMATE","6068145","2021-04-26 16:00","2021","04","26","16:00","3.8","","-9.9","","36","","0.0","","4","","7","","","","98.18","","","","","","NA"
"-80.80","46.63","SUDBURY CLIMATE","6068145","2021-04-26 17:00","2021","04","26","17:00","5.7","","-9.4","","33","","0.0","","5","","8","","","","98.11","","","","","","NA"
"-80.80","46.63","SUDBURY CLIMATE","6068145","2021-04-26 18:00","2021","04","26","18:00","6.7","","-11.0","","27","","0.0","","5","","11","","","","98.04","","","","","","NA"
"-80.80","46.63","SUDBURY CLIMATE","6068145","2021-04-26 19:00","2021","04","26","19:00","7.1","","-11.7","","25","","0.0","","7","","13","","","","97.97","","","","","","NA"
"-80.80","46.63","SUDBURY CLIMATE","6068145","2021-04-26 20:00","2021","04","26","20:00","7.7","","-12.2","","23","","0.0","","10","","12","","","","97.89","","","","","","NA"
"-80.80","46.63","SUDBURY CLIMATE","6068145","2021-04-26 21:00","2021","04","26","21:00","7.2","","-10.9","","26","","0.0","","3","","11","","","","97.85","","","","","","NA"
"-80.80","46.63","SUDBURY CLIMATE","6068145","2021-04-26 22:00","2021","04","26","22:00","7.5","","-9.8","","28","","0.0","","8","","6","","","","97.80","","","","","","NA"
"-80.80","46.63","SUDBURY CLIMATE","6068145","2021-04-26 23:00","2021","04","26","23:00","7.4","","-10.5","","27","","0.0","","15","","11","","","","97.79","","","","","","NA"
"-80.80","46.63","SUDBURY CLIMATE","6068145","2021-04-27 00:00","2021","04","27","00:00","6.7","","-9.5","","30","","0.0","","17","","14","","","","97.76","","","","","","NA"
"-80.80","46.63","SUDBURY CLIMATE","6068145","2021-04-27 01:00","2021","04","27","01:00","5.8","","-9.3","","33","","0.0","","9","","8","","","","97.68","","","","","","NA"
"-80.80","46.63","SUDBURY CLIMATE","6068145","2021-04-27 02:00","2021","04","27","02:00","5.2","","-8.2","","37","","0.0","","9","","8","","","","97.65","","","","","","NA"
"-80.80","46.63","SUDBURY CLIMATE","6068145","2021-04-27 03:00","2021","04","27","03:00","5.0","","-7.4","","40","","0.0","","14","","6","","","","97.80","","","","","","NA"
"-80.80","46.63","SUDBURY CLIMATE","6068145","2021-04-27 04:00","2021","04","27","04:00","4.4","","-5.5","","48","","0.0","","14","","8","","","","97.86","","","","","","NA"
"-80.80","46.63","SUDBURY CLIMATE","6068145","2021-04-27 05:00","2021","04","27","05:00","2.8","","-3.3","","64","","0.0","","11","","13","","","","97.75","","","","","","NA"
"-80.80","46.63","SUDBURY CLIMATE","6068145","2021-04-27 06:00","2021","04","27","06:00","2.4","","-3.1","","67","","0.0","","17","","12","","","","97.67","","","","","","NA"
"-80.80","46.63","SUDBURY CLIMATE","6068145","2021-04-27 07:00","2021","04","27","07:00","2.2","","-2.7","","70","","0.0","","13","","8","","","","97.58","","","","","","NA"
"-80.80","46.63","SUDBURY CLIMATE","6068145","2021-04-27 08:00","2021","04","27","08:00","1.8","","-1.4","","79","","0.0","","11","","10","","","","97.52","","","","","","NA"
"-80.80","46.63","SUDBURY CLIMATE","6068145","2021-04-27 09:00","2021","04","27","09:00","1.3","","-0.5","","87","","0.2","","10","","6","","","","97.49","","","","","","NA"
"-80.80","46.63","SUDBURY CLIMATE","6068145","2021-04-27 10:00","2021","04","27","10:00","1.0","","-0.4","","90","","0.8","","9","","11","","","","97.43","","","","","","NA"
"-80.80","46.63","SUDBURY CLIMATE","6068145","2021-04-27 11:00","2021","04","27","11:00","1.1","","-0.1","","91","","0.3","","11","","11","","","","97.41","","","","","","NA"
"-80.80","46.63","SUDBURY CLIMATE","6068145","2021-04-27 12:00","2021","04","27","12:00","1.8","","0.2","","89","","0.0","","9","","11","","","","97.41","","","","","","NA"
"-80.80","46.63","SUDBURY CLIMATE","6068145","2021-04-27 13:00","2021","04","27","13:00","2.9","","0.8","","86","","0.0","","10","","14","","","","97.40","","","","","","NA"
"-80.80","46.63","SUDBURY CLIMATE","6068145","2021-04-27 14:00","2021","04","27","14:00","4.2","","0.7","","78","","0.0","","10","","16","","","","97.39","","","","","","NA"
"-80.80","46.63","SUDBURY CLIMATE","6068145","2021-04-27 15:00","2021","04","27","15:00","5.6","","1.1","","73","","0.0","","12","","17","","","","97.33","","","","","","NA"
"-80.80","46.63","SUDBURY CLIMATE","6068145","2021-04-27 16:00","2021","04","27","16:00","7.2","","1.1","","65","","0.0","","11","","14","","","","97.27","","","","","","NA"
"-80.80","46.63","SUDBURY CLIMATE","6068145","2021-04-27 17:00","2021","04","27","17:00","9.1","","1.8","","60","","0.0","","10","","14","","","","97.20","","","","","","NA"
"-80.80","46.63","SUDBURY CLIMATE","6068145","2021-04-27 18:00","2021","04","27","18:00","10.2","","1.1","","53","","0.0","","11","","14","","","","97.10","","","","","","NA"
"-80.80","46.63","SUDBURY CLIMATE","6068145","2021-04-27 19:00","2021","04","27","19:00","12.2","","1.9","","49","","0.0","","13","","15","","","","97.08","","","","","","NA"
"-80.80","46.63","SUDBURY CLIMATE","6068145","2021-04-27 20:00","2021","04","27","20:00","12.8","","1.9","","47","","0.0","","14","","9","","","","97.05","","","","","","NA"
"-80.80","46.63","SUDBURY CLIMATE","6068145","2021-04-27 21:00","2021","04","27","21:00","13.1","","2.5","","49","","0.0","","15","","12","","","","97.04","","","","","","NA"
"-80.80","46.63","SUDBURY CLIMATE","6068145","2021-04-27 22:00","2021","04","27","22:00","13.1","","2.2","","48","","0.0","","14","","5","","","","97.02","","","","","","NA"
"-80.80","46.63","SUDBURY CLIMATE","6068145","2021-04-27 23:00","2021","04","27","23:00","11.9","","2.5","","52","","0.0","","3","","7","","","","97.06","","","","","","NA"
"-80.80","46.63","SUDBURY CLIMATE","6068145","2021-04-28 00:00","2021","04","28","00:00","10.5","","2.2","","56","","0.0","","3","","8","","","","97.08","","","","","","NA"
"-80.80","46.63","SUDBURY CLIMATE","6068145","2021-04-28 01:00","2021","04","28","01:00","10.5","","2.2","","57","","0.0","","3","","12","","","","97.10","","","","","","NA"
"-80.80","46.63","SUDBURY CLIMATE","6068145","2021-04-28 02:00","2021","04","28","02:00","9.7","","2.6","","61","","0.0","","4","","11","","","","97.08","","","","","","NA"
"-80.80","46.63","SUDBURY CLIMATE","6068145","2021-04-28 03:00","2021","04","28","03:00","9.5","","2.5","","61","","0.0","","4","","10","","","","97.09","","","","","","NA"
"-80.80","46.63","SUDBURY CLIMATE","6068145","2021-04-28 04:00","2021","04","28","04:00","9.0","","2.8","","65","","0.0","","2","","6","","","","97.15","","","","","","NA"
"-80.80","46.63","SUDBURY CLIMATE","6068145","2021-04-28 05:00","2021","04","28","05:00","8.7","","3.0","","68","","0.0","","5","","9","","","","97.15","","","","","","NA"
"-80.80","46.63","SUDBURY CLIMATE","6068145","2021-04-28 06:00","2021","04","28","06:00","8.2","","2.6","","68","","0.0","","4","","8","","","","97.12","","","","","","NA"
"-80.80","46.63","SUDBURY CLIMATE","6068145","2021-04-28 07:00","2021","04","28","07:00","8.0","","2.7","","69","","0.0","","4","","10","","","","97.07","","","","","","NA"
"-80.80","46.63","SUDBURY CLIMATE","6068145","2021-04-28 08:00","2021","04","28","08:00","7.6","","2.8","","71","","0.0","","4","","14","","","","97.03","","","","","","NA"
"-80.80","46.63","SUDBURY CLIMATE","6068145","2021-04-28 09:00","2021","04","28","09:00","6.0","","3.7","","85","","0.6","","1","","9","","","","97.09","","","","","","NA"
"-80.80","46.63","SUDBURY CLIMATE","6068145","2021-04-28 10:00","2021","04","28","10:00","5.4","","4.1","","91","","3.1","","2","","10","","","","97.14","","","","","","NA"
"-80.80","46.63","SUDBURY CLIMATE","6068145","2021-04-28 11:00","2021","04","28","11:00","4.9","","3.9","","93","","2.4","","5","","16","","","","97.11","","","","","","NA"
"-80.80","46.63","SUDBURY CLIMATE","6068145","2021-04-28 12:00","2021","04","28","12:00","5.0","","4.2","","95","","0.1","","5","","14","","","","97.12","","","","","","NA"
"-80.80","46.63","SUDBURY CLIMATE","6068145","2021-04-28 13:00","2021","04","28","13:00","4.9","","4.2","","95","","0.5","","4","","14","","","","97.08","","","","","","NA"
"-80.80","46.63","SUDBURY CLIMATE","6068145","2021-04-28 14:00","2021","04","28","14:00","4.9","","4.4","","96","","1.4","","4","","15","","","","97.10","","","","","","NA"
"-80.80","46.63","SUDBURY CLIMATE","6068145","2021-04-28 15:00","2021","04","28","15:00","5.3","","4.8","","96","","1.7","","4","","16","","","","97.08","","","","","","NA"
"-80.80","46.63","SUDBURY CLIMATE","6068145","2021-04-28 16:00","2021","04","28","16:00","5.4","","4.9","","97","","1.4","","4","","16","","","","97.09","","","","","","NA"
"-80.80","46.63","SUDBURY CLIMATE","6068145","2021-04-28 17:00","2021","04","28","17:00","5.4","","5.1","","98","","2.0","","3","","17","","","","97.14","","","","","","NA"
"-80.80","46.63","SUDBURY CLIMATE","6068145","2021-04-28 18:00","2021","04","28","18:00","5.2","","4.8","","97","","3.5","","4","","22","","","","97.13","","","","","","NA"
"-80.80","46.63","SUDBURY CLIMATE","6068145","2021-04-28 19:00","2021","04","28","19:00","5.9","","5.3","","96","","1.5","","4","","25","","","","97.09","","","","","","NA"
"-80.80","46.63","SUDBURY CLIMATE","6068145","2021-04-28 20:00","2021","04","28","20:00","6.2","","5.4","","94","","0.1","","4","","19","","","","97.10","","","","","","NA"
"-80.80","46.63","SUDBURY CLIMATE","6068145","2021-04-28 21:00","2021","04","28","21:00","6.7","","5.7","","93","","0.0","","4","","20","","","","97.13","","","","","","NA"
"-80.80","46.63","SUDBURY CLIMATE","6068145","2021-04-28 22:00","2021","04","28","22:00","6.9","","5.6","","92","","0.0","","3","","14","","","","97.19","","","","","","NA"
"-80.80","46.63","SUDBURY CLIMATE","6068145","2021-04-28 23:00","2021","04","28","23:00","6.8","","5.2","","90","","0.0","","3","","12","","","","97.21","","","","","","NA"
"-80.80","46.63","SUDBURY CLIMATE","6068145","2021-04-29 00:00","2021","04","29","00:00","6.5","","4.5","","87","","0.0","","5","","13","","","","97.11","","","","","","NA"
"-80.80","46.63","SUDBURY CLIMATE","6068145","2021-04-29 01:00","2021","04","29","01:00","4.9","","3.6","","91","","0.0","","3","","9","","","","97.15","","","","","","NA"
"-80.80","46.63","SUDBURY CLIMATE","6068145","2021-04-29 02:00","2021","04","29","02:00","4.9","","3.8","","93","","0.0","","35","","7","","","","97.24","","","","","","NA"
"-80.80","46.63","SUDBURY CLIMATE","6068145","2021-04-29 03:00","2021","04","29","03:00","4.1","","3.5","","96","","0.0","","33","","5","","","","97.22","","","","","","NA"
"-80.80","46.63","SUDBURY CLIMATE","6068145","2021-04-29 04:00","2021","04","29","04:00","5.4","","3.5","","88","","0.0","","4","","8","","","","97.18","","","","","","NA"
"-80.80","46.63","SUDBURY CLIMATE","6068145","2021-04-29 05:00","2021","04","29","05:00","2.9","","1.3","","89","","0.0","","3","","3","","","","97.17","","","","","","NA"
"-80.80","46.63","SUDBURY CLIMATE","6068145","2021-04-29 06:00","2021","04","29","06:00","2.1","","1.5","","96","","0.0","","33","","5","","","","97.13","","","","","","NA"
"-80.80","46.63","SUDBURY CLIMATE","6068145","2021-04-29 07:00","2021","04","29","07:00","3.6","","2.9","","95","","0.0","","3","","8","","","","97.07","","","","","","NA"
"-80.80","46.63","SUDBURY CLIMATE","6068145","2021-04-29 08:00","2021","04","29","08:00","3.2","","1.8","","91","","0.0","","1","","9","","","","96.99","","","","","","NA"
"-80.80","46.63","SUDBURY CLIMATE","6068145","2021-04-29 09:00","2021","04","29","09:00","3.3","","2.3","","93","","0.0","","36","","8","","","","96.97","","","","","","NA"
"-80.80","46.63","SUDBURY CLIMATE","6068145","2021-04-29 10:00","2021","04","29","10:00","3.4","","1.4","","87","","0.0","","1","","9","","","","96.91","","","","","","NA"
"-80.80","46.63","SUDBURY CLIMATE","6068145","2021-04-29 11:00","2021","04","29","11:00","4.4","","1.9","","84","","0.0","","1","","8","","","","96.95","","","","","","NA"
"-80.80","46.63","SUDBURY CLIMATE","6068145","2021-04-29 12:00","2021","04","29","12:00","5.9","","2.6","","79","","0.0","","2","","7","","","","96.90","","","","","","NA"
"-80.80","46.63","SUDBURY CLIMATE","6068145","2021-04-29 13:00","2021","04","29","13:00","8.3","","2.1","","65","","0.0","","2","","14","","","","96.82","","","","","","NA"
"-80.80","46.63","SUDBURY CLIMATE","6068145","2021-04-29 14:00","2021","04","29","14:00","10.3","","1.8","","56","","0.0","","4","","15","","","","96.75","","","","","","NA"
"-80.80","46.63","SUDBURY CLIMATE","6068145","2021-04-29 15:00","2021","04","29","15:00","13.0","","1.1","","44","","0.0","","5","","11","","","","96.74","","","","","","NA"
"-80.80","46.63","SUDBURY CLIMATE","6068145","2021-04-29 16:00","2021","04","29","16:00","13.7","","1.5","","43","","0.0","","5","","12","","","","96.68","","","","","","NA"
"-80.80","46.63","SUDBURY CLIMATE","6068145","2021-04-29 17:00","2021","04","29","17:00","14.6","","0.7","","39","","0.0","","4","","14","","","","96.57","","","","","","NA"
"-80.80","46.63","SUDBURY CLIMATE","6068145","2021-04-29 18:00","2021","04","29","18:00","15.7","","0.0","","34","","0.0","","3","","14","","","","96.43","","","","","","NA"
"-80.80","46.63","SUDBURY CLIMATE","6068145","2021-04-29 19:00","2021","04","29","19:00","16.9","","1.6","","36","","0.0","","4","","14","","","","96.34","","","","","","NA"
"-80.80","46.63","SUDBURY CLIMATE","6068145","2021-04-29 20:00","2021","04","29","20:00","16.9","","0.0","","32","","0.0","","5","","12","","","","96.26","","","","","","NA"
"-80.80","46.63","SUDBURY CLIMATE","6068145","2021-04-29 21:00","2021","04","29","21:00","16.7","","0.5","","33","","0.0","","2","","7","","","","96.16","","","","","","NA"
"-80.80","46.63","SUDBURY CLIMATE","6068145","2021-04-29 22:00","2021","04","29","22:00","16.1","","0.6","","35","","0.0","","32","","5","","","","96.17","","","","","","NA"
"-80.80","46.63","SUDBURY CLIMATE","6068145","2021-04-29 23:00","2021","04","29","23:00","15.5","","1.3","","38","","0.0","","31","","4","","","","96.12","","","","","","NA"
"-80.80","46.63","SUDBURY CLIMATE","6068145","2021-04-30 00:00","2021","04","30","00:00","14.7","","1.9","","42","","0.0","","30","","7","","","","96.10","","","","","","NA"
"-80.80","46.63","SUDBURY CLIMATE","6068145","2021-04-30 01:00","2021","04","30","01:00","14.0","","2.7","","47","","0.0","","31","","10","","","","96.11","","","","","","NA"
"-80.80","46.63","SUDBURY CLIMATE","6068145","2021-04-30 02:00","2021","04","30","02:00","12.6","","4.2","","57","","0.0","","33","","3","","","","96.15","","","","","","NA"
"-80.80","46.63","SUDBURY CLIMATE","6068145","2021-04-30 03:00","2021","04","30","03:00","11.8","","3.9","","59","","0.0","","28","","5","","","","96.10","","","","","","NA"
"-80.80","46.63","SUDBURY CLIMATE","6068145","2021-04-30 04:00","2021","04","30","04:00","11.5","","4.6","","63","","0.0","","29","","5","","","","96.04","","","","","","NA"
"-80.80","46.63","SUDBURY CLIMATE","6068145","2021-04-30 05:00","2021","04","30","05:00","10.7","","4.8","","67","","0.0","","28","","9","","","","96.01","","","","","","NA"
"-80.80","46.63","SUDBURY CLIMATE","6068145","2021-04-30 06:00","2021","04","30","06:00","10.6","","3.9","","63","","0.0","","32","","14","","","","95.98","","","","","","NA"
"-80.80","46.63","SUDBURY CLIMATE","6068145","2021-04-30 07:00","2021","04","30","07:00","9.6","","4.3","","70","","0.0","","34","","16","","","","95.95","","","","","","NA"
"-80.80","46.63","SUDBURY CLIMATE","6068145","2021-04-30 08:00","2021","04","30","08:00","8.3","","4.1","","75","","0.0","","32","","16","","","","95.98","","","","","","NA"
"-80.80","46.63","SUDBURY CLIMATE","6068145","2021-04-30 09:00","2021","04","30","09:00","4.3","","2.7","","89","","0.3","","32","","20","","","","96.07","","","","","","NA"
"-80.80","46.63","SUDBURY CLIMATE","6068145","2021-04-30 10:00","2021","04","30","10:00","1.4","","0.1","","91","","1.2","","33","","21","","","","96.13","","","","","","NA"
"-80.80","46.63","SUDBURY CLIMATE","6068145","2021-04-30 11:00","2021","04","30","11:00","1.0","","-1.0","","87","","0.0","","32","","23","","","","96.19","","","","","","NA"
"-80.80","46.63","SUDBURY CLIMATE","6068145","2021-04-30 12:00","2021","04","30","12:00","1.0","","-1.5","","84","","0.0","","33","","21","","","","96.24","","","","","","NA"
"-80.80","46.63","SUDBURY CLIMATE","6068145","2021-04-30 13:00","2021","04","30","13:00","1.4","","-1.0","","84","","0.0","","33","","20","","","","96.30","","","","","","NA"
"-80.80","46.63","SUDBURY CLIMATE","6068145","2021-04-30 14:00","2021","04","30","14:00","1.1","","-2.2","","79","","0.0","","33","","26","","","","96.39","","","","","","NA"
"-80.80","46.63","SUDBURY CLIMATE","6068145","2021-04-30 15:00","2021","04","30","15:00","1.5","","-2.9","","73","","0.0","","33","","27","","","","96.46","","","","","","NA"
"-80.80","46.63","SUDBURY CLIMATE","6068145","2021-04-30 16:00","2021","04","30","16:00","1.4","","-3.5","","70","","0.0","","33","","30","","","","96.52","","","","","","NA"
"-80.80","46.63","SUDBURY CLIMATE","6068145","2021-04-30 17:00","2021","04","30","17:00","1.2","","-4.2","","67","","0.0","","33","","31","","","","96.62","","","","","","NA"
"-80.80","46.63","SUDBURY CLIMATE","6068145","2021-04-30 18:00","2021","04","30","18:00","2.5","","-4.9","","58","","0.0","","34","","28","","","","96.71","","","","","","NA"
"-80.80","46.63","SUDBURY CLIMATE","6068145","2021-04-30 19:00","2021","04","30","19:00","2.7","","-5.8","","53","","0.0","","34","","31","","","","96.81","","","","","","NA"
"-80.80","46.63","SUDBURY CLIMATE","6068145","2021-04-30 20:00","2021","04","30","20:00","3.8","","-6.4","","47","","0.0","","35","","29","","","","96.86","","","","","","NA"
"-80.80","46.63","SUDBURY CLIMATE","6068145","2021-04-30 21:00","2021","04","30","21:00","4.4","","-6.2","","46","","0.0","","34","","28","","","","96.94","","","","","","NA"
"-80.80","46.63","SUDBURY CLIMATE","6068145","2021-04-30 22:00","2021","04","30","22:00","5.3","","-6.9","","41","","0.0","","34","","30","","","","97.02","","","","","","NA"
"-80.80","46.63","SUDBURY CLIMATE","6068145","2021-04-30 23:00","2021","04","30","23:00","5.7","","-6.8","","40","","0.0","","35","","24","","","","97.10","","","","","","NA"
