"Longitude (x)","Latitude (y)","Station Name","Climate ID","Date/Time (UTC)","Year","Month","Day","Time (UTC)","Temp (°C)","Temp Flag","Dew Point Temp (°C)","Dew Point Temp Flag","Rel Hum (%)","Rel Hum Flag","Precip. Amount (mm)","Precip. Amount Flag","Wind Dir (10s deg)","Wind Dir Flag","Wind Spd (km/h)","Wind Spd Flag","Visibility (km)","Visibility Flag","Stn Press (kPa)","Stn Press Flag","Hmdx","Hmdx Flag","Wind Chill","Wind Chill Flag","Weather"
"-80.80","46.63","SUDBURY CLIMATE","6068145","2021-08-01 00:00","2021","08","01","00:00","13.6","","12.6","","94","","0.0","","9","","6","","","","97.09","","","","","","NA"
"-80.80","46.63","SUDBURY CLIMATE","6068145","2021-08-01 01:00","2021","08","01","01:00","13.5","","12.6","","94","","0.0","","15","","3","","","","97.10","","","","","","NA"
"-80.80","46.63","SUDBURY CLIMATE","6068145","2021-08-01 02:00","2021","08","01","02:00","13.3","","12.6","","96","","0.0","","11","","5","","","","97.11","","","","","","NA"
"-80.80","46.63","SUDBURY CLIMATE","6068145","2021-08-01 03:00","2021","08","01","03:00","13.1","","12.6","","97","","0.0","","16","","7","","","","97.10","","","","","","NA"
"-80.80","46.63","SUDBURY CLIMATE","6068145","2021-08-01 04:00","2021","08","01","04:00","13.1","","12.7","","97","","0.0","","14","","3","","","","97.08","","","","","","NA"
"-80.80","46.63","SUDBURY CLIMATE","6068145","2021-08-01 05:00","2021","08","01","05:00","13.2","","12.8","","98","","0.0","","","","0","","","","97.05","","","","","","NA"
"-80.80","46.63","SUDBURY CLIMATE","6068145","2021-08-01 06:00","2021","08","01","06:00","12.7","","12.4","","98","","0.0","","3","","3","","","","97.04","","","","","","NA"
"-80.80","46.63","SUDBURY CLIMATE","6068145","2021-08-01 07:00","2021","08","01","07:00","12.8","","12.6","","98","","0.0","","35","","4","","","","97.02","","","","","","NA"
"-80.80","46.63","SUDBURY CLIMATE","6068145","2021-08-01 08:00","2021","08","01","08:00","12.9","","12.5","","97","","0.0","","36","","2","","","","97.01","","","","","","NA"
"-80.80","46.63","SUDBURY CLIMATE","6068145","2021-08-01 09:00","2021","08","01","09:00","12.8","","12.4","","98","","0.0","","2","","4","","","","97.03","","","","","","NA"
"-80.80","46.63","SUDBURY CLIMATE","6068145","2021-08-01 10:00","2021","08","01","10:00","13.1","","12.6","","97","","0.0","","5","","9","","","","97.06","","","","","","NA"
"-80.80","46.63","SUDBURY CLIMATE","6068145","2021-08-01 11:00","2021","08","01","11:00","13.3","","12.3","","93","","0.0","","4","","10","","","","97.11","","","","","","NA"
"-80.80","46.63","SUDBURY CLIMATE","6068145","2021-08-01 12:00","2021","08","01","12:00","13.5","","12.5","","94","","0.0","","4","","11","","","","97.17","","","","","","NA"
"-80.80","46.63","SUDBURY CLIMATE","6068145","2021-08-01 13:00","2021","08","01","13:00","14.1","","12.1","","88","","0.0","","4","","15","","","","97.19","","","","","","NA"
"-80.80","46.63","SUDBURY CLIMATE","6068145","2021-08-01 14:00","2021","08","01","14:00","16.2","","12.5","","78","","0.0","","3","","19","","","","97.23","","","","","","NA"
"-80.80","46.63","SUDBURY CLIMATE","6068145","2021-08-01 15:00","2021","08","01","15:00","17.2","","11.0","","67","","0.0","","3","","19","","","","97.28","","","","","","NA"
"-80.80","46.63","SUDBURY CLIMATE","6068145","2021-08-01 16:00","2021","08","01","16:00","18.4","","8.9","","54","","0.0","","4","","21","","","","97.30","","","","","","NA"
"-80.80","46.63","SUDBURY CLIMATE","6068145","2021-08-01 17:00","2021","08","01","17:00","19.2","","8.2","","49","","0.0","","4","","20","","","","97.30","","","","","","NA"
"-80.80","46.63","SUDBURY CLIMATE","6068145","2021-08-01 18:00","2021","08","01","18:00","20.2","","7.6","","44","","0.0","","3","","18","","","","97.29","","","","","","NA"
"-80.80","46.63","SUDBURY CLIMATE","6068145","2021-08-01 19:00","2021","08","01","19:00","20.7","","7.0","","41","","0.0","","2","","20","","","","97.29","","","","","","NA"
"-80.80","46.63","SUDBURY CLIMATE","6068145","2021-08-01 20:00","2021","08","01","20:00","20.0","","8.0","","46","","0.0","","36","","11","","","","97.29","","","","","","NA"
"-80.80","46.63","SUDBURY CLIMATE","6068145","2021-08-01 21:00","2021","08","01","21:00","20.7","","8.1","","44","","0.0","","1","","14","","","","97.32","","","","","","NA"
"-80.80","46.63","SUDBURY CLIMATE","6068145","2021-08-01 22:00","2021","08","01","22:00","20.4","","8.2","","45","","0.0","","36","","10","","","","97.34","","","","","","NA"
"-80.80","46.63","SUDBURY CLIMATE","6068145","2021-08-01 23:00","2021","08","01","23:00","17.0","","10.0","","63","","0.0","","33","","14","","","","97.36","","","","","","NA"
"-80.80","46.63","SUDBURY CLIMATE","6068145","2021-08-02 00:00","2021","08","02","00:00","17.6","","11.2","","66","","0.0","","32","","7","","","","97.39","","","","","","NA"
"-80.80","46.63","SUDBURY CLIMATE","6068145","2021-08-02 01:00","2021","08","02","01:00","16.2","","7.7","","57","","0.0","","35","","8","","","","97.46","","","","","","NA"
"-80.80","46.63","SUDBURY CLIMATE","6068145","2021-08-02 02:00","2021","08","02","02:00","14.5","","6.7","","59","","0.0","","35","","8","","","","97.53","","","","","","NA"
"-80.80","46.63","SUDBURY CLIMATE","6068145","2021-08-02 03:00","2021","08","02","03:00","10.5","","6.2","","75","","0.0","","34","","3","","","","97.56","","","","","","NA"
"-80.80","46.63","SUDBURY CLIMATE","6068145","2021-08-02 04:00","2021","08","02","04:00","9.8","","7.0","","83","","0.0","","34","","4","","","","97.55","","","","","","NA"
"-80.80","46.63","SUDBURY CLIMATE","6068145","2021-08-02 05:00","2021","08","02","05:00","9.8","","7.3","","85","","0.0","","29","","8","","","","97.57","","","","","","NA"
"-80.80","46.63","SUDBURY CLIMATE","6068145","2021-08-02 06:00","2021","08","02","06:00","9.1","","7.6","","90","","0.0","","30","","7","","","","97.58","","","","","","NA"
"-80.80","46.63","SUDBURY CLIMATE","6068145","2021-08-02 07:00","2021","08","02","07:00","9.5","","8.5","","93","","0.0","","34","","7","","","","97.58","","","","","","NA"
"-80.80","46.63","SUDBURY CLIMATE","6068145","2021-08-02 08:00","2021","08","02","08:00","9.6","","8.6","","93","","0.0","","34","","8","","","","97.58","","","","","","NA"
"-80.80","46.63","SUDBURY CLIMATE","6068145","2021-08-02 09:00","2021","08","02","09:00","9.3","","8.2","","93","","0.0","","35","","8","","","","97.61","","","","","","NA"
"-80.80","46.63","SUDBURY CLIMATE","6068145","2021-08-02 10:00","2021","08","02","10:00","8.6","","7.7","","94","","0.0","","36","","7","","","","97.64","","","","","","NA"
"-80.80","46.63","SUDBURY CLIMATE","6068145","2021-08-02 11:00","2021","08","02","11:00","9.0","","8.4","","96","","0.0","","33","","4","","","","97.69","","","","","","NA"
"-80.80","46.63","SUDBURY CLIMATE","6068145","2021-08-02 12:00","2021","08","02","12:00","12.6","","10.4","","86","","0.0","","34","","3","","","","97.72","","","","","","NA"
"-80.80","46.63","SUDBURY CLIMATE","6068145","2021-08-02 13:00","2021","08","02","13:00","14.4","","11.1","","80","","0.0","","27","","5","","","","97.75","","","","","","NA"
"-80.80","46.63","SUDBURY CLIMATE","6068145","2021-08-02 14:00","2021","08","02","14:00","17.2","","11.3","","68","","0.0","","26","","7","","","","97.74","","","","","","NA"
"-80.80","46.63","SUDBURY CLIMATE","6068145","2021-08-02 15:00","2021","08","02","15:00","19.6","","8.5","","49","","0.0","","25","","8","","","","97.73","","","","","","NA"
"-80.80","46.63","SUDBURY CLIMATE","6068145","2021-08-02 16:00","2021","08","02","16:00","20.7","","9.7","","49","","0.0","","27","","11","","","","97.68","","","","","","NA"
"-80.80","46.63","SUDBURY CLIMATE","6068145","2021-08-02 17:00","2021","08","02","17:00","21.9","","11.1","","50","","0.0","","25","","14","","","","97.63","","","","","","NA"
"-80.80","46.63","SUDBURY CLIMATE","6068145","2021-08-02 18:00","2021","08","02","18:00","20.4","","11.0","","55","","0.0","","27","","10","","","","97.60","","","","","","NA"
"-80.80","46.63","SUDBURY CLIMATE","6068145","2021-08-02 19:00","2021","08","02","19:00","21.2","","10.8","","51","","0.0","","27","","11","","","","97.55","","","","","","NA"
"-80.80","46.63","SUDBURY CLIMATE","6068145","2021-08-02 20:00","2021","08","02","20:00","22.9","","10.6","","46","","0.0","","24","","18","","","","97.49","","","","","","NA"
"-80.80","46.63","SUDBURY CLIMATE","6068145","2021-08-02 21:00","2021","08","02","21:00","22.5","","10.1","","46","","0.0","","26","","15","","","","97.45","","","","","","NA"
"-80.80","46.63","SUDBURY CLIMATE","6068145","2021-08-02 22:00","2021","08","02","22:00","22.8","","11.4","","49","","0.0","","25","","16","","","","97.41","","25","","","","NA"
"-80.80","46.63","SUDBURY CLIMATE","6068145","2021-08-02 23:00","2021","08","02","23:00","21.9","","11.7","","52","","0.0","","24","","19","","","","97.37","","","","","","NA"
"-80.80","46.63","SUDBURY CLIMATE","6068145","2021-08-03 00:00","2021","08","03","00:00","20.4","","12.5","","61","","0.0","","23","","24","","","","97.37","","","","","","NA"
"-80.80","46.63","SUDBURY CLIMATE","6068145","2021-08-03 01:00","2021","08","03","01:00","18.3","","12.9","","71","","0.0","","23","","16","","","","97.40","","","","","","NA"
"-80.80","46.63","SUDBURY CLIMATE","6068145","2021-08-03 02:00","2021","08","03","02:00","17.6","","12.9","","74","","0.0","","24","","18","","","","97.44","","","","","","NA"
"-80.80","46.63","SUDBURY CLIMATE","6068145","2021-08-03 03:00","2021","08","03","03:00","16.6","","12.8","","78","","0.0","","24","","13","","","","97.46","","","","","","NA"
"-80.80","46.63","SUDBURY CLIMATE","6068145","2021-08-03 04:00","2021","08","03","04:00","15.8","","12.9","","83","","0.0","","24","","13","","","","97.47","","","","","","NA"
"-80.80","46.63","SUDBURY CLIMATE","6068145","2021-08-03 05:00","2021","08","03","05:00","15.0","","13.0","","87","","0.0","","24","","12","","","","97.47","","","","","","NA"
"-80.80","46.63","SUDBURY CLIMATE","6068145","2021-08-03 06:00","2021","08","03","06:00","15.3","","13.3","","88","","0.0","","25","","11","","","","97.45","","","","","","NA"
"-80.80","46.63","SUDBURY CLIMATE","6068145","2021-08-03 07:00","2021","08","03","07:00","15.5","","13.4","","87","","0.0","","25","","10","","","","97.43","","","","","","NA"
"-80.80","46.63","SUDBURY CLIMATE","6068145","2021-08-03 08:00","2021","08","03","08:00","15.2","","13.1","","87","","0.0","","25","","9","","","","97.45","","","","","","NA"
"-80.80","46.63","SUDBURY CLIMATE","6068145","2021-08-03 09:00","2021","08","03","09:00","14.6","","13.0","","91","","0.0","","24","","15","","","","97.44","","","","","","NA"
"-80.80","46.63","SUDBURY CLIMATE","6068145","2021-08-03 10:00","2021","08","03","10:00","14.1","","13.0","","93","","0.0","","23","","18","","","","97.45","","","","","","NA"
"-80.80","46.63","SUDBURY CLIMATE","6068145","2021-08-03 11:00","2021","08","03","11:00","14.1","","12.9","","92","","0.0","","24","","12","","","","97.47","","","","","","NA"
"-80.80","46.63","SUDBURY CLIMATE","6068145","2021-08-03 12:00","2021","08","03","12:00","15.3","","13.3","","88","","0.0","","25","","13","","","","97.47","","","","","","NA"
"-80.80","46.63","SUDBURY CLIMATE","6068145","2021-08-03 13:00","2021","08","03","13:00","16.3","","13.6","","84","","0.0","","25","","14","","","","97.48","","","","","","NA"
"-80.80","46.63","SUDBURY CLIMATE","6068145","2021-08-03 14:00","2021","08","03","14:00","17.6","","13.7","","78","","0.0","","27","","11","","","","97.53","","","","","","NA"
"-80.80","46.63","SUDBURY CLIMATE","6068145","2021-08-03 15:00","2021","08","03","15:00","20.0","","14.7","","72","","0.0","","24","","14","","","","97.53","","","","","","NA"
"-80.80","46.63","SUDBURY CLIMATE","6068145","2021-08-03 16:00","2021","08","03","16:00","22.5","","14.8","","62","","0.0","","24","","15","","","","97.52","","26","","","","NA"
"-80.80","46.63","SUDBURY CLIMATE","6068145","2021-08-03 17:00","2021","08","03","17:00","23.2","","15.1","","60","","0.0","","25","","12","","","","97.50","","27","","","","NA"
"-80.80","46.63","SUDBURY CLIMATE","6068145","2021-08-03 18:00","2021","08","03","18:00","23.9","","15.7","","60","","0.0","","23","","14","","","","97.45","","28","","","","NA"
"-80.80","46.63","SUDBURY CLIMATE","6068145","2021-08-03 19:00","2021","08","03","19:00","24.3","","15.5","","58","","0.0","","22","","19","","","","97.38","","29","","","","NA"
"-80.80","46.63","SUDBURY CLIMATE","6068145","2021-08-03 20:00","2021","08","03","20:00","16.1","","14.0","","88","","1.3","","31","","12","","","","97.49","","","","","","NA"
"-80.80","46.63","SUDBURY CLIMATE","6068145","2021-08-03 21:00","2021","08","03","21:00","17.6","","15.5","","88","","5.0","","24","","6","","","","97.45","","","","","","NA"
"-80.80","46.63","SUDBURY CLIMATE","6068145","2021-08-03 22:00","2021","08","03","22:00","17.7","","16.0","","90","","0.0","","28","","5","","","","97.47","","","","","","NA"
"-80.80","46.63","SUDBURY CLIMATE","6068145","2021-08-03 23:00","2021","08","03","23:00","17.9","","16.4","","91","","0.0","","20","","6","","","","97.51","","","","","","NA"
"-80.80","46.63","SUDBURY CLIMATE","6068145","2021-08-04 00:00","2021","08","04","00:00","16.9","","16.2","","96","","0.1","","30","","3","","","","97.55","","","","","","NA"
"-80.80","46.63","SUDBURY CLIMATE","6068145","2021-08-04 01:00","2021","08","04","01:00","16.4","","15.7","","96","","0.0","","30","","4","","","","97.61","","","","","","NA"
"-80.80","46.63","SUDBURY CLIMATE","6068145","2021-08-04 02:00","2021","08","04","02:00","15.9","","15.2","","96","","0.0","","27","","5","","","","97.63","","","","","","NA"
"-80.80","46.63","SUDBURY CLIMATE","6068145","2021-08-04 03:00","2021","08","04","03:00","15.2","","14.6","","96","","0.0","","24","","8","","","","97.60","","","","","","NA"
"-80.80","46.63","SUDBURY CLIMATE","6068145","2021-08-04 04:00","2021","08","04","04:00","14.2","","14.0","","98","","0.0","","26","","2","","","","97.63","","","","","","NA"
"-80.80","46.63","SUDBURY CLIMATE","6068145","2021-08-04 05:00","2021","08","04","05:00","13.5","","13.3","","99","","0.0","","16","","4","","","","97.67","","","","","","NA"
"-80.80","46.63","SUDBURY CLIMATE","6068145","2021-08-04 06:00","2021","08","04","06:00","13.6","","13.5","","100","","0.0","","17","","3","","","","97.67","","","","","","NA"
"-80.80","46.63","SUDBURY CLIMATE","6068145","2021-08-04 07:00","2021","08","04","07:00","13.3","","13.3","","100","","0.0","","19","","5","","","","97.66","","","","","","NA"
"-80.80","46.63","SUDBURY CLIMATE","6068145","2021-08-04 08:00","2021","08","04","08:00","13.4","","13.3","","100","","0.0","","15","","2","","","","97.66","","","","","","NA"
"-80.80","46.63","SUDBURY CLIMATE","6068145","2021-08-04 09:00","2021","08","04","09:00","12.4","","12.4","","100","","0.0","","15","","3","","","","97.67","","","","","","NA"
"-80.80","46.63","SUDBURY CLIMATE","6068145","2021-08-04 10:00","2021","08","04","10:00","12.9","","12.9","","100","","0.0","","14","","2","","","","97.71","","","","","","NA"
"-80.80","46.63","SUDBURY CLIMATE","6068145","2021-08-04 11:00","2021","08","04","11:00","13.7","","13.7","","100","","0.0","","14","","3","","","","97.74","","","","","","NA"
"-80.80","46.63","SUDBURY CLIMATE","6068145","2021-08-04 12:00","2021","08","04","12:00","15.9","","15.5","","98","","0.0","","9","","5","","","","97.80","","","","","","NA"
"-80.80","46.63","SUDBURY CLIMATE","6068145","2021-08-04 13:00","2021","08","04","13:00","15.6","","15.5","","99","","0.0","","14","","2","","","","97.82","","","","","","NA"
"-80.80","46.63","SUDBURY CLIMATE","6068145","2021-08-04 14:00","2021","08","04","14:00","17.3","","16.6","","96","","0.0","","13","","3","","","","97.85","","","","","","NA"
"-80.80","46.63","SUDBURY CLIMATE","6068145","2021-08-04 15:00","2021","08","04","15:00","18.5","","16.1","","86","","0.0","","13","","6","","","","97.86","","","","","","NA"
"-80.80","46.63","SUDBURY CLIMATE","6068145","2021-08-04 16:00","2021","08","04","16:00","19.0","","16.4","","85","","0.0","","19","","9","","","","97.88","","","","","","NA"
"-80.80","46.63","SUDBURY CLIMATE","6068145","2021-08-04 17:00","2021","08","04","17:00","21.2","","17.4","","79","","0.0","","16","","11","","","","97.86","","27","","","","NA"
"-80.80","46.63","SUDBURY CLIMATE","6068145","2021-08-04 18:00","2021","08","04","18:00","23.1","","17.5","","71","","0.0","","21","","11","","","","97.82","","29","","","","NA"
"-80.80","46.63","SUDBURY CLIMATE","6068145","2021-08-04 19:00","2021","08","04","19:00","24.6","","16.7","","61","","0.0","","23","","15","","","","97.77","","30","","","","NA"
"-80.80","46.63","SUDBURY CLIMATE","6068145","2021-08-04 20:00","2021","08","04","20:00","25.0","","16.1","","58","","0.0","","22","","15","","","","97.73","","30","","","","NA"
"-80.80","46.63","SUDBURY CLIMATE","6068145","2021-08-04 21:00","2021","08","04","21:00","25.7","","16.6","","57","","0.0","","23","","13","","","","97.72","","31","","","","NA"
"-80.80","46.63","SUDBURY CLIMATE","6068145","2021-08-04 22:00","2021","08","04","22:00","25.6","","16.8","","58","","0.0","","23","","19","","","","97.71","","31","","","","NA"
"-80.80","46.63","SUDBURY CLIMATE","6068145","2021-08-04 23:00","2021","08","04","23:00","24.0","","17.6","","67","","0.0","","20","","21","","","","97.71","","30","","","","NA"
"-80.80","46.63","SUDBURY CLIMATE","6068145","2021-08-05 00:00","2021","08","05","00:00","22.2","","16.9","","72","","0.0","","20","","18","","","","97.72","","27","","","","NA"
"-80.80","46.63","SUDBURY CLIMATE","6068145","2021-08-05 01:00","2021","08","05","01:00","20.4","","16.6","","79","","0.0","","20","","17","","","","97.74","","25","","","","NA"
"-80.80","46.63","SUDBURY CLIMATE","6068145","2021-08-05 02:00","2021","08","05","02:00","18.8","","16.5","","87","","0.0","","21","","15","","","","97.77","","","","","","NA"
"-80.80","46.63","SUDBURY CLIMATE","6068145","2021-08-05 03:00","2021","08","05","03:00","18.0","","16.3","","90","","0.0","","21","","15","","","","97.78","","","","","","NA"
"-80.80","46.63","SUDBURY CLIMATE","6068145","2021-08-05 04:00","2021","08","05","04:00","17.1","","16.2","","95","","0.0","","21","","12","","","","97.77","","","","","","NA"
"-80.80","46.63","SUDBURY CLIMATE","6068145","2021-08-05 05:00","2021","08","05","05:00","16.8","","16.0","","95","","0.0","","21","","13","","","","97.78","","","","","","NA"
"-80.80","46.63","SUDBURY CLIMATE","6068145","2021-08-05 06:00","2021","08","05","06:00","16.1","","15.5","","96","","0.0","","22","","10","","","","97.78","","","","","","NA"
"-80.80","46.63","SUDBURY CLIMATE","6068145","2021-08-05 07:00","2021","08","05","07:00","15.8","","15.3","","97","","0.0","","22","","5","","","","97.74","","","","","","NA"
"-80.80","46.63","SUDBURY CLIMATE","6068145","2021-08-05 08:00","2021","08","05","08:00","15.5","","15.1","","98","","0.0","","22","","10","","","","97.73","","","","","","NA"
"-80.80","46.63","SUDBURY CLIMATE","6068145","2021-08-05 09:00","2021","08","05","09:00","16.1","","15.8","","98","","0.0","","19","","10","","","","97.70","","","","","","NA"
"-80.80","46.63","SUDBURY CLIMATE","6068145","2021-08-05 10:00","2021","08","05","10:00","15.7","","15.4","","98","","0.0","","20","","11","","","","97.71","","","","","","NA"
"-80.80","46.63","SUDBURY CLIMATE","6068145","2021-08-05 11:00","2021","08","05","11:00","16.5","","16.3","","99","","0.0","","21","","13","","","","97.76","","","","","","NA"
"-80.80","46.63","SUDBURY CLIMATE","6068145","2021-08-05 12:00","2021","08","05","12:00","17.0","","16.6","","97","","0.0","","22","","10","","","","97.77","","","","","","NA"
"-80.80","46.63","SUDBURY CLIMATE","6068145","2021-08-05 13:00","2021","08","05","13:00","17.8","","16.8","","94","","0.0","","22","","10","","","","97.82","","","","","","NA"
"-80.80","46.63","SUDBURY CLIMATE","6068145","2021-08-05 14:00","2021","08","05","14:00","19.0","","17.6","","91","","0.0","","22","","12","","","","97.79","","","","","","NA"
"-80.80","46.63","SUDBURY CLIMATE","6068145","2021-08-05 15:00","2021","08","05","15:00","20.3","","17.8","","86","","0.0","","21","","14","","","","97.78","","26","","","","NA"
"-80.80","46.63","SUDBURY CLIMATE","6068145","2021-08-05 16:00","2021","08","05","16:00","23.2","","17.9","","72","","0.0","","22","","17","","","","97.76","","29","","","","NA"
"-80.80","46.63","SUDBURY CLIMATE","6068145","2021-08-05 17:00","2021","08","05","17:00","24.7","","17.3","","63","","0.0","","21","","17","","","","97.72","","30","","","","NA"
"-80.80","46.63","SUDBURY CLIMATE","6068145","2021-08-05 18:00","2021","08","05","18:00","26.3","","17.4","","58","","0.0","","23","","19","","","","97.68","","32","","","","NA"
"-80.80","46.63","SUDBURY CLIMATE","6068145","2021-08-05 19:00","2021","08","05","19:00","26.0","","16.2","","55","","0.0","","25","","17","","","","97.65","","31","","","","NA"
"-80.80","46.63","SUDBURY CLIMATE","6068145","2021-08-05 20:00","2021","08","05","20:00","26.0","","16.7","","57","","0.1","","22","","23","","","","97.64","","31","","","","NA"
"-80.80","46.63","SUDBURY CLIMATE","6068145","2021-08-05 21:00","2021","08","05","21:00","26.2","","16.6","","56","","0.0","","21","","20","","","","97.59","","31","","","","NA"
"-80.80","46.63","SUDBURY CLIMATE","6068145","2021-08-05 22:00","2021","08","05","22:00","25.6","","16.8","","58","","0.0","","22","","20","","","","97.58","","31","","","","NA"
"-80.80","46.63","SUDBURY CLIMATE","6068145","2021-08-05 23:00","2021","08","05","23:00","24.0","","18.7","","72","","0.0","","20","","22","","","","97.56","","31","","","","NA"
"-80.80","46.63","SUDBURY CLIMATE","6068145","2021-08-06 00:00","2021","08","06","00:00","22.1","","17.2","","74","","0.0","","20","","18","","","","97.54","","28","","","","NA"
"-80.80","46.63","SUDBURY CLIMATE","6068145","2021-08-06 01:00","2021","08","06","01:00","20.4","","17.1","","81","","0.0","","21","","15","","","","97.56","","26","","","","NA"
"-80.80","46.63","SUDBURY CLIMATE","6068145","2021-08-06 02:00","2021","08","06","02:00","19.3","","17.1","","87","","0.0","","21","","14","","","","97.57","","","","","","NA"
"-80.80","46.63","SUDBURY CLIMATE","6068145","2021-08-06 03:00","2021","08","06","03:00","18.6","","17.5","","93","","0.0","","20","","14","","","","97.56","","","","","","NA"
"-80.80","46.63","SUDBURY CLIMATE","6068145","2021-08-06 04:00","2021","08","06","04:00","17.6","","17.1","","97","","0.0","","21","","13","","","","97.55","","","","","","NA"
"-80.80","46.63","SUDBURY CLIMATE","6068145","2021-08-06 05:00","2021","08","06","05:00","17.0","","16.8","","98","","0.0","","21","","11","","","","97.56","","","","","","NA"
"-80.80","46.63","SUDBURY CLIMATE","6068145","2021-08-06 06:00","2021","08","06","06:00","17.3","","16.7","","96","","0.0","","20","","12","","","","97.55","","","","","","NA"
"-80.80","46.63","SUDBURY CLIMATE","6068145","2021-08-06 07:00","2021","08","06","07:00","17.0","","16.3","","96","","0.0","","18","","11","","","","97.52","","","","","","NA"
"-80.80","46.63","SUDBURY CLIMATE","6068145","2021-08-06 08:00","2021","08","06","08:00","16.7","","16.4","","98","","0.0","","18","","12","","","","97.49","","","","","","NA"
"-80.80","46.63","SUDBURY CLIMATE","6068145","2021-08-06 09:00","2021","08","06","09:00","16.6","","16.3","","98","","0.0","","18","","14","","","","97.45","","","","","","NA"
"-80.80","46.63","SUDBURY CLIMATE","6068145","2021-08-06 10:00","2021","08","06","10:00","17.0","","16.5","","97","","0.0","","20","","14","","","","97.45","","","","","","NA"
"-80.80","46.63","SUDBURY CLIMATE","6068145","2021-08-06 11:00","2021","08","06","11:00","16.9","","16.5","","98","","0.0","","19","","13","","","","97.45","","","","","","NA"
"-80.80","46.63","SUDBURY CLIMATE","6068145","2021-08-06 12:00","2021","08","06","12:00","18.0","","17.3","","96","","0.0","","18","","15","","","","97.44","","","","","","NA"
"-80.80","46.63","SUDBURY CLIMATE","6068145","2021-08-06 13:00","2021","08","06","13:00","20.1","","17.6","","85","","0.0","","20","","16","","","","97.44","","26","","","","NA"
"-80.80","46.63","SUDBURY CLIMATE","6068145","2021-08-06 14:00","2021","08","06","14:00","20.4","","17.4","","83","","0.0","","21","","19","","","","97.44","","26","","","","NA"
"-80.80","46.63","SUDBURY CLIMATE","6068145","2021-08-06 15:00","2021","08","06","15:00","21.7","","16.7","","73","","0.0","","22","","21","","","","97.42","","27","","","","NA"
"-80.80","46.63","SUDBURY CLIMATE","6068145","2021-08-06 16:00","2021","08","06","16:00","22.6","","17.0","","71","","0.0","","22","","24","","","","97.42","","28","","","","NA"
"-80.80","46.63","SUDBURY CLIMATE","6068145","2021-08-06 17:00","2021","08","06","17:00","23.4","","17.4","","69","","0.0","","21","","23","","","","97.40","","29","","","","NA"
"-80.80","46.63","SUDBURY CLIMATE","6068145","2021-08-06 18:00","2021","08","06","18:00","22.1","","17.7","","76","","0.0","","23","","21","","","","97.42","","28","","","","NA"
"-80.80","46.63","SUDBURY CLIMATE","6068145","2021-08-06 19:00","2021","08","06","19:00","23.1","","18.0","","73","","0.0","","21","","22","","","","97.37","","29","","","","NA"
"-80.80","46.63","SUDBURY CLIMATE","6068145","2021-08-06 20:00","2021","08","06","20:00","22.7","","14.7","","61","","0.0","","23","","35","","","","97.40","","26","","","","NA"
"-80.80","46.63","SUDBURY CLIMATE","6068145","2021-08-06 21:00","2021","08","06","21:00","20.5","","15.2","","72","","0.0","","23","","25","","","","97.38","","25","","","","NA"
"-80.80","46.63","SUDBURY CLIMATE","6068145","2021-08-06 22:00","2021","08","06","22:00","20.8","","15.6","","72","","0.0","","23","","16","","","","97.37","","25","","","","NA"
"-80.80","46.63","SUDBURY CLIMATE","6068145","2021-08-06 23:00","2021","08","06","23:00","18.4","","16.8","","90","","0.9","","19","","16","","","","97.32","","","","","","NA"
"-80.80","46.63","SUDBURY CLIMATE","6068145","2021-08-07 00:00","2021","08","07","00:00","18.5","","16.7","","89","","0.0","","20","","15","","","","97.32","","","","","","NA"
"-80.80","46.63","SUDBURY CLIMATE","6068145","2021-08-07 01:00","2021","08","07","01:00","18.2","","16.5","","90","","0.0","","20","","14","","","","97.31","","","","","","NA"
"-80.80","46.63","SUDBURY CLIMATE","6068145","2021-08-07 02:00","2021","08","07","02:00","17.8","","16.8","","94","","0.1","","21","","11","","","","97.33","","","","","","NA"
"-80.80","46.63","SUDBURY CLIMATE","6068145","2021-08-07 03:00","2021","08","07","03:00","17.9","","17.1","","95","","0.0","","20","","11","","","","97.33","","","","","","NA"
"-80.80","46.63","SUDBURY CLIMATE","6068145","2021-08-07 04:00","2021","08","07","04:00","17.1","","16.5","","96","","0.0","","21","","9","","","","97.32","","","","","","NA"
"-80.80","46.63","SUDBURY CLIMATE","6068145","2021-08-07 05:00","2021","08","07","05:00","17.0","","16.7","","98","","0.0","","23","","8","","","","97.33","","","","","","NA"
"-80.80","46.63","SUDBURY CLIMATE","6068145","2021-08-07 06:00","2021","08","07","06:00","17.8","","17.4","","97","","0.0","","27","","7","","","","97.35","","","","","","NA"
"-80.80","46.63","SUDBURY CLIMATE","6068145","2021-08-07 07:00","2021","08","07","07:00","17.9","","17.6","","98","","0.0","","25","","5","","","","97.32","","","","","","NA"
"-80.80","46.63","SUDBURY CLIMATE","6068145","2021-08-07 08:00","2021","08","07","08:00","17.6","","17.4","","99","","0.0","","26","","5","","","","97.34","","","","","","NA"
"-80.80","46.63","SUDBURY CLIMATE","6068145","2021-08-07 09:00","2021","08","07","09:00","17.1","","16.4","","95","","0.0","","36","","12","","","","97.36","","","","","","NA"
"-80.80","46.63","SUDBURY CLIMATE","6068145","2021-08-07 10:00","2021","08","07","10:00","15.9","","15.0","","94","","0.0","","1","","15","","","","97.40","","","","","","NA"
"-80.80","46.63","SUDBURY CLIMATE","6068145","2021-08-07 11:00","2021","08","07","11:00","15.2","","14.4","","95","","0.0","","2","","14","","","","97.49","","","","","","NA"
"-80.80","46.63","SUDBURY CLIMATE","6068145","2021-08-07 12:00","2021","08","07","12:00","14.2","","13.4","","95","","0.0","","4","","18","","","","97.54","","","","","","NA"
"-80.80","46.63","SUDBURY CLIMATE","6068145","2021-08-07 13:00","2021","08","07","13:00","14.4","","11.8","","84","","0.0","","5","","22","","","","97.57","","","","","","NA"
"-80.80","46.63","SUDBURY CLIMATE","6068145","2021-08-07 14:00","2021","08","07","14:00","14.5","","12.1","","85","","0.0","","3","","17","","","","97.59","","","","","","NA"
"-80.80","46.63","SUDBURY CLIMATE","6068145","2021-08-07 15:00","2021","08","07","15:00","14.2","","11.3","","83","","0.0","","3","","15","","","","97.62","","","","","","NA"
"-80.80","46.63","SUDBURY CLIMATE","6068145","2021-08-07 16:00","2021","08","07","16:00","14.1","","9.8","","76","","0.0","","4","","17","","","","97.71","","","","","","NA"
"-80.80","46.63","SUDBURY CLIMATE","6068145","2021-08-07 17:00","2021","08","07","17:00","14.8","","10.2","","74","","0.0","","4","","22","","","","97.69","","","","","","NA"
"-80.80","46.63","SUDBURY CLIMATE","6068145","2021-08-07 18:00","2021","08","07","18:00","15.8","","10.2","","69","","0.0","","4","","19","","","","97.66","","","","","","NA"
"-80.80","46.63","SUDBURY CLIMATE","6068145","2021-08-07 19:00","2021","08","07","19:00","16.4","","10.2","","67","","0.0","","4","","16","","","","97.65","","","","","","NA"
"-80.80","46.63","SUDBURY CLIMATE","6068145","2021-08-07 20:00","2021","08","07","20:00","17.9","","11.1","","64","","0.0","","5","","14","","","","97.59","","","","","","NA"
"-80.80","46.63","SUDBURY CLIMATE","6068145","2021-08-07 21:00","2021","08","07","21:00","18.1","","11.7","","66","","0.0","","4","","14","","","","97.55","","","","","","NA"
"-80.80","46.63","SUDBURY CLIMATE","6068145","2021-08-07 22:00","2021","08","07","22:00","18.2","","12.3","","68","","0.0","","5","","14","","","","97.56","","","","","","NA"
"-80.80","46.63","SUDBURY CLIMATE","6068145","2021-08-07 23:00","2021","08","07","23:00","18.1","","12.7","","71","","0.0","","7","","11","","","","97.58","","","","","","NA"
"-80.80","46.63","SUDBURY CLIMATE","6068145","2021-08-08 00:00","2021","08","08","00:00","17.2","","13.2","","77","","0.0","","5","","7","","","","97.63","","","","","","NA"
"-80.80","46.63","SUDBURY CLIMATE","6068145","2021-08-08 01:00","2021","08","08","01:00","16.2","","13.4","","83","","0.0","","5","","9","","","","97.64","","","","","","NA"
"-80.80","46.63","SUDBURY CLIMATE","6068145","2021-08-08 02:00","2021","08","08","02:00","15.4","","12.5","","83","","0.0","","5","","7","","","","97.69","","","","","","NA"
"-80.80","46.63","SUDBURY CLIMATE","6068145","2021-08-08 03:00","2021","08","08","03:00","15.7","","12.1","","79","","0.0","","5","","11","","","","97.68","","","","","","NA"
"-80.80","46.63","SUDBURY CLIMATE","6068145","2021-08-08 04:00","2021","08","08","04:00","15.1","","12.3","","83","","0.0","","6","","8","","","","97.64","","","","","","NA"
"-80.80","46.63","SUDBURY CLIMATE","6068145","2021-08-08 05:00","2021","08","08","05:00","15.4","","12.0","","80","","0.0","","6","","9","","","","97.62","","","","","","NA"
"-80.80","46.63","SUDBURY CLIMATE","6068145","2021-08-08 06:00","2021","08","08","06:00","14.6","","11.8","","83","","0.0","","5","","8","","","","97.58","","","","","","NA"
"-80.80","46.63","SUDBURY CLIMATE","6068145","2021-08-08 07:00","2021","08","08","07:00","15.3","","11.6","","79","","0.0","","5","","9","","","","97.52","","","","","","NA"
"-80.80","46.63","SUDBURY CLIMATE","6068145","2021-08-08 08:00","2021","08","08","08:00","15.4","","11.9","","80","","0.0","","4","","10","","","","97.49","","","","","","NA"
"-80.80","46.63","SUDBURY CLIMATE","6068145","2021-08-08 09:00","2021","08","08","09:00","14.7","","12.4","","86","","0.0","","5","","12","","","","97.46","","","","","","NA"
"-80.80","46.63","SUDBURY CLIMATE","6068145","2021-08-08 10:00","2021","08","08","10:00","14.7","","12.3","","86","","0.0","","6","","11","","","","97.49","","","","","","NA"
"-80.80","46.63","SUDBURY CLIMATE","6068145","2021-08-08 11:00","2021","08","08","11:00","14.7","","12.5","","87","","0.0","","6","","12","","","","97.54","","","","","","NA"
"-80.80","46.63","SUDBURY CLIMATE","6068145","2021-08-08 12:00","2021","08","08","12:00","15.4","","13.2","","87","","0.0","","7","","12","","","","97.52","","","","","","NA"
"-80.80","46.63","SUDBURY CLIMATE","6068145","2021-08-08 13:00","2021","08","08","13:00","16.5","","14.6","","89","","0.0","","9","","10","","","","97.55","","","","","","NA"
"-80.80","46.63","SUDBURY CLIMATE","6068145","2021-08-08 14:00","2021","08","08","14:00","17.2","","15.6","","91","","0.0","","10","","12","","","","97.55","","","","","","NA"
"-80.80","46.63","SUDBURY CLIMATE","6068145","2021-08-08 15:00","2021","08","08","15:00","17.0","","16.4","","96","","0.6","","10","","8","","","","97.58","","","","","","NA"
"-80.80","46.63","SUDBURY CLIMATE","6068145","2021-08-08 16:00","2021","08","08","16:00","17.3","","17.1","","99","","0.9","","11","","12","","","","97.57","","","","","","NA"
"-80.80","46.63","SUDBURY CLIMATE","6068145","2021-08-08 17:00","2021","08","08","17:00","18.2","","18.1","","99","","0.8","","13","","11","","","","97.54","","","","","","NA"
"-80.80","46.63","SUDBURY CLIMATE","6068145","2021-08-08 18:00","2021","08","08","18:00","19.5","","19.3","","99","","0.0","","14","","13","","","","97.49","","","","","","NA"
"-80.80","46.63","SUDBURY CLIMATE","6068145","2021-08-08 19:00","2021","08","08","19:00","20.3","","19.6","","95","","0.0","","15","","14","","","","97.45","","28","","","","NA"
"-80.80","46.63","SUDBURY CLIMATE","6068145","2021-08-08 20:00","2021","08","08","20:00","20.2","","20.0","","99","","5.6","","18","","13","","","","97.42","","28","","","","NA"
"-80.80","46.63","SUDBURY CLIMATE","6068145","2021-08-08 21:00","2021","08","08","21:00","20.5","","19.7","","95","","0.0","","20","","19","","","","97.40","","28","","","","NA"
"-80.80","46.63","SUDBURY CLIMATE","6068145","2021-08-08 22:00","2021","08","08","22:00","21.4","","19.7","","90","","0.0","","20","","19","","","","97.36","","29","","","","NA"
"-80.80","46.63","SUDBURY CLIMATE","6068145","2021-08-08 23:00","2021","08","08","23:00","20.8","","19.2","","91","","0.0","","18","","19","","","","97.34","","28","","","","NA"
"-80.80","46.63","SUDBURY CLIMATE","6068145","2021-08-09 00:00","2021","08","09","00:00","20.5","","19.1","","92","","0.0","","20","","17","","","","97.37","","27","","","","NA"
"-80.80","46.63","SUDBURY CLIMATE","6068145","2021-08-09 01:00","2021","08","09","01:00","19.9","","18.7","","93","","0.0","","21","","13","","","","97.38","","","","","","NA"
"-80.80","46.63","SUDBURY CLIMATE","6068145","2021-08-09 02:00","2021","08","09","02:00","19.6","","18.8","","95","","0.0","","17","","10","","","","97.42","","","","","","NA"
"-80.80","46.63","SUDBURY CLIMATE","6068145","2021-08-09 03:00","2021","08","09","03:00","19.3","","18.9","","98","","0.0","","17","","14","","","","97.43","","","","","","NA"
"-80.80","46.63","SUDBURY CLIMATE","6068145","2021-08-09 04:00","2021","08","09","04:00","19.3","","19.0","","98","","0.0","","19","","10","","","","97.41","","","","","","NA"
"-80.80","46.63","SUDBURY CLIMATE","6068145","2021-08-09 05:00","2021","08","09","05:00","19.3","","19.1","","99","","0.0","","17","","13","","","","97.42","","","","","","NA"
"-80.80","46.63","SUDBURY CLIMATE","6068145","2021-08-09 06:00","2021","08","09","06:00","19.5","","19.1","","98","","0.0","","20","","16","","","","97.40","","","","","","NA"
"-80.80","46.63","SUDBURY CLIMATE","6068145","2021-08-09 07:00","2021","08","09","07:00","19.4","","19.1","","98","","0.0","","19","","16","","","","97.36","","","","","","NA"
"-80.80","46.63","SUDBURY CLIMATE","6068145","2021-08-09 08:00","2021","08","09","08:00","19.3","","19.2","","99","","0.9","","16","","14","","","","97.31","","","","","","NA"
"-80.80","46.63","SUDBURY CLIMATE","6068145","2021-08-09 09:00","2021","08","09","09:00","19.1","","18.9","","99","","0.1","","18","","15","","","","97.34","","","","","","NA"
"-80.80","46.63","SUDBURY CLIMATE","6068145","2021-08-09 10:00","2021","08","09","10:00","19.2","","19.1","","99","","0.0","","19","","11","","","","97.38","","","","","","NA"
"-80.80","46.63","SUDBURY CLIMATE","6068145","2021-08-09 11:00","2021","08","09","11:00","19.5","","19.5","","100","","0.0","","18","","14","","","","97.39","","","","","","NA"
"-80.80","46.63","SUDBURY CLIMATE","6068145","2021-08-09 12:00","2021","08","09","12:00","20.6","","20.5","","100","","0.0","","19","","22","","","","97.42","","29","","","","NA"
"-80.80","46.63","SUDBURY CLIMATE","6068145","2021-08-09 13:00","2021","08","09","13:00","21.0","","20.7","","98","","0.0","","20","","18","","","","97.41","","29","","","","NA"
"-80.80","46.63","SUDBURY CLIMATE","6068145","2021-08-09 14:00","2021","08","09","14:00","21.5","","20.8","","96","","0.0","","20","","17","","","","97.42","","30","","","","NA"
"-80.80","46.63","SUDBURY CLIMATE","6068145","2021-08-09 15:00","2021","08","09","15:00","22.8","","21.2","","91","","0.0","","18","","14","","","","97.43","","31","","","","NA"
"-80.80","46.63","SUDBURY CLIMATE","6068145","2021-08-09 16:00","2021","08","09","16:00","23.9","","21.7","","88","","0.0","","20","","17","","","","97.44","","33","","","","NA"
"-80.80","46.63","SUDBURY CLIMATE","6068145","2021-08-09 17:00","2021","08","09","17:00","26.1","","22.3","","80","","0.0","","20","","22","","","","97.42","","36","","","","NA"
"-80.80","46.63","SUDBURY CLIMATE","6068145","2021-08-09 18:00","2021","08","09","18:00","27.0","","21.2","","70","","0.0","","20","","26","","","","97.44","","36","","","","NA"
"-80.80","46.63","SUDBURY CLIMATE","6068145","2021-08-09 19:00","2021","08","09","19:00","28.2","","22.0","","69","","0.0","","22","","23","","","","97.44","","38","","","","NA"
"-80.80","46.63","SUDBURY CLIMATE","6068145","2021-08-09 20:00","2021","08","09","20:00","27.9","","21.4","","68","","0.0","","21","","26","","","","97.43","","37","","","","NA"
"-80.80","46.63","SUDBURY CLIMATE","6068145","2021-08-09 21:00","2021","08","09","21:00","27.4","","20.9","","68","","0.0","","21","","28","","","","97.42","","36","","","","NA"
"-80.80","46.63","SUDBURY CLIMATE","6068145","2021-08-09 22:00","2021","08","09","22:00","27.5","","21.4","","69","","0.0","","21","","23","","","","97.39","","36","","","","NA"
"-80.80","46.63","SUDBURY CLIMATE","6068145","2021-08-09 23:00","2021","08","09","23:00","26.6","","20.7","","70","","0.0","","20","","19","","","","97.42","","35","","","","NA"
"-80.80","46.63","SUDBURY CLIMATE","6068145","2021-08-10 00:00","2021","08","10","00:00","25.3","","20.4","","74","","0.0","","19","","14","","","","97.44","","33","","","","NA"
"-80.80","46.63","SUDBURY CLIMATE","6068145","2021-08-10 01:00","2021","08","10","01:00","23.3","","20.8","","86","","0.0","","14","","7","","","","97.46","","32","","","","NA"
"-80.80","46.63","SUDBURY CLIMATE","6068145","2021-08-10 02:00","2021","08","10","02:00","23.1","","20.8","","87","","0.0","","15","","10","","","","97.48","","31","","","","NA"
"-80.80","46.63","SUDBURY CLIMATE","6068145","2021-08-10 03:00","2021","08","10","03:00","22.4","","20.6","","90","","0.0","","13","","16","","","","97.46","","30","","","","NA"
"-80.80","46.63","SUDBURY CLIMATE","6068145","2021-08-10 04:00","2021","08","10","04:00","20.6","","19.3","","92","","12.2","","15","","12","","","","97.46","","28","","","","NA"
"-80.80","46.63","SUDBURY CLIMATE","6068145","2021-08-10 05:00","2021","08","10","05:00","21.0","","19.9","","94","","0.0","","12","","15","","","","97.41","","28","","","","NA"
"-80.80","46.63","SUDBURY CLIMATE","6068145","2021-08-10 06:00","2021","08","10","06:00","20.7","","20.1","","96","","0.0","","12","","14","","","","97.33","","28","","","","NA"
"-80.80","46.63","SUDBURY CLIMATE","6068145","2021-08-10 07:00","2021","08","10","07:00","20.5","","20.3","","99","","10.0","","13","","17","","","","97.31","","28","","","","NA"
"-80.80","46.63","SUDBURY CLIMATE","6068145","2021-08-10 08:00","2021","08","10","08:00","20.6","","20.5","","99","","6.9","","21","","10","","","","97.34","","29","","","","NA"
"-80.80","46.63","SUDBURY CLIMATE","6068145","2021-08-10 09:00","2021","08","10","09:00","20.4","","20.4","","100","","11.4","","11","","11","","","","97.30","","28","","","","NA"
"-80.80","46.63","SUDBURY CLIMATE","6068145","2021-08-10 10:00","2021","08","10","10:00","20.2","","20.1","","99","","0.0","","12","","11","","","","97.26","","28","","","","NA"
"-80.80","46.63","SUDBURY CLIMATE","6068145","2021-08-10 11:00","2021","08","10","11:00","20.3","","20.1","","99","","0.0","","11","","10","","","","97.20","","28","","","","NA"
"-80.80","46.63","SUDBURY CLIMATE","6068145","2021-08-10 12:00","2021","08","10","12:00","20.6","","20.2","","98","","0.0","","13","","10","","","","97.21","","28","","","","NA"
"-80.80","46.63","SUDBURY CLIMATE","6068145","2021-08-10 13:00","2021","08","10","13:00","21.4","","20.9","","97","","0.0","","14","","13","","","","97.24","","30","","","","NA"
"-80.80","46.63","SUDBURY CLIMATE","6068145","2021-08-10 14:00","2021","08","10","14:00","22.2","","21.5","","96","","0.0","","17","","12","","","","97.21","","31","","","","NA"
"-80.80","46.63","SUDBURY CLIMATE","6068145","2021-08-10 15:00","2021","08","10","15:00","22.6","","21.6","","94","","0.0","","18","","15","","","","97.14","","32","","","","NA"
"-80.80","46.63","SUDBURY CLIMATE","6068145","2021-08-10 16:00","2021","08","10","16:00","24.5","","21.3","","82","","0.0","","19","","20","","","","97.13","","33","","","","NA"
"-80.80","46.63","SUDBURY CLIMATE","6068145","2021-08-10 17:00","2021","08","10","17:00","23.4","","20.9","","86","","0.0","","20","","22","","","","97.10","","32","","","","NA"
"-80.80","46.63","SUDBURY CLIMATE","6068145","2021-08-10 18:00","2021","08","10","18:00","23.6","","20.6","","83","","0.0","","18","","17","","","","97.05","","32","","","","NA"
"-80.80","46.63","SUDBURY CLIMATE","6068145","2021-08-10 19:00","2021","08","10","19:00","22.6","","21.2","","91","","0.0","","20","","23","","","","97.03","","31","","","","NA"
"-80.80","46.63","SUDBURY CLIMATE","6068145","2021-08-10 20:00","2021","08","10","20:00","22.5","","21.2","","92","","0.0","","20","","20","","","","96.98","","31","","","","NA"
"-80.80","46.63","SUDBURY CLIMATE","6068145","2021-08-10 21:00","2021","08","10","21:00","23.3","","21.4","","89","","0.0","","18","","19","","","","96.87","","32","","","","NA"
"-80.80","46.63","SUDBURY CLIMATE","6068145","2021-08-10 22:00","2021","08","10","22:00","22.7","","21.2","","91","","0.0","","21","","17","","","","96.94","","31","","","","NA"
"-80.80","46.63","SUDBURY CLIMATE","6068145","2021-08-10 23:00","2021","08","10","23:00","22.5","","21.2","","93","","0.0","","20","","13","","","","96.97","","31","","","","NA"
"-80.80","46.63","SUDBURY CLIMATE","6068145","2021-08-11 00:00","2021","08","11","00:00","22.1","","21.3","","95","","0.0","","21","","14","","","","96.94","","31","","","","NA"
"-80.80","46.63","SUDBURY CLIMATE","6068145","2021-08-11 01:00","2021","08","11","01:00","21.7","","21.3","","97","","0.0","","22","","12","","","","96.93","","30","","","","NA"
"-80.80","46.63","SUDBURY CLIMATE","6068145","2021-08-11 02:00","2021","08","11","02:00","21.3","","21.0","","98","","0.0","","21","","13","","","","96.93","","30","","","","NA"
"-80.80","46.63","SUDBURY CLIMATE","6068145","2021-08-11 03:00","2021","08","11","03:00","21.2","","21.0","","99","","0.0","","22","","15","","","","96.86","","30","","","","NA"
"-80.80","46.63","SUDBURY CLIMATE","6068145","2021-08-11 04:00","2021","08","11","04:00","20.7","","20.7","","100","","0.0","","18","","20","","","","96.73","","29","","","","NA"
"-80.80","46.63","SUDBURY CLIMATE","6068145","2021-08-11 05:00","2021","08","11","05:00","20.3","","20.3","","100","","0.0","","20","","22","","","","96.83","","28","","","","NA"
"-80.80","46.63","SUDBURY CLIMATE","6068145","2021-08-11 06:00","2021","08","11","06:00","20.3","","20.3","","100","","0.0","","23","","20","","","","96.88","","28","","","","NA"
"-80.80","46.63","SUDBURY CLIMATE","6068145","2021-08-11 07:00","2021","08","11","07:00","20.5","","20.5","","100","","0.0","","26","","6","","","","96.87","","28","","","","NA"
"-80.80","46.63","SUDBURY CLIMATE","6068145","2021-08-11 08:00","2021","08","11","08:00","20.4","","20.4","","100","","0.0","","20","","11","","","","96.92","","28","","","","NA"
"-80.80","46.63","SUDBURY CLIMATE","6068145","2021-08-11 09:00","2021","08","11","09:00","20.2","","20.2","","100","","0.0","","19","","11","","","","96.89","","28","","","","NA"
"-80.80","46.63","SUDBURY CLIMATE","6068145","2021-08-11 10:00","2021","08","11","10:00","19.8","","19.8","","100","","0.0","","19","","11","","","","96.86","","","","","","NA"
"-80.80","46.63","SUDBURY CLIMATE","6068145","2021-08-11 11:00","2021","08","11","11:00","19.6","","19.7","","100","","0.0","","6","","10","","","","96.64","","","","","","NA"
"-80.80","46.63","SUDBURY CLIMATE","6068145","2021-08-11 12:00","2021","08","11","12:00","19.9","","19.9","","100","","0.0","","23","","7","","","","96.85","","","","","","NA"
"-80.80","46.63","SUDBURY CLIMATE","6068145","2021-08-11 13:00","2021","08","11","13:00","20.1","","20.1","","100","","0.0","","18","","18","","","","96.88","","28","","","","NA"
"-80.80","46.63","SUDBURY CLIMATE","6068145","2021-08-11 14:00","2021","08","11","14:00","20.3","","20.3","","100","","0.0","","19","","18","","","","96.87","","28","","","","NA"
"-80.80","46.63","SUDBURY CLIMATE","6068145","2021-08-11 15:00","2021","08","11","15:00","23.1","","20.4","","85","","0.0","","22","","18","","","","96.82","","31","","","","NA"
"-80.80","46.63","SUDBURY CLIMATE","6068145","2021-08-11 16:00","2021","08","11","16:00","25.0","","20.1","","74","","0.0","","20","","18","","","","96.81","","33","","","","NA"
"-80.80","46.63","SUDBURY CLIMATE","6068145","2021-08-11 17:00","2021","08","11","17:00","26.5","","19.8","","67","","0.0","","22","","23","","","","96.80","","34","","","","NA"
"-80.80","46.63","SUDBURY CLIMATE","6068145","2021-08-11 18:00","2021","08","11","18:00","27.6","","19.1","","60","","0.0","","21","","28","","","","96.81","","34","","","","NA"
"-80.80","46.63","SUDBURY CLIMATE","6068145","2021-08-11 19:00","2021","08","11","19:00","27.6","","19.1","","60","","0.0","","21","","27","","","","96.73","","34","","","","NA"
"-80.80","46.63","SUDBURY CLIMATE","6068145","2021-08-11 20:00","2021","08","11","20:00","27.5","","18.6","","58","","0.0","","20","","30","","","","96.63","","34","","","","NA"
"-80.80","46.63","SUDBURY CLIMATE","6068145","2021-08-11 21:00","2021","08","11","21:00","27.7","","18.2","","56","","0.0","","21","","23","","","","96.55","","34","","","","NA"
"-80.80","46.63","SUDBURY CLIMATE","6068145","2021-08-11 22:00","2021","08","11","22:00","24.6","","17.4","","64","","0.1","","21","","27","","","","96.60","","30","","","","NA"
"-80.80","46.63","SUDBURY CLIMATE","6068145","2021-08-11 23:00","2021","08","11","23:00","22.2","","19.4","","84","","1.2","","19","","21","","","","96.67","","29","","","","NA"
"-80.80","46.63","SUDBURY CLIMATE","6068145","2021-08-12 00:00","2021","08","12","00:00","20.2","","20.0","","99","","8.1","","22","","8","","","","96.61","","28","","","","NA"
"-80.80","46.63","SUDBURY CLIMATE","6068145","2021-08-12 01:00","2021","08","12","01:00","20.1","","20.0","","99","","0.2","","16","","12","","","","96.51","","28","","","","NA"
"-80.80","46.63","SUDBURY CLIMATE","6068145","2021-08-12 02:00","2021","08","12","02:00","20.0","","20.0","","100","","0.0","","19","","18","","","","96.57","","28","","","","NA"
"-80.80","46.63","SUDBURY CLIMATE","6068145","2021-08-12 03:00","2021","08","12","03:00","19.1","","19.0","","99","","0.0","","18","","22","","","","96.47","","","","","","NA"
"-80.80","46.63","SUDBURY CLIMATE","6068145","2021-08-12 04:00","2021","08","12","04:00","18.8","","18.6","","98","","0.0","","21","","19","","","","96.60","","","","","","NA"
"-80.80","46.63","SUDBURY CLIMATE","6068145","2021-08-12 05:00","2021","08","12","05:00","19.0","","18.7","","98","","0.1","","22","","15","","","","96.61","","","","","","NA"
"-80.80","46.63","SUDBURY CLIMATE","6068145","2021-08-12 06:00","2021","08","12","06:00","19.3","","18.8","","97","","0.0","","19","","11","","","","96.54","","","","","","NA"
"-80.80","46.63","SUDBURY CLIMATE","6068145","2021-08-12 07:00","2021","08","12","07:00","19.4","","19.2","","99","","1.7","","19","","13","","","","96.45","","","","","","NA"
"-80.80","46.63","SUDBURY CLIMATE","6068145","2021-08-12 08:00","2021","08","12","08:00","19.7","","19.6","","100","","0.0","","20","","14","","","","96.50","","","","","","NA"
"-80.80","46.63","SUDBURY CLIMATE","6068145","2021-08-12 09:00","2021","08","12","09:00","20.1","","20.1","","100","","0.0","","22","","14","","","","96.50","","28","","","","NA"
"-80.80","46.63","SUDBURY CLIMATE","6068145","2021-08-12 10:00","2021","08","12","10:00","20.2","","20.2","","100","","0.0","","26","","5","","","","96.50","","28","","","","NA"
"-80.80","46.63","SUDBURY CLIMATE","6068145","2021-08-12 11:00","2021","08","12","11:00","20.3","","20.2","","99","","0.0","","23","","9","","","","96.59","","28","","","","NA"
"-80.80","46.63","SUDBURY CLIMATE","6068145","2021-08-12 12:00","2021","08","12","12:00","20.3","","20.0","","98","","0.0","","23","","8","","","","96.64","","28","","","","NA"
"-80.80","46.63","SUDBURY CLIMATE","6068145","2021-08-12 13:00","2021","08","12","13:00","20.7","","19.3","","92","","0.0","","26","","8","","","","96.72","","28","","","","NA"
"-80.80","46.63","SUDBURY CLIMATE","6068145","2021-08-12 14:00","2021","08","12","14:00","22.1","","17.9","","77","","0.0","","23","","14","","","","96.77","","28","","","","NA"
"-80.80","46.63","SUDBURY CLIMATE","6068145","2021-08-12 15:00","2021","08","12","15:00","23.3","","14.7","","59","","0.0","","25","","17","","","","96.82","","27","","","","NA"
"-80.80","46.63","SUDBURY CLIMATE","6068145","2021-08-12 16:00","2021","08","12","16:00","24.6","","14.8","","54","","0.0","","24","","19","","","","96.84","","28","","","","NA"
"-80.80","46.63","SUDBURY CLIMATE","6068145","2021-08-12 17:00","2021","08","12","17:00","25.5","","14.5","","51","","0.0","","25","","21","","","","96.84","","29","","","","NA"
"-80.80","46.63","SUDBURY CLIMATE","6068145","2021-08-12 18:00","2021","08","12","18:00","26.4","","14.5","","48","","0.1","","21","","28","","","","96.83","","30","","","","NA"
"-80.80","46.63","SUDBURY CLIMATE","6068145","2021-08-12 19:00","2021","08","12","19:00","26.9","","13.8","","45","","0.0","","23","","33","","","","96.84","","30","","","","NA"
"-80.80","46.63","SUDBURY CLIMATE","6068145","2021-08-12 20:00","2021","08","12","20:00","26.9","","12.5","","41","","0.0","","24","","32","","","","96.85","","29","","","","NA"
"-80.80","46.63","SUDBURY CLIMATE","6068145","2021-08-12 21:00","2021","08","12","21:00","26.4","","14.0","","46","","0.0","","24","","31","","","","96.86","","30","","","","NA"
"-80.80","46.63","SUDBURY CLIMATE","6068145","2021-08-12 22:00","2021","08","12","22:00","25.5","","14.5","","51","","0.0","","24","","31","","","","96.93","","29","","","","NA"
"-80.80","46.63","SUDBURY CLIMATE","6068145","2021-08-12 23:00","2021","08","12","23:00","24.3","","14.9","","56","","0.0","","24","","27","","","","96.89","","28","","","","NA"
"-80.80","46.63","SUDBURY CLIMATE","6068145","2021-08-13 00:00","2021","08","13","00:00","23.0","","15.4","","62","","0.0","","23","","18","","","","96.89","","27","","","","NA"
"-80.80","46.63","SUDBURY CLIMATE","6068145","2021-08-13 01:00","2021","08","13","01:00","21.1","","16.9","","77","","0.0","","22","","14","","","","96.91","","26","","","","NA"
"-80.80","46.63","SUDBURY CLIMATE","6068145","2021-08-13 02:00","2021","08","13","02:00","20.0","","17.1","","84","","0.0","","21","","13","","","","96.95","","25","","","","NA"
"-80.80","46.63","SUDBURY CLIMATE","6068145","2021-08-13 03:00","2021","08","13","03:00","19.4","","17.2","","87","","0.0","","22","","11","","","","97.00","","","","","","NA"
"-80.80","46.63","SUDBURY CLIMATE","6068145","2021-08-13 04:00","2021","08","13","04:00","19.6","","17.5","","88","","0.0","","23","","10","","","","97.02","","","","","","NA"
"-80.80","46.63","SUDBURY CLIMATE","6068145","2021-08-13 05:00","2021","08","13","05:00","19.2","","17.6","","90","","0.0","","23","","4","","","","97.07","","","","","","NA"
"-80.80","46.63","SUDBURY CLIMATE","6068145","2021-08-13 06:00","2021","08","13","06:00","18.7","","16.0","","84","","0.0","","27","","6","","","","97.07","","","","","","NA"
"-80.80","46.63","SUDBURY CLIMATE","6068145","2021-08-13 07:00","2021","08","13","07:00","17.6","","15.4","","87","","0.0","","27","","7","","","","97.08","","","","","","NA"
"-80.80","46.63","SUDBURY CLIMATE","6068145","2021-08-13 08:00","2021","08","13","08:00","15.8","","14.9","","95","","0.0","","29","","5","","","","97.14","","","","","","NA"
"-80.80","46.63","SUDBURY CLIMATE","6068145","2021-08-13 09:00","2021","08","13","09:00","14.7","","13.5","","92","","0.0","","21","","6","","","","97.16","","","","","","NA"
"-80.80","46.63","SUDBURY CLIMATE","6068145","2021-08-13 10:00","2021","08","13","10:00","14.4","","13.2","","92","","0.0","","26","","7","","","","97.18","","","","","","NA"
"-80.80","46.63","SUDBURY CLIMATE","6068145","2021-08-13 11:00","2021","08","13","11:00","14.4","","12.7","","90","","0.0","","24","","8","","","","97.25","","","","","","NA"
"-80.80","46.63","SUDBURY CLIMATE","6068145","2021-08-13 12:00","2021","08","13","12:00","16.1","","13.2","","83","","0.0","","25","","6","","","","97.30","","","","","","NA"
"-80.80","46.63","SUDBURY CLIMATE","6068145","2021-08-13 13:00","2021","08","13","13:00","18.4","","14.4","","77","","0.0","","26","","6","","","","97.34","","","","","","NA"
"-80.80","46.63","SUDBURY CLIMATE","6068145","2021-08-13 14:00","2021","08","13","14:00","20.1","","9.9","","52","","0.0","","25","","10","","","","97.34","","","","","","NA"
"-80.80","46.63","SUDBURY CLIMATE","6068145","2021-08-13 15:00","2021","08","13","15:00","20.9","","10.0","","50","","0.0","","27","","11","","","","97.36","","","","","","NA"
"-80.80","46.63","SUDBURY CLIMATE","6068145","2021-08-13 16:00","2021","08","13","16:00","22.0","","9.9","","46","","0.0","","26","","12","","","","97.37","","","","","","NA"
"-80.80","46.63","SUDBURY CLIMATE","6068145","2021-08-13 17:00","2021","08","13","17:00","22.9","","9.3","","42","","0.0","","25","","20","","","","97.37","","","","","","NA"
"-80.80","46.63","SUDBURY CLIMATE","6068145","2021-08-13 18:00","2021","08","13","18:00","23.1","","9.1","","41","","0.0","","25","","19","","","","97.34","","","","","","NA"
"-80.80","46.63","SUDBURY CLIMATE","6068145","2021-08-13 19:00","2021","08","13","19:00","23.9","","9.4","","40","","0.0","","24","","16","","","","97.33","","25","","","","NA"
"-80.80","46.63","SUDBURY CLIMATE","6068145","2021-08-13 20:00","2021","08","13","20:00","23.3","","9.7","","42","","0.0","","24","","20","","","","97.33","","","","","","NA"
"-80.80","46.63","SUDBURY CLIMATE","6068145","2021-08-13 21:00","2021","08","13","21:00","23.3","","10.7","","45","","0.0","","27","","12","","","","97.31","","25","","","","NA"
"-80.80","46.63","SUDBURY CLIMATE","6068145","2021-08-13 22:00","2021","08","13","22:00","21.7","","10.5","","49","","0.0","","27","","7","","","","97.32","","","","","","NA"
"-80.80","46.63","SUDBURY CLIMATE","6068145","2021-08-13 23:00","2021","08","13","23:00","21.3","","11.4","","53","","0.0","","28","","12","","","","97.33","","","","","","NA"
"-80.80","46.63","SUDBURY CLIMATE","6068145","2021-08-14 00:00","2021","08","14","00:00","20.2","","8.7","","48","","0.0","","28","","7","","","","97.39","","","","","","NA"
"-80.80","46.63","SUDBURY CLIMATE","6068145","2021-08-14 01:00","2021","08","14","01:00","16.2","","9.4","","64","","0.0","","28","","6","","","","97.48","","","","","","NA"
"-80.80","46.63","SUDBURY CLIMATE","6068145","2021-08-14 02:00","2021","08","14","02:00","13.9","","8.4","","69","","0.0","","29","","4","","","","97.54","","","","","","NA"
"-80.80","46.63","SUDBURY CLIMATE","6068145","2021-08-14 03:00","2021","08","14","03:00","14.9","","10.0","","72","","0.0","","26","","5","","","","97.58","","","","","","NA"
"-80.80","46.63","SUDBURY CLIMATE","6068145","2021-08-14 04:00","2021","08","14","04:00","15.5","","10.2","","71","","0.0","","27","","8","","","","97.63","","","","","","NA"
"-80.80","46.63","SUDBURY CLIMATE","6068145","2021-08-14 05:00","2021","08","14","05:00","15.1","","10.0","","72","","0.0","","28","","5","","","","97.63","","","","","","NA"
"-80.80","46.63","SUDBURY CLIMATE","6068145","2021-08-14 06:00","2021","08","14","06:00","13.5","","7.3","","66","","0.0","","29","","9","","","","97.66","","","","","","NA"
"-80.80","46.63","SUDBURY CLIMATE","6068145","2021-08-14 07:00","2021","08","14","07:00","11.6","","7.8","","78","","0.0","","28","","6","","","","97.69","","","","","","NA"
"-80.80","46.63","SUDBURY CLIMATE","6068145","2021-08-14 08:00","2021","08","14","08:00","10.2","","7.8","","85","","0.0","","29","","5","","","","97.73","","","","","","NA"
"-80.80","46.63","SUDBURY CLIMATE","6068145","2021-08-14 09:00","2021","08","14","09:00","9.3","","7.7","","90","","0.0","","28","","6","","","","97.76","","","","","","NA"
"-80.80","46.63","SUDBURY CLIMATE","6068145","2021-08-14 10:00","2021","08","14","10:00","8.9","","7.7","","92","","0.0","","27","","5","","","","97.82","","","","","","NA"
"-80.80","46.63","SUDBURY CLIMATE","6068145","2021-08-14 11:00","2021","08","14","11:00","8.8","","8.0","","95","","0.0","","28","","5","","","","97.91","","","","","","NA"
"-80.80","46.63","SUDBURY CLIMATE","6068145","2021-08-14 12:00","2021","08","14","12:00","10.5","","8.8","","89","","0.0","","28","","6","","","","98.00","","","","","","NA"
"-80.80","46.63","SUDBURY CLIMATE","6068145","2021-08-14 13:00","2021","08","14","13:00","13.5","","9.7","","78","","0.0","","32","","7","","","","98.06","","","","","","NA"
"-80.80","46.63","SUDBURY CLIMATE","6068145","2021-08-14 14:00","2021","08","14","14:00","15.1","","9.0","","67","","0.0","","33","","11","","","","98.09","","","","","","NA"
"-80.80","46.63","SUDBURY CLIMATE","6068145","2021-08-14 15:00","2021","08","14","15:00","15.7","","7.8","","59","","0.0","","34","","13","","","","98.12","","","","","","NA"
"-80.80","46.63","SUDBURY CLIMATE","6068145","2021-08-14 16:00","2021","08","14","16:00","16.5","","6.9","","53","","0.0","","33","","12","","","","98.15","","","","","","NA"
"-80.80","46.63","SUDBURY CLIMATE","6068145","2021-08-14 17:00","2021","08","14","17:00","17.4","","7.0","","51","","0.0","","31","","11","","","","98.15","","","","","","NA"
"-80.80","46.63","SUDBURY CLIMATE","6068145","2021-08-14 18:00","2021","08","14","18:00","18.2","","6.0","","45","","0.0","","35","","7","","","","98.14","","","","","","NA"
"-80.80","46.63","SUDBURY CLIMATE","6068145","2021-08-14 19:00","2021","08","14","19:00","18.3","","5.9","","44","","0.0","","35","","12","","","","98.17","","","","","","NA"
"-80.80","46.63","SUDBURY CLIMATE","6068145","2021-08-14 20:00","2021","08","14","20:00","19.2","","5.9","","42","","0.0","","32","","7","","","","98.18","","","","","","NA"
"-80.80","46.63","SUDBURY CLIMATE","6068145","2021-08-14 21:00","2021","08","14","21:00","18.6","","5.9","","43","","0.0","","27","","8","","","","98.19","","","","","","NA"
"-80.80","46.63","SUDBURY CLIMATE","6068145","2021-08-14 22:00","2021","08","14","22:00","19.3","","6.4","","43","","0.0","","34","","5","","","","98.16","","","","","","NA"
"-80.80","46.63","SUDBURY CLIMATE","6068145","2021-08-14 23:00","2021","08","14","23:00","18.8","","7.0","","46","","0.0","","0","","1","","","","98.16","","","","","","NA"
"-80.80","46.63","SUDBURY CLIMATE","6068145","2021-08-15 00:00","2021","08","15","00:00","17.0","","8.8","","59","","0.0","","29","","3","","","","98.16","","","","","","NA"
"-80.80","46.63","SUDBURY CLIMATE","6068145","2021-08-15 01:00","2021","08","15","01:00","12.7","","8.0","","73","","0.0","","26","","1","","","","98.17","","","","","","NA"
"-80.80","46.63","SUDBURY CLIMATE","6068145","2021-08-15 02:00","2021","08","15","02:00","11.6","","8.1","","79","","0.0","","25","","5","","","","98.22","","","","","","NA"
"-80.80","46.63","SUDBURY CLIMATE","6068145","2021-08-15 03:00","2021","08","15","03:00","12.1","","8.3","","78","","0.0","","23","","4","","","","98.22","","","","","","NA"
"-80.80","46.63","SUDBURY CLIMATE","6068145","2021-08-15 04:00","2021","08","15","04:00","12.4","","9.0","","80","","0.0","","23","","5","","","","98.23","","","","","","NA"
"-80.80","46.63","SUDBURY CLIMATE","6068145","2021-08-15 05:00","2021","08","15","05:00","12.0","","9.9","","87","","0.0","","22","","9","","","","98.25","","","","","","NA"
"-80.80","46.63","SUDBURY CLIMATE","6068145","2021-08-15 06:00","2021","08","15","06:00","12.0","","9.9","","87","","0.0","","24","","9","","","","98.29","","","","","","NA"
"-80.80","46.63","SUDBURY CLIMATE","6068145","2021-08-15 07:00","2021","08","15","07:00","11.3","","9.9","","91","","0.0","","25","","7","","","","98.31","","","","","","NA"
"-80.80","46.63","SUDBURY CLIMATE","6068145","2021-08-15 08:00","2021","08","15","08:00","9.9","","9.5","","97","","0.0","","24","","7","","","","98.31","","","","","","NA"
"-80.80","46.63","SUDBURY CLIMATE","6068145","2021-08-15 09:00","2021","08","15","09:00","9.2","","8.6","","96","","0.0","","25","","4","","","","98.31","","","","","","NA"
"-80.80","46.63","SUDBURY CLIMATE","6068145","2021-08-15 10:00","2021","08","15","10:00","10.8","","10.4","","97","","0.0","","25","","8","","","","98.36","","","","","","NA"
"-80.80","46.63","SUDBURY CLIMATE","6068145","2021-08-15 11:00","2021","08","15","11:00","9.6","","8.9","","96","","0.0","","26","","4","","","","98.36","","","","","","NA"
"-80.80","46.63","SUDBURY CLIMATE","6068145","2021-08-15 12:00","2021","08","15","12:00","14.1","","10.7","","80","","0.0","","24","","5","","","","98.37","","","","","","NA"
"-80.80","46.63","SUDBURY CLIMATE","6068145","2021-08-15 13:00","2021","08","15","13:00","16.1","","12.4","","78","","0.0","","23","","10","","","","98.38","","","","","","NA"
"-80.80","46.63","SUDBURY CLIMATE","6068145","2021-08-15 14:00","2021","08","15","14:00","18.2","","12.3","","68","","0.0","","22","","15","","","","98.36","","","","","","NA"
"-80.80","46.63","SUDBURY CLIMATE","6068145","2021-08-15 15:00","2021","08","15","15:00","20.1","","11.9","","59","","0.0","","22","","25","","","","98.34","","","","","","NA"
"-80.80","46.63","SUDBURY CLIMATE","6068145","2021-08-15 16:00","2021","08","15","16:00","20.9","","11.2","","54","","0.0","","22","","19","","","","98.31","","","","","","NA"
"-80.80","46.63","SUDBURY CLIMATE","6068145","2021-08-15 17:00","2021","08","15","17:00","22.6","","11.7","","50","","0.0","","21","","21","","","","98.25","","25","","","","NA"
"-80.80","46.63","SUDBURY CLIMATE","6068145","2021-08-15 18:00","2021","08","15","18:00","22.5","","11.6","","50","","0.0","","21","","24","","","","98.20","","25","","","","NA"
"-80.80","46.63","SUDBURY CLIMATE","6068145","2021-08-15 19:00","2021","08","15","19:00","23.5","","12.4","","49","","0.0","","21","","24","","","","98.15","","26","","","","NA"
"-80.80","46.63","SUDBURY CLIMATE","6068145","2021-08-15 20:00","2021","08","15","20:00","23.2","","12.8","","52","","0.0","","22","","25","","","","98.13","","26","","","","NA"
"-80.80","46.63","SUDBURY CLIMATE","6068145","2021-08-15 21:00","2021","08","15","21:00","23.0","","14.0","","57","","0.0","","21","","28","","","","98.10","","26","","","","NA"
"-80.80","46.63","SUDBURY CLIMATE","6068145","2021-08-15 22:00","2021","08","15","22:00","22.1","","13.4","","58","","0.0","","22","","27","","","","98.07","","25","","","","NA"
"-80.80","46.63","SUDBURY CLIMATE","6068145","2021-08-15 23:00","2021","08","15","23:00","21.2","","13.8","","62","","0.0","","22","","24","","","","98.05","","","","","","NA"
"-80.80","46.63","SUDBURY CLIMATE","6068145","2021-08-16 00:00","2021","08","16","00:00","19.6","","12.6","","64","","0.0","","20","","22","","","","98.03","","","","","","NA"
"-80.80","46.63","SUDBURY CLIMATE","6068145","2021-08-16 01:00","2021","08","16","01:00","17.7","","12.4","","71","","0.0","","20","","17","","","","98.03","","","","","","NA"
"-80.80","46.63","SUDBURY CLIMATE","6068145","2021-08-16 02:00","2021","08","16","02:00","16.6","","12.7","","78","","0.0","","21","","14","","","","98.02","","","","","","NA"
"-80.80","46.63","SUDBURY CLIMATE","6068145","2021-08-16 03:00","2021","08","16","03:00","15.7","","12.3","","81","","0.0","","21","","14","","","","98.01","","","","","","NA"
"-80.80","46.63","SUDBURY CLIMATE","6068145","2021-08-16 04:00","2021","08","16","04:00","15.0","","12.2","","83","","0.0","","21","","13","","","","98.01","","","","","","NA"
"-80.80","46.63","SUDBURY CLIMATE","6068145","2021-08-16 05:00","2021","08","16","05:00","14.7","","12.3","","86","","0.0","","20","","14","","","","98.00","","","","","","NA"
"-80.80","46.63","SUDBURY CLIMATE","6068145","2021-08-16 06:00","2021","08","16","06:00","15.1","","12.4","","84","","0.0","","21","","15","","","","98.00","","","","","","NA"
"-80.80","46.63","SUDBURY CLIMATE","6068145","2021-08-16 07:00","2021","08","16","07:00","15.2","","13.3","","89","","0.0","","22","","16","","","","97.99","","","","","","NA"
"-80.80","46.63","SUDBURY CLIMATE","6068145","2021-08-16 08:00","2021","08","16","08:00","14.9","","13.9","","94","","0.0","","22","","13","","","","97.99","","","","","","NA"
"-80.80","46.63","SUDBURY CLIMATE","6068145","2021-08-16 09:00","2021","08","16","09:00","14.9","","14.3","","96","","0.0","","21","","13","","","","97.99","","","","","","NA"
"-80.80","46.63","SUDBURY CLIMATE","6068145","2021-08-16 10:00","2021","08","16","10:00","15.2","","14.6","","96","","0.0","","21","","14","","","","98.00","","","","","","NA"
"-80.80","46.63","SUDBURY CLIMATE","6068145","2021-08-16 11:00","2021","08","16","11:00","15.3","","14.8","","97","","0.0","","21","","11","","","","98.06","","","","","","NA"
"-80.80","46.63","SUDBURY CLIMATE","6068145","2021-08-16 12:00","2021","08","16","12:00","16.9","","15.3","","90","","0.0","","21","","13","","","","98.05","","","","","","NA"
"-80.80","46.63","SUDBURY CLIMATE","6068145","2021-08-16 13:00","2021","08","16","13:00","18.6","","15.1","","80","","0.0","","22","","18","","","","98.06","","","","","","NA"
"-80.80","46.63","SUDBURY CLIMATE","6068145","2021-08-16 14:00","2021","08","16","14:00","21.0","","14.9","","68","","0.0","","21","","16","","","","98.05","","25","","","","NA"
"-80.80","46.63","SUDBURY CLIMATE","6068145","2021-08-16 15:00","2021","08","16","15:00","22.4","","15.4","","65","","0.0","","20","","20","","","","98.05","","27","","","","NA"
"-80.80","46.63","SUDBURY CLIMATE","6068145","2021-08-16 16:00","2021","08","16","16:00","24.3","","15.7","","59","","0.0","","21","","17","","","","98.04","","29","","","","NA"
"-80.80","46.63","SUDBURY CLIMATE","6068145","2021-08-16 17:00","2021","08","16","17:00","25.2","","15.4","","54","","0.0","","22","","17","","","","97.98","","29","","","","NA"
"-80.80","46.63","SUDBURY CLIMATE","6068145","2021-08-16 18:00","2021","08","16","18:00","26.1","","14.9","","50","","0.0","","21","","17","","","","97.95","","30","","","","NA"
"-80.80","46.63","SUDBURY CLIMATE","6068145","2021-08-16 19:00","2021","08","16","19:00","26.8","","16.3","","53","","0.0","","22","","16","","","","97.92","","32","","","","NA"
"-80.80","46.63","SUDBURY CLIMATE","6068145","2021-08-16 20:00","2021","08","16","20:00","26.7","","16.7","","54","","0.0","","20","","16","","","","97.89","","32","","","","NA"
"-80.80","46.63","SUDBURY CLIMATE","6068145","2021-08-16 21:00","2021","08","16","21:00","25.6","","16.4","","57","","0.0","","21","","21","","","","97.87","","30","","","","NA"
"-80.80","46.63","SUDBURY CLIMATE","6068145","2021-08-16 22:00","2021","08","16","22:00","24.5","","16.2","","60","","0.0","","22","","20","","","","97.86","","29","","","","NA"
"-80.80","46.63","SUDBURY CLIMATE","6068145","2021-08-16 23:00","2021","08","16","23:00","24.3","","15.2","","57","","0.0","","21","","13","","","","97.81","","28","","","","NA"
"-80.80","46.63","SUDBURY CLIMATE","6068145","2021-08-17 00:00","2021","08","17","00:00","22.2","","14.7","","62","","0.0","","20","","17","","","","97.80","","26","","","","NA"
"-80.80","46.63","SUDBURY CLIMATE","6068145","2021-08-17 01:00","2021","08","17","01:00","19.7","","13.6","","68","","0.0","","21","","14","","","","97.79","","","","","","NA"
"-80.80","46.63","SUDBURY CLIMATE","6068145","2021-08-17 02:00","2021","08","17","02:00","17.7","","13.7","","77","","0.0","","22","","10","","","","97.81","","","","","","NA"
"-80.80","46.63","SUDBURY CLIMATE","6068145","2021-08-17 03:00","2021","08","17","03:00","17.0","","13.4","","80","","0.0","","22","","9","","","","97.81","","","","","","NA"
"-80.80","46.63","SUDBURY CLIMATE","6068145","2021-08-17 04:00","2021","08","17","04:00","16.5","","12.9","","79","","0.0","","22","","9","","","","97.82","","","","","","NA"
"-80.80","46.63","SUDBURY CLIMATE","6068145","2021-08-17 05:00","2021","08","17","05:00","16.2","","12.2","","77","","0.0","","22","","8","","","","97.82","","","","","","NA"
"-80.80","46.63","SUDBURY CLIMATE","6068145","2021-08-17 06:00","2021","08","17","06:00","15.0","","10.7","","76","","0.0","","21","","9","","","","97.80","","","","","","NA"
"-80.80","46.63","SUDBURY CLIMATE","6068145","2021-08-17 07:00","2021","08","17","07:00","15.3","","10.7","","74","","0.0","","20","","6","","","","97.79","","","","","","NA"
"-80.80","46.63","SUDBURY CLIMATE","6068145","2021-08-17 08:00","2021","08","17","08:00","15.1","","11.5","","79","","0.0","","19","","7","","","","97.79","","","","","","NA"
"-80.80","46.63","SUDBURY CLIMATE","6068145","2021-08-17 09:00","2021","08","17","09:00","15.9","","12.8","","81","","0.0","","14","","3","","","","97.77","","","","","","NA"
"-80.80","46.63","SUDBURY CLIMATE","6068145","2021-08-17 10:00","2021","08","17","10:00","16.0","","13.1","","83","","0.1","","18","","11","","","","97.79","","","","","","NA"
"-80.80","46.63","SUDBURY CLIMATE","6068145","2021-08-17 11:00","2021","08","17","11:00","16.4","","12.7","","79","","0.0","","14","","6","","","","97.80","","","","","","NA"
"-80.80","46.63","SUDBURY CLIMATE","6068145","2021-08-17 12:00","2021","08","17","12:00","16.5","","14.1","","85","","0.0","","10","","4","","","","97.81","","","","","","NA"
"-80.80","46.63","SUDBURY CLIMATE","6068145","2021-08-17 13:00","2021","08","17","13:00","18.0","","15.2","","84","","0.0","","16","","10","","","","97.85","","","","","","NA"
"-80.80","46.63","SUDBURY CLIMATE","6068145","2021-08-17 14:00","2021","08","17","14:00","21.0","","16.8","","77","","0.0","","17","","8","","","","97.86","","26","","","","NA"
"-80.80","46.63","SUDBURY CLIMATE","6068145","2021-08-17 15:00","2021","08","17","15:00","22.0","","15.3","","66","","0.0","","22","","8","","","","97.87","","26","","","","NA"
"-80.80","46.63","SUDBURY CLIMATE","6068145","2021-08-17 16:00","2021","08","17","16:00","23.6","","15.3","","60","","0.0","","19","","12","","","","97.83","","28","","","","NA"
"-80.80","46.63","SUDBURY CLIMATE","6068145","2021-08-17 17:00","2021","08","17","17:00","23.4","","15.0","","59","","0.0","","22","","11","","","","97.78","","27","","","","NA"
"-80.80","46.63","SUDBURY CLIMATE","6068145","2021-08-17 18:00","2021","08","17","18:00","25.1","","15.3","","55","","0.0","","19","","14","","","","97.73","","29","","","","NA"
"-80.80","46.63","SUDBURY CLIMATE","6068145","2021-08-17 19:00","2021","08","17","19:00","25.4","","14.7","","51","","0.0","","21","","17","","","","97.70","","29","","","","NA"
"-80.80","46.63","SUDBURY CLIMATE","6068145","2021-08-17 20:00","2021","08","17","20:00","25.6","","14.6","","50","","0.0","","18","","12","","","","97.66","","29","","","","NA"
"-80.80","46.63","SUDBURY CLIMATE","6068145","2021-08-17 21:00","2021","08","17","21:00","25.4","","15.4","","54","","0.0","","23","","18","","","","97.61","","30","","","","NA"
"-80.80","46.63","SUDBURY CLIMATE","6068145","2021-08-17 22:00","2021","08","17","22:00","24.7","","15.7","","57","","0.0","","21","","14","","","","97.60","","29","","","","NA"
"-80.80","46.63","SUDBURY CLIMATE","6068145","2021-08-17 23:00","2021","08","17","23:00","23.7","","16.3","","63","","0.0","","20","","15","","","","97.61","","29","","","","NA"
"-80.80","46.63","SUDBURY CLIMATE","6068145","2021-08-18 00:00","2021","08","18","00:00","22.7","","15.7","","64","","0.0","","20","","18","","","","97.62","","27","","","","NA"
"-80.80","46.63","SUDBURY CLIMATE","6068145","2021-08-18 01:00","2021","08","18","01:00","19.9","","16.0","","78","","0.0","","21","","13","","","","97.66","","","","","","NA"
"-80.80","46.63","SUDBURY CLIMATE","6068145","2021-08-18 02:00","2021","08","18","02:00","18.4","","15.3","","82","","0.0","","21","","12","","","","97.72","","","","","","NA"
"-80.80","46.63","SUDBURY CLIMATE","6068145","2021-08-18 03:00","2021","08","18","03:00","17.4","","15.5","","89","","0.0","","21","","11","","","","97.76","","","","","","NA"
"-80.80","46.63","SUDBURY CLIMATE","6068145","2021-08-18 04:00","2021","08","18","04:00","15.6","","14.6","","94","","0.0","","20","","9","","","","97.78","","","","","","NA"
"-80.80","46.63","SUDBURY CLIMATE","6068145","2021-08-18 05:00","2021","08","18","05:00","15.9","","15.6","","98","","0.0","","24","","8","","","","97.80","","","","","","NA"
"-80.80","46.63","SUDBURY CLIMATE","6068145","2021-08-18 06:00","2021","08","18","06:00","16.0","","15.7","","98","","0.0","","24","","8","","","","97.81","","","","","","NA"
"-80.80","46.63","SUDBURY CLIMATE","6068145","2021-08-18 07:00","2021","08","18","07:00","15.5","","14.9","","96","","0.0","","25","","7","","","","97.80","","","","","","NA"
"-80.80","46.63","SUDBURY CLIMATE","6068145","2021-08-18 08:00","2021","08","18","08:00","14.3","","14.2","","99","","0.0","","24","","6","","","","97.81","","","","","","NA"
"-80.80","46.63","SUDBURY CLIMATE","6068145","2021-08-18 09:00","2021","08","18","09:00","11.6","","11.3","","98","","0.0","","30","","3","","","","97.83","","","","","","NA"
"-80.80","46.63","SUDBURY CLIMATE","6068145","2021-08-18 10:00","2021","08","18","10:00","12.2","","12.2","","100","","0.0","","27","","4","","","","97.88","","","","","","NA"
"-80.80","46.63","SUDBURY CLIMATE","6068145","2021-08-18 11:00","2021","08","18","11:00","11.7","","11.7","","100","","0.0","","11","","3","","","","97.94","","","","","","NA"
"-80.80","46.63","SUDBURY CLIMATE","6068145","2021-08-18 12:00","2021","08","18","12:00","17.2","","17.1","","99","","0.0","","","","0","","","","97.98","","","","","","NA"
"-80.80","46.63","SUDBURY CLIMATE","6068145","2021-08-18 13:00","2021","08","18","13:00","18.8","","15.9","","83","","0.0","","22","","6","","","","98.01","","","","","","NA"
"-80.80","46.63","SUDBURY CLIMATE","6068145","2021-08-18 14:00","2021","08","18","14:00","20.4","","15.5","","73","","0.0","","23","","4","","","","98.02","","25","","","","NA"
"-80.80","46.63","SUDBURY CLIMATE","6068145","2021-08-18 15:00","2021","08","18","15:00","21.8","","16.3","","71","","0.0","","19","","8","","","","98.02","","27","","","","NA"
"-80.80","46.63","SUDBURY CLIMATE","6068145","2021-08-18 16:00","2021","08","18","16:00","22.9","","16.0","","65","","0.0","","22","","9","","","","97.97","","28","","","","NA"
"-80.80","46.63","SUDBURY CLIMATE","6068145","2021-08-18 17:00","2021","08","18","17:00","24.2","","15.3","","58","","0.0","","24","","8","","","","97.94","","28","","","","NA"
"-80.80","46.63","SUDBURY CLIMATE","6068145","2021-08-18 18:00","2021","08","18","18:00","25.9","","15.8","","54","","0.0","","21","","13","","","","97.91","","30","","","","NA"
"-80.80","46.63","SUDBURY CLIMATE","6068145","2021-08-18 19:00","2021","08","18","19:00","26.6","","16.6","","54","","0.0","","21","","10","","","","97.89","","32","","","","NA"
"-80.80","46.63","SUDBURY CLIMATE","6068145","2021-08-18 20:00","2021","08","18","20:00","27.4","","16.3","","51","","0.0","","20","","12","","","","97.86","","32","","","","NA"
"-80.80","46.63","SUDBURY CLIMATE","6068145","2021-08-18 21:00","2021","08","18","21:00","27.1","","15.5","","49","","0.0","","21","","8","","","","97.83","","31","","","","NA"
"-80.80","46.63","SUDBURY CLIMATE","6068145","2021-08-18 22:00","2021","08","18","22:00","27.2","","16.2","","51","","0.0","","28","","7","","","","97.83","","32","","","","NA"
"-80.80","46.63","SUDBURY CLIMATE","6068145","2021-08-18 23:00","2021","08","18","23:00","26.3","","15.8","","53","","0.0","","26","","6","","","","97.82","","31","","","","NA"
"-80.80","46.63","SUDBURY CLIMATE","6068145","2021-08-19 00:00","2021","08","19","00:00","23.8","","16.8","","65","","0.0","","23","","6","","","","97.80","","29","","","","NA"
"-80.80","46.63","SUDBURY CLIMATE","6068145","2021-08-19 01:00","2021","08","19","01:00","20.9","","16.8","","77","","0.0","","22","","8","","","","97.81","","26","","","","NA"
"-80.80","46.63","SUDBURY CLIMATE","6068145","2021-08-19 02:00","2021","08","19","02:00","19.7","","17.4","","87","","0.0","","22","","8","","","","97.83","","","","","","NA"
"-80.80","46.63","SUDBURY CLIMATE","6068145","2021-08-19 03:00","2021","08","19","03:00","19.4","","17.9","","91","","0.0","","24","","10","","","","97.84","","","","","","NA"
"-80.80","46.63","SUDBURY CLIMATE","6068145","2021-08-19 04:00","2021","08","19","04:00","19.8","","18.3","","91","","0.0","","26","","9","","","","97.84","","","","","","NA"
"-80.80","46.63","SUDBURY CLIMATE","6068145","2021-08-19 05:00","2021","08","19","05:00","18.4","","17.3","","93","","0.0","","29","","6","","","","97.85","","","","","","NA"
"-80.80","46.63","SUDBURY CLIMATE","6068145","2021-08-19 06:00","2021","08","19","06:00","18.0","","17.0","","94","","0.0","","29","","7","","","","97.82","","","","","","NA"
"-80.80","46.63","SUDBURY CLIMATE","6068145","2021-08-19 07:00","2021","08","19","07:00","17.0","","16.4","","96","","0.0","","28","","4","","","","97.79","","","","","","NA"
"-80.80","46.63","SUDBURY CLIMATE","6068145","2021-08-19 08:00","2021","08","19","08:00","16.6","","16.3","","98","","0.0","","24","","7","","","","97.73","","","","","","NA"
"-80.80","46.63","SUDBURY CLIMATE","6068145","2021-08-19 09:00","2021","08","19","09:00","16.7","","16.4","","98","","0.0","","29","","5","","","","97.73","","","","","","NA"
"-80.80","46.63","SUDBURY CLIMATE","6068145","2021-08-19 10:00","2021","08","19","10:00","16.4","","16.3","","99","","0.0","","30","","8","","","","97.74","","","","","","NA"
"-80.80","46.63","SUDBURY CLIMATE","6068145","2021-08-19 11:00","2021","08","19","11:00","17.0","","16.7","","98","","0.0","","31","","9","","","","97.72","","","","","","NA"
"-80.80","46.63","SUDBURY CLIMATE","6068145","2021-08-19 12:00","2021","08","19","12:00","18.3","","17.1","","93","","0.0","","30","","3","","","","97.74","","","","","","NA"
"-80.80","46.63","SUDBURY CLIMATE","6068145","2021-08-19 13:00","2021","08","19","13:00","19.7","","17.3","","86","","0.0","","31","","8","","","","97.76","","","","","","NA"
"-80.80","46.63","SUDBURY CLIMATE","6068145","2021-08-19 14:00","2021","08","19","14:00","23.4","","17.9","","71","","0.0","","34","","10","","","","97.76","","29","","","","NA"
"-80.80","46.63","SUDBURY CLIMATE","6068145","2021-08-19 15:00","2021","08","19","15:00","24.5","","17.8","","66","","0.0","","35","","8","","","","97.77","","30","","","","NA"
"-80.80","46.63","SUDBURY CLIMATE","6068145","2021-08-19 16:00","2021","08","19","16:00","26.0","","18.0","","61","","0.0","","35","","6","","","","97.75","","32","","","","NA"
"-80.80","46.63","SUDBURY CLIMATE","6068145","2021-08-19 17:00","2021","08","19","17:00","26.9","","17.3","","56","","0.0","","31","","6","","","","97.68","","32","","","","NA"
"-80.80","46.63","SUDBURY CLIMATE","6068145","2021-08-19 18:00","2021","08","19","18:00","27.0","","17.8","","57","","0.0","","31","","9","","","","97.66","","33","","","","NA"
"-80.80","46.63","SUDBURY CLIMATE","6068145","2021-08-19 19:00","2021","08","19","19:00","28.5","","16.5","","48","","0.0","","33","","6","","","","97.61","","33","","","","NA"
"-80.80","46.63","SUDBURY CLIMATE","6068145","2021-08-19 20:00","2021","08","19","20:00","28.6","","14.5","","42","","0.0","","31","","6","","","","97.56","","32","","","","NA"
"-80.80","46.63","SUDBURY CLIMATE","6068145","2021-08-19 21:00","2021","08","19","21:00","28.6","","14.4","","42","","0.0","","28","","5","","","","97.53","","32","","","","NA"
"-80.80","46.63","SUDBURY CLIMATE","6068145","2021-08-19 22:00","2021","08","19","22:00","28.3","","17.3","","51","","0.0","","29","","3","","","","97.52","","34","","","","NA"
"-80.80","46.63","SUDBURY CLIMATE","6068145","2021-08-19 23:00","2021","08","19","23:00","26.6","","18.1","","60","","0.0","","26","","6","","","","97.50","","33","","","","NA"
"-80.80","46.63","SUDBURY CLIMATE","6068145","2021-08-20 00:00","2021","08","20","00:00","25.0","","18.7","","68","","0.0","","26","","7","","","","97.51","","32","","","","NA"
"-80.80","46.63","SUDBURY CLIMATE","6068145","2021-08-20 01:00","2021","08","20","01:00","23.5","","18.9","","75","","0.0","","25","","7","","","","97.52","","30","","","","NA"
"-80.80","46.63","SUDBURY CLIMATE","6068145","2021-08-20 02:00","2021","08","20","02:00","22.6","","19.9","","85","","0.0","","25","","8","","","","97.53","","30","","","","NA"
"-80.80","46.63","SUDBURY CLIMATE","6068145","2021-08-20 03:00","2021","08","20","03:00","22.0","","19.9","","88","","0.0","","26","","8","","","","97.52","","29","","","","NA"
"-80.80","46.63","SUDBURY CLIMATE","6068145","2021-08-20 04:00","2021","08","20","04:00","20.9","","19.4","","91","","0.0","","27","","8","","","","97.49","","28","","","","NA"
"-80.80","46.63","SUDBURY CLIMATE","6068145","2021-08-20 05:00","2021","08","20","05:00","20.1","","19.4","","96","","0.0","","29","","7","","","","97.45","","27","","","","NA"
"-80.80","46.63","SUDBURY CLIMATE","6068145","2021-08-20 06:00","2021","08","20","06:00","19.8","","19.3","","97","","0.0","","30","","7","","","","97.41","","","","","","NA"
"-80.80","46.63","SUDBURY CLIMATE","6068145","2021-08-20 07:00","2021","08","20","07:00","19.4","","19.1","","98","","0.0","","30","","6","","","","97.40","","","","","","NA"
"-80.80","46.63","SUDBURY CLIMATE","6068145","2021-08-20 08:00","2021","08","20","08:00","19.1","","19.0","","99","","0.0","","30","","7","","","","97.39","","","","","","NA"
"-80.80","46.63","SUDBURY CLIMATE","6068145","2021-08-20 09:00","2021","08","20","09:00","18.9","","18.8","","99","","0.0","","31","","7","","","","97.41","","","","","","NA"
"-80.80","46.63","SUDBURY CLIMATE","6068145","2021-08-20 10:00","2021","08","20","10:00","18.4","","18.2","","99","","0.0","","31","","5","","","","97.45","","","","","","NA"
"-80.80","46.63","SUDBURY CLIMATE","6068145","2021-08-20 11:00","2021","08","20","11:00","19.2","","18.7","","97","","0.0","","35","","7","","","","97.48","","","","","","NA"
"-80.80","46.63","SUDBURY CLIMATE","6068145","2021-08-20 12:00","2021","08","20","12:00","20.4","","19.0","","91","","0.0","","33","","6","","","","97.47","","27","","","","NA"
"-80.80","46.63","SUDBURY CLIMATE","6068145","2021-08-20 13:00","2021","08","20","13:00","22.6","","19.2","","81","","0.0","","36","","5","","","","97.49","","30","","","","NA"
"-80.80","46.63","SUDBURY CLIMATE","6068145","2021-08-20 14:00","2021","08","20","14:00","24.7","","19.7","","74","","0.0","","2","","8","","","","97.48","","32","","","","NA"
"-80.80","46.63","SUDBURY CLIMATE","6068145","2021-08-20 15:00","2021","08","20","15:00","26.4","","18.7","","62","","0.0","","6","","4","","","","97.48","","33","","","","NA"
"-80.80","46.63","SUDBURY CLIMATE","6068145","2021-08-20 16:00","2021","08","20","16:00","28.6","","18.3","","54","","0.0","","16","","4","","","","97.45","","35","","","","NA"
"-80.80","46.63","SUDBURY CLIMATE","6068145","2021-08-20 17:00","2021","08","20","17:00","29.2","","19.2","","55","","0.0","","24","","5","","","","97.41","","36","","","","NA"
"-80.80","46.63","SUDBURY CLIMATE","6068145","2021-08-20 18:00","2021","08","20","18:00","30.0","","19.6","","54","","0.0","","26","","6","","","","97.40","","37","","","","NA"
"-80.80","46.63","SUDBURY CLIMATE","6068145","2021-08-20 19:00","2021","08","20","19:00","30.2","","18.8","","51","","0.0","","25","","8","","","","97.37","","37","","","","NA"
"-80.80","46.63","SUDBURY CLIMATE","6068145","2021-08-20 20:00","2021","08","20","20:00","30.4","","18.8","","50","","0.0","","24","","8","","","","97.35","","37","","","","NA"
"-80.80","46.63","SUDBURY CLIMATE","6068145","2021-08-20 21:00","2021","08","20","21:00","30.4","","18.6","","49","","0.0","","20","","10","","","","97.29","","37","","","","NA"
"-80.80","46.63","SUDBURY CLIMATE","6068145","2021-08-20 22:00","2021","08","20","22:00","30.0","","19.4","","53","","0.0","","24","","8","","","","97.28","","37","","","","NA"
"-80.80","46.63","SUDBURY CLIMATE","6068145","2021-08-20 23:00","2021","08","20","23:00","28.9","","19.1","","56","","0.0","","22","","11","","","","97.29","","36","","","","NA"
"-80.80","46.63","SUDBURY CLIMATE","6068145","2021-08-21 00:00","2021","08","21","00:00","26.3","","19.8","","68","","0.0","","23","","6","","","","97.28","","34","","","","NA"
"-80.80","46.63","SUDBURY CLIMATE","6068145","2021-08-21 01:00","2021","08","21","01:00","24.4","","19.9","","76","","0.0","","24","","8","","","","97.32","","32","","","","NA"
"-80.80","46.63","SUDBURY CLIMATE","6068145","2021-08-21 02:00","2021","08","21","02:00","23.3","","19.7","","80","","0.0","","25","","5","","","","97.35","","31","","","","NA"
"-80.80","46.63","SUDBURY CLIMATE","6068145","2021-08-21 03:00","2021","08","21","03:00","22.8","","19.8","","83","","0.0","","25","","7","","","","97.34","","30","","","","NA"
"-80.80","46.63","SUDBURY CLIMATE","6068145","2021-08-21 04:00","2021","08","21","04:00","22.1","","19.6","","85","","0.0","","26","","6","","","","97.35","","29","","","","NA"
"-80.80","46.63","SUDBURY CLIMATE","6068145","2021-08-21 05:00","2021","08","21","05:00","20.9","","19.2","","90","","0.0","","24","","6","","","","97.33","","28","","","","NA"
"-80.80","46.63","SUDBURY CLIMATE","6068145","2021-08-21 06:00","2021","08","21","06:00","20.9","","19.3","","91","","0.0","","25","","7","","","","97.31","","28","","","","NA"
"-80.80","46.63","SUDBURY CLIMATE","6068145","2021-08-21 07:00","2021","08","21","07:00","20.2","","18.8","","92","","0.0","","25","","6","","","","97.29","","27","","","","NA"
"-80.80","46.63","SUDBURY CLIMATE","6068145","2021-08-21 08:00","2021","08","21","08:00","19.1","","18.6","","97","","0.0","","30","","5","","","","97.32","","","","","","NA"
"-80.80","46.63","SUDBURY CLIMATE","6068145","2021-08-21 09:00","2021","08","21","09:00","17.7","","17.4","","98","","0.0","","28","","3","","","","97.31","","","","","","NA"
"-80.80","46.63","SUDBURY CLIMATE","6068145","2021-08-21 10:00","2021","08","21","10:00","18.8","","18.8","","100","","0.0","","22","","4","","","","97.33","","","","","","NA"
"-80.80","46.63","SUDBURY CLIMATE","6068145","2021-08-21 11:00","2021","08","21","11:00","19.1","","19.0","","100","","0.0","","","","0","","","","97.33","","","","","","NA"
"-80.80","46.63","SUDBURY CLIMATE","6068145","2021-08-21 12:00","2021","08","21","12:00","20.9","","19.7","","92","","0.0","","15","","7","","","","97.32","","28","","","","NA"
"-80.80","46.63","SUDBURY CLIMATE","6068145","2021-08-21 13:00","2021","08","21","13:00","22.9","","19.1","","79","","0.0","","15","","10","","","","97.33","","30","","","","NA"
"-80.80","46.63","SUDBURY CLIMATE","6068145","2021-08-21 14:00","2021","08","21","14:00","24.9","","18.7","","68","","0.0","","15","","11","","","","97.29","","31","","","","NA"
"-80.80","46.63","SUDBURY CLIMATE","6068145","2021-08-21 15:00","2021","08","21","15:00","26.2","","18.7","","63","","0.0","","16","","12","","","","97.31","","33","","","","NA"
"-80.80","46.63","SUDBURY CLIMATE","6068145","2021-08-21 16:00","2021","08","21","16:00","27.5","","19.0","","60","","0.0","","17","","15","","","","97.30","","34","","","","NA"
"-80.80","46.63","SUDBURY CLIMATE","6068145","2021-08-21 17:00","2021","08","21","17:00","28.5","","18.9","","56","","0.0","","21","","19","","","","97.26","","35","","","","NA"
"-80.80","46.63","SUDBURY CLIMATE","6068145","2021-08-21 18:00","2021","08","21","18:00","29.4","","19.8","","56","","0.0","","20","","22","","","","97.22","","37","","","","NA"
"-80.80","46.63","SUDBURY CLIMATE","6068145","2021-08-21 19:00","2021","08","21","19:00","29.6","","18.8","","52","","0.0","","21","","19","","","","97.20","","36","","","","NA"
"-80.80","46.63","SUDBURY CLIMATE","6068145","2021-08-21 20:00","2021","08","21","20:00","29.3","","18.5","","52","","0.0","","22","","19","","","","97.16","","36","","","","NA"
"-80.80","46.63","SUDBURY CLIMATE","6068145","2021-08-21 21:00","2021","08","21","21:00","28.8","","18.3","","53","","0.0","","21","","19","","","","97.11","","35","","","","NA"
"-80.80","46.63","SUDBURY CLIMATE","6068145","2021-08-21 22:00","2021","08","21","22:00","28.3","","18.4","","55","","0.0","","22","","15","","","","97.08","","35","","","","NA"
"-80.80","46.63","SUDBURY CLIMATE","6068145","2021-08-21 23:00","2021","08","21","23:00","27.3","","18.4","","58","","0.0","","21","","16","","","","97.07","","34","","","","NA"
"-80.80","46.63","SUDBURY CLIMATE","6068145","2021-08-22 00:00","2021","08","22","00:00","25.5","","18.5","","65","","0.0","","20","","14","","","","97.06","","32","","","","NA"
"-80.80","46.63","SUDBURY CLIMATE","6068145","2021-08-22 01:00","2021","08","22","01:00","23.1","","19.3","","79","","0.0","","24","","9","","","","97.09","","30","","","","NA"
"-80.80","46.63","SUDBURY CLIMATE","6068145","2021-08-22 02:00","2021","08","22","02:00","21.6","","19.0","","85","","0.0","","22","","6","","","","97.14","","28","","","","NA"
"-80.80","46.63","SUDBURY CLIMATE","6068145","2021-08-22 03:00","2021","08","22","03:00","21.3","","19.6","","90","","0.0","","17","","9","","","","97.12","","29","","","","NA"
"-80.80","46.63","SUDBURY CLIMATE","6068145","2021-08-22 04:00","2021","08","22","04:00","20.5","","19.5","","93","","0.0","","21","","9","","","","97.13","","28","","","","NA"
"-80.80","46.63","SUDBURY CLIMATE","6068145","2021-08-22 05:00","2021","08","22","05:00","20.8","","19.4","","92","","0.0","","18","","9","","","","97.14","","28","","","","NA"
"-80.80","46.63","SUDBURY CLIMATE","6068145","2021-08-22 06:00","2021","08","22","06:00","19.9","","18.8","","93","","0.0","","24","","8","","","","97.15","","","","","","NA"
"-80.80","46.63","SUDBURY CLIMATE","6068145","2021-08-22 07:00","2021","08","22","07:00","19.7","","19.1","","97","","0.0","","23","","9","","","","97.14","","","","","","NA"
"-80.80","46.63","SUDBURY CLIMATE","6068145","2021-08-22 08:00","2021","08","22","08:00","19.0","","18.2","","95","","0.0","","23","","6","","","","97.16","","","","","","NA"
"-80.80","46.63","SUDBURY CLIMATE","6068145","2021-08-22 09:00","2021","08","22","09:00","18.9","","18.6","","99","","0.0","","26","","6","","","","97.21","","","","","","NA"
"-80.80","46.63","SUDBURY CLIMATE","6068145","2021-08-22 10:00","2021","08","22","10:00","18.3","","18.3","","100","","0.0","","27","","5","","","","97.25","","","","","","NA"
"-80.80","46.63","SUDBURY CLIMATE","6068145","2021-08-22 11:00","2021","08","22","11:00","18.3","","18.3","","100","","0.0","","30","","6","","","","97.29","","","","","","NA"
"-80.80","46.63","SUDBURY CLIMATE","6068145","2021-08-22 12:00","2021","08","22","12:00","20.6","","19.0","","91","","0.0","","34","","5","","","","97.34","","27","","","","NA"
"-80.80","46.63","SUDBURY CLIMATE","6068145","2021-08-22 13:00","2021","08","22","13:00","21.3","","17.0","","76","","0.0","","2","","11","","","","97.38","","27","","","","NA"
"-80.80","46.63","SUDBURY CLIMATE","6068145","2021-08-22 14:00","2021","08","22","14:00","21.9","","17.4","","76","","0.0","","2","","10","","","","97.44","","27","","","","NA"
"-80.80","46.63","SUDBURY CLIMATE","6068145","2021-08-22 15:00","2021","08","22","15:00","22.1","","17.0","","73","","0.0","","36","","12","","","","97.47","","27","","","","NA"
"-80.80","46.63","SUDBURY CLIMATE","6068145","2021-08-22 16:00","2021","08","22","16:00","22.7","","16.8","","70","","0.0","","1","","12","","","","97.47","","28","","","","NA"
"-80.80","46.63","SUDBURY CLIMATE","6068145","2021-08-22 17:00","2021","08","22","17:00","22.6","","17.5","","73","","0.0","","1","","9","","","","97.43","","28","","","","NA"
"-80.80","46.63","SUDBURY CLIMATE","6068145","2021-08-22 18:00","2021","08","22","18:00","23.7","","17.3","","68","","0.0","","36","","12","","","","97.43","","29","","","","NA"
"-80.80","46.63","SUDBURY CLIMATE","6068145","2021-08-22 19:00","2021","08","22","19:00","24.6","","18.0","","67","","0.0","","2","","12","","","","97.41","","31","","","","NA"
"-80.80","46.63","SUDBURY CLIMATE","6068145","2021-08-22 20:00","2021","08","22","20:00","25.0","","16.8","","61","","0.0","","1","","13","","","","97.38","","30","","","","NA"
"-80.80","46.63","SUDBURY CLIMATE","6068145","2021-08-22 21:00","2021","08","22","21:00","25.6","","16.8","","58","","0.0","","5","","11","","","","97.39","","31","","","","NA"
"-80.80","46.63","SUDBURY CLIMATE","6068145","2021-08-22 22:00","2021","08","22","22:00","25.9","","17.2","","59","","0.0","","4","","10","","","","97.36","","31","","","","NA"
"-80.80","46.63","SUDBURY CLIMATE","6068145","2021-08-22 23:00","2021","08","22","23:00","25.4","","17.8","","63","","0.0","","3","","9","","","","97.37","","31","","","","NA"
"-80.80","46.63","SUDBURY CLIMATE","6068145","2021-08-23 00:00","2021","08","23","00:00","22.7","","18.0","","75","","0.0","","3","","6","","","","97.38","","29","","","","NA"
"-80.80","46.63","SUDBURY CLIMATE","6068145","2021-08-23 01:00","2021","08","23","01:00","20.5","","17.7","","84","","0.0","","5","","5","","","","97.40","","26","","","","NA"
"-80.80","46.63","SUDBURY CLIMATE","6068145","2021-08-23 02:00","2021","08","23","02:00","19.6","","17.2","","86","","0.0","","3","","7","","","","97.39","","","","","","NA"
"-80.80","46.63","SUDBURY CLIMATE","6068145","2021-08-23 03:00","2021","08","23","03:00","19.0","","17.7","","92","","0.0","","2","","8","","","","97.40","","","","","","NA"
"-80.80","46.63","SUDBURY CLIMATE","6068145","2021-08-23 04:00","2021","08","23","04:00","19.2","","15.9","","81","","0.0","","3","","10","","","","97.40","","","","","","NA"
"-80.80","46.63","SUDBURY CLIMATE","6068145","2021-08-23 05:00","2021","08","23","05:00","19.2","","14.2","","73","","0.0","","3","","16","","","","97.40","","","","","","NA"
"-80.80","46.63","SUDBURY CLIMATE","6068145","2021-08-23 06:00","2021","08","23","06:00","18.4","","14.1","","76","","0.0","","4","","13","","","","97.38","","","","","","NA"
"-80.80","46.63","SUDBURY CLIMATE","6068145","2021-08-23 07:00","2021","08","23","07:00","17.7","","13.9","","78","","0.0","","4","","14","","","","97.34","","","","","","NA"
"-80.80","46.63","SUDBURY CLIMATE","6068145","2021-08-23 08:00","2021","08","23","08:00","17.1","","14.0","","82","","0.0","","4","","12","","","","97.34","","","","","","NA"
"-80.80","46.63","SUDBURY CLIMATE","6068145","2021-08-23 09:00","2021","08","23","09:00","16.3","","14.2","","87","","0.0","","5","","12","","","","97.34","","","","","","NA"
"-80.80","46.63","SUDBURY CLIMATE","6068145","2021-08-23 10:00","2021","08","23","10:00","16.4","","13.6","","83","","0.0","","5","","14","","","","97.30","","","","","","NA"
"-80.80","46.63","SUDBURY CLIMATE","6068145","2021-08-23 11:00","2021","08","23","11:00","15.6","","13.7","","88","","0.0","","31","","5","","","","97.31","","","","","","NA"
"-80.80","46.63","SUDBURY CLIMATE","6068145","2021-08-23 12:00","2021","08","23","12:00","17.7","","14.9","","84","","0.0","","36","","5","","","","97.31","","","","","","NA"
"-80.80","46.63","SUDBURY CLIMATE","6068145","2021-08-23 13:00","2021","08","23","13:00","20.0","","15.7","","76","","0.0","","6","","10","","","","97.29","","","","","","NA"
"-80.80","46.63","SUDBURY CLIMATE","6068145","2021-08-23 14:00","2021","08","23","14:00","21.8","","16.4","","71","","0.0","","5","","5","","","","97.26","","27","","","","NA"
"-80.80","46.63","SUDBURY CLIMATE","6068145","2021-08-23 15:00","2021","08","23","15:00","24.3","","15.7","","59","","0.0","","30","","7","","","","97.25","","29","","","","NA"
"-80.80","46.63","SUDBURY CLIMATE","6068145","2021-08-23 16:00","2021","08","23","16:00","24.9","","15.5","","56","","0.0","","25","","11","","","","97.23","","29","","","","NA"
"-80.80","46.63","SUDBURY CLIMATE","6068145","2021-08-23 17:00","2021","08","23","17:00","26.1","","16.1","","54","","0.0","","23","","16","","","","97.18","","31","","","","NA"
"-80.80","46.63","SUDBURY CLIMATE","6068145","2021-08-23 18:00","2021","08","23","18:00","26.6","","16.3","","53","","0.0","","24","","17","","","","97.15","","31","","","","NA"
"-80.80","46.63","SUDBURY CLIMATE","6068145","2021-08-23 19:00","2021","08","23","19:00","25.6","","15.6","","54","","0.0","","25","","14","","","","97.13","","30","","","","NA"
"-80.80","46.63","SUDBURY CLIMATE","6068145","2021-08-23 20:00","2021","08","23","20:00","26.3","","14.8","","49","","0.0","","25","","14","","","","97.08","","30","","","","NA"
"-80.80","46.63","SUDBURY CLIMATE","6068145","2021-08-23 21:00","2021","08","23","21:00","26.5","","14.3","","47","","0.0","","24","","16","","","","97.05","","30","","","","NA"
"-80.80","46.63","SUDBURY CLIMATE","6068145","2021-08-23 22:00","2021","08","23","22:00","26.2","","14.9","","50","","0.0","","24","","15","","","","97.04","","30","","","","NA"
"-80.80","46.63","SUDBURY CLIMATE","6068145","2021-08-23 23:00","2021","08","23","23:00","24.6","","14.1","","52","","0.0","","25","","15","","","","97.07","","28","","","","NA"
"-80.80","46.63","SUDBURY CLIMATE","6068145","2021-08-24 00:00","2021","08","24","00:00","22.7","","13.9","","58","","0.0","","25","","9","","","","97.07","","26","","","","NA"
"-80.80","46.63","SUDBURY CLIMATE","6068145","2021-08-24 01:00","2021","08","24","01:00","20.8","","12.8","","60","","0.0","","25","","11","","","","97.09","","","","","","NA"
"-80.80","46.63","SUDBURY CLIMATE","6068145","2021-08-24 02:00","2021","08","24","02:00","19.2","","12.4","","65","","0.0","","25","","9","","","","97.13","","","","","","NA"
"-80.80","46.63","SUDBURY CLIMATE","6068145","2021-08-24 03:00","2021","08","24","03:00","17.4","","12.5","","73","","0.0","","24","","10","","","","97.14","","","","","","NA"
"-80.80","46.63","SUDBURY CLIMATE","6068145","2021-08-24 04:00","2021","08","24","04:00","17.1","","13.4","","79","","0.0","","26","","8","","","","97.16","","","","","","NA"
"-80.80","46.63","SUDBURY CLIMATE","6068145","2021-08-24 05:00","2021","08","24","05:00","16.0","","13.6","","86","","0.0","","28","","6","","","","97.20","","","","","","NA"
"-80.80","46.63","SUDBURY CLIMATE","6068145","2021-08-24 06:00","2021","08","24","06:00","16.3","","14.4","","88","","0.0","","27","","8","","","","97.19","","","","","","NA"
"-80.80","46.63","SUDBURY CLIMATE","6068145","2021-08-24 07:00","2021","08","24","07:00","15.5","","14.2","","92","","0.0","","27","","8","","","","97.21","","","","","","NA"
"-80.80","46.63","SUDBURY CLIMATE","6068145","2021-08-24 08:00","2021","08","24","08:00","14.7","","13.9","","95","","0.0","","26","","7","","","","97.20","","","","","","NA"
"-80.80","46.63","SUDBURY CLIMATE","6068145","2021-08-24 09:00","2021","08","24","09:00","15.3","","14.2","","93","","0.0","","25","","7","","","","97.20","","","","","","NA"
"-80.80","46.63","SUDBURY CLIMATE","6068145","2021-08-24 10:00","2021","08","24","10:00","15.4","","14.5","","94","","0.0","","24","","10","","","","97.23","","","","","","NA"
"-80.80","46.63","SUDBURY CLIMATE","6068145","2021-08-24 11:00","2021","08","24","11:00","16.2","","14.8","","91","","0.0","","24","","10","","","","97.25","","","","","","NA"
"-80.80","46.63","SUDBURY CLIMATE","6068145","2021-08-24 12:00","2021","08","24","12:00","17.4","","15.4","","88","","0.0","","24","","10","","","","97.29","","","","","","NA"
"-80.80","46.63","SUDBURY CLIMATE","6068145","2021-08-24 13:00","2021","08","24","13:00","18.9","","16.2","","84","","0.0","","23","","9","","","","97.29","","","","","","NA"
"-80.80","46.63","SUDBURY CLIMATE","6068145","2021-08-24 14:00","2021","08","24","14:00","21.2","","17.4","","79","","0.0","","25","","8","","","","97.29","","27","","","","NA"
"-80.80","46.63","SUDBURY CLIMATE","6068145","2021-08-24 15:00","2021","08","24","15:00","23.3","","18.2","","73","","0.0","","25","","6","","","","97.29","","29","","","","NA"
"-80.80","46.63","SUDBURY CLIMATE","6068145","2021-08-24 16:00","2021","08","24","16:00","25.3","","19.4","","70","","0.0","","22","","9","","","","97.34","","32","","","","NA"
"-80.80","46.63","SUDBURY CLIMATE","6068145","2021-08-24 17:00","2021","08","24","17:00","26.2","","18.6","","63","","0.0","","20","","11","","","","97.32","","33","","","","NA"
"-80.80","46.63","SUDBURY CLIMATE","6068145","2021-08-24 18:00","2021","08","24","18:00","27.7","","18.3","","56","","0.0","","21","","15","","","","97.32","","34","","","","NA"
"-80.80","46.63","SUDBURY CLIMATE","6068145","2021-08-24 19:00","2021","08","24","19:00","29.1","","16.4","","46","","0.0","","22","","14","","","","97.26","","34","","","","NA"
"-80.80","46.63","SUDBURY CLIMATE","6068145","2021-08-24 20:00","2021","08","24","20:00","29.3","","14.7","","41","","0.0","","24","","15","","","","97.25","","33","","","","NA"
"-80.80","46.63","SUDBURY CLIMATE","6068145","2021-08-24 21:00","2021","08","24","21:00","29.1","","14.3","","40","","0.0","","24","","16","","","","97.28","","33","","","","NA"
"-80.80","46.63","SUDBURY CLIMATE","6068145","2021-08-24 22:00","2021","08","24","22:00","28.1","","15.5","","46","","0.0","","26","","15","","","","97.30","","32","","","","NA"
"-80.80","46.63","SUDBURY CLIMATE","6068145","2021-08-24 23:00","2021","08","24","23:00","26.7","","16.6","","54","","0.0","","23","","12","","","","97.30","","32","","","","NA"
"-80.80","46.63","SUDBURY CLIMATE","6068145","2021-08-25 00:00","2021","08","25","00:00","24.1","","16.0","","61","","0.0","","23","","12","","","","97.32","","29","","","","NA"
"-80.80","46.63","SUDBURY CLIMATE","6068145","2021-08-25 01:00","2021","08","25","01:00","21.1","","15.5","","71","","0.0","","25","","6","","","","97.37","","25","","","","NA"
"-80.80","46.63","SUDBURY CLIMATE","6068145","2021-08-25 02:00","2021","08","25","02:00","21.4","","17.1","","76","","0.0","","25","","8","","","","97.39","","27","","","","NA"
"-80.80","46.63","SUDBURY CLIMATE","6068145","2021-08-25 03:00","2021","08","25","03:00","20.6","","17.6","","83","","0.0","","25","","8","","","","97.42","","26","","","","NA"
"-80.80","46.63","SUDBURY CLIMATE","6068145","2021-08-25 04:00","2021","08","25","04:00","20.6","","18.1","","85","","0.0","","24","","9","","","","97.43","","27","","","","NA"
"-80.80","46.63","SUDBURY CLIMATE","6068145","2021-08-25 05:00","2021","08","25","05:00","19.6","","17.8","","89","","0.0","","25","","5","","","","97.43","","","","","","NA"
"-80.80","46.63","SUDBURY CLIMATE","6068145","2021-08-25 06:00","2021","08","25","06:00","18.6","","17.7","","95","","0.0","","23","","4","","","","97.44","","","","","","NA"
"-80.80","46.63","SUDBURY CLIMATE","6068145","2021-08-25 07:00","2021","08","25","07:00","19.6","","18.5","","93","","0.0","","23","","10","","","","97.52","","","","","","NA"
"-80.80","46.63","SUDBURY CLIMATE","6068145","2021-08-25 08:00","2021","08","25","08:00","19.4","","18.4","","94","","0.0","","24","","6","","","","97.51","","","","","","NA"
"-80.80","46.63","SUDBURY CLIMATE","6068145","2021-08-25 09:00","2021","08","25","09:00","19.7","","19.0","","96","","0.0","","21","","5","","","","97.51","","","","","","NA"
"-80.80","46.63","SUDBURY CLIMATE","6068145","2021-08-25 10:00","2021","08","25","10:00","19.7","","19.3","","98","","0.0","","22","","10","","","","97.54","","","","","","NA"
"-80.80","46.63","SUDBURY CLIMATE","6068145","2021-08-25 11:00","2021","08","25","11:00","19.8","","18.8","","94","","0.0","","13","","4","","","","97.53","","","","","","NA"
"-80.80","46.63","SUDBURY CLIMATE","6068145","2021-08-25 12:00","2021","08","25","12:00","19.9","","18.3","","91","","0.0","","13","","9","","","","97.52","","","","","","NA"
"-80.80","46.63","SUDBURY CLIMATE","6068145","2021-08-25 13:00","2021","08","25","13:00","21.6","","18.5","","82","","0.0","","13","","9","","","","97.53","","28","","","","NA"
"-80.80","46.63","SUDBURY CLIMATE","6068145","2021-08-25 14:00","2021","08","25","14:00","22.1","","19.0","","83","","0.0","","14","","9","","","","97.54","","29","","","","NA"
"-80.80","46.63","SUDBURY CLIMATE","6068145","2021-08-25 15:00","2021","08","25","15:00","22.7","","20.1","","85","","0.0","","20","","8","","","","97.58","","30","","","","NA"
"-80.80","46.63","SUDBURY CLIMATE","6068145","2021-08-25 16:00","2021","08","25","16:00","24.9","","20.4","","76","","0.0","","16","","9","","","","97.52","","33","","","","NA"
"-80.80","46.63","SUDBURY CLIMATE","6068145","2021-08-25 17:00","2021","08","25","17:00","27.6","","20.1","","64","","0.0","","20","","18","","","","97.50","","35","","","","NA"
"-80.80","46.63","SUDBURY CLIMATE","6068145","2021-08-25 18:00","2021","08","25","18:00","28.6","","19.2","","57","","0.0","","22","","22","","","","97.48","","36","","","","NA"
"-80.80","46.63","SUDBURY CLIMATE","6068145","2021-08-25 19:00","2021","08","25","19:00","29.5","","19.9","","56","","0.0","","22","","24","","","","97.45","","37","","","","NA"
"-80.80","46.63","SUDBURY CLIMATE","6068145","2021-08-25 20:00","2021","08","25","20:00","29.3","","20.1","","58","","0.0","","22","","26","","","","97.44","","37","","","","NA"
"-80.80","46.63","SUDBURY CLIMATE","6068145","2021-08-25 21:00","2021","08","25","21:00","28.6","","19.6","","58","","0.0","","22","","26","","","","97.42","","36","","","","NA"
"-80.80","46.63","SUDBURY CLIMATE","6068145","2021-08-25 22:00","2021","08","25","22:00","27.9","","19.1","","59","","0.0","","23","","23","","","","97.43","","35","","","","NA"
"-80.80","46.63","SUDBURY CLIMATE","6068145","2021-08-25 23:00","2021","08","25","23:00","27.0","","19.4","","63","","0.0","","24","","20","","","","97.43","","34","","","","NA"
"-80.80","46.63","SUDBURY CLIMATE","6068145","2021-08-26 00:00","2021","08","26","00:00","25.1","","19.2","","70","","0.0","","23","","14","","","","97.44","","32","","","","NA"
"-80.80","46.63","SUDBURY CLIMATE","6068145","2021-08-26 01:00","2021","08","26","01:00","23.3","","19.5","","79","","0.0","","24","","12","","","","97.49","","30","","","","NA"
"-80.80","46.63","SUDBURY CLIMATE","6068145","2021-08-26 02:00","2021","08","26","02:00","22.6","","19.8","","84","","0.0","","24","","12","","","","97.50","","30","","","","NA"
"-80.80","46.63","SUDBURY CLIMATE","6068145","2021-08-26 03:00","2021","08","26","03:00","22.0","","19.9","","88","","0.0","","26","","9","","","","97.54","","29","","","","NA"
"-80.80","46.63","SUDBURY CLIMATE","6068145","2021-08-26 04:00","2021","08","26","04:00","21.4","","19.7","","90","","0.0","","26","","8","","","","97.55","","29","","","","NA"
"-80.80","46.63","SUDBURY CLIMATE","6068145","2021-08-26 05:00","2021","08","26","05:00","20.4","","19.6","","95","","0.0","","26","","8","","","","97.59","","28","","","","NA"
"-80.80","46.63","SUDBURY CLIMATE","6068145","2021-08-26 06:00","2021","08","26","06:00","20.0","","19.5","","97","","0.0","","26","","8","","","","97.63","","27","","","","NA"
"-80.80","46.63","SUDBURY CLIMATE","6068145","2021-08-26 07:00","2021","08","26","07:00","19.5","","19.3","","99","","0.0","","27","","9","","","","97.67","","","","","","NA"
"-80.80","46.63","SUDBURY CLIMATE","6068145","2021-08-26 08:00","2021","08","26","08:00","18.4","","18.3","","99","","0.0","","27","","5","","","","97.73","","","","","","NA"
"-80.80","46.63","SUDBURY CLIMATE","6068145","2021-08-26 09:00","2021","08","26","09:00","17.7","","17.5","","99","","0.0","","32","","7","","","","97.74","","","","","","NA"
"-80.80","46.63","SUDBURY CLIMATE","6068145","2021-08-26 10:00","2021","08","26","10:00","17.3","","16.7","","97","","0.0","","31","","6","","","","97.81","","","","","","NA"
"-80.80","46.63","SUDBURY CLIMATE","6068145","2021-08-26 11:00","2021","08","26","11:00","16.9","","16.4","","97","","0.0","","34","","6","","","","97.86","","","","","","NA"
"-80.80","46.63","SUDBURY CLIMATE","6068145","2021-08-26 12:00","2021","08","26","12:00","18.2","","16.5","","90","","0.0","","34","","10","","","","97.93","","","","","","NA"
"-80.80","46.63","SUDBURY CLIMATE","6068145","2021-08-26 13:00","2021","08","26","13:00","19.2","","16.6","","85","","0.0","","36","","10","","","","97.97","","","","","","NA"
"-80.80","46.63","SUDBURY CLIMATE","6068145","2021-08-26 14:00","2021","08","26","14:00","20.8","","16.0","","74","","0.0","","36","","9","","","","97.97","","25","","","","NA"
"-80.80","46.63","SUDBURY CLIMATE","6068145","2021-08-26 15:00","2021","08","26","15:00","22.0","","14.3","","61","","0.0","","1","","10","","","","98.01","","26","","","","NA"
"-80.80","46.63","SUDBURY CLIMATE","6068145","2021-08-26 16:00","2021","08","26","16:00","22.8","","13.3","","55","","0.0","","3","","15","","","","98.02","","26","","","","NA"
"-80.80","46.63","SUDBURY CLIMATE","6068145","2021-08-26 17:00","2021","08","26","17:00","23.5","","13.0","","52","","0.0","","2","","14","","","","97.98","","26","","","","NA"
"-80.80","46.63","SUDBURY CLIMATE","6068145","2021-08-26 18:00","2021","08","26","18:00","24.4","","12.5","","48","","0.0","","3","","10","","","","97.97","","27","","","","NA"
"-80.80","46.63","SUDBURY CLIMATE","6068145","2021-08-26 19:00","2021","08","26","19:00","25.1","","11.8","","44","","0.0","","1","","8","","","","98.00","","27","","","","NA"
"-80.80","46.63","SUDBURY CLIMATE","6068145","2021-08-26 20:00","2021","08","26","20:00","24.9","","11.9","","44","","0.0","","1","","11","","","","97.99","","27","","","","NA"
"-80.80","46.63","SUDBURY CLIMATE","6068145","2021-08-26 21:00","2021","08","26","21:00","24.4","","12.4","","47","","0.0","","3","","11","","","","97.98","","27","","","","NA"
"-80.80","46.63","SUDBURY CLIMATE","6068145","2021-08-26 22:00","2021","08","26","22:00","24.2","","11.5","","45","","0.0","","2","","12","","","","97.98","","26","","","","NA"
"-80.80","46.63","SUDBURY CLIMATE","6068145","2021-08-26 23:00","2021","08","26","23:00","23.0","","12.7","","52","","0.0","","2","","7","","","","98.00","","26","","","","NA"
"-80.80","46.63","SUDBURY CLIMATE","6068145","2021-08-27 00:00","2021","08","27","00:00","20.1","","13.0","","64","","0.0","","4","","6","","","","97.97","","","","","","NA"
"-80.80","46.63","SUDBURY CLIMATE","6068145","2021-08-27 01:00","2021","08","27","01:00","19.0","","13.3","","69","","0.0","","3","","8","","","","98.02","","","","","","NA"
"-80.80","46.63","SUDBURY CLIMATE","6068145","2021-08-27 02:00","2021","08","27","02:00","19.1","","12.4","","65","","0.0","","4","","26","","","","98.10","","","","","","NA"
"-80.80","46.63","SUDBURY CLIMATE","6068145","2021-08-27 03:00","2021","08","27","03:00","17.4","","12.0","","71","","0.0","","3","","24","","","","98.19","","","","","","NA"
"-80.80","46.63","SUDBURY CLIMATE","6068145","2021-08-27 04:00","2021","08","27","04:00","15.9","","11.6","","76","","0.0","","4","","26","","","","98.25","","","","","","NA"
"-80.80","46.63","SUDBURY CLIMATE","6068145","2021-08-27 05:00","2021","08","27","05:00","14.5","","10.6","","77","","0.0","","3","","26","","","","98.33","","","","","","NA"
"-80.80","46.63","SUDBURY CLIMATE","6068145","2021-08-27 06:00","2021","08","27","06:00","13.7","","10.0","","78","","0.0","","4","","22","","","","98.31","","","","","","NA"
"-80.80","46.63","SUDBURY CLIMATE","6068145","2021-08-27 07:00","2021","08","27","07:00","13.2","","9.4","","77","","0.0","","4","","23","","","","98.31","","","","","","NA"
"-80.80","46.63","SUDBURY CLIMATE","6068145","2021-08-27 08:00","2021","08","27","08:00","12.8","","9.3","","79","","0.0","","4","","20","","","","98.34","","","","","","NA"
"-80.80","46.63","SUDBURY CLIMATE","6068145","2021-08-27 09:00","2021","08","27","09:00","12.6","","9.2","","80","","0.0","","5","","25","","","","98.32","","","","","","NA"
"-80.80","46.63","SUDBURY CLIMATE","6068145","2021-08-27 10:00","2021","08","27","10:00","12.4","","8.9","","79","","0.0","","5","","23","","","","98.34","","","","","","NA"
"-80.80","46.63","SUDBURY CLIMATE","6068145","2021-08-27 11:00","2021","08","27","11:00","12.4","","8.0","","75","","0.0","","5","","21","","","","98.39","","","","","","NA"
"-80.80","46.63","SUDBURY CLIMATE","6068145","2021-08-27 12:00","2021","08","27","12:00","12.5","","8.1","","74","","0.0","","6","","18","","","","98.45","","","","","","NA"
"-80.80","46.63","SUDBURY CLIMATE","6068145","2021-08-27 13:00","2021","08","27","13:00","13.2","","7.9","","71","","0.0","","7","","21","","","","98.44","","","","","","NA"
"-80.80","46.63","SUDBURY CLIMATE","6068145","2021-08-27 14:00","2021","08","27","14:00","14.2","","7.5","","64","","0.0","","6","","19","","","","98.50","","","","","","NA"
"-80.80","46.63","SUDBURY CLIMATE","6068145","2021-08-27 15:00","2021","08","27","15:00","13.5","","5.8","","59","","0.0","","8","","15","","","","98.53","","","","","","NA"
"-80.80","46.63","SUDBURY CLIMATE","6068145","2021-08-27 16:00","2021","08","27","16:00","13.7","","5.8","","59","","0.0","","7","","14","","","","98.53","","","","","","NA"
"-80.80","46.63","SUDBURY CLIMATE","6068145","2021-08-27 17:00","2021","08","27","17:00","14.0","","6.5","","61","","0.0","","7","","14","","","","98.53","","","","","","NA"
"-80.80","46.63","SUDBURY CLIMATE","6068145","2021-08-27 18:00","2021","08","27","18:00","15.0","","6.0","","55","","0.0","","8","","17","","","","98.49","","","","","","NA"
"-80.80","46.63","SUDBURY CLIMATE","6068145","2021-08-27 19:00","2021","08","27","19:00","15.4","","5.8","","53","","0.0","","7","","19","","","","98.44","","","","","","NA"
"-80.80","46.63","SUDBURY CLIMATE","6068145","2021-08-27 20:00","2021","08","27","20:00","15.3","","5.9","","53","","0.0","","5","","21","","","","98.40","","","","","","NA"
"-80.80","46.63","SUDBURY CLIMATE","6068145","2021-08-27 21:00","2021","08","27","21:00","14.9","","6.9","","59","","0.0","","6","","19","","","","98.36","","","","","","NA"
"-80.80","46.63","SUDBURY CLIMATE","6068145","2021-08-27 22:00","2021","08","27","22:00","15.0","","8.5","","65","","0.0","","7","","13","","","","98.39","","","","","","NA"
"-80.80","46.63","SUDBURY CLIMATE","6068145","2021-08-27 23:00","2021","08","27","23:00","13.5","","9.9","","79","","0.0","","6","","19","","","","98.32","","","","","","NA"
"-80.80","46.63","SUDBURY CLIMATE","6068145","2021-08-28 00:00","2021","08","28","00:00","13.1","","10.7","","85","","0.0","","7","","12","","","","98.34","","","","","","NA"
"-80.80","46.63","SUDBURY CLIMATE","6068145","2021-08-28 01:00","2021","08","28","01:00","12.8","","11.0","","89","","0.3","","9","","7","","","","98.34","","","","","","NA"
"-80.80","46.63","SUDBURY CLIMATE","6068145","2021-08-28 02:00","2021","08","28","02:00","13.0","","10.9","","87","","0.8","","9","","19","","","","98.26","","","","","","NA"
"-80.80","46.63","SUDBURY CLIMATE","6068145","2021-08-28 03:00","2021","08","28","03:00","12.6","","11.4","","92","","1.2","","8","","17","","","","98.27","","","","","","NA"
"-80.80","46.63","SUDBURY CLIMATE","6068145","2021-08-28 04:00","2021","08","28","04:00","12.7","","11.8","","94","","0.9","","7","","14","","","","98.27","","","","","","NA"
"-80.80","46.63","SUDBURY CLIMATE","6068145","2021-08-28 05:00","2021","08","28","05:00","13.0","","12.0","","94","","0.5","","9","","16","","","","98.21","","","","","","NA"
"-80.80","46.63","SUDBURY CLIMATE","6068145","2021-08-28 06:00","2021","08","28","06:00","13.1","","12.3","","95","","0.1","","10","","13","","","","98.20","","","","","","NA"
"-80.80","46.63","SUDBURY CLIMATE","6068145","2021-08-28 07:00","2021","08","28","07:00","12.8","","12.3","","97","","0.5","","8","","14","","","","98.15","","","","","","NA"
"-80.80","46.63","SUDBURY CLIMATE","6068145","2021-08-28 08:00","2021","08","28","08:00","12.9","","12.5","","97","","0.8","","9","","15","","","","98.09","","","","","","NA"
"-80.80","46.63","SUDBURY CLIMATE","6068145","2021-08-28 09:00","2021","08","28","09:00","13.1","","12.7","","97","","0.5","","10","","16","","","","98.04","","","","","","NA"
"-80.80","46.63","SUDBURY CLIMATE","6068145","2021-08-28 10:00","2021","08","28","10:00","13.1","","12.8","","98","","0.5","","11","","16","","","","98.01","","","","","","NA"
"-80.80","46.63","SUDBURY CLIMATE","6068145","2021-08-28 11:00","2021","08","28","11:00","13.3","","13.1","","99","","0.1","","12","","17","","","","97.99","","","","","","NA"
"-80.80","46.63","SUDBURY CLIMATE","6068145","2021-08-28 12:00","2021","08","28","12:00","14.0","","13.4","","96","","0.0","","14","","23","","","","97.98","","","","","","NA"
"-80.80","46.63","SUDBURY CLIMATE","6068145","2021-08-28 13:00","2021","08","28","13:00","14.5","","13.6","","94","","0.9","","14","","15","","","","98.00","","","","","","NA"
"-80.80","46.63","SUDBURY CLIMATE","6068145","2021-08-28 14:00","2021","08","28","14:00","15.1","","14.3","","95","","0.0","","15","","16","","","","97.96","","","","","","NA"
"-80.80","46.63","SUDBURY CLIMATE","6068145","2021-08-28 15:00","2021","08","28","15:00","15.5","","14.8","","96","","0.1","","15","","16","","","","97.92","","","","","","NA"
"-80.80","46.63","SUDBURY CLIMATE","6068145","2021-08-28 16:00","2021","08","28","16:00","16.4","","15.0","","92","","0.0","","14","","17","","","","97.88","","","","","","NA"
"-80.80","46.63","SUDBURY CLIMATE","6068145","2021-08-28 17:00","2021","08","28","17:00","17.2","","15.8","","91","","0.0","","15","","13","","","","97.91","","","","","","NA"
"-80.80","46.63","SUDBURY CLIMATE","6068145","2021-08-28 18:00","2021","08","28","18:00","18.0","","16.7","","92","","0.0","","16","","13","","","","97.91","","","","","","NA"
"-80.80","46.63","SUDBURY CLIMATE","6068145","2021-08-28 19:00","2021","08","28","19:00","18.8","","17.5","","92","","0.0","","16","","10","","","","97.85","","","","","","NA"
"-80.80","46.63","SUDBURY CLIMATE","6068145","2021-08-28 20:00","2021","08","28","20:00","19.5","","17.9","","91","","0.0","","16","","9","","","","97.85","","","","","","NA"
"-80.80","46.63","SUDBURY CLIMATE","6068145","2021-08-28 21:00","2021","08","28","21:00","20.4","","18.6","","89","","0.0","","14","","10","","","","97.80","","27","","","","NA"
"-80.80","46.63","SUDBURY CLIMATE","6068145","2021-08-28 22:00","2021","08","28","22:00","20.4","","18.7","","90","","0.0","","12","","8","","","","97.80","","27","","","","NA"
"-80.80","46.63","SUDBURY CLIMATE","6068145","2021-08-28 23:00","2021","08","28","23:00","20.3","","18.9","","92","","0.0","","15","","9","","","","97.82","","27","","","","NA"
"-80.80","46.63","SUDBURY CLIMATE","6068145","2021-08-29 00:00","2021","08","29","00:00","19.9","","19.1","","95","","0.1","","14","","9","","","","97.75","","","","","","NA"
"-80.80","46.63","SUDBURY CLIMATE","6068145","2021-08-29 01:00","2021","08","29","01:00","18.9","","18.7","","99","","0.0","","13","","5","","","","97.80","","","","","","NA"
"-80.80","46.63","SUDBURY CLIMATE","6068145","2021-08-29 02:00","2021","08","29","02:00","19.1","","18.8","","98","","0.0","","12","","12","","","","97.79","","","","","","NA"
"-80.80","46.63","SUDBURY CLIMATE","6068145","2021-08-29 03:00","2021","08","29","03:00","18.9","","18.8","","99","","0.1","","14","","13","","","","97.76","","","","","","NA"
"-80.80","46.63","SUDBURY CLIMATE","6068145","2021-08-29 04:00","2021","08","29","04:00","18.6","","18.6","","100","","0.0","","14","","9","","","","97.74","","","","","","NA"
"-80.80","46.63","SUDBURY CLIMATE","6068145","2021-08-29 05:00","2021","08","29","05:00","18.8","","18.8","","100","","0.0","","16","","10","","","","97.70","","","","","","NA"
"-80.80","46.63","SUDBURY CLIMATE","6068145","2021-08-29 06:00","2021","08","29","06:00","18.8","","18.8","","100","","0.0","","17","","11","","","","97.61","","","","","","NA"
"-80.80","46.63","SUDBURY CLIMATE","6068145","2021-08-29 07:00","2021","08","29","07:00","18.7","","18.7","","100","","0.0","","20","","8","","","","97.58","","","","","","NA"
"-80.80","46.63","SUDBURY CLIMATE","6068145","2021-08-29 08:00","2021","08","29","08:00","19.1","","19.1","","100","","0.0","","20","","8","","","","97.56","","","","","","NA"
"-80.80","46.63","SUDBURY CLIMATE","6068145","2021-08-29 09:00","2021","08","29","09:00","19.2","","19.2","","100","","0.1","","22","","9","","","","97.55","","","","","","NA"
"-80.80","46.63","SUDBURY CLIMATE","6068145","2021-08-29 10:00","2021","08","29","10:00","19.2","","19.2","","100","","0.1","","23","","8","","","","97.54","","","","","","NA"
"-80.80","46.63","SUDBURY CLIMATE","6068145","2021-08-29 11:00","2021","08","29","11:00","19.4","","19.4","","100","","0.0","","21","","9","","","","97.52","","","","","","NA"
"-80.80","46.63","SUDBURY CLIMATE","6068145","2021-08-29 12:00","2021","08","29","12:00","19.6","","19.6","","100","","0.0","","20","","16","","","","97.51","","","","","","NA"
"-80.80","46.63","SUDBURY CLIMATE","6068145","2021-08-29 13:00","2021","08","29","13:00","19.9","","19.9","","100","","0.2","","19","","19","","","","97.52","","","","","","NA"
"-80.80","46.63","SUDBURY CLIMATE","6068145","2021-08-29 14:00","2021","08","29","14:00","20.3","","20.3","","100","","0.1","","19","","19","","","","97.44","","28","","","","NA"
"-80.80","46.63","SUDBURY CLIMATE","6068145","2021-08-29 15:00","2021","08","29","15:00","21.7","","21.7","","100","","0.0","","20","","20","","","","97.36","","31","","","","NA"
"-80.80","46.63","SUDBURY CLIMATE","6068145","2021-08-29 16:00","2021","08","29","16:00","24.8","","21.3","","81","","0.0","","21","","18","","","","97.23","","33","","","","NA"
"-80.80","46.63","SUDBURY CLIMATE","6068145","2021-08-29 17:00","2021","08","29","17:00","26.9","","20.8","","69","","0.0","","21","","26","","","","97.18","","35","","","","NA"
"-80.80","46.63","SUDBURY CLIMATE","6068145","2021-08-29 18:00","2021","08","29","18:00","26.2","","20.2","","70","","0.0","","19","","32","","","","97.09","","34","","","","NA"
"-80.80","46.63","SUDBURY CLIMATE","6068145","2021-08-29 19:00","2021","08","29","19:00","25.6","","20.6","","74","","0.0","","20","","29","","","","97.01","","34","","","","NA"
"-80.80","46.63","SUDBURY CLIMATE","6068145","2021-08-29 20:00","2021","08","29","20:00","26.2","","20.2","","70","","0.0","","21","","30","","","","96.96","","34","","","","NA"
"-80.80","46.63","SUDBURY CLIMATE","6068145","2021-08-29 21:00","2021","08","29","21:00","25.2","","20.7","","76","","0.0","","20","","34","","","","96.90","","33","","","","NA"
"-80.80","46.63","SUDBURY CLIMATE","6068145","2021-08-29 22:00","2021","08","29","22:00","23.1","","21.4","","90","","0.0","","21","","31","","","","97.05","","32","","","","NA"
"-80.80","46.63","SUDBURY CLIMATE","6068145","2021-08-29 23:00","2021","08","29","23:00","18.9","","18.6","","98","","11.3","","21","","18","","","","96.75","","","","","","NA"
"-80.80","46.63","SUDBURY CLIMATE","6068145","2021-08-30 00:00","2021","08","30","00:00","18.9","","18.7","","99","","0.0","","20","","23","","","","96.73","","","","","","NA"
"-80.80","46.63","SUDBURY CLIMATE","6068145","2021-08-30 01:00","2021","08","30","01:00","19.1","","18.9","","98","","0.0","","20","","19","","","","96.77","","","","","","NA"
"-80.80","46.63","SUDBURY CLIMATE","6068145","2021-08-30 02:00","2021","08","30","02:00","19.4","","19.3","","99","","0.1","","23","","17","","","","96.77","","","","","","NA"
"-80.80","46.63","SUDBURY CLIMATE","6068145","2021-08-30 03:00","2021","08","30","03:00","19.0","","19.0","","100","","0.0","","22","","15","","","","96.78","","","","","","NA"
"-80.80","46.63","SUDBURY CLIMATE","6068145","2021-08-30 04:00","2021","08","30","04:00","18.4","","15.6","","84","","0.0","","27","","13","","","","96.79","","","","","","NA"
"-80.80","46.63","SUDBURY CLIMATE","6068145","2021-08-30 05:00","2021","08","30","05:00","17.8","","15.1","","84","","0.0","","24","","12","","","","96.78","","","","","","NA"
"-80.80","46.63","SUDBURY CLIMATE","6068145","2021-08-30 06:00","2021","08","30","06:00","16.8","","14.9","","89","","0.0","","24","","15","","","","96.80","","","","","","NA"
"-80.80","46.63","SUDBURY CLIMATE","6068145","2021-08-30 07:00","2021","08","30","07:00","15.4","","14.7","","96","","0.0","","22","","13","","","","96.78","","","","","","NA"
"-80.80","46.63","SUDBURY CLIMATE","6068145","2021-08-30 08:00","2021","08","30","08:00","15.1","","13.7","","91","","0.0","","24","","11","","","","96.78","","","","","","NA"
"-80.80","46.63","SUDBURY CLIMATE","6068145","2021-08-30 09:00","2021","08","30","09:00","15.1","","14.0","","93","","0.0","","25","","9","","","","96.79","","","","","","NA"
"-80.80","46.63","SUDBURY CLIMATE","6068145","2021-08-30 10:00","2021","08","30","10:00","14.9","","13.9","","94","","0.0","","26","","8","","","","96.80","","","","","","NA"
"-80.80","46.63","SUDBURY CLIMATE","6068145","2021-08-30 11:00","2021","08","30","11:00","15.0","","13.8","","92","","0.0","","25","","8","","","","96.84","","","","","","NA"
"-80.80","46.63","SUDBURY CLIMATE","6068145","2021-08-30 12:00","2021","08","30","12:00","16.4","","14.2","","87","","0.0","","27","","11","","","","96.85","","","","","","NA"
"-80.80","46.63","SUDBURY CLIMATE","6068145","2021-08-30 13:00","2021","08","30","13:00","17.5","","14.7","","84","","0.0","","27","","14","","","","96.84","","","","","","NA"
"-80.80","46.63","SUDBURY CLIMATE","6068145","2021-08-30 14:00","2021","08","30","14:00","19.1","","15.1","","78","","0.0","","26","","14","","","","96.83","","","","","","NA"
"-80.80","46.63","SUDBURY CLIMATE","6068145","2021-08-30 15:00","2021","08","30","15:00","20.7","","15.2","","71","","0.0","","26","","14","","","","96.82","","25","","","","NA"
"-80.80","46.63","SUDBURY CLIMATE","6068145","2021-08-30 16:00","2021","08","30","16:00","21.8","","14.8","","65","","0.0","","26","","16","","","","96.79","","26","","","","NA"
"-80.80","46.63","SUDBURY CLIMATE","6068145","2021-08-30 17:00","2021","08","30","17:00","22.6","","14.5","","60","","0.0","","28","","13","","","","96.77","","26","","","","NA"
"-80.80","46.63","SUDBURY CLIMATE","6068145","2021-08-30 18:00","2021","08","30","18:00","22.5","","14.2","","59","","0.0","","29","","11","","","","96.73","","26","","","","NA"
"-80.80","46.63","SUDBURY CLIMATE","6068145","2021-08-30 19:00","2021","08","30","19:00","24.4","","13.5","","51","","0.0","","27","","15","","","","96.68","","27","","","","NA"
"-80.80","46.63","SUDBURY CLIMATE","6068145","2021-08-30 20:00","2021","08","30","20:00","23.7","","13.4","","52","","0.0","","26","","13","","","","96.66","","27","","","","NA"
"-80.80","46.63","SUDBURY CLIMATE","6068145","2021-08-30 21:00","2021","08","30","21:00","23.1","","13.8","","56","","0.0","","30","","10","","","","96.65","","26","","","","NA"
"-80.80","46.63","SUDBURY CLIMATE","6068145","2021-08-30 22:00","2021","08","30","22:00","21.9","","14.2","","61","","0.0","","30","","7","","","","96.65","","25","","","","NA"
"-80.80","46.63","SUDBURY CLIMATE","6068145","2021-08-30 23:00","2021","08","30","23:00","21.8","","13.2","","58","","0.0","","28","","10","","","","96.65","","25","","","","NA"
"-80.80","46.63","SUDBURY CLIMATE","6068145","2021-08-31 00:00","2021","08","31","00:00","20.0","","13.6","","66","","0.0","","26","","8","","","","96.68","","","","","","NA"
"-80.80","46.63","SUDBURY CLIMATE","6068145","2021-08-31 01:00","2021","08","31","01:00","17.9","","12.9","","73","","0.0","","28","","8","","","","96.75","","","","","","NA"
"-80.80","46.63","SUDBURY CLIMATE","6068145","2021-08-31 02:00","2021","08","31","02:00","16.8","","13.1","","79","","0.0","","31","","7","","","","96.83","","","","","","NA"
"-80.80","46.63","SUDBURY CLIMATE","6068145","2021-08-31 03:00","2021","08","31","03:00","16.4","","11.2","","71","","0.0","","32","","8","","","","96.84","","","","","","NA"
"-80.80","46.63","SUDBURY CLIMATE","6068145","2021-08-31 04:00","2021","08","31","04:00","15.6","","10.8","","73","","0.0","","33","","9","","","","96.87","","","","","","NA"
"-80.80","46.63","SUDBURY CLIMATE","6068145","2021-08-31 05:00","2021","08","31","05:00","14.2","","10.8","","80","","0.0","","31","","7","","","","96.88","","","","","","NA"
"-80.80","46.63","SUDBURY CLIMATE","6068145","2021-08-31 06:00","2021","08","31","06:00","13.6","","11.0","","84","","0.0","","32","","7","","","","96.88","","","","","","NA"
"-80.80","46.63","SUDBURY CLIMATE","6068145","2021-08-31 07:00","2021","08","31","07:00","12.7","","11.3","","91","","0.0","","31","","6","","","","96.89","","","","","","NA"
"-80.80","46.63","SUDBURY CLIMATE","6068145","2021-08-31 08:00","2021","08","31","08:00","11.8","","11.0","","95","","0.0","","30","","4","","","","96.92","","","","","","NA"
"-80.80","46.63","SUDBURY CLIMATE","6068145","2021-08-31 09:00","2021","08","31","09:00","10.9","","10.7","","99","","0.0","","33","","3","","","","96.93","","","","","","NA"
"-80.80","46.63","SUDBURY CLIMATE","6068145","2021-08-31 10:00","2021","08","31","10:00","10.1","","10.1","","100","","0.0","","28","","5","","","","96.96","","","","","","NA"
"-80.80","46.63","SUDBURY CLIMATE","6068145","2021-08-31 11:00","2021","08","31","11:00","10.4","","10.3","","100","","0.0","","29","","5","","","","96.97","","","","","","NA"
"-80.80","46.63","SUDBURY CLIMATE","6068145","2021-08-31 12:00","2021","08","31","12:00","11.0","","11.0","","100","","0.0","","28","","6","","","","97.02","","","","","","NA"
"-80.80","46.63","SUDBURY CLIMATE","6068145","2021-08-31 13:00","2021","08","31","13:00","13.4","","12.4","","94","","0.0","","29","","5","","","","97.05","","","","","","NA"
"-80.80","46.63","SUDBURY CLIMATE","6068145","2021-08-31 14:00","2021","08","31","14:00","15.7","","11.1","","74","","0.0","","31","","8","","","","97.07","","","","","","NA"
"-80.80","46.63","SUDBURY CLIMATE","6068145","2021-08-31 15:00","2021","08","31","15:00","17.8","","9.6","","59","","0.0","","32","","11","","","","97.05","","","","","","NA"
"-80.80","46.63","SUDBURY CLIMATE","6068145","2021-08-31 16:00","2021","08","31","16:00","18.8","","9.4","","54","","0.0","","29","","8","","","","97.06","","","","","","NA"
"-80.80","46.63","SUDBURY CLIMATE","6068145","2021-08-31 17:00","2021","08","31","17:00","20.0","","8.4","","47","","0.0","","33","","10","","","","97.04","","","","","","NA"
"-80.80","46.63","SUDBURY CLIMATE","6068145","2021-08-31 18:00","2021","08","31","18:00","20.7","","6.5","","40","","0.0","","36","","14","","","","97.01","","","","","","NA"
"-80.80","46.63","SUDBURY CLIMATE","6068145","2021-08-31 19:00","2021","08","31","19:00","21.0","","9.8","","49","","0.0","","2","","13","","","","97.00","","","","","","NA"
"-80.80","46.63","SUDBURY CLIMATE","6068145","2021-08-31 20:00","2021","08","31","20:00","20.1","","10.5","","54","","0.0","","35","","8","","","","96.99","","","","","","NA"
"-80.80","46.63","SUDBURY CLIMATE","6068145","2021-08-31 21:00","2021","08","31","21:00","20.9","","10.0","","50","","0.0","","35","","15","","","","97.00","","","","","","NA"
"-80.80","46.63","SUDBURY CLIMATE","6068145","2021-08-31 22:00","2021","08","31","22:00","20.6","","9.3","","48","","0.0","","34","","13","","","","97.01","","","","","","NA"
"-80.80","46.63","SUDBURY CLIMATE","6068145","2021-08-31 23:00","2021","08","31","23:00","19.4","","10.1","","55","","0.0","","1","","11","","","","97.02","","","","","","NA"
