"Longitude (x)","Latitude (y)","Station Name","Climate ID","Date/Time (UTC)","Year","Month","Day","Time (UTC)","Temp (°C)","Temp Flag","Dew Point Temp (°C)","Dew Point Temp Flag","Rel Hum (%)","Rel Hum Flag","Precip. Amount (mm)","Precip. Amount Flag","Wind Dir (10s deg)","Wind Dir Flag","Wind Spd (km/h)","Wind Spd Flag","Visibility (km)","Visibility Flag","Stn Press (kPa)","Stn Press Flag","Hmdx","Hmdx Flag","Wind Chill","Wind Chill Flag","Weather"
"-80.80","46.63","SUDBURY CLIMATE","6068145","2020-02-01 00:00","2020","02","01","00:00","-5.5","","-6.2","","95","","0.0","","17","","12","","","","97.66","","","","-10","","NA"
"-80.80","46.63","SUDBURY CLIMATE","6068145","2020-02-01 01:00","2020","02","01","01:00","-4.7","","-5.3","","96","","0.2","","18","","12","","","","97.66","","","","-9","","NA"
"-80.80","46.63","SUDBURY CLIMATE","6068145","2020-02-01 02:00","2020","02","01","02:00","-4.6","","-5.2","","96","","0.0","","16","","17","","","","97.61","","","","-10","","NA"
"-80.80","46.63","SUDBURY CLIMATE","6068145","2020-02-01 03:00","2020","02","01","03:00","-4.4","","-4.9","","96","","0.0","","18","","17","","","","97.56","","","","-10","","NA"
"-80.80","46.63","SUDBURY CLIMATE","6068145","2020-02-01 04:00","2020","02","01","04:00","-4.2","","-4.8","","96","","0.0","","18","","15","","","","97.46","","","","-10","","NA"
"-80.80","46.63","SUDBURY CLIMATE","6068145","2020-02-01 05:00","2020","02","01","05:00","-3.9","","-4.4","","96","","0.0","","20","","13","","","","97.39","","","","-9","","NA"
"-80.80","46.63","SUDBURY CLIMATE","6068145","2020-02-01 06:00","2020","02","01","06:00","-3.5","","-4.0","","96","","0.0","","19","","16","","","","97.29","","","","-9","","NA"
"-80.80","46.63","SUDBURY CLIMATE","6068145","2020-02-01 07:00","2020","02","01","07:00","-3.4","","-3.8","","97","","0.0","","19","","18","","","","97.21","","","","-9","","NA"
"-80.80","46.63","SUDBURY CLIMATE","6068145","2020-02-01 08:00","2020","02","01","08:00","-3.1","","-3.6","","97","","0.0","","20","","18","","","","97.18","","","","-9","","NA"
"-80.80","46.63","SUDBURY CLIMATE","6068145","2020-02-01 09:00","2020","02","01","09:00","-2.6","","-3.0","","97","","0.0","","20","","20","","","","97.10","","","","-9","","NA"
"-80.80","46.63","SUDBURY CLIMATE","6068145","2020-02-01 10:00","2020","02","01","10:00","-2.3","","-2.7","","97","","0.0","","20","","20","","","","97.03","","","","-8","","NA"
"-80.80","46.63","SUDBURY CLIMATE","6068145","2020-02-01 11:00","2020","02","01","11:00","-2.2","","-2.6","","97","","0.0","","22","","19","","","","97.00","","","","-8","","NA"
"-80.80","46.63","SUDBURY CLIMATE","6068145","2020-02-01 12:00","2020","02","01","12:00","-2.5","","-3.0","","96","","0.0","","19","","16","","","","96.96","","","","-8","","NA"
"-80.80","46.63","SUDBURY CLIMATE","6068145","2020-02-01 13:00","2020","02","01","13:00","-2.4","","-2.9","","97","","0.0","","19","","17","","","","96.92","","","","-8","","NA"
"-80.80","46.63","SUDBURY CLIMATE","6068145","2020-02-01 14:00","2020","02","01","14:00","-2.2","","-2.8","","96","","0.0","","17","","18","","","","96.84","","","","-8","","NA"
"-80.80","46.63","SUDBURY CLIMATE","6068145","2020-02-01 15:00","2020","02","01","15:00","-1.8","","-2.6","","95","","0.0","","19","","23","","","","96.77","","","","-8","","NA"
"-80.80","46.63","SUDBURY CLIMATE","6068145","2020-02-01 16:00","2020","02","01","16:00","-1.3","","-2.1","","94","","0.2","","17","","24","","","","96.67","","","","-7","","NA"
"-80.80","46.63","SUDBURY CLIMATE","6068145","2020-02-01 17:00","2020","02","01","17:00","-0.8","","-1.7","","93","","0.0","","18","","27","","","","96.56","","","","-7","","NA"
"-80.80","46.63","SUDBURY CLIMATE","6068145","2020-02-01 18:00","2020","02","01","18:00","-0.6","","-1.5","","93","","0.0","","19","","25","","","","96.42","","","","-7","","NA"
"-80.80","46.63","SUDBURY CLIMATE","6068145","2020-02-01 19:00","2020","02","01","19:00","-0.5","","-1.4","","94","","0.0","","18","","25","","","","96.30","","","","-7","","NA"
"-80.80","46.63","SUDBURY CLIMATE","6068145","2020-02-01 20:00","2020","02","01","20:00","-0.5","","-1.4","","94","","0.2","","18","","30","","","","96.20","","","","-7","","NA"
"-80.80","46.63","SUDBURY CLIMATE","6068145","2020-02-01 21:00","2020","02","01","21:00","-0.7","","-1.5","","95","","0.0","","19","","27","","","","96.16","","","","-7","","NA"
"-80.80","46.63","SUDBURY CLIMATE","6068145","2020-02-01 22:00","2020","02","01","22:00","-0.8","","-1.5","","95","","0.0","","19","","29","","","","96.11","","","","-7","","NA"
"-80.80","46.63","SUDBURY CLIMATE","6068145","2020-02-01 23:00","2020","02","01","23:00","-0.9","","-1.5","","96","","0.2","","18","","27","","","","96.10","","","","-7","","NA"
"-80.80","46.63","SUDBURY CLIMATE","6068145","2020-02-02 00:00","2020","02","02","00:00","-1.3","","-1.8","","96","","0.2","","18","","22","","","","96.05","","","","-7","","NA"
"-80.80","46.63","SUDBURY CLIMATE","6068145","2020-02-02 01:00","2020","02","02","01:00","-1.3","","-1.8","","96","","0.3","","18","","20","","","","96.00","","","","-7","","NA"
"-80.80","46.63","SUDBURY CLIMATE","6068145","2020-02-02 02:00","2020","02","02","02:00","-1.6","","-2.1","","97","","0.2","","17","","23","","","","95.93","","","","-8","","NA"
"-80.80","46.63","SUDBURY CLIMATE","6068145","2020-02-02 03:00","2020","02","02","03:00","-1.7","","-2.1","","97","","0.0","","17","","21","","","","95.89","","","","-8","","NA"
"-80.80","46.63","SUDBURY CLIMATE","6068145","2020-02-02 04:00","2020","02","02","04:00","-1.7","","-2.1","","97","","0.3","","20","","13","","","","95.81","","","","-6","","NA"
"-80.80","46.63","SUDBURY CLIMATE","6068145","2020-02-02 05:00","2020","02","02","05:00","-1.6","","-2.0","","97","","0.0","","22","","10","","","","95.74","","","","-5","","NA"
"-80.80","46.63","SUDBURY CLIMATE","6068145","2020-02-02 06:00","2020","02","02","06:00","-4.3","","-5.0","","95","","0.0","","23","","11","","","","95.70","","","","-9","","NA"
"-80.80","46.63","SUDBURY CLIMATE","6068145","2020-02-02 07:00","2020","02","02","07:00","-3.4","","-3.6","","98","","0.0","","22","","16","","","","95.66","","","","-9","","NA"
"-80.80","46.63","SUDBURY CLIMATE","6068145","2020-02-02 08:00","2020","02","02","08:00","-3.5","","-3.7","","98","","0.0","","21","","11","","","","95.62","","","","-8","","NA"
"-80.80","46.63","SUDBURY CLIMATE","6068145","2020-02-02 09:00","2020","02","02","09:00","-3.9","","-4.3","","97","","0.0","","19","","13","","","","95.55","","","","-9","","NA"
"-80.80","46.63","SUDBURY CLIMATE","6068145","2020-02-02 10:00","2020","02","02","10:00","-3.0","","-3.4","","97","","0.0","","24","","9","","","","95.55","","","","-7","","NA"
"-80.80","46.63","SUDBURY CLIMATE","6068145","2020-02-02 11:00","2020","02","02","11:00","-3.0","","-3.4","","97","","0.0","","17","","10","","","","95.48","","","","-7","","NA"
"-80.80","46.63","SUDBURY CLIMATE","6068145","2020-02-02 12:00","2020","02","02","12:00","-3.2","","-3.5","","98","","0.0","","16","","11","","","","95.44","","","","-7","","NA"
"-80.80","46.63","SUDBURY CLIMATE","6068145","2020-02-02 13:00","2020","02","02","13:00","-3.1","","-3.4","","98","","0.0","","15","","12","","","","95.36","","","","-8","","NA"
"-80.80","46.63","SUDBURY CLIMATE","6068145","2020-02-02 14:00","2020","02","02","14:00","-2.8","","-3.1","","98","","0.0","","16","","10","","","","95.37","","","","-7","","NA"
"-80.80","46.63","SUDBURY CLIMATE","6068145","2020-02-02 15:00","2020","02","02","15:00","-2.0","","-2.4","","98","","0.0","","18","","12","","","","95.32","","","","-6","","NA"
"-80.80","46.63","SUDBURY CLIMATE","6068145","2020-02-02 16:00","2020","02","02","16:00","-1.4","","-1.8","","97","","0.0","","18","","12","","","","95.26","","","","-5","","NA"
"-80.80","46.63","SUDBURY CLIMATE","6068145","2020-02-02 17:00","2020","02","02","17:00","-1.1","","-1.5","","97","","0.0","","21","","12","","","","95.22","","","","-5","","NA"
"-80.80","46.63","SUDBURY CLIMATE","6068145","2020-02-02 18:00","2020","02","02","18:00","-0.9","","-1.6","","95","","0.0","","20","","11","","","","95.19","","","","-5","","NA"
"-80.80","46.63","SUDBURY CLIMATE","6068145","2020-02-02 19:00","2020","02","02","19:00","-0.8","","-1.8","","93","","0.0","","20","","7","","","","95.17","","","","-3","","NA"
"-80.80","46.63","SUDBURY CLIMATE","6068145","2020-02-02 20:00","2020","02","02","20:00","-0.5","","-1.6","","92","","0.0","","18","","7","","","","95.18","","","","-3","","NA"
"-80.80","46.63","SUDBURY CLIMATE","6068145","2020-02-02 21:00","2020","02","02","21:00","-0.2","","-0.8","","96","","0.2","","20","","9","","","","95.23","","","","-3","","NA"
"-80.80","46.63","SUDBURY CLIMATE","6068145","2020-02-02 22:00","2020","02","02","22:00","-0.3","","-0.7","","97","","0.3","","22","","10","","","","95.33","","","","-4","","NA"
"-80.80","46.63","SUDBURY CLIMATE","6068145","2020-02-02 23:00","2020","02","02","23:00","-0.5","","-0.8","","98","","0.0","","21","","10","","","","95.37","","","","-4","","NA"
"-80.80","46.63","SUDBURY CLIMATE","6068145","2020-02-03 00:00","2020","02","03","00:00","-0.4","","-0.7","","98","","0.0","","21","","11","","","","95.45","","","","-4","","NA"
"-80.80","46.63","SUDBURY CLIMATE","6068145","2020-02-03 01:00","2020","02","03","01:00","-0.3","","-0.6","","98","","0.0","","22","","12","","","","95.49","","","","-4","","NA"
"-80.80","46.63","SUDBURY CLIMATE","6068145","2020-02-03 02:00","2020","02","03","02:00","-0.4","","-0.6","","99","","0.2","","20","","10","","","","95.48","","","","-4","","NA"
"-80.80","46.63","SUDBURY CLIMATE","6068145","2020-02-03 03:00","2020","02","03","03:00","-0.5","","-0.7","","99","","0.0","","22","","13","","","","95.56","","","","-5","","NA"
"-80.80","46.63","SUDBURY CLIMATE","6068145","2020-02-03 04:00","2020","02","03","04:00","-0.5","","-0.7","","99","","0.0","","22","","12","","","","95.62","","","","-4","","NA"
"-80.80","46.63","SUDBURY CLIMATE","6068145","2020-02-03 05:00","2020","02","03","05:00","-0.5","","-0.7","","99","","0.0","","23","","15","","","","95.71","","","","-5","","NA"
"-80.80","46.63","SUDBURY CLIMATE","6068145","2020-02-03 06:00","2020","02","03","06:00","-0.5","","-0.8","","98","","0.2","","23","","15","","","","95.73","","","","-5","","NA"
"-80.80","46.63","SUDBURY CLIMATE","6068145","2020-02-03 07:00","2020","02","03","07:00","-0.9","","-1.2","","98","","0.0","","23","","12","","","","95.76","","","","-5","","NA"
"-80.80","46.63","SUDBURY CLIMATE","6068145","2020-02-03 08:00","2020","02","03","08:00","-1.5","","-1.8","","97","","0.0","","24","","10","","","","95.82","","","","-5","","NA"
"-80.80","46.63","SUDBURY CLIMATE","6068145","2020-02-03 09:00","2020","02","03","09:00","-0.8","","-1.6","","94","","0.0","","24","","14","","","","95.90","","","","-5","","NA"
"-80.80","46.63","SUDBURY CLIMATE","6068145","2020-02-03 10:00","2020","02","03","10:00","-0.7","","-1.7","","93","","0.0","","24","","16","","","","95.99","","","","-5","","NA"
"-80.80","46.63","SUDBURY CLIMATE","6068145","2020-02-03 11:00","2020","02","03","11:00","-0.8","","-2.0","","92","","0.0","","27","","12","","","","96.04","","","","-5","","NA"
"-80.80","46.63","SUDBURY CLIMATE","6068145","2020-02-03 12:00","2020","02","03","12:00","-1.1","","-2.3","","92","","0.0","","29","","13","","","","96.20","","","","-5","","NA"
"-80.80","46.63","SUDBURY CLIMATE","6068145","2020-02-03 13:00","2020","02","03","13:00","-1.9","","-4.3","","84","","0.0","","31","","11","","","","96.30","","","","-6","","NA"
"-80.80","46.63","SUDBURY CLIMATE","6068145","2020-02-03 14:00","2020","02","03","14:00","-2.5","","-5.5","","80","","0.0","","31","","15","","","","96.50","","","","-7","","NA"
"-80.80","46.63","SUDBURY CLIMATE","6068145","2020-02-03 15:00","2020","02","03","15:00","-2.3","","-6.1","","75","","0.0","","30","","10","","","","96.50","","","","-6","","NA"
"-80.80","46.63","SUDBURY CLIMATE","6068145","2020-02-03 16:00","2020","02","03","16:00","-1.7","","-6.5","","69","","0.0","","27","","8","","","","96.60","","","","-5","","NA"
"-80.80","46.63","SUDBURY CLIMATE","6068145","2020-02-03 17:00","2020","02","03","17:00","-0.8","","-6.1","","67","","0.0","","26","","9","","","","96.59","","","","-4","","NA"
"-80.80","46.63","SUDBURY CLIMATE","6068145","2020-02-03 18:00","2020","02","03","18:00","-0.9","","-6.5","","66","","0.0","","24","","13","","","","96.61","","","","-5","","NA"
"-80.80","46.63","SUDBURY CLIMATE","6068145","2020-02-03 19:00","2020","02","03","19:00","-0.3","","-6.1","","65","","0.0","","24","","16","","","","96.64","","","","-5","","NA"
"-80.80","46.63","SUDBURY CLIMATE","6068145","2020-02-03 20:00","2020","02","03","20:00","0.3","","-6.2","","62","","0.0","","25","","11","","","","96.65","","","","","","NA"
"-80.80","46.63","SUDBURY CLIMATE","6068145","2020-02-03 21:00","2020","02","03","21:00","-0.5","","-4.7","","73","","0.0","","22","","21","","","","96.68","","","","-6","","NA"
"-80.80","46.63","SUDBURY CLIMATE","6068145","2020-02-03 22:00","2020","02","03","22:00","-0.7","","-5.0","","72","","0.0","","23","","17","","","","96.69","","","","-6","","NA"
"-80.80","46.63","SUDBURY CLIMATE","6068145","2020-02-03 23:00","2020","02","03","23:00","-1.5","","-4.7","","79","","0.0","","22","","12","","","","96.73","","","","-6","","NA"
"-80.80","46.63","SUDBURY CLIMATE","6068145","2020-02-04 00:00","2020","02","04","00:00","-2.0","","-4.6","","82","","0.0","","22","","8","","","","96.71","","","","-5","","NA"
"-80.80","46.63","SUDBURY CLIMATE","6068145","2020-02-04 01:00","2020","02","04","01:00","-2.4","","-4.6","","85","","0.0","","22","","8","","","","96.72","","","","-6","","NA"
"-80.80","46.63","SUDBURY CLIMATE","6068145","2020-02-04 02:00","2020","02","04","02:00","-2.0","","-4.3","","84","","0.0","","23","","8","","","","96.71","","","","-5","","NA"
"-80.80","46.63","SUDBURY CLIMATE","6068145","2020-02-04 03:00","2020","02","04","03:00","-2.0","","-4.3","","84","","0.0","","24","","5","","","","96.71","","","","-4","","NA"
"-80.80","46.63","SUDBURY CLIMATE","6068145","2020-02-04 04:00","2020","02","04","04:00","-2.1","","-4.2","","86","","0.0","","26","","5","","","","96.72","","","","-4","","NA"
"-80.80","46.63","SUDBURY CLIMATE","6068145","2020-02-04 05:00","2020","02","04","05:00","-2.1","","-4.0","","87","","0.0","","26","","6","","","","96.73","","","","-4","","NA"
"-80.80","46.63","SUDBURY CLIMATE","6068145","2020-02-04 06:00","2020","02","04","06:00","-2.2","","-4.2","","86","","0.0","","25","","6","","","","96.75","","","","-5","","NA"
"-80.80","46.63","SUDBURY CLIMATE","6068145","2020-02-04 07:00","2020","02","04","07:00","-2.4","","-4.7","","84","","0.0","","29","","7","","","","96.73","","","","-5","","NA"
"-80.80","46.63","SUDBURY CLIMATE","6068145","2020-02-04 08:00","2020","02","04","08:00","-2.8","","-5.1","","84","","0.0","","30","","5","","","","96.71","","","","-5","","NA"
"-80.80","46.63","SUDBURY CLIMATE","6068145","2020-02-04 09:00","2020","02","04","09:00","-3.0","","-5.6","","82","","0.0","","30","","6","","","","96.71","","","","-5","","NA"
"-80.80","46.63","SUDBURY CLIMATE","6068145","2020-02-04 10:00","2020","02","04","10:00","-3.2","","-6.1","","80","","0.0","","31","","9","","","","96.76","","","","-7","","NA"
"-80.80","46.63","SUDBURY CLIMATE","6068145","2020-02-04 11:00","2020","02","04","11:00","-3.4","","-5.8","","83","","0.0","","31","","8","","","","96.80","","","","-7","","NA"
"-80.80","46.63","SUDBURY CLIMATE","6068145","2020-02-04 12:00","2020","02","04","12:00","-3.5","","-5.9","","84","","0.0","","31","","8","","","","96.86","","","","-7","","NA"
"-80.80","46.63","SUDBURY CLIMATE","6068145","2020-02-04 13:00","2020","02","04","13:00","-3.9","","-6.0","","85","","0.0","","31","","7","","","","96.90","","","","-7","","NA"
"-80.80","46.63","SUDBURY CLIMATE","6068145","2020-02-04 14:00","2020","02","04","14:00","-4.1","","-6.1","","86","","0.0","","28","","6","","","","96.99","","","","-7","","NA"
"-80.80","46.63","SUDBURY CLIMATE","6068145","2020-02-04 15:00","2020","02","04","15:00","-3.2","","-7.2","","74","","0.0","","27","","9","","","","96.97","","","","-7","","NA"
"-80.80","46.63","SUDBURY CLIMATE","6068145","2020-02-04 16:00","2020","02","04","16:00","-3.3","","-8.4","","68","","0.0","","28","","13","","","","97.02","","","","-8","","NA"
"-80.80","46.63","SUDBURY CLIMATE","6068145","2020-02-04 17:00","2020","02","04","17:00","-3.3","","-9.8","","61","","0.0","","29","","11","","","","96.98","","","","-8","","NA"
"-80.80","46.63","SUDBURY CLIMATE","6068145","2020-02-04 18:00","2020","02","04","18:00","-3.9","","-11.7","","55","","0.0","","30","","15","","","","97.03","","","","-9","","NA"
"-80.80","46.63","SUDBURY CLIMATE","6068145","2020-02-04 19:00","2020","02","04","19:00","-3.6","","-11.8","","53","","0.0","","29","","16","","","","96.95","","","","-9","","NA"
"-80.80","46.63","SUDBURY CLIMATE","6068145","2020-02-04 20:00","2020","02","04","20:00","-4.1","","-12.8","","51","","0.0","","29","","14","","","","96.96","","","","-9","","NA"
"-80.80","46.63","SUDBURY CLIMATE","6068145","2020-02-04 21:00","2020","02","04","21:00","-4.2","","-11.2","","58","","0.0","","29","","9","","","","96.96","","","","-8","","NA"
"-80.80","46.63","SUDBURY CLIMATE","6068145","2020-02-04 22:00","2020","02","04","22:00","-5.4","","-12.9","","56","","0.0","","30","","12","","","","97.00","","","","-10","","NA"
"-80.80","46.63","SUDBURY CLIMATE","6068145","2020-02-04 23:00","2020","02","04","23:00","-6.3","","-12.0","","64","","0.0","","32","","7","","","","97.10","","","","-10","","NA"
"-80.80","46.63","SUDBURY CLIMATE","6068145","2020-02-05 00:00","2020","02","05","00:00","-7.1","","-10.9","","74","","0.0","","33","","13","","","","97.23","","","","-13","","NA"
"-80.80","46.63","SUDBURY CLIMATE","6068145","2020-02-05 01:00","2020","02","05","01:00","-8.1","","-12.2","","72","","0.0","","31","","17","","","","97.31","","","","-15","","NA"
"-80.80","46.63","SUDBURY CLIMATE","6068145","2020-02-05 02:00","2020","02","05","02:00","-10.0","","-13.9","","73","","0.0","","31","","14","","","","97.41","","","","-16","","NA"
"-80.80","46.63","SUDBURY CLIMATE","6068145","2020-02-05 03:00","2020","02","05","03:00","-11.2","","-15.5","","70","","0.0","","32","","16","","","","97.48","","","","-18","","NA"
"-80.80","46.63","SUDBURY CLIMATE","6068145","2020-02-05 04:00","2020","02","05","04:00","-12.9","","-17.6","","68","","0.0","","33","","16","","","","97.56","","","","-21","","NA"
"-80.80","46.63","SUDBURY CLIMATE","6068145","2020-02-05 05:00","2020","02","05","05:00","-15.0","","-18.8","","73","","0.0","","32","","6","","","","97.60","","","","-19","","NA"
"-80.80","46.63","SUDBURY CLIMATE","6068145","2020-02-05 06:00","2020","02","05","06:00","-15.9","","-18.7","","79","","0.2","","29","","4","","","","97.65","","","","-19","","NA"
"-80.80","46.63","SUDBURY CLIMATE","6068145","2020-02-05 07:00","2020","02","05","07:00","-15.4","","-18.6","","76","","0.0","","29","","5","","","","97.73","","","","-19","","NA"
"-80.80","46.63","SUDBURY CLIMATE","6068145","2020-02-05 08:00","2020","02","05","08:00","-15.3","","-18.4","","77","","0.0","","31","","4","","","","97.75","","","","-18","","NA"
"-80.80","46.63","SUDBURY CLIMATE","6068145","2020-02-05 09:00","2020","02","05","09:00","-15.1","","-18.5","","75","","0.0","","33","","5","","","","97.75","","","","-19","","NA"
"-80.80","46.63","SUDBURY CLIMATE","6068145","2020-02-05 10:00","2020","02","05","10:00","-15.8","","-18.6","","79","","0.0","","33","","4","","","","97.82","","","","-19","","NA"
"-80.80","46.63","SUDBURY CLIMATE","6068145","2020-02-05 11:00","2020","02","05","11:00","-18.1","","-19.6","","88","","0.0","","31","","3","","","","97.79","","","","-21","","NA"
"-80.80","46.63","SUDBURY CLIMATE","6068145","2020-02-05 12:00","2020","02","05","12:00","-18.1","","-19.4","","89","","0.0","","22","","7","","","","97.84","","","","-23","","NA"
"-80.80","46.63","SUDBURY CLIMATE","6068145","2020-02-05 13:00","2020","02","05","13:00","-19.6","","-21.2","","87","","0.0","","21","","9","","","","97.89","","","","-26","","NA"
"-80.80","46.63","SUDBURY CLIMATE","6068145","2020-02-05 14:00","2020","02","05","14:00","-16.0","","-18.4","","81","","0.0","","19","","9","","","","97.85","","","","-22","","NA"
"-80.80","46.63","SUDBURY CLIMATE","6068145","2020-02-05 15:00","2020","02","05","15:00","-15.0","","-17.9","","78","","0.0","","22","","11","","","","97.87","","","","-22","","NA"
"-80.80","46.63","SUDBURY CLIMATE","6068145","2020-02-05 16:00","2020","02","05","16:00","-13.2","","-17.3","","71","","0.0","","21","","20","","","","97.92","","","","-22","","NA"
"-80.80","46.63","SUDBURY CLIMATE","6068145","2020-02-05 17:00","2020","02","05","17:00","-12.2","","-17.1","","67","","0.0","","19","","14","","","","97.82","","","","-19","","NA"
"-80.80","46.63","SUDBURY CLIMATE","6068145","2020-02-05 18:00","2020","02","05","18:00","-10.9","","-16.1","","66","","0.0","","20","","11","","","","97.69","","","","-17","","NA"
"-80.80","46.63","SUDBURY CLIMATE","6068145","2020-02-05 19:00","2020","02","05","19:00","-9.2","","-14.5","","65","","0.0","","22","","19","","","","97.67","","","","-17","","NA"
"-80.80","46.63","SUDBURY CLIMATE","6068145","2020-02-05 20:00","2020","02","05","20:00","-8.6","","-14.2","","64","","0.0","","20","","14","","","","97.49","","","","-15","","NA"
"-80.80","46.63","SUDBURY CLIMATE","6068145","2020-02-05 21:00","2020","02","05","21:00","-7.8","","-12.9","","67","","0.0","","21","","20","","","","97.40","","","","-15","","NA"
"-80.80","46.63","SUDBURY CLIMATE","6068145","2020-02-05 22:00","2020","02","05","22:00","-7.6","","-11.5","","73","","0.0","","19","","24","","","","97.32","","","","-16","","NA"
"-80.80","46.63","SUDBURY CLIMATE","6068145","2020-02-05 23:00","2020","02","05","23:00","-8.1","","-11.2","","79","","0.0","","20","","23","","","","97.30","","","","-16","","NA"
"-80.80","46.63","SUDBURY CLIMATE","6068145","2020-02-06 00:00","2020","02","06","00:00","-8.0","","-10.7","","81","","0.0","","20","","22","","","","97.26","","","","-16","","NA"
"-80.80","46.63","SUDBURY CLIMATE","6068145","2020-02-06 01:00","2020","02","06","01:00","-8.8","","-11.0","","84","","0.0","","21","","19","","","","97.21","","","","-16","","NA"
"-80.80","46.63","SUDBURY CLIMATE","6068145","2020-02-06 02:00","2020","02","06","02:00","-9.6","","-11.5","","86","","0.0","","21","","16","","","","97.14","","","","-16","","NA"
"-80.80","46.63","SUDBURY CLIMATE","6068145","2020-02-06 03:00","2020","02","06","03:00","-10.0","","-11.8","","87","","0.0","","20","","15","","","","97.01","","","","-17","","NA"
"-80.80","46.63","SUDBURY CLIMATE","6068145","2020-02-06 04:00","2020","02","06","04:00","-10.4","","-12.2","","86","","0.0","","21","","12","","","","96.92","","","","-16","","NA"
"-80.80","46.63","SUDBURY CLIMATE","6068145","2020-02-06 05:00","2020","02","06","05:00","-10.5","","-12.1","","88","","0.0","","22","","14","","","","96.86","","","","-17","","NA"
"-80.80","46.63","SUDBURY CLIMATE","6068145","2020-02-06 06:00","2020","02","06","06:00","-10.6","","-12.1","","89","","0.0","","20","","12","","","","96.79","","","","-17","","NA"
"-80.80","46.63","SUDBURY CLIMATE","6068145","2020-02-06 07:00","2020","02","06","07:00","-10.5","","-11.9","","90","","0.0","","21","","13","","","","96.78","","","","-17","","NA"
"-80.80","46.63","SUDBURY CLIMATE","6068145","2020-02-06 08:00","2020","02","06","08:00","-10.5","","-11.7","","91","","0.0","","19","","15","","","","96.72","","","","-17","","NA"
"-80.80","46.63","SUDBURY CLIMATE","6068145","2020-02-06 09:00","2020","02","06","09:00","-10.4","","-11.6","","91","","0.0","","18","","14","","","","96.69","","","","-17","","NA"
"-80.80","46.63","SUDBURY CLIMATE","6068145","2020-02-06 10:00","2020","02","06","10:00","-10.3","","-11.5","","91","","0.0","","19","","16","","","","96.61","","","","-17","","NA"
"-80.80","46.63","SUDBURY CLIMATE","6068145","2020-02-06 11:00","2020","02","06","11:00","-10.5","","-11.7","","91","","0.0","","16","","6","","","","96.48","","","","-14","","NA"
"-80.80","46.63","SUDBURY CLIMATE","6068145","2020-02-06 12:00","2020","02","06","12:00","-10.3","","-11.8","","89","","0.0","","17","","8","","","","96.54","","","","-15","","NA"
"-80.80","46.63","SUDBURY CLIMATE","6068145","2020-02-06 13:00","2020","02","06","13:00","-10.2","","-11.9","","88","","0.0","","17","","9","","","","96.60","","","","-15","","NA"
"-80.80","46.63","SUDBURY CLIMATE","6068145","2020-02-06 14:00","2020","02","06","14:00","-9.7","","-11.9","","84","","0.0","","16","","7","","","","96.48","","","","-14","","NA"
"-80.80","46.63","SUDBURY CLIMATE","6068145","2020-02-06 15:00","2020","02","06","15:00","-9.6","","-11.9","","84","","0.0","","5","","7","","","","96.41","","","","-14","","NA"
"-80.80","46.63","SUDBURY CLIMATE","6068145","2020-02-06 16:00","2020","02","06","16:00","-8.5","","-11.6","","79","","0.0","","6","","8","","","","96.43","","","","-13","","NA"
"-80.80","46.63","SUDBURY CLIMATE","6068145","2020-02-06 17:00","2020","02","06","17:00","-7.1","","-11.0","","74","","0.0","","5","","7","","","","96.38","","","","-11","","NA"
"-80.80","46.63","SUDBURY CLIMATE","6068145","2020-02-06 18:00","2020","02","06","18:00","-5.0","","-10.1","","68","","0.0","","2","","5","","","","96.33","","","","-7","","NA"
"-80.80","46.63","SUDBURY CLIMATE","6068145","2020-02-06 19:00","2020","02","06","19:00","-4.9","","-9.8","","69","","0.0","","5","","5","","","","96.22","","","","-7","","NA"
"-80.80","46.63","SUDBURY CLIMATE","6068145","2020-02-06 20:00","2020","02","06","20:00","-4.6","","-9.6","","68","","0.0","","4","","7","","","","96.17","","","","-8","","NA"
"-80.80","46.63","SUDBURY CLIMATE","6068145","2020-02-06 21:00","2020","02","06","21:00","-5.2","","-8.3","","79","","0.0","","4","","12","","","","96.14","","","","-10","","NA"
"-80.80","46.63","SUDBURY CLIMATE","6068145","2020-02-06 22:00","2020","02","06","22:00","-5.7","","-7.1","","90","","0.0","","2","","10","","","","96.15","","","","-10","","NA"
"-80.80","46.63","SUDBURY CLIMATE","6068145","2020-02-06 23:00","2020","02","06","23:00","-5.9","","-6.9","","93","","0.2","","2","","12","","","","96.14","","","","-11","","NA"
"-80.80","46.63","SUDBURY CLIMATE","6068145","2020-02-07 00:00","2020","02","07","00:00","-6.1","","-7.2","","92","","0.2","","2","","14","","","","96.18","","","","-12","","NA"
"-80.80","46.63","SUDBURY CLIMATE","6068145","2020-02-07 01:00","2020","02","07","01:00","-6.8","","-8.4","","88","","0.0","","3","","21","","","","96.23","","","","-14","","NA"
"-80.80","46.63","SUDBURY CLIMATE","6068145","2020-02-07 02:00","2020","02","07","02:00","-7.8","","-9.2","","89","","0.2","","2","","21","","","","96.24","","","","-15","","NA"
"-80.80","46.63","SUDBURY CLIMATE","6068145","2020-02-07 03:00","2020","02","07","03:00","-8.4","","-10.2","","87","","0.0","","3","","23","","","","96.17","","","","-16","","NA"
"-80.80","46.63","SUDBURY CLIMATE","6068145","2020-02-07 04:00","2020","02","07","04:00","-9.6","","-11.7","","85","","0.0","","3","","26","","","","96.14","","","","-18","","NA"
"-80.80","46.63","SUDBURY CLIMATE","6068145","2020-02-07 05:00","2020","02","07","05:00","-10.8","","-12.9","","85","","0.2","","3","","22","","","","96.13","","","","-19","","NA"
"-80.80","46.63","SUDBURY CLIMATE","6068145","2020-02-07 06:00","2020","02","07","06:00","-11.6","","-13.6","","85","","0.0","","3","","22","","","","96.06","","","","-20","","NA"
"-80.80","46.63","SUDBURY CLIMATE","6068145","2020-02-07 07:00","2020","02","07","07:00","-12.3","","-14.5","","84","","0.0","","2","","22","","","","96.06","","","","-21","","NA"
"-80.80","46.63","SUDBURY CLIMATE","6068145","2020-02-07 08:00","2020","02","07","08:00","-13.5","","-15.9","","82","","0.0","","2","","24","","","","96.03","","","","-23","","NA"
"-80.80","46.63","SUDBURY CLIMATE","6068145","2020-02-07 09:00","2020","02","07","09:00","-14.3","","-16.8","","81","","0.0","","2","","26","","","","96.06","","","","-24","","NA"
"-80.80","46.63","SUDBURY CLIMATE","6068145","2020-02-07 10:00","2020","02","07","10:00","-14.9","","-17.5","","81","","0.0","","2","","24","","","","96.11","","","","-25","","NA"
"-80.80","46.63","SUDBURY CLIMATE","6068145","2020-02-07 11:00","2020","02","07","11:00","-15.4","","-17.7","","83","","0.0","","1","","24","","","","96.10","","","","-26","","NA"
"-80.80","46.63","SUDBURY CLIMATE","6068145","2020-02-07 12:00","2020","02","07","12:00","-16.1","","-18.6","","81","","0.0","","1","","27","","","","96.03","","","","-27","","NA"
"-80.80","46.63","SUDBURY CLIMATE","6068145","2020-02-07 13:00","2020","02","07","13:00","-16.9","","-19.7","","79","","0.0","","1","","25","","","","95.97","","","","-28","","NA"
"-80.80","46.63","SUDBURY CLIMATE","6068145","2020-02-07 14:00","2020","02","07","14:00","-16.6","","-20.7","","70","","0.0","","1","","25","","","","96.01","","","","-27","","NA"
"-80.80","46.63","SUDBURY CLIMATE","6068145","2020-02-07 15:00","2020","02","07","15:00","-15.3","","-21.0","","62","","0.0","","2","","29","","","","96.00","","","","-26","","NA"
"-80.80","46.63","SUDBURY CLIMATE","6068145","2020-02-07 16:00","2020","02","07","16:00","-15.3","","-21.4","","59","","0.0","","1","","27","","","","96.03","","","","-26","","NA"
"-80.80","46.63","SUDBURY CLIMATE","6068145","2020-02-07 17:00","2020","02","07","17:00","-14.5","","-21.9","","53","","0.0","","1","","24","","","","96.06","","","","-24","","NA"
"-80.80","46.63","SUDBURY CLIMATE","6068145","2020-02-07 18:00","2020","02","07","18:00","-13.7","","-21.8","","50","","0.0","","1","","22","","","","96.01","","","","-23","","NA"
"-80.80","46.63","SUDBURY CLIMATE","6068145","2020-02-07 19:00","2020","02","07","19:00","-12.7","","-20.8","","51","","0.0","","36","","17","","","","96.03","","","","-21","","NA"
"-80.80","46.63","SUDBURY CLIMATE","6068145","2020-02-07 20:00","2020","02","07","20:00","-13.4","","-22.1","","48","","0.0","","1","","24","","","","96.10","","","","-23","","NA"
"-80.80","46.63","SUDBURY CLIMATE","6068145","2020-02-07 21:00","2020","02","07","21:00","-13.3","","-21.6","","50","","0.0","","36","","22","","","","96.19","","","","-22","","NA"
"-80.80","46.63","SUDBURY CLIMATE","6068145","2020-02-07 22:00","2020","02","07","22:00","-15.1","","-22.2","","54","","0.0","","1","","18","","","","96.28","","","","-24","","NA"
"-80.80","46.63","SUDBURY CLIMATE","6068145","2020-02-07 23:00","2020","02","07","23:00","-15.9","","-22.3","","58","","0.0","","35","","18","","","","96.41","","","","-25","","NA"
"-80.80","46.63","SUDBURY CLIMATE","6068145","2020-02-08 00:00","2020","02","08","00:00","-17.6","","-22.8","","63","","0.0","","36","","18","","","","96.56","","","","-27","","NA"
"-80.80","46.63","SUDBURY CLIMATE","6068145","2020-02-08 01:00","2020","02","08","01:00","-17.9","","-23.0","","65","","0.0","","36","","18","","","","96.63","","","","-27","","NA"
"-80.80","46.63","SUDBURY CLIMATE","6068145","2020-02-08 02:00","2020","02","08","02:00","-18.7","","-23.7","","65","","0.0","","36","","18","","","","96.72","","","","-28","","NA"
"-80.80","46.63","SUDBURY CLIMATE","6068145","2020-02-08 03:00","2020","02","08","03:00","-20.0","","-24.2","","69","","0.0","","35","","13","","","","96.83","","","","-28","","NA"
"-80.80","46.63","SUDBURY CLIMATE","6068145","2020-02-08 04:00","2020","02","08","04:00","-21.1","","-24.9","","71","","0.0","","36","","17","","","","96.91","","","","-31","","NA"
"-80.80","46.63","SUDBURY CLIMATE","6068145","2020-02-08 05:00","2020","02","08","05:00","-21.9","","-25.4","","73","","0.0","","36","","13","","","","97.01","","","","-31","","NA"
"-80.80","46.63","SUDBURY CLIMATE","6068145","2020-02-08 06:00","2020","02","08","06:00","-22.8","","-25.8","","77","","0.0","","36","","9","","","","97.07","","","","-30","","NA"
"-80.80","46.63","SUDBURY CLIMATE","6068145","2020-02-08 07:00","2020","02","08","07:00","-23.7","","-26.5","","78","","0.0","","35","","10","","","","97.16","","","","-32","","NA"
"-80.80","46.63","SUDBURY CLIMATE","6068145","2020-02-08 08:00","2020","02","08","08:00","-24.4","","-27.0","","79","","0.0","","35","","10","","","","97.25","","","","-32","","NA"
"-80.80","46.63","SUDBURY CLIMATE","6068145","2020-02-08 09:00","2020","02","08","09:00","-25.1","","-27.7","","79","","0.2","","34","","8","","","","97.34","","","","-32","","NA"
"-80.80","46.63","SUDBURY CLIMATE","6068145","2020-02-08 10:00","2020","02","08","10:00","-25.9","","-28.4","","79","","0.0","","35","","11","","","","97.42","","","","-35","","NA"
"-80.80","46.63","SUDBURY CLIMATE","6068145","2020-02-08 11:00","2020","02","08","11:00","-26.2","","-28.8","","79","","0.0","","35","","9","","","","97.51","","","","-34","","NA"
"-80.80","46.63","SUDBURY CLIMATE","6068145","2020-02-08 12:00","2020","02","08","12:00","-27.1","","-29.8","","78","","0.0","","36","","8","","","","97.59","","","","-35","","NA"
"-80.80","46.63","SUDBURY CLIMATE","6068145","2020-02-08 13:00","2020","02","08","13:00","-27.3","","-30.0","","78","","0.0","","36","","7","","","","97.70","","","","-34","","NA"
"-80.80","46.63","SUDBURY CLIMATE","6068145","2020-02-08 14:00","2020","02","08","14:00","-25.6","","-28.8","","75","","0.0","","1","","9","","","","97.79","","","","-33","","NA"
"-80.80","46.63","SUDBURY CLIMATE","6068145","2020-02-08 15:00","2020","02","08","15:00","-24.3","","-28.5","","69","","0.0","","5","","9","","","","97.84","","","","-32","","NA"
"-80.80","46.63","SUDBURY CLIMATE","6068145","2020-02-08 16:00","2020","02","08","16:00","-22.1","","-27.4","","62","","0.0","","3","","5","","","","97.90","","","","-27","","NA"
"-80.80","46.63","SUDBURY CLIMATE","6068145","2020-02-08 17:00","2020","02","08","17:00","-19.4","","-26.0","","56","","0.0","","22","","5","","","","97.92","","","","-24","","NA"
"-80.80","46.63","SUDBURY CLIMATE","6068145","2020-02-08 18:00","2020","02","08","18:00","-17.9","","-25.2","","53","","0.0","","20","","8","","","","97.94","","","","-24","","NA"
"-80.80","46.63","SUDBURY CLIMATE","6068145","2020-02-08 19:00","2020","02","08","19:00","-16.9","","-25.2","","48","","0.0","","17","","8","","","","97.92","","","","-23","","NA"
"-80.80","46.63","SUDBURY CLIMATE","6068145","2020-02-08 20:00","2020","02","08","20:00","-16.1","","-25.1","","46","","0.0","","21","","6","","","","97.92","","","","-21","","NA"
"-80.80","46.63","SUDBURY CLIMATE","6068145","2020-02-08 21:00","2020","02","08","21:00","-15.8","","-24.8","","46","","0.0","","22","","9","","","","97.96","","","","-22","","NA"
"-80.80","46.63","SUDBURY CLIMATE","6068145","2020-02-08 22:00","2020","02","08","22:00","-16.6","","-24.0","","53","","0.0","","21","","5","","","","97.96","","","","-20","","NA"
"-80.80","46.63","SUDBURY CLIMATE","6068145","2020-02-08 23:00","2020","02","08","23:00","-18.8","","-26.3","","52","","0.0","","22","","2","","","","97.98","","","","-20","","NA"
"-80.80","46.63","SUDBURY CLIMATE","6068145","2020-02-09 00:00","2020","02","09","00:00","-20.2","","-24.7","","68","","0.0","","22","","2","","","","98.02","","","","-22","","NA"
"-80.80","46.63","SUDBURY CLIMATE","6068145","2020-02-09 01:00","2020","02","09","01:00","-20.7","","-26.3","","61","","0.0","","16","","10","","","","98.11","","","","-28","","NA"
"-80.80","46.63","SUDBURY CLIMATE","6068145","2020-02-09 02:00","2020","02","09","02:00","-17.8","","-23.2","","62","","0.0","","21","","16","","","","98.11","","","","-27","","NA"
"-80.80","46.63","SUDBURY CLIMATE","6068145","2020-02-09 03:00","2020","02","09","03:00","-18.3","","-24.1","","60","","0.0","","16","","12","","","","98.15","","","","-26","","NA"
"-80.80","46.63","SUDBURY CLIMATE","6068145","2020-02-09 04:00","2020","02","09","04:00","-18.5","","-24.0","","62","","0.0","","17","","14","","","","98.15","","","","-27","","NA"
"-80.80","46.63","SUDBURY CLIMATE","6068145","2020-02-09 05:00","2020","02","09","05:00","-18.6","","-23.6","","65","","0.0","","15","","11","","","","98.11","","","","-26","","NA"
"-80.80","46.63","SUDBURY CLIMATE","6068145","2020-02-09 06:00","2020","02","09","06:00","-17.5","","-22.2","","67","","0.0","","16","","13","","","","98.11","","","","-25","","NA"
"-80.80","46.63","SUDBURY CLIMATE","6068145","2020-02-09 07:00","2020","02","09","07:00","-16.7","","-21.1","","69","","0.0","","15","","17","","","","98.11","","","","-26","","NA"
"-80.80","46.63","SUDBURY CLIMATE","6068145","2020-02-09 08:00","2020","02","09","08:00","-16.8","","-21.1","","69","","0.0","","16","","18","","","","98.11","","","","-26","","NA"
"-80.80","46.63","SUDBURY CLIMATE","6068145","2020-02-09 09:00","2020","02","09","09:00","-16.1","","-19.8","","73","","0.0","","15","","16","","","","98.09","","","","-25","","NA"
"-80.80","46.63","SUDBURY CLIMATE","6068145","2020-02-09 10:00","2020","02","09","10:00","-16.0","","-18.8","","79","","0.0","","16","","15","","","","98.09","","","","-24","","NA"
"-80.80","46.63","SUDBURY CLIMATE","6068145","2020-02-09 11:00","2020","02","09","11:00","-15.8","","-18.1","","82","","0.0","","15","","16","","","","98.07","","","","-24","","NA"
"-80.80","46.63","SUDBURY CLIMATE","6068145","2020-02-09 12:00","2020","02","09","12:00","-15.0","","-16.8","","86","","0.0","","15","","20","","","","98.05","","","","-24","","NA"
"-80.80","46.63","SUDBURY CLIMATE","6068145","2020-02-09 13:00","2020","02","09","13:00","-13.8","","-15.4","","88","","0.0","","15","","25","","","","98.02","","","","-24","","NA"
"-80.80","46.63","SUDBURY CLIMATE","6068145","2020-02-09 14:00","2020","02","09","14:00","-11.9","","-13.4","","89","","0.0","","17","","15","","","","98.05","","","","-19","","NA"
"-80.80","46.63","SUDBURY CLIMATE","6068145","2020-02-09 15:00","2020","02","09","15:00","-10.8","","-12.3","","89","","0.0","","17","","15","","","","98.06","","","","-18","","NA"
"-80.80","46.63","SUDBURY CLIMATE","6068145","2020-02-09 16:00","2020","02","09","16:00","-9.5","","-11.0","","89","","0.0","","16","","14","","","","98.00","","","","-16","","NA"
"-80.80","46.63","SUDBURY CLIMATE","6068145","2020-02-09 17:00","2020","02","09","17:00","-8.0","","-9.7","","88","","0.0","","17","","15","","","","97.94","","","","-14","","NA"
"-80.80","46.63","SUDBURY CLIMATE","6068145","2020-02-09 18:00","2020","02","09","18:00","-6.0","","-7.9","","86","","0.0","","17","","13","","","","97.81","","","","-11","","NA"
"-80.80","46.63","SUDBURY CLIMATE","6068145","2020-02-09 19:00","2020","02","09","19:00","-3.9","","-5.8","","87","","0.0","","18","","17","","","","97.73","","","","-10","","NA"
"-80.80","46.63","SUDBURY CLIMATE","6068145","2020-02-09 20:00","2020","02","09","20:00","-2.6","","-7.2","","71","","0.0","","22","","30","","","","97.66","","","","-10","","NA"
"-80.80","46.63","SUDBURY CLIMATE","6068145","2020-02-09 21:00","2020","02","09","21:00","-2.7","","-7.2","","71","","0.0","","22","","29","","","","97.65","","","","-10","","NA"
"-80.80","46.63","SUDBURY CLIMATE","6068145","2020-02-09 22:00","2020","02","09","22:00","-2.8","","-5.9","","79","","0.0","","22","","31","","","","97.63","","","","-10","","NA"
"-80.80","46.63","SUDBURY CLIMATE","6068145","2020-02-09 23:00","2020","02","09","23:00","-3.8","","-4.8","","93","","0.2","","24","","15","","","","97.58","","","","-9","","NA"
"-80.80","46.63","SUDBURY CLIMATE","6068145","2020-02-10 00:00","2020","02","10","00:00","-4.2","","-5.0","","94","","0.5","","22","","9","","","","97.53","","","","-8","","NA"
"-80.80","46.63","SUDBURY CLIMATE","6068145","2020-02-10 01:00","2020","02","10","01:00","-4.0","","-4.6","","96","","0.3","","20","","11","","","","97.48","","","","-8","","NA"
"-80.80","46.63","SUDBURY CLIMATE","6068145","2020-02-10 02:00","2020","02","10","02:00","-3.8","","-4.4","","95","","0.5","","19","","11","","","","97.40","","","","-8","","NA"
"-80.80","46.63","SUDBURY CLIMATE","6068145","2020-02-10 03:00","2020","02","10","03:00","-3.7","","-4.3","","96","","1.0","","15","","10","","","","97.36","","","","-8","","NA"
"-80.80","46.63","SUDBURY CLIMATE","6068145","2020-02-10 04:00","2020","02","10","04:00","-3.6","","-4.2","","96","","0.5","","13","","7","","","","97.26","","","","-7","","NA"
"-80.80","46.63","SUDBURY CLIMATE","6068145","2020-02-10 05:00","2020","02","10","05:00","-3.7","","-4.3","","95","","1.2","","9","","8","","","","97.19","","","","-7","","NA"
"-80.80","46.63","SUDBURY CLIMATE","6068145","2020-02-10 06:00","2020","02","10","06:00","-4.1","","-4.7","","96","","0.9","","5","","6","","","","97.12","","","","-7","","NA"
"-80.80","46.63","SUDBURY CLIMATE","6068145","2020-02-10 07:00","2020","02","10","07:00","-4.1","","-4.6","","96","","0.2","","2","","8","","","","97.06","","","","-8","","NA"
"-80.80","46.63","SUDBURY CLIMATE","6068145","2020-02-10 08:00","2020","02","10","08:00","-4.6","","-5.2","","96","","0.3","","1","","9","","","","97.04","","","","-8","","NA"
"-80.80","46.63","SUDBURY CLIMATE","6068145","2020-02-10 09:00","2020","02","10","09:00","-4.7","","-5.3","","95","","0.2","","2","","11","","","","97.04","","","","-9","","NA"
"-80.80","46.63","SUDBURY CLIMATE","6068145","2020-02-10 10:00","2020","02","10","10:00","-5.2","","-6.3","","91","","0.0","","1","","13","","","","97.07","","","","-10","","NA"
"-80.80","46.63","SUDBURY CLIMATE","6068145","2020-02-10 11:00","2020","02","10","11:00","-6.6","","-7.9","","90","","0.0","","36","","12","","","","97.17","","","","-12","","NA"
"-80.80","46.63","SUDBURY CLIMATE","6068145","2020-02-10 12:00","2020","02","10","12:00","-7.4","","-8.6","","91","","0.0","","36","","10","","","","97.24","","","","-12","","NA"
"-80.80","46.63","SUDBURY CLIMATE","6068145","2020-02-10 13:00","2020","02","10","13:00","-8.4","","-9.6","","91","","0.0","","36","","9","","","","97.34","","","","-13","","NA"
"-80.80","46.63","SUDBURY CLIMATE","6068145","2020-02-10 14:00","2020","02","10","14:00","-7.4","","-9.1","","88","","0.0","","35","","6","","","","97.40","","","","-11","","NA"
"-80.80","46.63","SUDBURY CLIMATE","6068145","2020-02-10 15:00","2020","02","10","15:00","-6.0","","-8.8","","81","","0.0","","1","","8","","","","97.45","","","","-10","","NA"
"-80.80","46.63","SUDBURY CLIMATE","6068145","2020-02-10 16:00","2020","02","10","16:00","-5.0","","-9.0","","74","","0.0","","3","","11","","","","97.50","","","","-10","","NA"
"-80.80","46.63","SUDBURY CLIMATE","6068145","2020-02-10 17:00","2020","02","10","17:00","-4.5","","-9.1","","70","","0.0","","7","","6","","","","97.53","","","","-7","","NA"
"-80.80","46.63","SUDBURY CLIMATE","6068145","2020-02-10 18:00","2020","02","10","18:00","-4.0","","-8.9","","69","","0.0","","30","","4","","","","97.54","","","","-6","","NA"
"-80.80","46.63","SUDBURY CLIMATE","6068145","2020-02-10 19:00","2020","02","10","19:00","-2.9","","-8.6","","64","","0.0","","23","","11","","","","97.50","","","","-7","","NA"
"-80.80","46.63","SUDBURY CLIMATE","6068145","2020-02-10 20:00","2020","02","10","20:00","-2.8","","-8.6","","64","","0.0","","24","","11","","","","97.50","","","","-7","","NA"
"-80.80","46.63","SUDBURY CLIMATE","6068145","2020-02-10 21:00","2020","02","10","21:00","-2.5","","-8.4","","64","","0.0","","25","","7","","","","97.50","","","","-5","","NA"
"-80.80","46.63","SUDBURY CLIMATE","6068145","2020-02-10 22:00","2020","02","10","22:00","-3.3","","-8.2","","69","","0.0","","24","","11","","","","97.49","","","","-8","","NA"
"-80.80","46.63","SUDBURY CLIMATE","6068145","2020-02-10 23:00","2020","02","10","23:00","-9.3","","-11.7","","82","","0.0","","21","","10","","","","97.50","","","","-14","","NA"
"-80.80","46.63","SUDBURY CLIMATE","6068145","2020-02-11 00:00","2020","02","11","00:00","-7.0","","-8.4","","90","","0.0","","23","","11","","","","97.52","","","","-12","","NA"
"-80.80","46.63","SUDBURY CLIMATE","6068145","2020-02-11 01:00","2020","02","11","01:00","-7.8","","-8.9","","92","","0.0","","23","","12","","","","97.52","","","","-13","","NA"
"-80.80","46.63","SUDBURY CLIMATE","6068145","2020-02-11 02:00","2020","02","11","02:00","-9.1","","-10.4","","91","","0.0","","23","","14","","","","97.49","","","","-15","","NA"
"-80.80","46.63","SUDBURY CLIMATE","6068145","2020-02-11 03:00","2020","02","11","03:00","-8.6","","-9.5","","93","","0.0","","22","","15","","","","97.49","","","","-15","","NA"
"-80.80","46.63","SUDBURY CLIMATE","6068145","2020-02-11 04:00","2020","02","11","04:00","-7.9","","-9.1","","91","","0.0","","23","","19","","","","97.47","","","","-15","","NA"
"-80.80","46.63","SUDBURY CLIMATE","6068145","2020-02-11 05:00","2020","02","11","05:00","-7.1","","-8.9","","87","","0.0","","24","","13","","","","97.48","","","","-13","","NA"
"-80.80","46.63","SUDBURY CLIMATE","6068145","2020-02-11 06:00","2020","02","11","06:00","-8.2","","-9.8","","88","","0.0","","20","","10","","","","97.41","","","","-13","","NA"
"-80.80","46.63","SUDBURY CLIMATE","6068145","2020-02-11 07:00","2020","02","11","07:00","-7.3","","-8.8","","89","","0.0","","18","","18","","","","97.37","","","","-14","","NA"
"-80.80","46.63","SUDBURY CLIMATE","6068145","2020-02-11 08:00","2020","02","11","08:00","-7.1","","-8.4","","90","","0.0","","18","","12","","","","97.31","","","","-12","","NA"
"-80.80","46.63","SUDBURY CLIMATE","6068145","2020-02-11 09:00","2020","02","11","09:00","-6.7","","-8.1","","89","","0.0","","21","","10","","","","97.25","","","","-11","","NA"
"-80.80","46.63","SUDBURY CLIMATE","6068145","2020-02-11 10:00","2020","02","11","10:00","-6.4","","-7.9","","89","","0.0","","20","","15","","","","97.18","","","","-12","","NA"
"-80.80","46.63","SUDBURY CLIMATE","6068145","2020-02-11 11:00","2020","02","11","11:00","-6.7","","-7.9","","92","","0.0","","17","","13","","","","97.07","","","","-12","","NA"
"-80.80","46.63","SUDBURY CLIMATE","6068145","2020-02-11 12:00","2020","02","11","12:00","-6.5","","-7.4","","93","","0.0","","17","","17","","","","97.01","","","","-13","","NA"
"-80.80","46.63","SUDBURY CLIMATE","6068145","2020-02-11 13:00","2020","02","11","13:00","-6.5","","-7.6","","92","","0.0","","20","","13","","","","96.96","","","","-12","","NA"
"-80.80","46.63","SUDBURY CLIMATE","6068145","2020-02-11 14:00","2020","02","11","14:00","-5.3","","-6.7","","90","","0.0","","22","","15","","","","96.92","","","","-11","","NA"
"-80.80","46.63","SUDBURY CLIMATE","6068145","2020-02-11 15:00","2020","02","11","15:00","-4.5","","-7.1","","82","","0.0","","20","","20","","","","96.85","","","","-11","","NA"
"-80.80","46.63","SUDBURY CLIMATE","6068145","2020-02-11 16:00","2020","02","11","16:00","-4.0","","-6.4","","83","","0.0","","21","","26","","","","96.82","","","","-11","","NA"
"-80.80","46.63","SUDBURY CLIMATE","6068145","2020-02-11 17:00","2020","02","11","17:00","-3.4","","-6.1","","82","","0.0","","22","","26","","","","96.77","","","","-10","","NA"
"-80.80","46.63","SUDBURY CLIMATE","6068145","2020-02-11 18:00","2020","02","11","18:00","-3.1","","-6.0","","80","","0.0","","22","","23","","","","96.67","","","","-10","","NA"
"-80.80","46.63","SUDBURY CLIMATE","6068145","2020-02-11 19:00","2020","02","11","19:00","-2.8","","-6.4","","76","","0.0","","23","","22","","","","96.61","","","","-9","","NA"
"-80.80","46.63","SUDBURY CLIMATE","6068145","2020-02-11 20:00","2020","02","11","20:00","-3.0","","-6.3","","78","","0.0","","24","","19","","","","96.58","","","","-9","","NA"
"-80.80","46.63","SUDBURY CLIMATE","6068145","2020-02-11 21:00","2020","02","11","21:00","-2.9","","-6.4","","77","","0.0","","22","","22","","","","96.57","","","","-9","","NA"
"-80.80","46.63","SUDBURY CLIMATE","6068145","2020-02-11 22:00","2020","02","11","22:00","-3.0","","-6.0","","80","","0.0","","23","","21","","","","96.56","","","","-9","","NA"
"-80.80","46.63","SUDBURY CLIMATE","6068145","2020-02-11 23:00","2020","02","11","23:00","-3.2","","-6.2","","80","","0.0","","23","","20","","","","96.59","","","","-9","","NA"
"-80.80","46.63","SUDBURY CLIMATE","6068145","2020-02-12 00:00","2020","02","12","00:00","-3.4","","-6.1","","81","","0.0","","24","","15","","","","96.64","","","","-9","","NA"
"-80.80","46.63","SUDBURY CLIMATE","6068145","2020-02-12 01:00","2020","02","12","01:00","-3.8","","-5.8","","86","","0.0","","24","","18","","","","96.68","","","","-10","","NA"
"-80.80","46.63","SUDBURY CLIMATE","6068145","2020-02-12 02:00","2020","02","12","02:00","-3.8","","-5.9","","85","","0.0","","25","","17","","","","96.71","","","","-10","","NA"
"-80.80","46.63","SUDBURY CLIMATE","6068145","2020-02-12 03:00","2020","02","12","03:00","-4.2","","-6.9","","81","","0.0","","26","","16","","","","96.81","","","","-10","","NA"
"-80.80","46.63","SUDBURY CLIMATE","6068145","2020-02-12 04:00","2020","02","12","04:00","-5.8","","-8.6","","80","","0.0","","26","","10","","","","96.91","","","","-10","","NA"
"-80.80","46.63","SUDBURY CLIMATE","6068145","2020-02-12 05:00","2020","02","12","05:00","-7.1","","-9.8","","81","","0.0","","24","","10","","","","96.92","","","","-12","","NA"
"-80.80","46.63","SUDBURY CLIMATE","6068145","2020-02-12 06:00","2020","02","12","06:00","-8.8","","-11.0","","85","","0.0","","23","","14","","","","96.93","","","","-15","","NA"
"-80.80","46.63","SUDBURY CLIMATE","6068145","2020-02-12 07:00","2020","02","12","07:00","-9.4","","-11.1","","88","","0.0","","22","","19","","","","96.95","","","","-17","","NA"
"-80.80","46.63","SUDBURY CLIMATE","6068145","2020-02-12 08:00","2020","02","12","08:00","-9.6","","-11.0","","89","","0.0","","22","","20","","","","97.03","","","","-17","","NA"
"-80.80","46.63","SUDBURY CLIMATE","6068145","2020-02-12 09:00","2020","02","12","09:00","-7.2","","-9.1","","86","","0.0","","22","","20","","","","97.03","","","","-14","","NA"
"-80.80","46.63","SUDBURY CLIMATE","6068145","2020-02-12 10:00","2020","02","12","10:00","-6.7","","-8.9","","84","","0.0","","22","","17","","","","97.04","","","","-13","","NA"
"-80.80","46.63","SUDBURY CLIMATE","6068145","2020-02-12 11:00","2020","02","12","11:00","-6.6","","-8.6","","85","","0.0","","22","","14","","","","97.03","","","","-12","","NA"
"-80.80","46.63","SUDBURY CLIMATE","6068145","2020-02-12 12:00","2020","02","12","12:00","-5.3","","-7.6","","84","","0.0","","22","","19","","","","97.02","","","","-12","","NA"
"-80.80","46.63","SUDBURY CLIMATE","6068145","2020-02-12 13:00","2020","02","12","13:00","-4.5","","-7.2","","81","","0.0","","22","","23","","","","97.03","","","","-11","","NA"
"-80.80","46.63","SUDBURY CLIMATE","6068145","2020-02-12 14:00","2020","02","12","14:00","-4.2","","-6.9","","82","","0.0","","21","","30","","","","97.02","","","","-12","","NA"
"-80.80","46.63","SUDBURY CLIMATE","6068145","2020-02-12 15:00","2020","02","12","15:00","-3.7","","-7.0","","78","","0.0","","22","","30","","","","96.95","","","","-11","","NA"
"-80.80","46.63","SUDBURY CLIMATE","6068145","2020-02-12 16:00","2020","02","12","16:00","-3.3","","-7.0","","76","","0.0","","23","","29","","","","96.94","","","","-11","","NA"
"-80.80","46.63","SUDBURY CLIMATE","6068145","2020-02-12 17:00","2020","02","12","17:00","-2.6","","-7.3","","70","","0.0","","23","","35","","","","96.94","","","","-10","","NA"
"-80.80","46.63","SUDBURY CLIMATE","6068145","2020-02-12 18:00","2020","02","12","18:00","-2.6","","-7.0","","72","","0.0","","22","","32","","","","96.87","","","","-10","","NA"
"-80.80","46.63","SUDBURY CLIMATE","6068145","2020-02-12 19:00","2020","02","12","19:00","-2.1","","-6.7","","70","","0.0","","21","","31","","","","96.77","","","","-9","","NA"
"-80.80","46.63","SUDBURY CLIMATE","6068145","2020-02-12 20:00","2020","02","12","20:00","-1.7","","-6.7","","68","","0.0","","22","","38","","","","96.69","","","","-9","","NA"
"-80.80","46.63","SUDBURY CLIMATE","6068145","2020-02-12 21:00","2020","02","12","21:00","-2.4","","-6.0","","77","","0.0","","20","","36","","","","96.69","","","","-10","","NA"
"-80.80","46.63","SUDBURY CLIMATE","6068145","2020-02-12 22:00","2020","02","12","22:00","-2.1","","-5.2","","79","","0.0","","21","","34","","","","96.65","","","","-10","","NA"
"-80.80","46.63","SUDBURY CLIMATE","6068145","2020-02-12 23:00","2020","02","12","23:00","-2.2","","-4.2","","86","","0.0","","20","","39","","","","96.58","","","","-10","","NA"
"-80.80","46.63","SUDBURY CLIMATE","6068145","2020-02-13 00:00","2020","02","13","00:00","-2.2","","-4.0","","87","","0.0","","20","","32","","","","96.49","","","","-10","","NA"
"-80.80","46.63","SUDBURY CLIMATE","6068145","2020-02-13 01:00","2020","02","13","01:00","-1.8","","-3.7","","87","","0.0","","21","","27","","","","96.50","","","","-8","","NA"
"-80.80","46.63","SUDBURY CLIMATE","6068145","2020-02-13 02:00","2020","02","13","02:00","-1.7","","-3.6","","87","","0.0","","21","","21","","","","96.48","","","","-8","","NA"
"-80.80","46.63","SUDBURY CLIMATE","6068145","2020-02-13 03:00","2020","02","13","03:00","-10.2","","-12.1","","86","","0.4","","36","","24","","","","96.57","","","","-19","","NA"
"-80.80","46.63","SUDBURY CLIMATE","6068145","2020-02-13 04:00","2020","02","13","04:00","-13.8","","-16.2","","83","","0.5","","36","","31","","","","96.66","","","","-25","","NA"
"-80.80","46.63","SUDBURY CLIMATE","6068145","2020-02-13 05:00","2020","02","13","05:00","-15.0","","-17.1","","84","","0.2","","1","","27","","","","96.71","","","","-26","","NA"
"-80.80","46.63","SUDBURY CLIMATE","6068145","2020-02-13 06:00","2020","02","13","06:00","-16.5","","-19.1","","81","","0.0","","1","","27","","","","96.82","","","","-27","","NA"
"-80.80","46.63","SUDBURY CLIMATE","6068145","2020-02-13 07:00","2020","02","13","07:00","-17.7","","-20.5","","78","","0.2","","1","","28","","","","96.84","","","","-29","","NA"
"-80.80","46.63","SUDBURY CLIMATE","6068145","2020-02-13 08:00","2020","02","13","08:00","-18.6","","-21.5","","78","","0.0","","1","","26","","","","96.85","","","","-30","","NA"
"-80.80","46.63","SUDBURY CLIMATE","6068145","2020-02-13 09:00","2020","02","13","09:00","-19.8","","-22.9","","76","","0.0","","1","","26","","","","96.84","","","","-32","","NA"
"-80.80","46.63","SUDBURY CLIMATE","6068145","2020-02-13 10:00","2020","02","13","10:00","-21.3","","-24.8","","73","","0.0","","1","","26","","","","96.91","","","","-33","","NA"
"-80.80","46.63","SUDBURY CLIMATE","6068145","2020-02-13 11:00","2020","02","13","11:00","-22.3","","-25.8","","74","","0.0","","1","","24","","","","97.01","","","","-34","","NA"
"-80.80","46.63","SUDBURY CLIMATE","6068145","2020-02-13 12:00","2020","02","13","12:00","-23.2","","-26.8","","72","","0.0","","1","","24","","","","97.01","","","","-36","","NA"
"-80.80","46.63","SUDBURY CLIMATE","6068145","2020-02-13 13:00","2020","02","13","13:00","-24.0","","-27.7","","71","","0.0","","1","","24","","","","97.05","","","","-37","","NA"
"-80.80","46.63","SUDBURY CLIMATE","6068145","2020-02-13 14:00","2020","02","13","14:00","-24.7","","-28.6","","70","","0.0","","36","","24","","","","97.13","","","","-37","","NA"
"-80.80","46.63","SUDBURY CLIMATE","6068145","2020-02-13 15:00","2020","02","13","15:00","-25.0","","-29.3","","67","","0.0","","1","","22","","","","97.19","","","","-37","","NA"
"-80.80","46.63","SUDBURY CLIMATE","6068145","2020-02-13 16:00","2020","02","13","16:00","-24.5","","-29.6","","63","","0.0","","1","","23","","","","97.23","","","","-37","","NA"
"-80.80","46.63","SUDBURY CLIMATE","6068145","2020-02-13 17:00","2020","02","13","17:00","-22.7","","-28.7","","58","","0.0","","2","","27","","","","97.21","","","","-36","","NA"
"-80.80","46.63","SUDBURY CLIMATE","6068145","2020-02-13 18:00","2020","02","13","18:00","-21.7","","-28.2","","56","","0.0","","1","","20","","","","97.21","","","","-33","","NA"
"-80.80","46.63","SUDBURY CLIMATE","6068145","2020-02-13 19:00","2020","02","13","19:00","-20.5","","-27.5","","54","","0.0","","1","","24","","","","97.19","","","","-32","","NA"
"-80.80","46.63","SUDBURY CLIMATE","6068145","2020-02-13 20:00","2020","02","13","20:00","-19.9","","-26.9","","54","","0.0","","1","","20","","","","97.20","","","","-30","","NA"
"-80.80","46.63","SUDBURY CLIMATE","6068145","2020-02-13 21:00","2020","02","13","21:00","-19.2","","-26.6","","52","","0.0","","1","","17","","","","97.28","","","","-29","","NA"
"-80.80","46.63","SUDBURY CLIMATE","6068145","2020-02-13 22:00","2020","02","13","22:00","-19.5","","-27.0","","52","","0.0","","36","","14","","","","97.37","","","","-28","","NA"
"-80.80","46.63","SUDBURY CLIMATE","6068145","2020-02-13 23:00","2020","02","13","23:00","-20.6","","-26.8","","57","","0.0","","36","","11","","","","97.49","","","","-28","","NA"
"-80.80","46.63","SUDBURY CLIMATE","6068145","2020-02-14 00:00","2020","02","14","00:00","-22.2","","-27.0","","65","","0.0","","33","","8","","","","97.63","","","","-29","","NA"
"-80.80","46.63","SUDBURY CLIMATE","6068145","2020-02-14 01:00","2020","02","14","01:00","-23.2","","-27.4","","68","","0.0","","33","","8","","","","97.72","","","","-30","","NA"
"-80.80","46.63","SUDBURY CLIMATE","6068145","2020-02-14 02:00","2020","02","14","02:00","-24.3","","-27.8","","72","","0.0","","33","","5","","","","97.80","","","","-29","","NA"
"-80.80","46.63","SUDBURY CLIMATE","6068145","2020-02-14 03:00","2020","02","14","03:00","-25.8","","-28.9","","75","","0.0","","33","","5","","","","97.86","","","","-31","","NA"
"-80.80","46.63","SUDBURY CLIMATE","6068145","2020-02-14 04:00","2020","02","14","04:00","-26.9","","-29.5","","79","","0.0","","32","","6","","","","97.93","","","","-33","","NA"
"-80.80","46.63","SUDBURY CLIMATE","6068145","2020-02-14 05:00","2020","02","14","05:00","-27.4","","-29.9","","80","","0.0","","31","","2","","","","97.99","","","","-30","","NA"
"-80.80","46.63","SUDBURY CLIMATE","6068145","2020-02-14 06:00","2020","02","14","06:00","-28.4","","-30.7","","80","","0.0","","29","","7","","","","98.02","","","","-35","","NA"
"-80.80","46.63","SUDBURY CLIMATE","6068145","2020-02-14 07:00","2020","02","14","07:00","-27.7","","-30.2","","80","","0.0","","29","","7","","","","98.07","","","","-35","","NA"
"-80.80","46.63","SUDBURY CLIMATE","6068145","2020-02-14 08:00","2020","02","14","08:00","-29.1","","-31.9","","77","","0.0","","27","","8","","","","98.16","","","","-37","","NA"
"-80.80","46.63","SUDBURY CLIMATE","6068145","2020-02-14 09:00","2020","02","14","09:00","-29.1","","-31.9","","77","","0.0","","27","","7","","","","98.22","","","","-36","","NA"
"-80.80","46.63","SUDBURY CLIMATE","6068145","2020-02-14 10:00","2020","02","14","10:00","-29.6","","-31.8","","81","","0.0","","0","","1","","","","98.24","","","","-31","","NA"
"-80.80","46.63","SUDBURY CLIMATE","6068145","2020-02-14 11:00","2020","02","14","11:00","-28.4","","-31.4","","76","","0.0","","27","","8","","","","98.38","","","","-36","","NA"
"-80.80","46.63","SUDBURY CLIMATE","6068145","2020-02-14 12:00","2020","02","14","12:00","-27.8","","-30.5","","77","","0.0","","28","","9","","","","98.41","","","","-36","","NA"
"-80.80","46.63","SUDBURY CLIMATE","6068145","2020-02-14 13:00","2020","02","14","13:00","-25.2","","-27.9","","78","","0.0","","26","","8","","","","98.43","","","","-32","","NA"
"-80.80","46.63","SUDBURY CLIMATE","6068145","2020-02-14 14:00","2020","02","14","14:00","-23.7","","-26.7","","77","","0.0","","24","","2","","","","98.51","","","","-26","","NA"
"-80.80","46.63","SUDBURY CLIMATE","6068145","2020-02-14 15:00","2020","02","14","15:00","-22.2","","-25.5","","74","","0.0","","22","","11","","","","98.58","","","","-30","","NA"
"-80.80","46.63","SUDBURY CLIMATE","6068145","2020-02-14 16:00","2020","02","14","16:00","-19.7","","-24.5","","66","","0.0","","20","","16","","","","98.62","","","","-29","","NA"
"-80.80","46.63","SUDBURY CLIMATE","6068145","2020-02-14 17:00","2020","02","14","17:00","-18.3","","-23.4","","64","","0.0","","20","","15","","","","98.62","","","","-27","","NA"
"-80.80","46.63","SUDBURY CLIMATE","6068145","2020-02-14 18:00","2020","02","14","18:00","-17.2","","-22.0","","66","","0.0","","20","","15","","","","98.57","","","","-26","","NA"
"-80.80","46.63","SUDBURY CLIMATE","6068145","2020-02-14 19:00","2020","02","14","19:00","-15.2","","-20.2","","66","","0.0","","22","","13","","","","98.53","","","","-23","","NA"
"-80.80","46.63","SUDBURY CLIMATE","6068145","2020-02-14 20:00","2020","02","14","20:00","-14.2","","-18.5","","70","","0.0","","20","","12","","","","98.52","","","","-21","","NA"
"-80.80","46.63","SUDBURY CLIMATE","6068145","2020-02-14 21:00","2020","02","14","21:00","-13.1","","-17.7","","69","","0.0","","19","","14","","","","98.50","","","","-20","","NA"
"-80.80","46.63","SUDBURY CLIMATE","6068145","2020-02-14 22:00","2020","02","14","22:00","-13.0","","-16.8","","73","","0.0","","17","","12","","","","98.48","","","","-20","","NA"
"-80.80","46.63","SUDBURY CLIMATE","6068145","2020-02-14 23:00","2020","02","14","23:00","-12.7","","-15.0","","82","","0.0","","18","","19","","","","98.44","","","","-21","","NA"
"-80.80","46.63","SUDBURY CLIMATE","6068145","2020-02-15 00:00","2020","02","15","00:00","-12.1","","-14.7","","81","","0.0","","19","","21","","","","98.44","","","","-21","","NA"
"-80.80","46.63","SUDBURY CLIMATE","6068145","2020-02-15 01:00","2020","02","15","01:00","-11.7","","-14.8","","78","","0.0","","22","","23","","","","98.42","","","","-21","","NA"
"-80.80","46.63","SUDBURY CLIMATE","6068145","2020-02-15 02:00","2020","02","15","02:00","-11.9","","-14.4","","81","","0.0","","21","","22","","","","98.40","","","","-21","","NA"
"-80.80","46.63","SUDBURY CLIMATE","6068145","2020-02-15 03:00","2020","02","15","03:00","-11.9","","-14.0","","84","","0.0","","21","","21","","","","98.35","","","","-20","","NA"
"-80.80","46.63","SUDBURY CLIMATE","6068145","2020-02-15 04:00","2020","02","15","04:00","-11.6","","-14.0","","82","","0.0","","21","","21","","","","98.27","","","","-20","","NA"
"-80.80","46.63","SUDBURY CLIMATE","6068145","2020-02-15 05:00","2020","02","15","05:00","-11.7","","-14.3","","81","","0.0","","20","","19","","","","98.19","","","","-20","","NA"
"-80.80","46.63","SUDBURY CLIMATE","6068145","2020-02-15 06:00","2020","02","15","06:00","-10.4","","-13.7","","77","","0.0","","21","","27","","","","98.12","","","","-20","","NA"
"-80.80","46.63","SUDBURY CLIMATE","6068145","2020-02-15 07:00","2020","02","15","07:00","-9.5","","-13.3","","74","","0.0","","22","","28","","","","98.10","","","","-19","","NA"
"-80.80","46.63","SUDBURY CLIMATE","6068145","2020-02-15 08:00","2020","02","15","08:00","-9.2","","-12.8","","75","","0.0","","22","","35","","","","98.07","","","","-19","","NA"
"-80.80","46.63","SUDBURY CLIMATE","6068145","2020-02-15 09:00","2020","02","15","09:00","-9.5","","-12.7","","77","","0.0","","23","","32","","","","98.05","","","","-19","","NA"
"-80.80","46.63","SUDBURY CLIMATE","6068145","2020-02-15 10:00","2020","02","15","10:00","-9.7","","-13.0","","77","","0.0","","22","","36","","","","97.99","","","","-20","","NA"
"-80.80","46.63","SUDBURY CLIMATE","6068145","2020-02-15 11:00","2020","02","15","11:00","-9.5","","-12.6","","78","","0.0","","22","","36","","","","97.91","","","","-20","","NA"
"-80.80","46.63","SUDBURY CLIMATE","6068145","2020-02-15 12:00","2020","02","15","12:00","-9.7","","-13.4","","75","","0.0","","22","","32","","","","97.82","","","","-19","","NA"
"-80.80","46.63","SUDBURY CLIMATE","6068145","2020-02-15 13:00","2020","02","15","13:00","-10.3","","-14.1","","73","","0.0","","21","","26","","","","97.72","","","","-19","","NA"
"-80.80","46.63","SUDBURY CLIMATE","6068145","2020-02-15 14:00","2020","02","15","14:00","-9.1","","-12.6","","76","","0.0","","20","","29","","","","97.57","","","","-18","","NA"
"-80.80","46.63","SUDBURY CLIMATE","6068145","2020-02-15 15:00","2020","02","15","15:00","-7.4","","-10.5","","78","","0.0","","20","","37","","","","97.54","","","","-17","","NA"
"-80.80","46.63","SUDBURY CLIMATE","6068145","2020-02-15 16:00","2020","02","15","16:00","-6.8","","-10.2","","77","","0.0","","20","","41","","","","97.41","","","","-17","","NA"
"-80.80","46.63","SUDBURY CLIMATE","6068145","2020-02-15 17:00","2020","02","15","17:00","-6.8","","-9.8","","79","","0.0","","19","","46","","","","97.25","","","","-17","","NA"
"-80.80","46.63","SUDBURY CLIMATE","6068145","2020-02-15 18:00","2020","02","15","18:00","-6.3","","-9.5","","78","","0.0","","20","","42","","","","97.12","","","","-16","","NA"
"-80.80","46.63","SUDBURY CLIMATE","6068145","2020-02-15 19:00","2020","02","15","19:00","-5.5","","-8.8","","78","","0.0","","20","","44","","","","96.97","","","","-15","","NA"
"-80.80","46.63","SUDBURY CLIMATE","6068145","2020-02-15 20:00","2020","02","15","20:00","-5.2","","-7.8","","82","","0.0","","20","","48","","","","96.86","","","","-15","","NA"
"-80.80","46.63","SUDBURY CLIMATE","6068145","2020-02-15 21:00","2020","02","15","21:00","-4.9","","-7.0","","85","","0.0","","19","","45","","","","96.72","","","","-14","","NA"
"-80.80","46.63","SUDBURY CLIMATE","6068145","2020-02-15 22:00","2020","02","15","22:00","-5.2","","-6.2","","93","","0.0","","19","","38","","","","96.62","","","","-14","","NA"
"-80.80","46.63","SUDBURY CLIMATE","6068145","2020-02-15 23:00","2020","02","15","23:00","-5.1","","-6.0","","94","","0.2","","20","","33","","","","96.62","","","","-13","","NA"
"-80.80","46.63","SUDBURY CLIMATE","6068145","2020-02-16 00:00","2020","02","16","00:00","-4.8","","-5.9","","92","","0.0","","21","","39","","","","96.57","","","","-14","","NA"
"-80.80","46.63","SUDBURY CLIMATE","6068145","2020-02-16 01:00","2020","02","16","01:00","-4.7","","-5.7","","93","","0.2","","21","","36","","","","96.54","","","","-13","","NA"
"-80.80","46.63","SUDBURY CLIMATE","6068145","2020-02-16 02:00","2020","02","16","02:00","-4.3","","-5.9","","88","","0.0","","22","","36","","","","96.53","","","","-13","","NA"
"-80.80","46.63","SUDBURY CLIMATE","6068145","2020-02-16 03:00","2020","02","16","03:00","-4.3","","-6.0","","88","","0.0","","23","","35","","","","96.53","","","","-13","","NA"
"-80.80","46.63","SUDBURY CLIMATE","6068145","2020-02-16 04:00","2020","02","16","04:00","-4.3","","-5.3","","93","","0.0","","23","","26","","","","96.55","","","","-12","","NA"
"-80.80","46.63","SUDBURY CLIMATE","6068145","2020-02-16 05:00","2020","02","16","05:00","-4.1","","-4.9","","94","","0.0","","24","","19","","","","96.59","","","","-10","","NA"
"-80.80","46.63","SUDBURY CLIMATE","6068145","2020-02-16 06:00","2020","02","16","06:00","-3.9","","-5.2","","91","","0.0","","26","","15","","","","96.65","","","","-9","","NA"
"-80.80","46.63","SUDBURY CLIMATE","6068145","2020-02-16 07:00","2020","02","16","07:00","-4.5","","-7.1","","82","","0.0","","26","","18","","","","96.70","","","","-11","","NA"
"-80.80","46.63","SUDBURY CLIMATE","6068145","2020-02-16 08:00","2020","02","16","08:00","-6.2","","-9.1","","80","","0.0","","23","","18","","","","96.71","","","","-13","","NA"
"-80.80","46.63","SUDBURY CLIMATE","6068145","2020-02-16 09:00","2020","02","16","09:00","-7.3","","-9.6","","84","","0.0","","22","","21","","","","96.69","","","","-15","","NA"
"-80.80","46.63","SUDBURY CLIMATE","6068145","2020-02-16 10:00","2020","02","16","10:00","-7.7","","-9.4","","88","","0.0","","22","","19","","","","96.74","","","","-15","","NA"
"-80.80","46.63","SUDBURY CLIMATE","6068145","2020-02-16 11:00","2020","02","16","11:00","-9.2","","-10.5","","90","","0.0","","23","","14","","","","96.80","","","","-16","","NA"
"-80.80","46.63","SUDBURY CLIMATE","6068145","2020-02-16 12:00","2020","02","16","12:00","-7.6","","-9.0","","90","","0.0","","24","","15","","","","96.82","","","","-14","","NA"
"-80.80","46.63","SUDBURY CLIMATE","6068145","2020-02-16 13:00","2020","02","16","13:00","-7.3","","-9.1","","87","","0.0","","23","","18","","","","96.88","","","","-14","","NA"
"-80.80","46.63","SUDBURY CLIMATE","6068145","2020-02-16 14:00","2020","02","16","14:00","-6.2","","-9.2","","79","","0.0","","26","","15","","","","96.95","","","","-12","","NA"
"-80.80","46.63","SUDBURY CLIMATE","6068145","2020-02-16 15:00","2020","02","16","15:00","-5.3","","-11.1","","64","","0.0","","27","","19","","","","97.04","","","","-12","","NA"
"-80.80","46.63","SUDBURY CLIMATE","6068145","2020-02-16 16:00","2020","02","16","16:00","-6.3","","-12.2","","63","","0.0","","28","","16","","","","97.08","","","","-12","","NA"
"-80.80","46.63","SUDBURY CLIMATE","6068145","2020-02-16 17:00","2020","02","16","17:00","-6.3","","-11.8","","65","","0.0","","30","","12","","","","97.11","","","","-11","","NA"
"-80.80","46.63","SUDBURY CLIMATE","6068145","2020-02-16 18:00","2020","02","16","18:00","-6.3","","-12.2","","63","","0.0","","30","","12","","","","97.06","","","","-11","","NA"
"-80.80","46.63","SUDBURY CLIMATE","6068145","2020-02-16 19:00","2020","02","16","19:00","-6.3","","-12.8","","60","","0.0","","27","","12","","","","97.09","","","","-11","","NA"
"-80.80","46.63","SUDBURY CLIMATE","6068145","2020-02-16 20:00","2020","02","16","20:00","-6.3","","-13.0","","59","","0.0","","29","","11","","","","97.11","","","","-11","","NA"
"-80.80","46.63","SUDBURY CLIMATE","6068145","2020-02-16 21:00","2020","02","16","21:00","-6.7","","-13.1","","60","","0.0","","30","","13","","","","97.19","","","","-12","","NA"
"-80.80","46.63","SUDBURY CLIMATE","6068145","2020-02-16 22:00","2020","02","16","22:00","-7.3","","-13.7","","60","","0.0","","29","","10","","","","97.28","","","","-12","","NA"
"-80.80","46.63","SUDBURY CLIMATE","6068145","2020-02-16 23:00","2020","02","16","23:00","-7.9","","-14.5","","59","","0.0","","30","","9","","","","97.35","","","","-12","","NA"
"-80.80","46.63","SUDBURY CLIMATE","6068145","2020-02-17 00:00","2020","02","17","00:00","-9.0","","-15.2","","61","","0.0","","33","","6","","","","97.44","","","","-12","","NA"
"-80.80","46.63","SUDBURY CLIMATE","6068145","2020-02-17 01:00","2020","02","17","01:00","-10.6","","-14.9","","71","","0.0","","2","","8","","","","97.51","","","","-15","","NA"
"-80.80","46.63","SUDBURY CLIMATE","6068145","2020-02-17 02:00","2020","02","17","02:00","-12.4","","-15.9","","75","","0.0","","2","","8","","","","97.59","","","","-17","","NA"
"-80.80","46.63","SUDBURY CLIMATE","6068145","2020-02-17 03:00","2020","02","17","03:00","-14.2","","-17.1","","79","","0.0","","2","","8","","","","97.66","","","","-19","","NA"
"-80.80","46.63","SUDBURY CLIMATE","6068145","2020-02-17 04:00","2020","02","17","04:00","-15.4","","-18.3","","79","","0.0","","1","","9","","","","97.69","","","","-21","","NA"
"-80.80","46.63","SUDBURY CLIMATE","6068145","2020-02-17 05:00","2020","02","17","05:00","-17.0","","-19.5","","81","","0.0","","36","","7","","","","97.74","","","","-22","","NA"
"-80.80","46.63","SUDBURY CLIMATE","6068145","2020-02-17 06:00","2020","02","17","06:00","-18.5","","-19.8","","89","","0.0","","36","","1","","","","97.83","","","","-19","","NA"
"-80.80","46.63","SUDBURY CLIMATE","6068145","2020-02-17 07:00","2020","02","17","07:00","-17.7","","-19.1","","89","","0.2","","29","","9","","","","97.91","","","","-24","","NA"
"-80.80","46.63","SUDBURY CLIMATE","6068145","2020-02-17 08:00","2020","02","17","08:00","-18.3","","-20.0","","87","","0.0","","29","","9","","","","97.95","","","","-25","","NA"
"-80.80","46.63","SUDBURY CLIMATE","6068145","2020-02-17 09:00","2020","02","17","09:00","-21.0","","-23.2","","83","","0.0","","30","","7","","","","98.02","","","","-27","","NA"
"-80.80","46.63","SUDBURY CLIMATE","6068145","2020-02-17 10:00","2020","02","17","10:00","-23.7","","-26.4","","79","","0.0","","33","","6","","","","98.05","","","","-29","","NA"
"-80.80","46.63","SUDBURY CLIMATE","6068145","2020-02-17 11:00","2020","02","17","11:00","-19.7","","-22.0","","82","","0.0","","34","","9","","","","98.12","","","","-26","","NA"
"-80.80","46.63","SUDBURY CLIMATE","6068145","2020-02-17 12:00","2020","02","17","12:00","-22.4","","-24.6","","82","","0.0","","36","","7","","","","98.15","","","","-28","","NA"
"-80.80","46.63","SUDBURY CLIMATE","6068145","2020-02-17 13:00","2020","02","17","13:00","-21.3","","-23.6","","81","","0.0","","36","","6","","","","98.22","","","","-27","","NA"
"-80.80","46.63","SUDBURY CLIMATE","6068145","2020-02-17 14:00","2020","02","17","14:00","-18.6","","-21.2","","80","","0.0","","3","","3","","","","98.27","","","","-21","","NA"
"-80.80","46.63","SUDBURY CLIMATE","6068145","2020-02-17 15:00","2020","02","17","15:00","-16.6","","-20.4","","72","","0.0","","5","","8","","","","98.31","","","","-22","","NA"
"-80.80","46.63","SUDBURY CLIMATE","6068145","2020-02-17 16:00","2020","02","17","16:00","-12.8","","-18.9","","61","","0.0","","8","","1","","","","98.35","","","","-13","","NA"
"-80.80","46.63","SUDBURY CLIMATE","6068145","2020-02-17 17:00","2020","02","17","17:00","-11.0","","-18.2","","56","","0.0","","17","","11","","","","98.41","","","","-17","","NA"
"-80.80","46.63","SUDBURY CLIMATE","6068145","2020-02-17 18:00","2020","02","17","18:00","-10.1","","-17.4","","55","","0.0","","20","","13","","","","98.37","","","","-16","","NA"
"-80.80","46.63","SUDBURY CLIMATE","6068145","2020-02-17 19:00","2020","02","17","19:00","-9.1","","-17.1","","52","","0.0","","18","","12","","","","98.30","","","","-15","","NA"
"-80.80","46.63","SUDBURY CLIMATE","6068145","2020-02-17 20:00","2020","02","17","20:00","-8.3","","-16.8","","50","","0.0","","19","","10","","","","98.25","","","","-13","","NA"
"-80.80","46.63","SUDBURY CLIMATE","6068145","2020-02-17 21:00","2020","02","17","21:00","-8.0","","-16.5","","50","","0.0","","18","","12","","","","98.18","","","","-13","","NA"
"-80.80","46.63","SUDBURY CLIMATE","6068145","2020-02-17 22:00","2020","02","17","22:00","-8.8","","-16.7","","53","","0.0","","18","","11","","","","98.16","","","","-14","","NA"
"-80.80","46.63","SUDBURY CLIMATE","6068145","2020-02-17 23:00","2020","02","17","23:00","-9.6","","-17.2","","54","","0.0","","18","","9","","","","98.12","","","","-14","","NA"
"-80.80","46.63","SUDBURY CLIMATE","6068145","2020-02-18 00:00","2020","02","18","00:00","-11.5","","-17.8","","59","","0.0","","16","","9","","","","98.09","","","","-17","","NA"
"-80.80","46.63","SUDBURY CLIMATE","6068145","2020-02-18 01:00","2020","02","18","01:00","-11.5","","-17.6","","61","","0.0","","16","","12","","","","98.07","","","","-18","","NA"
"-80.80","46.63","SUDBURY CLIMATE","6068145","2020-02-18 02:00","2020","02","18","02:00","-13.2","","-18.1","","66","","0.0","","16","","12","","","","98.05","","","","-20","","NA"
"-80.80","46.63","SUDBURY CLIMATE","6068145","2020-02-18 03:00","2020","02","18","03:00","-13.7","","-18.4","","67","","0.0","","15","","12","","","","98.01","","","","-20","","NA"
"-80.80","46.63","SUDBURY CLIMATE","6068145","2020-02-18 04:00","2020","02","18","04:00","-12.4","","-18.0","","63","","0.0","","14","","12","","","","97.91","","","","-19","","NA"
"-80.80","46.63","SUDBURY CLIMATE","6068145","2020-02-18 05:00","2020","02","18","05:00","-11.5","","-17.0","","64","","0.0","","14","","14","","","","97.77","","","","-18","","NA"
"-80.80","46.63","SUDBURY CLIMATE","6068145","2020-02-18 06:00","2020","02","18","06:00","-10.6","","-15.4","","68","","0.0","","14","","15","","","","97.71","","","","-17","","NA"
"-80.80","46.63","SUDBURY CLIMATE","6068145","2020-02-18 07:00","2020","02","18","07:00","-10.2","","-14.4","","71","","0.0","","12","","14","","","","97.60","","","","-17","","NA"
"-80.80","46.63","SUDBURY CLIMATE","6068145","2020-02-18 08:00","2020","02","18","08:00","-10.1","","-13.3","","77","","0.0","","10","","9","","","","97.51","","","","-15","","NA"
"-80.80","46.63","SUDBURY CLIMATE","6068145","2020-02-18 09:00","2020","02","18","09:00","-9.9","","-11.7","","86","","0.0","","9","","14","","","","97.36","","","","-16","","NA"
"-80.80","46.63","SUDBURY CLIMATE","6068145","2020-02-18 10:00","2020","02","18","10:00","-11.4","","-12.8","","89","","0.6","","5","","15","","","","97.19","","","","-18","","NA"
"-80.80","46.63","SUDBURY CLIMATE","6068145","2020-02-18 11:00","2020","02","18","11:00","-9.3","","-10.6","","90","","0.9","","8","","17","","","","97.02","","","","-16","","NA"
"-80.80","46.63","SUDBURY CLIMATE","6068145","2020-02-18 12:00","2020","02","18","12:00","-8.7","","-10.0","","90","","0.7","","6","","19","","","","96.78","","","","-16","","NA"
"-80.80","46.63","SUDBURY CLIMATE","6068145","2020-02-18 13:00","2020","02","18","13:00","-8.3","","-9.6","","90","","1.3","","8","","16","","","","96.69","","","","-15","","NA"
"-80.80","46.63","SUDBURY CLIMATE","6068145","2020-02-18 14:00","2020","02","18","14:00","-8.1","","-9.3","","91","","1.7","","7","","20","","","","96.43","","","","-15","","NA"
"-80.80","46.63","SUDBURY CLIMATE","6068145","2020-02-18 15:00","2020","02","18","15:00","-8.3","","-9.5","","91","","2.8","","6","","15","","","","96.25","","","","-15","","NA"
"-80.80","46.63","SUDBURY CLIMATE","6068145","2020-02-18 16:00","2020","02","18","16:00","-7.9","","-9.3","","90","","1.5","","5","","15","","","","96.08","","","","-14","","NA"
"-80.80","46.63","SUDBURY CLIMATE","6068145","2020-02-18 17:00","2020","02","18","17:00","-7.3","","-8.7","","90","","0.6","","3","","11","","","","95.96","","","","-12","","NA"
"-80.80","46.63","SUDBURY CLIMATE","6068145","2020-02-18 18:00","2020","02","18","18:00","-6.7","","-8.3","","88","","0.7","","1","","5","","","","95.86","","","","-9","","NA"
"-80.80","46.63","SUDBURY CLIMATE","6068145","2020-02-18 19:00","2020","02","18","19:00","-5.8","","-7.5","","87","","0.5","","28","","12","","","","95.93","","","","-11","","NA"
"-80.80","46.63","SUDBURY CLIMATE","6068145","2020-02-18 20:00","2020","02","18","20:00","-4.3","","-6.1","","87","","0.0","","27","","15","","","","96.05","","","","-10","","NA"
"-80.80","46.63","SUDBURY CLIMATE","6068145","2020-02-18 21:00","2020","02","18","21:00","-3.9","","-6.1","","85","","0.0","","27","","16","","","","96.24","","","","-9","","NA"
"-80.80","46.63","SUDBURY CLIMATE","6068145","2020-02-18 22:00","2020","02","18","22:00","-3.4","","-5.7","","85","","0.0","","27","","19","","","","96.42","","","","-9","","NA"
"-80.80","46.63","SUDBURY CLIMATE","6068145","2020-02-18 23:00","2020","02","18","23:00","-3.8","","-6.3","","83","","0.0","","29","","16","","","","96.60","","","","-9","","NA"
"-80.80","46.63","SUDBURY CLIMATE","6068145","2020-02-19 00:00","2020","02","19","00:00","-3.7","","-6.7","","80","","0.0","","28","","15","","","","96.78","","","","-9","","NA"
"-80.80","46.63","SUDBURY CLIMATE","6068145","2020-02-19 01:00","2020","02","19","01:00","-4.2","","-6.9","","81","","0.0","","27","","8","","","","96.91","","","","-8","","NA"
"-80.80","46.63","SUDBURY CLIMATE","6068145","2020-02-19 02:00","2020","02","19","02:00","-4.3","","-6.5","","85","","0.0","","30","","8","","","","97.01","","","","-8","","NA"
"-80.80","46.63","SUDBURY CLIMATE","6068145","2020-02-19 03:00","2020","02","19","03:00","-4.7","","-7.8","","79","","0.0","","29","","14","","","","97.12","","","","-10","","NA"
"-80.80","46.63","SUDBURY CLIMATE","6068145","2020-02-19 04:00","2020","02","19","04:00","-5.8","","-9.4","","75","","0.0","","30","","14","","","","97.22","","","","-11","","NA"
"-80.80","46.63","SUDBURY CLIMATE","6068145","2020-02-19 05:00","2020","02","19","05:00","-7.1","","-10.6","","76","","0.0","","31","","17","","","","97.31","","","","-14","","NA"
"-80.80","46.63","SUDBURY CLIMATE","6068145","2020-02-19 06:00","2020","02","19","06:00","-8.9","","-12.5","","75","","0.0","","32","","16","","","","97.48","","","","-16","","NA"
"-80.80","46.63","SUDBURY CLIMATE","6068145","2020-02-19 07:00","2020","02","19","07:00","-10.5","","-14.2","","74","","0.0","","33","","19","","","","97.63","","","","-18","","NA"
"-80.80","46.63","SUDBURY CLIMATE","6068145","2020-02-19 08:00","2020","02","19","08:00","-12.3","","-16.4","","71","","0.0","","31","","15","","","","97.77","","","","-20","","NA"
"-80.80","46.63","SUDBURY CLIMATE","6068145","2020-02-19 09:00","2020","02","19","09:00","-14.4","","-18.5","","71","","0.2","","30","","12","","","","97.86","","","","-21","","NA"
"-80.80","46.63","SUDBURY CLIMATE","6068145","2020-02-19 10:00","2020","02","19","10:00","-15.5","","-19.3","","72","","0.0","","32","","12","","","","97.99","","","","-23","","NA"
"-80.80","46.63","SUDBURY CLIMATE","6068145","2020-02-19 11:00","2020","02","19","11:00","-16.6","","-19.8","","76","","0.0","","32","","7","","","","98.11","","","","-22","","NA"
"-80.80","46.63","SUDBURY CLIMATE","6068145","2020-02-19 12:00","2020","02","19","12:00","-19.2","","-21.1","","85","","0.0","","30","","7","","","","98.17","","","","-25","","NA"
"-80.80","46.63","SUDBURY CLIMATE","6068145","2020-02-19 13:00","2020","02","19","13:00","-18.3","","-20.9","","80","","0.0","","30","","5","","","","98.30","","","","-22","","NA"
"-80.80","46.63","SUDBURY CLIMATE","6068145","2020-02-19 14:00","2020","02","19","14:00","-17.2","","-21.1","","72","","0.0","","28","","3","","","","98.38","","","","-20","","NA"
"-80.80","46.63","SUDBURY CLIMATE","6068145","2020-02-19 15:00","2020","02","19","15:00","-14.3","","-19.9","","63","","0.0","","27","","7","","","","98.44","","","","-19","","NA"
"-80.80","46.63","SUDBURY CLIMATE","6068145","2020-02-19 16:00","2020","02","19","16:00","-12.7","","-19.2","","58","","0.0","","25","","11","","","","98.45","","","","-19","","NA"
"-80.80","46.63","SUDBURY CLIMATE","6068145","2020-02-19 17:00","2020","02","19","17:00","-11.6","","-18.6","","56","","0.0","","29","","10","","","","98.44","","","","-17","","NA"
"-80.80","46.63","SUDBURY CLIMATE","6068145","2020-02-19 18:00","2020","02","19","18:00","-10.8","","-18.2","","54","","0.0","","29","","16","","","","98.40","","","","-18","","NA"
"-80.80","46.63","SUDBURY CLIMATE","6068145","2020-02-19 19:00","2020","02","19","19:00","-10.2","","-17.5","","55","","0.0","","28","","15","","","","98.39","","","","-17","","NA"
"-80.80","46.63","SUDBURY CLIMATE","6068145","2020-02-19 20:00","2020","02","19","20:00","-9.7","","-17.3","","54","","0.0","","29","","14","","","","98.37","","","","-16","","NA"
"-80.80","46.63","SUDBURY CLIMATE","6068145","2020-02-19 21:00","2020","02","19","21:00","-9.9","","-15.8","","62","","0.0","","30","","11","","","","98.36","","","","-15","","NA"
"-80.80","46.63","SUDBURY CLIMATE","6068145","2020-02-19 22:00","2020","02","19","22:00","-10.1","","-15.4","","65","","0.0","","30","","10","","","","98.35","","","","-15","","NA"
"-80.80","46.63","SUDBURY CLIMATE","6068145","2020-02-19 23:00","2020","02","19","23:00","-10.9","","-14.2","","76","","0.0","","30","","4","","","","98.35","","","","-13","","NA"
"-80.80","46.63","SUDBURY CLIMATE","6068145","2020-02-20 00:00","2020","02","20","00:00","-11.4","","-14.1","","80","","0.0","","32","","6","","","","98.40","","","","-15","","NA"
"-80.80","46.63","SUDBURY CLIMATE","6068145","2020-02-20 01:00","2020","02","20","01:00","-12.0","","-14.5","","82","","0.0","","31","","6","","","","98.43","","","","-16","","NA"
"-80.80","46.63","SUDBURY CLIMATE","6068145","2020-02-20 02:00","2020","02","20","02:00","-13.1","","-15.7","","81","","0.0","","29","","5","","","","98.48","","","","-16","","NA"
"-80.80","46.63","SUDBURY CLIMATE","6068145","2020-02-20 03:00","2020","02","20","03:00","-13.9","","-16.4","","82","","0.0","","31","","7","","","","98.55","","","","-19","","NA"
"-80.80","46.63","SUDBURY CLIMATE","6068145","2020-02-20 04:00","2020","02","20","04:00","-14.8","","-17.1","","83","","0.0","","32","","8","","","","98.61","","","","-20","","NA"
"-80.80","46.63","SUDBURY CLIMATE","6068145","2020-02-20 05:00","2020","02","20","05:00","-16.1","","-18.3","","83","","0.2","","34","","8","","","","98.64","","","","-22","","NA"
"-80.80","46.63","SUDBURY CLIMATE","6068145","2020-02-20 06:00","2020","02","20","06:00","-17.4","","-19.6","","84","","0.0","","33","","8","","","","98.71","","","","-23","","NA"
"-80.80","46.63","SUDBURY CLIMATE","6068145","2020-02-20 07:00","2020","02","20","07:00","-19.6","","-22.0","","81","","0.0","","33","","7","","","","98.76","","","","-25","","NA"
"-80.80","46.63","SUDBURY CLIMATE","6068145","2020-02-20 08:00","2020","02","20","08:00","-20.5","","-22.8","","81","","0.0","","33","","6","","","","98.76","","","","-26","","NA"
"-80.80","46.63","SUDBURY CLIMATE","6068145","2020-02-20 09:00","2020","02","20","09:00","-23.3","","-25.0","","86","","0.0","","31","","5","","","","98.76","","","","-28","","NA"
"-80.80","46.63","SUDBURY CLIMATE","6068145","2020-02-20 10:00","2020","02","20","10:00","-22.6","","-24.7","","82","","0.0","","33","","6","","","","98.78","","","","-28","","NA"
"-80.80","46.63","SUDBURY CLIMATE","6068145","2020-02-20 11:00","2020","02","20","11:00","-24.6","","-26.8","","83","","0.0","","28","","7","","","","98.83","","","","-31","","NA"
"-80.80","46.63","SUDBURY CLIMATE","6068145","2020-02-20 12:00","2020","02","20","12:00","-24.4","","-26.5","","83","","0.0","","29","","7","","","","98.87","","","","-31","","NA"
"-80.80","46.63","SUDBURY CLIMATE","6068145","2020-02-20 13:00","2020","02","20","13:00","-25.3","","-27.6","","81","","0.0","","29","","6","","","","98.94","","","","-31","","NA"
"-80.80","46.63","SUDBURY CLIMATE","6068145","2020-02-20 14:00","2020","02","20","14:00","-22.2","","-25.2","","77","","0.0","","30","","4","","","","98.99","","","","-26","","NA"
"-80.80","46.63","SUDBURY CLIMATE","6068145","2020-02-20 15:00","2020","02","20","15:00","-21.7","","-25.4","","72","","0.0","","26","","5","","","","99.00","","","","-26","","NA"
"-80.80","46.63","SUDBURY CLIMATE","6068145","2020-02-20 16:00","2020","02","20","16:00","-17.5","","-24.3","","55","","0.0","","27","","8","","","","99.03","","","","-23","","NA"
"-80.80","46.63","SUDBURY CLIMATE","6068145","2020-02-20 17:00","2020","02","20","17:00","-15.8","","-23.9","","50","","0.0","","24","","10","","","","98.99","","","","-22","","NA"
"-80.80","46.63","SUDBURY CLIMATE","6068145","2020-02-20 18:00","2020","02","20","18:00","-15.1","","-23.5","","49","","0.0","","23","","11","","","","98.90","","","","-22","","NA"
"-80.80","46.63","SUDBURY CLIMATE","6068145","2020-02-20 19:00","2020","02","20","19:00","-14.5","","-22.7","","50","","0.0","","21","","15","","","","98.80","","","","-22","","NA"
"-80.80","46.63","SUDBURY CLIMATE","6068145","2020-02-20 20:00","2020","02","20","20:00","-13.7","","-22.3","","48","","0.0","","21","","19","","","","98.73","","","","-22","","NA"
"-80.80","46.63","SUDBURY CLIMATE","6068145","2020-02-20 21:00","2020","02","20","21:00","-13.0","","-21.8","","48","","0.0","","21","","21","","","","98.69","","","","-22","","NA"
"-80.80","46.63","SUDBURY CLIMATE","6068145","2020-02-20 22:00","2020","02","20","22:00","-12.9","","-20.8","","52","","0.0","","21","","23","","","","98.64","","","","-22","","NA"
"-80.80","46.63","SUDBURY CLIMATE","6068145","2020-02-20 23:00","2020","02","20","23:00","-14.1","","-21.5","","54","","0.0","","21","","25","","","","98.58","","","","-24","","NA"
"-80.80","46.63","SUDBURY CLIMATE","6068145","2020-02-21 00:00","2020","02","21","00:00","-14.7","","-21.3","","57","","0.0","","22","","24","","","","98.58","","","","-25","","NA"
"-80.80","46.63","SUDBURY CLIMATE","6068145","2020-02-21 01:00","2020","02","21","01:00","-15.5","","-21.2","","62","","0.0","","22","","23","","","","98.54","","","","-25","","NA"
"-80.80","46.63","SUDBURY CLIMATE","6068145","2020-02-21 02:00","2020","02","21","02:00","-14.5","","-18.5","","72","","0.0","","22","","22","","","","98.48","","","","-24","","NA"
"-80.80","46.63","SUDBURY CLIMATE","6068145","2020-02-21 03:00","2020","02","21","03:00","-13.5","","-16.8","","76","","0.0","","22","","27","","","","98.41","","","","-24","","NA"
"-80.80","46.63","SUDBURY CLIMATE","6068145","2020-02-21 04:00","2020","02","21","04:00","-13.0","","-16.4","","76","","0.0","","24","","19","","","","98.39","","","","-21","","NA"
"-80.80","46.63","SUDBURY CLIMATE","6068145","2020-02-21 05:00","2020","02","21","05:00","-12.7","","-15.9","","77","","0.0","","23","","19","","","","98.33","","","","-21","","NA"
"-80.80","46.63","SUDBURY CLIMATE","6068145","2020-02-21 06:00","2020","02","21","06:00","-13.6","","-16.2","","81","","0.0","","22","","19","","","","98.29","","","","-22","","NA"
"-80.80","46.63","SUDBURY CLIMATE","6068145","2020-02-21 07:00","2020","02","21","07:00","-12.5","","-15.0","","82","","0.0","","23","","24","","","","98.22","","","","-22","","NA"
"-80.80","46.63","SUDBURY CLIMATE","6068145","2020-02-21 08:00","2020","02","21","08:00","-13.8","","-15.6","","87","","0.0","","22","","20","","","","98.20","","","","-23","","NA"
"-80.80","46.63","SUDBURY CLIMATE","6068145","2020-02-21 09:00","2020","02","21","09:00","-13.6","","-15.1","","88","","0.0","","22","","21","","","","98.12","","","","-23","","NA"
"-80.80","46.63","SUDBURY CLIMATE","6068145","2020-02-21 10:00","2020","02","21","10:00","-12.6","","-14.2","","88","","0.0","","23","","21","","","","98.08","","","","-21","","NA"
"-80.80","46.63","SUDBURY CLIMATE","6068145","2020-02-21 11:00","2020","02","21","11:00","-12.6","","-14.4","","86","","0.0","","23","","22","","","","98.04","","","","-22","","NA"
"-80.80","46.63","SUDBURY CLIMATE","6068145","2020-02-21 12:00","2020","02","21","12:00","-12.1","","-13.5","","89","","0.0","","23","","24","","","","98.00","","","","-21","","NA"
"-80.80","46.63","SUDBURY CLIMATE","6068145","2020-02-21 13:00","2020","02","21","13:00","-11.3","","-13.2","","86","","0.0","","23","","25","","","","97.97","","","","-20","","NA"
"-80.80","46.63","SUDBURY CLIMATE","6068145","2020-02-21 14:00","2020","02","21","14:00","-10.3","","-12.8","","81","","0.0","","23","","32","","","","97.94","","","","-20","","NA"
"-80.80","46.63","SUDBURY CLIMATE","6068145","2020-02-21 15:00","2020","02","21","15:00","-8.9","","-12.2","","77","","0.0","","23","","30","","","","97.95","","","","-18","","NA"
"-80.80","46.63","SUDBURY CLIMATE","6068145","2020-02-21 16:00","2020","02","21","16:00","-7.9","","-10.9","","79","","0.0","","23","","37","","","","97.91","","","","-18","","NA"
"-80.80","46.63","SUDBURY CLIMATE","6068145","2020-02-21 17:00","2020","02","21","17:00","-5.9","","-9.4","","76","","0.0","","22","","34","","","","97.84","","","","-15","","NA"
"-80.80","46.63","SUDBURY CLIMATE","6068145","2020-02-21 18:00","2020","02","21","18:00","-5.2","","-8.8","","76","","0.0","","22","","34","","","","97.72","","","","-14","","NA"
"-80.80","46.63","SUDBURY CLIMATE","6068145","2020-02-21 19:00","2020","02","21","19:00","-3.8","","-7.7","","74","","0.0","","21","","38","","","","97.61","","","","-12","","NA"
"-80.80","46.63","SUDBURY CLIMATE","6068145","2020-02-21 20:00","2020","02","21","20:00","-2.8","","-7.6","","69","","0.0","","22","","34","","","","97.43","","","","-11","","NA"
"-80.80","46.63","SUDBURY CLIMATE","6068145","2020-02-21 21:00","2020","02","21","21:00","-2.2","","-7.2","","69","","0.0","","21","","36","","","","97.27","","","","-10","","NA"
"-80.80","46.63","SUDBURY CLIMATE","6068145","2020-02-21 22:00","2020","02","21","22:00","-2.0","","-8.4","","62","","0.0","","23","","41","","","","97.19","","","","-10","","NA"
"-80.80","46.63","SUDBURY CLIMATE","6068145","2020-02-21 23:00","2020","02","21","23:00","-3.0","","-7.9","","69","","0.0","","22","","39","","","","97.14","","","","-11","","NA"
"-80.80","46.63","SUDBURY CLIMATE","6068145","2020-02-22 00:00","2020","02","22","00:00","-3.6","","-7.0","","77","","0.0","","21","","41","","","","97.07","","","","-12","","NA"
"-80.80","46.63","SUDBURY CLIMATE","6068145","2020-02-22 01:00","2020","02","22","01:00","-3.4","","-6.7","","78","","0.0","","22","","30","","","","97.11","","","","-11","","NA"
"-80.80","46.63","SUDBURY CLIMATE","6068145","2020-02-22 02:00","2020","02","22","02:00","-3.0","","-6.1","","79","","0.0","","22","","31","","","","97.12","","","","-11","","NA"
"-80.80","46.63","SUDBURY CLIMATE","6068145","2020-02-22 03:00","2020","02","22","03:00","-2.9","","-7.3","","72","","0.0","","23","","28","","","","97.12","","","","-10","","NA"
"-80.80","46.63","SUDBURY CLIMATE","6068145","2020-02-22 04:00","2020","02","22","04:00","-3.2","","-8.4","","68","","0.0","","23","","28","","","","97.12","","","","-10","","NA"
"-80.80","46.63","SUDBURY CLIMATE","6068145","2020-02-22 05:00","2020","02","22","05:00","-3.5","","-8.0","","71","","0.0","","23","","25","","","","97.13","","","","-10","","NA"
"-80.80","46.63","SUDBURY CLIMATE","6068145","2020-02-22 06:00","2020","02","22","06:00","-4.2","","-8.0","","75","","0.0","","23","","22","","","","97.17","","","","-11","","NA"
"-80.80","46.63","SUDBURY CLIMATE","6068145","2020-02-22 07:00","2020","02","22","07:00","-4.1","","-7.2","","79","","0.0","","23","","23","","","","97.16","","","","-11","","NA"
"-80.80","46.63","SUDBURY CLIMATE","6068145","2020-02-22 08:00","2020","02","22","08:00","-4.7","","-7.5","","80","","0.0","","23","","21","","","","97.15","","","","-11","","NA"
"-80.80","46.63","SUDBURY CLIMATE","6068145","2020-02-22 09:00","2020","02","22","09:00","-5.2","","-7.4","","85","","0.0","","23","","18","","","","97.15","","","","-11","","NA"
"-80.80","46.63","SUDBURY CLIMATE","6068145","2020-02-22 10:00","2020","02","22","10:00","-5.7","","-7.6","","87","","0.0","","23","","17","","","","97.17","","","","-12","","NA"
"-80.80","46.63","SUDBURY CLIMATE","6068145","2020-02-22 11:00","2020","02","22","11:00","-5.9","","-7.6","","88","","0.0","","23","","17","","","","97.19","","","","-12","","NA"
"-80.80","46.63","SUDBURY CLIMATE","6068145","2020-02-22 12:00","2020","02","22","12:00","-7.8","","-8.9","","92","","0.0","","23","","14","","","","97.21","","","","-14","","NA"
"-80.80","46.63","SUDBURY CLIMATE","6068145","2020-02-22 13:00","2020","02","22","13:00","-5.8","","-7.3","","89","","0.0","","24","","13","","","","97.26","","","","-11","","NA"
"-80.80","46.63","SUDBURY CLIMATE","6068145","2020-02-22 14:00","2020","02","22","14:00","-4.0","","-6.8","","81","","0.0","","24","","17","","","","97.29","","","","-10","","NA"
"-80.80","46.63","SUDBURY CLIMATE","6068145","2020-02-22 15:00","2020","02","22","15:00","-2.8","","-6.6","","75","","0.0","","24","","18","","","","97.31","","","","-8","","NA"
"-80.80","46.63","SUDBURY CLIMATE","6068145","2020-02-22 16:00","2020","02","22","16:00","-1.0","","-6.0","","69","","0.0","","24","","20","","","","97.32","","","","-7","","NA"
"-80.80","46.63","SUDBURY CLIMATE","6068145","2020-02-22 17:00","2020","02","22","17:00","-0.3","","-5.2","","69","","0.0","","22","","27","","","","97.32","","","","-7","","NA"
"-80.80","46.63","SUDBURY CLIMATE","6068145","2020-02-22 18:00","2020","02","22","18:00","0.7","","-4.8","","66","","0.0","","22","","31","","","","97.24","","","","","","NA"
"-80.80","46.63","SUDBURY CLIMATE","6068145","2020-02-22 19:00","2020","02","22","19:00","1.6","","-4.6","","63","","0.0","","22","","28","","","","97.21","","","","","","NA"
"-80.80","46.63","SUDBURY CLIMATE","6068145","2020-02-22 20:00","2020","02","22","20:00","2.2","","-4.5","","61","","0.0","","22","","30","","","","97.20","","","","","","NA"
"-80.80","46.63","SUDBURY CLIMATE","6068145","2020-02-22 21:00","2020","02","22","21:00","2.2","","-4.5","","62","","0.0","","22","","28","","","","97.20","","","","","","NA"
"-80.80","46.63","SUDBURY CLIMATE","6068145","2020-02-22 22:00","2020","02","22","22:00","1.4","","-4.4","","65","","0.0","","22","","26","","","","97.18","","","","","","NA"
"-80.80","46.63","SUDBURY CLIMATE","6068145","2020-02-22 23:00","2020","02","22","23:00","0.1","","-4.1","","74","","0.0","","21","","24","","","","97.19","","","","","","NA"
"-80.80","46.63","SUDBURY CLIMATE","6068145","2020-02-23 00:00","2020","02","23","00:00","-1.2","","-4.5","","78","","0.0","","21","","23","","","","97.22","","","","-7","","NA"
"-80.80","46.63","SUDBURY CLIMATE","6068145","2020-02-23 01:00","2020","02","23","01:00","-3.2","","-4.7","","89","","0.0","","20","","22","","","","97.22","","","","-10","","NA"
"-80.80","46.63","SUDBURY CLIMATE","6068145","2020-02-23 02:00","2020","02","23","02:00","-4.0","","-5.5","","89","","0.0","","20","","21","","","","97.21","","","","-10","","NA"
"-80.80","46.63","SUDBURY CLIMATE","6068145","2020-02-23 03:00","2020","02","23","03:00","-4.8","","-5.9","","92","","0.0","","19","","18","","","","97.20","","","","-11","","NA"
"-80.80","46.63","SUDBURY CLIMATE","6068145","2020-02-23 04:00","2020","02","23","04:00","-3.2","","-3.6","","97","","0.0","","19","","22","","","","97.16","","","","-10","","NA"
"-80.80","46.63","SUDBURY CLIMATE","6068145","2020-02-23 05:00","2020","02","23","05:00","-2.7","","-3.0","","98","","0.0","","20","","22","","","","97.12","","","","-9","","NA"
"-80.80","46.63","SUDBURY CLIMATE","6068145","2020-02-23 06:00","2020","02","23","06:00","-2.3","","-2.6","","98","","0.0","","21","","18","","","","97.08","","","","-8","","NA"
"-80.80","46.63","SUDBURY CLIMATE","6068145","2020-02-23 07:00","2020","02","23","07:00","-2.1","","-2.4","","98","","0.0","","23","","18","","","","97.08","","","","-8","","NA"
"-80.80","46.63","SUDBURY CLIMATE","6068145","2020-02-23 08:00","2020","02","23","08:00","-3.4","","-3.8","","97","","0.0","","26","","10","","","","97.07","","","","-7","","NA"
"-80.80","46.63","SUDBURY CLIMATE","6068145","2020-02-23 09:00","2020","02","23","09:00","-5.3","","-6.0","","95","","0.0","","26","","10","","","","97.02","","","","-10","","NA"
"-80.80","46.63","SUDBURY CLIMATE","6068145","2020-02-23 10:00","2020","02","23","10:00","-6.3","","-7.1","","94","","0.0","","24","","12","","","","97.00","","","","-11","","NA"
"-80.80","46.63","SUDBURY CLIMATE","6068145","2020-02-23 11:00","2020","02","23","11:00","-7.1","","-8.0","","94","","0.0","","18","","11","","","","97.02","","","","-12","","NA"
"-80.80","46.63","SUDBURY CLIMATE","6068145","2020-02-23 12:00","2020","02","23","12:00","-6.8","","-7.6","","94","","0.0","","19","","12","","","","97.01","","","","-12","","NA"
"-80.80","46.63","SUDBURY CLIMATE","6068145","2020-02-23 13:00","2020","02","23","13:00","-6.1","","-6.9","","94","","0.0","","16","","8","","","","97.02","","","","-10","","NA"
"-80.80","46.63","SUDBURY CLIMATE","6068145","2020-02-23 14:00","2020","02","23","14:00","-5.4","","-6.2","","94","","0.0","","17","","6","","","","97.02","","","","-8","","NA"
"-80.80","46.63","SUDBURY CLIMATE","6068145","2020-02-23 15:00","2020","02","23","15:00","-3.8","","-4.6","","94","","0.0","","19","","8","","","","97.00","","","","-7","","NA"
"-80.80","46.63","SUDBURY CLIMATE","6068145","2020-02-23 16:00","2020","02","23","16:00","-2.5","","-3.3","","94","","0.0","","18","","9","","","","96.95","","","","-6","","NA"
"-80.80","46.63","SUDBURY CLIMATE","6068145","2020-02-23 17:00","2020","02","23","17:00","-1.1","","-1.8","","95","","0.0","","16","","6","","","","96.92","","","","-3","","NA"
"-80.80","46.63","SUDBURY CLIMATE","6068145","2020-02-23 18:00","2020","02","23","18:00","3.0","","2.1","","94","","0.0","","17","","20","","","","96.75","","","","","","NA"
"-80.80","46.63","SUDBURY CLIMATE","6068145","2020-02-23 19:00","2020","02","23","19:00","4.2","","-1.4","","67","","0.0","","17","","26","","","","96.65","","","","","","NA"
"-80.80","46.63","SUDBURY CLIMATE","6068145","2020-02-23 20:00","2020","02","23","20:00","3.8","","-2.4","","64","","0.0","","18","","29","","","","96.56","","","","","","NA"
"-80.80","46.63","SUDBURY CLIMATE","6068145","2020-02-23 21:00","2020","02","23","21:00","2.9","","-2.0","","70","","0.0","","19","","28","","","","96.53","","","","","","NA"
"-80.80","46.63","SUDBURY CLIMATE","6068145","2020-02-23 22:00","2020","02","23","22:00","1.9","","-2.4","","73","","0.0","","19","","32","","","","96.49","","","","","","NA"
"-80.80","46.63","SUDBURY CLIMATE","6068145","2020-02-23 23:00","2020","02","23","23:00","1.5","","-2.8","","73","","0.0","","19","","27","","","","96.45","","","","","","NA"
"-80.80","46.63","SUDBURY CLIMATE","6068145","2020-02-24 00:00","2020","02","24","00:00","0.8","","-2.7","","77","","0.0","","20","","25","","","","96.46","","","","","","NA"
"-80.80","46.63","SUDBURY CLIMATE","6068145","2020-02-24 01:00","2020","02","24","01:00","0.2","","-2.7","","81","","0.0","","19","","26","","","","96.38","","","","","","NA"
"-80.80","46.63","SUDBURY CLIMATE","6068145","2020-02-24 02:00","2020","02","24","02:00","-1.1","","-3.0","","87","","0.0","","21","","22","","","","96.38","","","","-7","","NA"
"-80.80","46.63","SUDBURY CLIMATE","6068145","2020-02-24 03:00","2020","02","24","03:00","-2.1","","-3.5","","90","","0.0","","20","","20","","","","96.36","","","","-8","","NA"
"-80.80","46.63","SUDBURY CLIMATE","6068145","2020-02-24 04:00","2020","02","24","04:00","-1.7","","-3.0","","91","","0.0","","22","","16","","","","96.35","","","","-7","","NA"
"-80.80","46.63","SUDBURY CLIMATE","6068145","2020-02-24 05:00","2020","02","24","05:00","-1.6","","-3.0","","90","","0.0","","22","","17","","","","96.34","","","","-7","","NA"
"-80.80","46.63","SUDBURY CLIMATE","6068145","2020-02-24 06:00","2020","02","24","06:00","-0.8","","-2.9","","86","","0.0","","22","","19","","","","96.35","","","","-6","","NA"
"-80.80","46.63","SUDBURY CLIMATE","6068145","2020-02-24 07:00","2020","02","24","07:00","0.0","","-2.6","","82","","0.0","","24","","16","","","","96.39","","","","-5","","NA"
"-80.80","46.63","SUDBURY CLIMATE","6068145","2020-02-24 08:00","2020","02","24","08:00","-0.9","","-3.0","","86","","0.0","","24","","12","","","","96.40","","","","-5","","NA"
"-80.80","46.63","SUDBURY CLIMATE","6068145","2020-02-24 09:00","2020","02","24","09:00","-1.8","","-3.5","","88","","0.0","","24","","9","","","","96.42","","","","-5","","NA"
"-80.80","46.63","SUDBURY CLIMATE","6068145","2020-02-24 10:00","2020","02","24","10:00","-2.7","","-3.9","","91","","0.0","","25","","7","","","","96.48","","","","-6","","NA"
"-80.80","46.63","SUDBURY CLIMATE","6068145","2020-02-24 11:00","2020","02","24","11:00","-3.2","","-3.9","","95","","0.0","","25","","7","","","","96.55","","","","-6","","NA"
"-80.80","46.63","SUDBURY CLIMATE","6068145","2020-02-24 12:00","2020","02","24","12:00","-6.5","","-7.4","","93","","0.0","","22","","10","","","","96.59","","","","-11","","NA"
"-80.80","46.63","SUDBURY CLIMATE","6068145","2020-02-24 13:00","2020","02","24","13:00","-5.5","","-6.0","","96","","0.0","","23","","12","","","","96.70","","","","-10","","NA"
"-80.80","46.63","SUDBURY CLIMATE","6068145","2020-02-24 14:00","2020","02","24","14:00","-2.1","","-3.9","","87","","0.0","","24","","13","","","","96.76","","","","-7","","NA"
"-80.80","46.63","SUDBURY CLIMATE","6068145","2020-02-24 15:00","2020","02","24","15:00","-0.3","","-3.9","","77","","0.0","","24","","16","","","","96.81","","","","-5","","NA"
"-80.80","46.63","SUDBURY CLIMATE","6068145","2020-02-24 16:00","2020","02","24","16:00","1.6","","-3.7","","67","","0.0","","26","","13","","","","96.86","","","","","","NA"
"-80.80","46.63","SUDBURY CLIMATE","6068145","2020-02-24 17:00","2020","02","24","17:00","2.8","","-3.2","","64","","0.0","","23","","16","","","","96.90","","","","","","NA"
"-80.80","46.63","SUDBURY CLIMATE","6068145","2020-02-24 18:00","2020","02","24","18:00","3.1","","-3.5","","62","","0.0","","23","","18","","","","96.88","","","","","","NA"
"-80.80","46.63","SUDBURY CLIMATE","6068145","2020-02-24 19:00","2020","02","24","19:00","3.9","","-4.0","","56","","0.0","","24","","15","","","","96.90","","","","","","NA"
"-80.80","46.63","SUDBURY CLIMATE","6068145","2020-02-24 20:00","2020","02","24","20:00","4.0","","-3.8","","56","","0.0","","22","","9","","","","96.92","","","","","","NA"
"-80.80","46.63","SUDBURY CLIMATE","6068145","2020-02-24 21:00","2020","02","24","21:00","4.8","","-4.6","","50","","0.0","","28","","7","","","","96.92","","","","","","NA"
"-80.80","46.63","SUDBURY CLIMATE","6068145","2020-02-24 22:00","2020","02","24","22:00","4.7","","-5.1","","49","","0.0","","33","","8","","","","96.98","","","","","","NA"
"-80.80","46.63","SUDBURY CLIMATE","6068145","2020-02-24 23:00","2020","02","24","23:00","3.5","","-4.5","","56","","0.0","","36","","6","","","","97.07","","","","","","NA"
"-80.80","46.63","SUDBURY CLIMATE","6068145","2020-02-25 00:00","2020","02","25","00:00","2.5","","-4.6","","59","","0.0","","32","","5","","","","97.18","","","","","","NA"
"-80.80","46.63","SUDBURY CLIMATE","6068145","2020-02-25 01:00","2020","02","25","01:00","0.3","","-4.6","","69","","0.0","","31","","1","","","","97.20","","","","","","NA"
"-80.80","46.63","SUDBURY CLIMATE","6068145","2020-02-25 02:00","2020","02","25","02:00","-0.3","","-4.9","","71","","0.0","","1","","12","","","","97.27","","","","-4","","NA"
"-80.80","46.63","SUDBURY CLIMATE","6068145","2020-02-25 03:00","2020","02","25","03:00","-1.2","","-4.6","","78","","0.0","","1","","15","","","","97.32","","","","-6","","NA"
"-80.80","46.63","SUDBURY CLIMATE","6068145","2020-02-25 04:00","2020","02","25","04:00","-1.6","","-5.3","","75","","0.0","","1","","17","","","","97.34","","","","-7","","NA"
"-80.80","46.63","SUDBURY CLIMATE","6068145","2020-02-25 05:00","2020","02","25","05:00","-2.4","","-6.1","","76","","0.0","","1","","18","","","","97.36","","","","-8","","NA"
"-80.80","46.63","SUDBURY CLIMATE","6068145","2020-02-25 06:00","2020","02","25","06:00","-2.9","","-6.7","","75","","0.0","","2","","22","","","","97.34","","","","-9","","NA"
"-80.80","46.63","SUDBURY CLIMATE","6068145","2020-02-25 07:00","2020","02","25","07:00","-4.0","","-7.4","","77","","0.0","","2","","20","","","","97.35","","","","-10","","NA"
"-80.80","46.63","SUDBURY CLIMATE","6068145","2020-02-25 08:00","2020","02","25","08:00","-4.7","","-7.9","","78","","0.0","","2","","19","","","","97.38","","","","-11","","NA"
"-80.80","46.63","SUDBURY CLIMATE","6068145","2020-02-25 09:00","2020","02","25","09:00","-5.5","","-8.3","","80","","0.0","","1","","15","","","","97.47","","","","-11","","NA"
"-80.80","46.63","SUDBURY CLIMATE","6068145","2020-02-25 10:00","2020","02","25","10:00","-6.4","","-9.2","","81","","0.0","","1","","14","","","","97.52","","","","-12","","NA"
"-80.80","46.63","SUDBURY CLIMATE","6068145","2020-02-25 11:00","2020","02","25","11:00","-7.4","","-10.4","","79","","0.0","","1","","14","","","","97.59","","","","-13","","NA"
"-80.80","46.63","SUDBURY CLIMATE","6068145","2020-02-25 12:00","2020","02","25","12:00","-7.8","","-10.8","","79","","0.0","","1","","16","","","","97.62","","","","-14","","NA"
"-80.80","46.63","SUDBURY CLIMATE","6068145","2020-02-25 13:00","2020","02","25","13:00","-7.8","","-11.5","","75","","0.0","","1","","19","","","","97.65","","","","-15","","NA"
"-80.80","46.63","SUDBURY CLIMATE","6068145","2020-02-25 14:00","2020","02","25","14:00","-7.5","","-11.7","","72","","0.0","","2","","18","","","","97.71","","","","-14","","NA"
"-80.80","46.63","SUDBURY CLIMATE","6068145","2020-02-25 15:00","2020","02","25","15:00","-6.3","","-11.6","","66","","0.0","","1","","18","","","","97.72","","","","-13","","NA"
"-80.80","46.63","SUDBURY CLIMATE","6068145","2020-02-25 16:00","2020","02","25","16:00","-4.7","","-12.0","","56","","0.0","","36","","16","","","","97.70","","","","-10","","NA"
"-80.80","46.63","SUDBURY CLIMATE","6068145","2020-02-25 17:00","2020","02","25","17:00","-3.1","","-12.3","","49","","0.0","","3","","16","","","","97.71","","","","-8","","NA"
"-80.80","46.63","SUDBURY CLIMATE","6068145","2020-02-25 18:00","2020","02","25","18:00","-1.7","","-11.8","","46","","0.0","","1","","16","","","","97.65","","","","-7","","NA"
"-80.80","46.63","SUDBURY CLIMATE","6068145","2020-02-25 19:00","2020","02","25","19:00","-1.0","","-11.6","","44","","0.0","","36","","19","","","","97.62","","","","-6","","NA"
"-80.80","46.63","SUDBURY CLIMATE","6068145","2020-02-25 20:00","2020","02","25","20:00","-0.7","","-11.9","","42","","0.0","","3","","20","","","","97.60","","","","-6","","NA"
"-80.80","46.63","SUDBURY CLIMATE","6068145","2020-02-25 21:00","2020","02","25","21:00","-0.2","","-11.7","","42","","0.0","","2","","18","","","","97.60","","","","-5","","NA"
"-80.80","46.63","SUDBURY CLIMATE","6068145","2020-02-25 22:00","2020","02","25","22:00","-1.5","","-13.6","","39","","0.0","","1","","17","","","","97.66","","","","-7","","NA"
"-80.80","46.63","SUDBURY CLIMATE","6068145","2020-02-25 23:00","2020","02","25","23:00","-2.5","","-14.5","","39","","0.0","","2","","14","","","","97.73","","","","-7","","NA"
"-80.80","46.63","SUDBURY CLIMATE","6068145","2020-02-26 00:00","2020","02","26","00:00","-3.6","","-15.8","","38","","0.0","","1","","18","","","","97.80","","","","-9","","NA"
"-80.80","46.63","SUDBURY CLIMATE","6068145","2020-02-26 01:00","2020","02","26","01:00","-4.5","","-16.7","","38","","0.0","","1","","18","","","","97.84","","","","-11","","NA"
"-80.80","46.63","SUDBURY CLIMATE","6068145","2020-02-26 02:00","2020","02","26","02:00","-5.8","","-18.1","","37","","0.0","","1","","21","","","","97.86","","","","-13","","NA"
"-80.80","46.63","SUDBURY CLIMATE","6068145","2020-02-26 03:00","2020","02","26","03:00","-6.5","","-18.2","","39","","0.0","","2","","22","","","","97.91","","","","-14","","NA"
"-80.80","46.63","SUDBURY CLIMATE","6068145","2020-02-26 04:00","2020","02","26","04:00","-7.5","","-17.8","","44","","0.0","","2","","21","","","","97.92","","","","-15","","NA"
"-80.80","46.63","SUDBURY CLIMATE","6068145","2020-02-26 05:00","2020","02","26","05:00","-8.3","","-17.7","","47","","0.0","","2","","17","","","","97.93","","","","-15","","NA"
"-80.80","46.63","SUDBURY CLIMATE","6068145","2020-02-26 06:00","2020","02","26","06:00","-9.4","","-17.5","","52","","0.0","","1","","19","","","","97.95","","","","-17","","NA"
"-80.80","46.63","SUDBURY CLIMATE","6068145","2020-02-26 07:00","2020","02","26","07:00","-10.5","","-17.9","","54","","0.0","","2","","26","","","","97.91","","","","-20","","NA"
"-80.80","46.63","SUDBURY CLIMATE","6068145","2020-02-26 08:00","2020","02","26","08:00","-11.5","","-18.0","","58","","0.0","","2","","28","","","","97.88","","","","-21","","NA"
"-80.80","46.63","SUDBURY CLIMATE","6068145","2020-02-26 09:00","2020","02","26","09:00","-12.7","","-18.4","","63","","0.0","","2","","25","","","","97.85","","","","-22","","NA"
"-80.80","46.63","SUDBURY CLIMATE","6068145","2020-02-26 10:00","2020","02","26","10:00","-13.3","","-18.1","","67","","0.0","","2","","26","","","","97.88","","","","-23","","NA"
"-80.80","46.63","SUDBURY CLIMATE","6068145","2020-02-26 11:00","2020","02","26","11:00","-14.0","","-18.2","","70","","0.0","","2","","22","","","","97.89","","","","-23","","NA"
"-80.80","46.63","SUDBURY CLIMATE","6068145","2020-02-26 12:00","2020","02","26","12:00","-14.6","","-18.5","","72","","0.0","","2","","23","","","","97.84","","","","-24","","NA"
"-80.80","46.63","SUDBURY CLIMATE","6068145","2020-02-26 13:00","2020","02","26","13:00","-14.9","","-18.3","","76","","0.0","","3","","25","","","","97.86","","","","-25","","NA"
"-80.80","46.63","SUDBURY CLIMATE","6068145","2020-02-26 14:00","2020","02","26","14:00","-15.0","","-18.2","","76","","0.0","","2","","20","","","","97.87","","","","-24","","NA"
"-80.80","46.63","SUDBURY CLIMATE","6068145","2020-02-26 15:00","2020","02","26","15:00","-14.5","","-18.2","","73","","0.0","","2","","26","","","","97.83","","","","-25","","NA"
"-80.80","46.63","SUDBURY CLIMATE","6068145","2020-02-26 16:00","2020","02","26","16:00","-13.4","","-18.0","","68","","0.0","","3","","28","","","","97.78","","","","-24","","NA"
"-80.80","46.63","SUDBURY CLIMATE","6068145","2020-02-26 17:00","2020","02","26","17:00","-11.9","","-17.6","","63","","0.0","","2","","26","","","","97.71","","","","-21","","NA"
"-80.80","46.63","SUDBURY CLIMATE","6068145","2020-02-26 18:00","2020","02","26","18:00","-10.3","","-17.2","","57","","0.0","","2","","27","","","","97.61","","","","-19","","NA"
"-80.80","46.63","SUDBURY CLIMATE","6068145","2020-02-26 19:00","2020","02","26","19:00","-9.6","","-16.8","","56","","0.0","","3","","24","","","","97.46","","","","-18","","NA"
"-80.80","46.63","SUDBURY CLIMATE","6068145","2020-02-26 20:00","2020","02","26","20:00","-9.0","","-16.5","","54","","0.0","","2","","27","","","","97.30","","","","-18","","NA"
"-80.80","46.63","SUDBURY CLIMATE","6068145","2020-02-26 21:00","2020","02","26","21:00","-8.8","","-16.1","","56","","0.0","","2","","24","","","","97.27","","","","-17","","NA"
"-80.80","46.63","SUDBURY CLIMATE","6068145","2020-02-26 22:00","2020","02","26","22:00","-9.0","","-15.7","","58","","0.0","","3","","25","","","","97.28","","","","-17","","NA"
"-80.80","46.63","SUDBURY CLIMATE","6068145","2020-02-26 23:00","2020","02","26","23:00","-9.3","","-15.0","","63","","0.0","","2","","29","","","","97.21","","","","-18","","NA"
"-80.80","46.63","SUDBURY CLIMATE","6068145","2020-02-27 00:00","2020","02","27","00:00","-9.4","","-14.1","","69","","0.0","","2","","27","","","","97.18","","","","-18","","NA"
"-80.80","46.63","SUDBURY CLIMATE","6068145","2020-02-27 01:00","2020","02","27","01:00","-9.9","","-13.2","","76","","0.0","","1","","26","","","","97.09","","","","-19","","NA"
"-80.80","46.63","SUDBURY CLIMATE","6068145","2020-02-27 02:00","2020","02","27","02:00","-10.4","","-12.4","","85","","0.0","","1","","26","","","","97.01","","","","-19","","NA"
"-80.80","46.63","SUDBURY CLIMATE","6068145","2020-02-27 03:00","2020","02","27","03:00","-10.7","","-12.4","","87","","0.0","","1","","28","","","","96.76","","","","-20","","NA"
"-80.80","46.63","SUDBURY CLIMATE","6068145","2020-02-27 04:00","2020","02","27","04:00","-10.6","","-12.5","","86","","0.0","","2","","25","","","","96.79","","","","-20","","NA"
"-80.80","46.63","SUDBURY CLIMATE","6068145","2020-02-27 05:00","2020","02","27","05:00","-10.8","","-12.5","","87","","0.5","","1","","24","","","","96.61","","","","-20","","NA"
"-80.80","46.63","SUDBURY CLIMATE","6068145","2020-02-27 06:00","2020","02","27","06:00","-11.0","","-12.8","","86","","0.5","","36","","25","","","","96.47","","","","-20","","NA"
"-80.80","46.63","SUDBURY CLIMATE","6068145","2020-02-27 07:00","2020","02","27","07:00","-11.3","","-13.2","","86","","0.4","","36","","25","","","","96.31","","","","-20","","NA"
"-80.80","46.63","SUDBURY CLIMATE","6068145","2020-02-27 08:00","2020","02","27","08:00","-11.7","","-13.7","","85","","0.3","","35","","18","","","","96.19","","","","-20","","NA"
"-80.80","46.63","SUDBURY CLIMATE","6068145","2020-02-27 09:00","2020","02","27","09:00","-12.3","","-14.5","","84","","0.6","","35","","20","","","","96.06","","","","-21","","NA"
"-80.80","46.63","SUDBURY CLIMATE","6068145","2020-02-27 10:00","2020","02","27","10:00","-13.2","","-15.3","","84","","0.6","","34","","19","","","","95.95","","","","-22","","NA"
"-80.80","46.63","SUDBURY CLIMATE","6068145","2020-02-27 11:00","2020","02","27","11:00","-14.0","","-16.3","","82","","0.8","","34","","19","","","","95.92","","","","-23","","NA"
"-80.80","46.63","SUDBURY CLIMATE","6068145","2020-02-27 12:00","2020","02","27","12:00","-14.4","","-16.8","","82","","0.7","","34","","18","","","","95.81","","","","-23","","NA"
"-80.80","46.63","SUDBURY CLIMATE","6068145","2020-02-27 13:00","2020","02","27","13:00","-14.9","","-17.6","","80","","0.7","","33","","21","","","","95.78","","","","-24","","NA"
"-80.80","46.63","SUDBURY CLIMATE","6068145","2020-02-27 14:00","2020","02","27","14:00","-15.3","","-18.4","","77","","0.7","","33","","23","","","","95.71","","","","-25","","NA"
"-80.80","46.63","SUDBURY CLIMATE","6068145","2020-02-27 15:00","2020","02","27","15:00","-15.3","","-18.5","","77","","0.5","","32","","18","","","","95.64","","","","-24","","NA"
"-80.80","46.63","SUDBURY CLIMATE","6068145","2020-02-27 16:00","2020","02","27","16:00","-14.8","","-18.6","","72","","0.4","","32","","21","","","","95.61","","","","-24","","NA"
"-80.80","46.63","SUDBURY CLIMATE","6068145","2020-02-27 17:00","2020","02","27","17:00","-14.1","","-18.1","","72","","0.0","","31","","17","","","","95.55","","","","-22","","NA"
"-80.80","46.63","SUDBURY CLIMATE","6068145","2020-02-27 18:00","2020","02","27","18:00","-13.6","","-17.5","","73","","0.2","","31","","18","","","","95.54","","","","-22","","NA"
"-80.80","46.63","SUDBURY CLIMATE","6068145","2020-02-27 19:00","2020","02","27","19:00","-13.0","","-16.3","","76","","0.2","","30","","16","","","","95.49","","","","-21","","NA"
"-80.80","46.63","SUDBURY CLIMATE","6068145","2020-02-27 20:00","2020","02","27","20:00","-12.9","","-16.4","","75","","0.2","","30","","20","","","","95.47","","","","-22","","NA"
"-80.80","46.63","SUDBURY CLIMATE","6068145","2020-02-27 21:00","2020","02","27","21:00","-12.5","","-16.2","","74","","0.0","","31","","20","","","","95.53","","","","-21","","NA"
"-80.80","46.63","SUDBURY CLIMATE","6068145","2020-02-27 22:00","2020","02","27","22:00","-13.4","","-16.9","","75","","0.3","","31","","25","","","","95.59","","","","-23","","NA"
"-80.80","46.63","SUDBURY CLIMATE","6068145","2020-02-27 23:00","2020","02","27","23:00","-13.6","","-16.6","","78","","0.2","","30","","14","","","","95.62","","","","-21","","NA"
"-80.80","46.63","SUDBURY CLIMATE","6068145","2020-02-28 00:00","2020","02","28","00:00","-13.8","","-16.8","","78","","0.2","","30","","17","","","","95.65","","","","-22","","NA"
"-80.80","46.63","SUDBURY CLIMATE","6068145","2020-02-28 01:00","2020","02","28","01:00","-14.3","","-17.5","","77","","0.2","","30","","20","","","","95.65","","","","-23","","NA"
"-80.80","46.63","SUDBURY CLIMATE","6068145","2020-02-28 02:00","2020","02","28","02:00","-14.6","","-18.0","","75","","0.0","","30","","19","","","","95.68","","","","-23","","NA"
"-80.80","46.63","SUDBURY CLIMATE","6068145","2020-02-28 03:00","2020","02","28","03:00","-14.9","","-18.3","","75","","0.2","","30","","19","","","","95.70","","","","-24","","NA"
"-80.80","46.63","SUDBURY CLIMATE","6068145","2020-02-28 04:00","2020","02","28","04:00","-15.4","","-18.5","","77","","0.2","","30","","19","","","","95.70","","","","-24","","NA"
"-80.80","46.63","SUDBURY CLIMATE","6068145","2020-02-28 05:00","2020","02","28","05:00","-15.7","","-19.2","","74","","0.2","","30","","15","","","","95.72","","","","-24","","NA"
"-80.80","46.63","SUDBURY CLIMATE","6068145","2020-02-28 06:00","2020","02","28","06:00","-15.8","","-19.2","","75","","0.0","","29","","16","","","","95.73","","","","-24","","NA"
"-80.80","46.63","SUDBURY CLIMATE","6068145","2020-02-28 07:00","2020","02","28","07:00","-16.0","","-20.0","","71","","0.2","","30","","15","","","","95.75","","","","-24","","NA"
"-80.80","46.63","SUDBURY CLIMATE","6068145","2020-02-28 08:00","2020","02","28","08:00","-16.3","","-20.2","","72","","0.0","","30","","17","","","","95.73","","","","-25","","NA"
"-80.80","46.63","SUDBURY CLIMATE","6068145","2020-02-28 09:00","2020","02","28","09:00","-16.6","","-20.3","","73","","0.0","","29","","13","","","","95.75","","","","-24","","NA"
"-80.80","46.63","SUDBURY CLIMATE","6068145","2020-02-28 10:00","2020","02","28","10:00","-17.0","","-21.4","","68","","0.0","","30","","17","","","","95.77","","","","-26","","NA"
"-80.80","46.63","SUDBURY CLIMATE","6068145","2020-02-28 11:00","2020","02","28","11:00","-17.6","","-21.9","","69","","0.0","","30","","12","","","","95.80","","","","-25","","NA"
"-80.80","46.63","SUDBURY CLIMATE","6068145","2020-02-28 12:00","2020","02","28","12:00","-18.2","","-22.2","","70","","0.0","","30","","12","","","","95.81","","","","-26","","NA"
"-80.80","46.63","SUDBURY CLIMATE","6068145","2020-02-28 13:00","2020","02","28","13:00","-17.7","","-22.0","","69","","0.0","","30","","14","","","","95.87","","","","-26","","NA"
"-80.80","46.63","SUDBURY CLIMATE","6068145","2020-02-28 14:00","2020","02","28","14:00","-16.8","","-22.7","","60","","0.0","","32","","12","","","","95.91","","","","-24","","NA"
"-80.80","46.63","SUDBURY CLIMATE","6068145","2020-02-28 15:00","2020","02","28","15:00","-15.9","","-22.4","","57","","0.0","","30","","13","","","","95.91","","","","-23","","NA"
"-80.80","46.63","SUDBURY CLIMATE","6068145","2020-02-28 16:00","2020","02","28","16:00","-15.5","","-22.0","","57","","0.0","","32","","16","","","","95.95","","","","-24","","NA"
"-80.80","46.63","SUDBURY CLIMATE","6068145","2020-02-28 17:00","2020","02","28","17:00","-15.5","","-21.8","","58","","0.0","","33","","11","","","","95.99","","","","-22","","NA"
"-80.80","46.63","SUDBURY CLIMATE","6068145","2020-02-28 18:00","2020","02","28","18:00","-13.7","","-21.2","","53","","0.0","","31","","11","","","","95.99","","","","-20","","NA"
"-80.80","46.63","SUDBURY CLIMATE","6068145","2020-02-28 19:00","2020","02","28","19:00","-13.2","","-20.3","","56","","0.0","","31","","10","","","","96.02","","","","-19","","NA"
"-80.80","46.63","SUDBURY CLIMATE","6068145","2020-02-28 20:00","2020","02","28","20:00","-12.9","","-19.8","","56","","0.0","","30","","13","","","","96.09","","","","-20","","NA"
"-80.80","46.63","SUDBURY CLIMATE","6068145","2020-02-28 21:00","2020","02","28","21:00","-13.6","","-19.9","","59","","0.0","","32","","12","","","","96.18","","","","-20","","NA"
"-80.80","46.63","SUDBURY CLIMATE","6068145","2020-02-28 22:00","2020","02","28","22:00","-13.5","","-19.1","","63","","0.0","","31","","13","","","","96.27","","","","-20","","NA"
"-80.80","46.63","SUDBURY CLIMATE","6068145","2020-02-28 23:00","2020","02","28","23:00","-14.0","","-19.1","","66","","0.0","","31","","16","","","","96.38","","","","-22","","NA"
"-80.80","46.63","SUDBURY CLIMATE","6068145","2020-02-29 00:00","2020","02","29","00:00","-14.3","","-19.5","","65","","0.0","","33","","14","","","","96.48","","","","-22","","NA"
"-80.80","46.63","SUDBURY CLIMATE","6068145","2020-02-29 01:00","2020","02","29","01:00","-15.0","","-19.3","","70","","0.0","","34","","12","","","","96.55","","","","-22","","NA"
"-80.80","46.63","SUDBURY CLIMATE","6068145","2020-02-29 02:00","2020","02","29","02:00","-16.2","","-20.3","","71","","0.0","","34","","11","","","","96.60","","","","-23","","NA"
"-80.80","46.63","SUDBURY CLIMATE","6068145","2020-02-29 03:00","2020","02","29","03:00","-17.4","","-20.8","","75","","0.0","","33","","9","","","","96.67","","","","-24","","NA"
"-80.80","46.63","SUDBURY CLIMATE","6068145","2020-02-29 04:00","2020","02","29","04:00","-18.4","","-21.1","","80","","0.0","","31","","8","","","","96.69","","","","-24","","NA"
"-80.80","46.63","SUDBURY CLIMATE","6068145","2020-02-29 05:00","2020","02","29","05:00","-19.3","","-21.7","","81","","0.0","","30","","7","","","","96.69","","","","-25","","NA"
"-80.80","46.63","SUDBURY CLIMATE","6068145","2020-02-29 06:00","2020","02","29","06:00","-20.2","","-22.2","","84","","0.0","","29","","7","","","","96.70","","","","-26","","NA"
"-80.80","46.63","SUDBURY CLIMATE","6068145","2020-02-29 07:00","2020","02","29","07:00","-20.8","","-22.8","","84","","0.0","","28","","6","","","","96.73","","","","-26","","NA"
"-80.80","46.63","SUDBURY CLIMATE","6068145","2020-02-29 08:00","2020","02","29","08:00","-20.1","","-22.4","","82","","0.0","","28","","8","","","","96.74","","","","-26","","NA"
"-80.80","46.63","SUDBURY CLIMATE","6068145","2020-02-29 09:00","2020","02","29","09:00","-20.4","","-22.6","","82","","0.2","","27","","6","","","","96.76","","","","-25","","NA"
"-80.80","46.63","SUDBURY CLIMATE","6068145","2020-02-29 10:00","2020","02","29","10:00","-19.4","","-21.5","","83","","0.0","","30","","7","","","","96.78","","","","-25","","NA"
"-80.80","46.63","SUDBURY CLIMATE","6068145","2020-02-29 11:00","2020","02","29","11:00","-19.4","","-21.6","","83","","0.0","","29","","8","","","","96.84","","","","-26","","NA"
"-80.80","46.63","SUDBURY CLIMATE","6068145","2020-02-29 12:00","2020","02","29","12:00","-18.8","","-21.0","","83","","0.2","","28","","8","","","","96.87","","","","-25","","NA"
"-80.80","46.63","SUDBURY CLIMATE","6068145","2020-02-29 13:00","2020","02","29","13:00","-18.8","","-20.9","","83","","0.0","","28","","5","","","","96.92","","","","-23","","NA"
"-80.80","46.63","SUDBURY CLIMATE","6068145","2020-02-29 14:00","2020","02","29","14:00","-17.6","","-20.3","","80","","0.0","","25","","3","","","","96.95","","","","-20","","NA"
"-80.80","46.63","SUDBURY CLIMATE","6068145","2020-02-29 15:00","2020","02","29","15:00","-14.9","","-19.3","","69","","0.0","","29","","6","","","","96.99","","","","-19","","NA"
"-80.80","46.63","SUDBURY CLIMATE","6068145","2020-02-29 16:00","2020","02","29","16:00","-13.6","","-19.0","","64","","0.0","","27","","8","","","","97.00","","","","-19","","NA"
"-80.80","46.63","SUDBURY CLIMATE","6068145","2020-02-29 17:00","2020","02","29","17:00","-12.2","","-19.1","","57","","0.0","","25","","9","","","","97.02","","","","-17","","NA"
"-80.80","46.63","SUDBURY CLIMATE","6068145","2020-02-29 18:00","2020","02","29","18:00","-10.2","","-19.4","","47","","0.0","","26","","10","","","","97.00","","","","-15","","NA"
"-80.80","46.63","SUDBURY CLIMATE","6068145","2020-02-29 19:00","2020","02","29","19:00","-9.5","","-18.3","","49","","0.0","","23","","13","","","","96.97","","","","-16","","NA"
"-80.80","46.63","SUDBURY CLIMATE","6068145","2020-02-29 20:00","2020","02","29","20:00","-6.9","","-18.5","","39","","0.0","","26","","12","","","","96.98","","","","-12","","NA"
"-80.80","46.63","SUDBURY CLIMATE","6068145","2020-02-29 21:00","2020","02","29","21:00","-6.3","","-19.4","","35","","0.0","","29","","15","","","","97.02","","","","-12","","NA"
"-80.80","46.63","SUDBURY CLIMATE","6068145","2020-02-29 22:00","2020","02","29","22:00","-6.8","","-18.8","","38","","0.0","","29","","13","","","","97.07","","","","-12","","NA"
"-80.80","46.63","SUDBURY CLIMATE","6068145","2020-02-29 23:00","2020","02","29","23:00","-7.0","","-19.0","","38","","0.0","","30","","12","","","","97.13","","","","-12","","NA"
