"Longitude (x)","Latitude (y)","Station Name","Climate ID","Date/Time (UTC)","Year","Month","Day","Time (UTC)","Temp (°C)","Temp Flag","Dew Point Temp (°C)","Dew Point Temp Flag","Rel Hum (%)","Rel Hum Flag","Precip. Amount (mm)","Precip. Amount Flag","Wind Dir (10s deg)","Wind Dir Flag","Wind Spd (km/h)","Wind Spd Flag","Visibility (km)","Visibility Flag","Stn Press (kPa)","Stn Press Flag","Hmdx","Hmdx Flag","Wind Chill","Wind Chill Flag","Weather"
"-80.80","46.63","SUDBURY CLIMATE","6068145","2020-10-01 00:00","2020","10","01","00:00","9.7","","8.2","","90","","0.0","","27","","5","","","","95.72","","","","","","NA"
"-80.80","46.63","SUDBURY CLIMATE","6068145","2020-10-01 01:00","2020","10","01","01:00","9.1","","8.2","","94","","0.1","","25","","6","","","","95.80","","","","","","NA"
"-80.80","46.63","SUDBURY CLIMATE","6068145","2020-10-01 02:00","2020","10","01","02:00","8.3","","7.7","","96","","0.0","","23","","7","","","","95.86","","","","","","NA"
"-80.80","46.63","SUDBURY CLIMATE","6068145","2020-10-01 03:00","2020","10","01","03:00","8.0","","7.4","","96","","0.0","","28","","5","","","","95.89","","","","","","NA"
"-80.80","46.63","SUDBURY CLIMATE","6068145","2020-10-01 04:00","2020","10","01","04:00","7.7","","7.1","","96","","0.0","","29","","6","","","","95.94","","","","","","NA"
"-80.80","46.63","SUDBURY CLIMATE","6068145","2020-10-01 05:00","2020","10","01","05:00","7.3","","7.0","","98","","0.0","","28","","6","","","","95.99","","","","","","NA"
"-80.80","46.63","SUDBURY CLIMATE","6068145","2020-10-01 06:00","2020","10","01","06:00","7.3","","7.0","","98","","0.0","","29","","6","","","","96.02","","","","","","NA"
"-80.80","46.63","SUDBURY CLIMATE","6068145","2020-10-01 07:00","2020","10","01","07:00","7.5","","7.2","","98","","0.0","","28","","5","","","","96.07","","","","","","NA"
"-80.80","46.63","SUDBURY CLIMATE","6068145","2020-10-01 08:00","2020","10","01","08:00","7.6","","7.3","","98","","0.0","","26","","5","","","","96.11","","","","","","NA"
"-80.80","46.63","SUDBURY CLIMATE","6068145","2020-10-01 09:00","2020","10","01","09:00","7.7","","7.3","","98","","0.0","","26","","5","","","","96.17","","","","","","NA"
"-80.80","46.63","SUDBURY CLIMATE","6068145","2020-10-01 10:00","2020","10","01","10:00","7.9","","7.4","","97","","0.0","","27","","4","","","","96.24","","","","","","NA"
"-80.80","46.63","SUDBURY CLIMATE","6068145","2020-10-01 11:00","2020","10","01","11:00","7.8","","7.3","","97","","0.0","","27","","5","","","","96.30","","","","","","NA"
"-80.80","46.63","SUDBURY CLIMATE","6068145","2020-10-01 12:00","2020","10","01","12:00","7.9","","7.4","","96","","0.0","","32","","7","","","","96.40","","","","","","NA"
"-80.80","46.63","SUDBURY CLIMATE","6068145","2020-10-01 13:00","2020","10","01","13:00","7.4","","6.3","","93","","0.1","","2","","14","","","","96.51","","","","","","NA"
"-80.80","46.63","SUDBURY CLIMATE","6068145","2020-10-01 14:00","2020","10","01","14:00","6.7","","5.1","","89","","0.0","","1","","20","","","","96.62","","","","","","NA"
"-80.80","46.63","SUDBURY CLIMATE","6068145","2020-10-01 15:00","2020","10","01","15:00","6.9","","4.4","","84","","0.0","","1","","18","","","","96.73","","","","","","NA"
"-80.80","46.63","SUDBURY CLIMATE","6068145","2020-10-01 16:00","2020","10","01","16:00","7.0","","5.8","","92","","0.1","","2","","11","","","","96.81","","","","","","NA"
"-80.80","46.63","SUDBURY CLIMATE","6068145","2020-10-01 17:00","2020","10","01","17:00","7.2","","4.9","","86","","0.1","","2","","14","","","","96.88","","","","","","NA"
"-80.80","46.63","SUDBURY CLIMATE","6068145","2020-10-01 18:00","2020","10","01","18:00","7.7","","3.9","","77","","0.0","","1","","12","","","","96.94","","","","","","NA"
"-80.80","46.63","SUDBURY CLIMATE","6068145","2020-10-01 19:00","2020","10","01","19:00","7.2","","5.8","","91","","0.0","","4","","9","","","","96.98","","","","","","NA"
"-80.80","46.63","SUDBURY CLIMATE","6068145","2020-10-01 20:00","2020","10","01","20:00","8.0","","5.3","","83","","0.0","","2","","13","","","","97.00","","","","","","NA"
"-80.80","46.63","SUDBURY CLIMATE","6068145","2020-10-01 21:00","2020","10","01","21:00","8.3","","4.7","","79","","0.0","","36","","7","","","","97.05","","","","","","NA"
"-80.80","46.63","SUDBURY CLIMATE","6068145","2020-10-01 22:00","2020","10","01","22:00","7.6","","3.8","","77","","0.0","","36","","14","","","","97.13","","","","","","NA"
"-80.80","46.63","SUDBURY CLIMATE","6068145","2020-10-01 23:00","2020","10","01","23:00","6.2","","3.9","","85","","0.0","","1","","12","","","","97.21","","","","","","NA"
"-80.80","46.63","SUDBURY CLIMATE","6068145","2020-10-02 00:00","2020","10","02","00:00","5.9","","3.0","","82","","0.0","","1","","10","","","","97.28","","","","","","NA"
"-80.80","46.63","SUDBURY CLIMATE","6068145","2020-10-02 01:00","2020","10","02","01:00","5.7","","1.7","","75","","0.0","","36","","12","","","","97.35","","","","","","NA"
"-80.80","46.63","SUDBURY CLIMATE","6068145","2020-10-02 02:00","2020","10","02","02:00","5.2","","1.3","","76","","0.0","","36","","13","","","","97.39","","","","","","NA"
"-80.80","46.63","SUDBURY CLIMATE","6068145","2020-10-02 03:00","2020","10","02","03:00","4.4","","1.4","","81","","0.0","","1","","15","","","","97.41","","","","","","NA"
"-80.80","46.63","SUDBURY CLIMATE","6068145","2020-10-02 04:00","2020","10","02","04:00","3.8","","1.6","","86","","0.0","","2","","16","","","","97.44","","","","","","NA"
"-80.80","46.63","SUDBURY CLIMATE","6068145","2020-10-02 05:00","2020","10","02","05:00","3.3","","1.7","","89","","0.0","","2","","12","","","","97.47","","","","","","NA"
"-80.80","46.63","SUDBURY CLIMATE","6068145","2020-10-02 06:00","2020","10","02","06:00","2.6","","1.6","","93","","0.0","","1","","13","","","","97.49","","","","","","NA"
"-80.80","46.63","SUDBURY CLIMATE","6068145","2020-10-02 07:00","2020","10","02","07:00","2.7","","1.5","","92","","0.0","","1","","13","","","","97.52","","","","","","NA"
"-80.80","46.63","SUDBURY CLIMATE","6068145","2020-10-02 08:00","2020","10","02","08:00","2.7","","1.4","","91","","0.0","","2","","12","","","","97.49","","","","","","NA"
"-80.80","46.63","SUDBURY CLIMATE","6068145","2020-10-02 09:00","2020","10","02","09:00","2.6","","1.1","","90","","0.0","","1","","15","","","","97.50","","","","","","NA"
"-80.80","46.63","SUDBURY CLIMATE","6068145","2020-10-02 10:00","2020","10","02","10:00","2.6","","0.3","","85","","0.0","","3","","19","","","","97.52","","","","","","NA"
"-80.80","46.63","SUDBURY CLIMATE","6068145","2020-10-02 11:00","2020","10","02","11:00","2.2","","0.2","","86","","0.0","","3","","19","","","","97.55","","","","","","NA"
"-80.80","46.63","SUDBURY CLIMATE","6068145","2020-10-02 12:00","2020","10","02","12:00","2.3","","0.2","","86","","0.0","","3","","16","","","","97.60","","","","","","NA"
"-80.80","46.63","SUDBURY CLIMATE","6068145","2020-10-02 13:00","2020","10","02","13:00","2.7","","0.3","","84","","0.0","","2","","13","","","","97.64","","","","","","NA"
"-80.80","46.63","SUDBURY CLIMATE","6068145","2020-10-02 14:00","2020","10","02","14:00","3.7","","0.7","","81","","0.0","","3","","16","","","","97.67","","","","","","NA"
"-80.80","46.63","SUDBURY CLIMATE","6068145","2020-10-02 15:00","2020","10","02","15:00","4.6","","1.0","","78","","0.0","","1","","15","","","","97.68","","","","","","NA"
"-80.80","46.63","SUDBURY CLIMATE","6068145","2020-10-02 16:00","2020","10","02","16:00","5.2","","0.4","","71","","0.0","","1","","14","","","","97.69","","","","","","NA"
"-80.80","46.63","SUDBURY CLIMATE","6068145","2020-10-02 17:00","2020","10","02","17:00","5.1","","-1.1","","64","","0.0","","1","","9","","","","97.71","","","","","","NA"
"-80.80","46.63","SUDBURY CLIMATE","6068145","2020-10-02 18:00","2020","10","02","18:00","5.6","","-2.2","","57","","0.0","","35","","8","","","","97.68","","","","","","NA"
"-80.80","46.63","SUDBURY CLIMATE","6068145","2020-10-02 19:00","2020","10","02","19:00","6.2","","-1.2","","59","","0.0","","31","","6","","","","97.65","","","","","","NA"
"-80.80","46.63","SUDBURY CLIMATE","6068145","2020-10-02 20:00","2020","10","02","20:00","6.9","","-1.5","","55","","0.0","","29","","4","","","","97.63","","","","","","NA"
"-80.80","46.63","SUDBURY CLIMATE","6068145","2020-10-02 21:00","2020","10","02","21:00","6.9","","-1.7","","54","","0.0","","29","","4","","","","97.64","","","","","","NA"
"-80.80","46.63","SUDBURY CLIMATE","6068145","2020-10-02 22:00","2020","10","02","22:00","5.6","","-0.4","","65","","0.0","","29","","5","","","","97.68","","","","","","NA"
"-80.80","46.63","SUDBURY CLIMATE","6068145","2020-10-02 23:00","2020","10","02","23:00","3.2","","-0.1","","79","","0.0","","31","","5","","","","97.70","","","","","","NA"
"-80.80","46.63","SUDBURY CLIMATE","6068145","2020-10-03 00:00","2020","10","03","00:00","4.0","","1.1","","81","","0.0","","34","","5","","","","97.74","","","","","","NA"
"-80.80","46.63","SUDBURY CLIMATE","6068145","2020-10-03 01:00","2020","10","03","01:00","4.1","","1.5","","84","","0.0","","1","","7","","","","97.78","","","","","","NA"
"-80.80","46.63","SUDBURY CLIMATE","6068145","2020-10-03 02:00","2020","10","03","02:00","3.9","","2.1","","88","","0.0","","32","","3","","","","97.81","","","","","","NA"
"-80.80","46.63","SUDBURY CLIMATE","6068145","2020-10-03 03:00","2020","10","03","03:00","4.1","","1.8","","85","","0.0","","35","","5","","","","97.84","","","","","","NA"
"-80.80","46.63","SUDBURY CLIMATE","6068145","2020-10-03 04:00","2020","10","03","04:00","3.9","","2.2","","88","","0.0","","35","","5","","","","97.86","","","","","","NA"
"-80.80","46.63","SUDBURY CLIMATE","6068145","2020-10-03 05:00","2020","10","03","05:00","3.9","","2.4","","90","","0.0","","35","","5","","","","97.87","","","","","","NA"
"-80.80","46.63","SUDBURY CLIMATE","6068145","2020-10-03 06:00","2020","10","03","06:00","3.4","","2.7","","95","","0.3","","34","","5","","","","97.89","","","","","","NA"
"-80.80","46.63","SUDBURY CLIMATE","6068145","2020-10-03 07:00","2020","10","03","07:00","2.9","","2.5","","97","","0.0","","35","","5","","","","97.89","","","","","","NA"
"-80.80","46.63","SUDBURY CLIMATE","6068145","2020-10-03 08:00","2020","10","03","08:00","2.1","","1.7","","97","","0.0","","32","","2","","","","97.88","","","","","","NA"
"-80.80","46.63","SUDBURY CLIMATE","6068145","2020-10-03 09:00","2020","10","03","09:00","1.6","","1.3","","98","","0.0","","30","","4","","","","97.90","","","","","","NA"
"-80.80","46.63","SUDBURY CLIMATE","6068145","2020-10-03 10:00","2020","10","03","10:00","1.7","","1.5","","99","","0.0","","0","","1","","","","97.93","","","","","","NA"
"-80.80","46.63","SUDBURY CLIMATE","6068145","2020-10-03 11:00","2020","10","03","11:00","2.5","","2.3","","99","","0.0","","34","","5","","","","97.95","","","","","","NA"
"-80.80","46.63","SUDBURY CLIMATE","6068145","2020-10-03 12:00","2020","10","03","12:00","2.6","","2.5","","99","","0.0","","31","","5","","","","97.98","","","","","","NA"
"-80.80","46.63","SUDBURY CLIMATE","6068145","2020-10-03 13:00","2020","10","03","13:00","4.0","","3.9","","99","","0.0","","35","","5","","","","98.02","","","","","","NA"
"-80.80","46.63","SUDBURY CLIMATE","6068145","2020-10-03 14:00","2020","10","03","14:00","5.3","","4.0","","91","","0.0","","3","","6","","","","98.05","","","","","","NA"
"-80.80","46.63","SUDBURY CLIMATE","6068145","2020-10-03 15:00","2020","10","03","15:00","6.1","","3.3","","82","","0.0","","6","","4","","","","98.08","","","","","","NA"
"-80.80","46.63","SUDBURY CLIMATE","6068145","2020-10-03 16:00","2020","10","03","16:00","5.8","","3.3","","83","","0.0","","34","","5","","","","98.09","","","","","","NA"
"-80.80","46.63","SUDBURY CLIMATE","6068145","2020-10-03 17:00","2020","10","03","17:00","7.1","","-1.6","","54","","0.0","","31","","5","","","","98.06","","","","","","NA"
"-80.80","46.63","SUDBURY CLIMATE","6068145","2020-10-03 18:00","2020","10","03","18:00","7.3","","-1.2","","55","","0.0","","11","","4","","","","98.02","","","","","","NA"
"-80.80","46.63","SUDBURY CLIMATE","6068145","2020-10-03 19:00","2020","10","03","19:00","7.6","","-1.9","","51","","0.0","","11","","3","","","","97.99","","","","","","NA"
"-80.80","46.63","SUDBURY CLIMATE","6068145","2020-10-03 20:00","2020","10","03","20:00","8.2","","-1.3","","51","","0.0","","17","","1","","","","97.97","","","","","","NA"
"-80.80","46.63","SUDBURY CLIMATE","6068145","2020-10-03 21:00","2020","10","03","21:00","7.5","","0.7","","62","","0.0","","3","","11","","","","97.99","","","","","","NA"
"-80.80","46.63","SUDBURY CLIMATE","6068145","2020-10-03 22:00","2020","10","03","22:00","7.1","","0.9","","65","","0.0","","3","","7","","","","98.00","","","","","","NA"
"-80.80","46.63","SUDBURY CLIMATE","6068145","2020-10-03 23:00","2020","10","03","23:00","6.1","","2.5","","78","","0.0","","6","","13","","","","98.02","","","","","","NA"
"-80.80","46.63","SUDBURY CLIMATE","6068145","2020-10-04 00:00","2020","10","04","00:00","5.4","","2.3","","80","","0.0","","5","","11","","","","98.05","","","","","","NA"
"-80.80","46.63","SUDBURY CLIMATE","6068145","2020-10-04 01:00","2020","10","04","01:00","5.1","","2.8","","85","","0.0","","6","","11","","","","98.08","","","","","","NA"
"-80.80","46.63","SUDBURY CLIMATE","6068145","2020-10-04 02:00","2020","10","04","02:00","5.0","","2.8","","86","","0.0","","6","","11","","","","98.10","","","","","","NA"
"-80.80","46.63","SUDBURY CLIMATE","6068145","2020-10-04 03:00","2020","10","04","03:00","4.9","","3.1","","89","","0.0","","4","","6","","","","98.13","","","","","","NA"
"-80.80","46.63","SUDBURY CLIMATE","6068145","2020-10-04 04:00","2020","10","04","04:00","4.6","","3.0","","89","","0.0","","5","","7","","","","98.12","","","","","","NA"
"-80.80","46.63","SUDBURY CLIMATE","6068145","2020-10-04 05:00","2020","10","04","05:00","4.3","","2.8","","90","","0.0","","4","","7","","","","98.11","","","","","","NA"
"-80.80","46.63","SUDBURY CLIMATE","6068145","2020-10-04 06:00","2020","10","04","06:00","3.8","","2.2","","90","","0.0","","7","","10","","","","98.09","","","","","","NA"
"-80.80","46.63","SUDBURY CLIMATE","6068145","2020-10-04 07:00","2020","10","04","07:00","4.1","","3.2","","94","","0.0","","7","","10","","","","98.07","","","","","","NA"
"-80.80","46.63","SUDBURY CLIMATE","6068145","2020-10-04 08:00","2020","10","04","08:00","3.8","","3.1","","95","","0.0","","3","","8","","","","98.05","","","","","","NA"
"-80.80","46.63","SUDBURY CLIMATE","6068145","2020-10-04 09:00","2020","10","04","09:00","3.7","","3.1","","96","","0.0","","4","","10","","","","98.06","","","","","","NA"
"-80.80","46.63","SUDBURY CLIMATE","6068145","2020-10-04 10:00","2020","10","04","10:00","3.6","","3.1","","96","","0.0","","5","","10","","","","98.08","","","","","","NA"
"-80.80","46.63","SUDBURY CLIMATE","6068145","2020-10-04 11:00","2020","10","04","11:00","3.7","","3.1","","96","","0.0","","4","","8","","","","98.08","","","","","","NA"
"-80.80","46.63","SUDBURY CLIMATE","6068145","2020-10-04 12:00","2020","10","04","12:00","3.7","","3.2","","96","","0.0","","5","","9","","","","98.09","","","","","","NA"
"-80.80","46.63","SUDBURY CLIMATE","6068145","2020-10-04 13:00","2020","10","04","13:00","4.4","","3.5","","94","","0.0","","5","","11","","","","98.11","","","","","","NA"
"-80.80","46.63","SUDBURY CLIMATE","6068145","2020-10-04 14:00","2020","10","04","14:00","4.9","","3.4","","90","","0.0","","6","","11","","","","98.12","","","","","","NA"
"-80.80","46.63","SUDBURY CLIMATE","6068145","2020-10-04 15:00","2020","10","04","15:00","5.6","","4.0","","89","","0.0","","7","","10","","","","98.11","","","","","","NA"
"-80.80","46.63","SUDBURY CLIMATE","6068145","2020-10-04 16:00","2020","10","04","16:00","5.9","","3.4","","84","","0.0","","10","","9","","","","98.08","","","","","","NA"
"-80.80","46.63","SUDBURY CLIMATE","6068145","2020-10-04 17:00","2020","10","04","17:00","6.4","","3.3","","80","","0.0","","11","","10","","","","98.05","","","","","","NA"
"-80.80","46.63","SUDBURY CLIMATE","6068145","2020-10-04 18:00","2020","10","04","18:00","7.0","","2.9","","75","","0.0","","12","","11","","","","97.98","","","","","","NA"
"-80.80","46.63","SUDBURY CLIMATE","6068145","2020-10-04 19:00","2020","10","04","19:00","6.8","","2.8","","76","","0.0","","5","","9","","","","97.94","","","","","","NA"
"-80.80","46.63","SUDBURY CLIMATE","6068145","2020-10-04 20:00","2020","10","04","20:00","7.1","","2.8","","74","","0.0","","5","","8","","","","97.92","","","","","","NA"
"-80.80","46.63","SUDBURY CLIMATE","6068145","2020-10-04 21:00","2020","10","04","21:00","7.3","","2.4","","71","","0.0","","7","","6","","","","97.89","","","","","","NA"
"-80.80","46.63","SUDBURY CLIMATE","6068145","2020-10-04 22:00","2020","10","04","22:00","7.3","","2.9","","74","","0.0","","4","","5","","","","97.89","","","","","","NA"
"-80.80","46.63","SUDBURY CLIMATE","6068145","2020-10-04 23:00","2020","10","04","23:00","6.7","","3.1","","77","","0.0","","7","","4","","","","97.89","","","","","","NA"
"-80.80","46.63","SUDBURY CLIMATE","6068145","2020-10-05 00:00","2020","10","05","00:00","4.9","","2.7","","85","","0.0","","7","","2","","","","97.93","","","","","","NA"
"-80.80","46.63","SUDBURY CLIMATE","6068145","2020-10-05 01:00","2020","10","05","01:00","5.8","","3.7","","87","","0.0","","1","","3","","","","97.94","","","","","","NA"
"-80.80","46.63","SUDBURY CLIMATE","6068145","2020-10-05 02:00","2020","10","05","02:00","5.6","","3.8","","88","","0.0","","3","","3","","","","97.93","","","","","","NA"
"-80.80","46.63","SUDBURY CLIMATE","6068145","2020-10-05 03:00","2020","10","05","03:00","3.4","","2.9","","96","","0.0","","4","","5","","","","97.92","","","","","","NA"
"-80.80","46.63","SUDBURY CLIMATE","6068145","2020-10-05 04:00","2020","10","05","04:00","1.1","","0.8","","98","","0.0","","","","0","","","","97.91","","","","","","NA"
"-80.80","46.63","SUDBURY CLIMATE","6068145","2020-10-05 05:00","2020","10","05","05:00","1.2","","1.0","","99","","0.0","","","","0","","","","97.90","","","","","","NA"
"-80.80","46.63","SUDBURY CLIMATE","6068145","2020-10-05 06:00","2020","10","05","06:00","1.3","","1.1","","99","","0.0","","","","0","","","","97.85","","","","","","NA"
"-80.80","46.63","SUDBURY CLIMATE","6068145","2020-10-05 07:00","2020","10","05","07:00","1.0","","0.9","","99","","0.0","","17","","3","","","","97.84","","","","","","NA"
"-80.80","46.63","SUDBURY CLIMATE","6068145","2020-10-05 08:00","2020","10","05","08:00","2.1","","2.0","","99","","0.0","","27","","5","","","","97.86","","","","","","NA"
"-80.80","46.63","SUDBURY CLIMATE","6068145","2020-10-05 09:00","2020","10","05","09:00","-0.5","","-0.6","","99","","0.0","","26","","4","","","","97.89","","","","-2","","NA"
"-80.80","46.63","SUDBURY CLIMATE","6068145","2020-10-05 10:00","2020","10","05","10:00","-0.1","","-0.1","","99","","0.0","","28","","5","","","","97.94","","","","-2","","NA"
"-80.80","46.63","SUDBURY CLIMATE","6068145","2020-10-05 11:00","2020","10","05","11:00","1.9","","1.8","","100","","0.0","","22","","8","","","","97.93","","","","","","NA"
"-80.80","46.63","SUDBURY CLIMATE","6068145","2020-10-05 12:00","2020","10","05","12:00","1.1","","1.0","","100","","0.0","","23","","6","","","","97.90","","","","","","NA"
"-80.80","46.63","SUDBURY CLIMATE","6068145","2020-10-05 13:00","2020","10","05","13:00","2.2","","2.1","","99","","0.0","","24","","10","","","","97.93","","","","","","NA"
"-80.80","46.63","SUDBURY CLIMATE","6068145","2020-10-05 14:00","2020","10","05","14:00","4.1","","3.8","","98","","0.0","","23","","9","","","","97.93","","","","","","NA"
"-80.80","46.63","SUDBURY CLIMATE","6068145","2020-10-05 15:00","2020","10","05","15:00","7.5","","1.3","","65","","0.0","","19","","11","","","","97.91","","","","","","NA"
"-80.80","46.63","SUDBURY CLIMATE","6068145","2020-10-05 16:00","2020","10","05","16:00","9.9","","1.6","","56","","0.0","","22","","20","","","","97.84","","","","","","NA"
"-80.80","46.63","SUDBURY CLIMATE","6068145","2020-10-05 17:00","2020","10","05","17:00","10.7","","1.6","","53","","0.0","","24","","23","","","","97.77","","","","","","NA"
"-80.80","46.63","SUDBURY CLIMATE","6068145","2020-10-05 18:00","2020","10","05","18:00","11.6","","2.6","","54","","0.0","","23","","25","","","","97.68","","","","","","NA"
"-80.80","46.63","SUDBURY CLIMATE","6068145","2020-10-05 19:00","2020","10","05","19:00","10.7","","1.4","","53","","0.0","","22","","29","","","","97.61","","","","","","NA"
"-80.80","46.63","SUDBURY CLIMATE","6068145","2020-10-05 20:00","2020","10","05","20:00","10.8","","2.2","","56","","0.0","","22","","32","","","","97.54","","","","","","NA"
"-80.80","46.63","SUDBURY CLIMATE","6068145","2020-10-05 21:00","2020","10","05","21:00","10.9","","2.1","","55","","0.0","","22","","28","","","","97.47","","","","","","NA"
"-80.80","46.63","SUDBURY CLIMATE","6068145","2020-10-05 22:00","2020","10","05","22:00","9.9","","2.4","","59","","0.0","","21","","27","","","","97.40","","","","","","NA"
"-80.80","46.63","SUDBURY CLIMATE","6068145","2020-10-05 23:00","2020","10","05","23:00","8.5","","2.7","","67","","0.0","","20","","25","","","","97.36","","","","","","NA"
"-80.80","46.63","SUDBURY CLIMATE","6068145","2020-10-06 00:00","2020","10","06","00:00","7.8","","3.0","","72","","0.0","","20","","25","","","","97.32","","","","","","NA"
"-80.80","46.63","SUDBURY CLIMATE","6068145","2020-10-06 01:00","2020","10","06","01:00","7.1","","3.2","","76","","0.0","","21","","23","","","","97.27","","","","","","NA"
"-80.80","46.63","SUDBURY CLIMATE","6068145","2020-10-06 02:00","2020","10","06","02:00","7.2","","3.7","","78","","0.0","","19","","24","","","","97.19","","","","","","NA"
"-80.80","46.63","SUDBURY CLIMATE","6068145","2020-10-06 03:00","2020","10","06","03:00","7.4","","4.6","","83","","0.0","","19","","20","","","","97.12","","","","","","NA"
"-80.80","46.63","SUDBURY CLIMATE","6068145","2020-10-06 04:00","2020","10","06","04:00","7.8","","5.1","","83","","0.0","","21","","23","","","","97.09","","","","","","NA"
"-80.80","46.63","SUDBURY CLIMATE","6068145","2020-10-06 05:00","2020","10","06","05:00","8.2","","5.5","","83","","0.0","","21","","24","","","","97.01","","","","","","NA"
"-80.80","46.63","SUDBURY CLIMATE","6068145","2020-10-06 06:00","2020","10","06","06:00","8.7","","5.6","","81","","0.0","","20","","24","","","","96.93","","","","","","NA"
"-80.80","46.63","SUDBURY CLIMATE","6068145","2020-10-06 07:00","2020","10","06","07:00","8.7","","6.0","","83","","0.0","","21","","24","","","","96.84","","","","","","NA"
"-80.80","46.63","SUDBURY CLIMATE","6068145","2020-10-06 08:00","2020","10","06","08:00","9.1","","6.5","","83","","0.0","","20","","24","","","","96.76","","","","","","NA"
"-80.80","46.63","SUDBURY CLIMATE","6068145","2020-10-06 09:00","2020","10","06","09:00","9.4","","6.3","","81","","0.0","","20","","23","","","","96.66","","","","","","NA"
"-80.80","46.63","SUDBURY CLIMATE","6068145","2020-10-06 10:00","2020","10","06","10:00","9.6","","6.2","","80","","0.0","","21","","25","","","","96.63","","","","","","NA"
"-80.80","46.63","SUDBURY CLIMATE","6068145","2020-10-06 11:00","2020","10","06","11:00","9.4","","6.6","","83","","0.0","","21","","22","","","","96.60","","","","","","NA"
"-80.80","46.63","SUDBURY CLIMATE","6068145","2020-10-06 12:00","2020","10","06","12:00","9.3","","6.9","","85","","0.1","","21","","20","","","","96.59","","","","","","NA"
"-80.80","46.63","SUDBURY CLIMATE","6068145","2020-10-06 13:00","2020","10","06","13:00","9.8","","6.9","","82","","0.0","","21","","22","","","","96.57","","","","","","NA"
"-80.80","46.63","SUDBURY CLIMATE","6068145","2020-10-06 14:00","2020","10","06","14:00","9.8","","7.5","","86","","0.0","","20","","22","","","","96.54","","","","","","NA"
"-80.80","46.63","SUDBURY CLIMATE","6068145","2020-10-06 15:00","2020","10","06","15:00","10.7","","7.7","","82","","0.0","","21","","25","","","","96.53","","","","","","NA"
"-80.80","46.63","SUDBURY CLIMATE","6068145","2020-10-06 16:00","2020","10","06","16:00","10.9","","7.9","","82","","0.0","","22","","22","","","","96.49","","","","","","NA"
"-80.80","46.63","SUDBURY CLIMATE","6068145","2020-10-06 17:00","2020","10","06","17:00","12.0","","8.2","","77","","0.0","","22","","23","","","","96.46","","","","","","NA"
"-80.80","46.63","SUDBURY CLIMATE","6068145","2020-10-06 18:00","2020","10","06","18:00","12.4","","8.2","","76","","0.0","","23","","18","","","","96.44","","","","","","NA"
"-80.80","46.63","SUDBURY CLIMATE","6068145","2020-10-06 19:00","2020","10","06","19:00","13.0","","8.3","","73","","0.0","","24","","19","","","","96.41","","","","","","NA"
"-80.80","46.63","SUDBURY CLIMATE","6068145","2020-10-06 20:00","2020","10","06","20:00","14.1","","8.5","","69","","0.0","","23","","21","","","","96.38","","","","","","NA"
"-80.80","46.63","SUDBURY CLIMATE","6068145","2020-10-06 21:00","2020","10","06","21:00","14.3","","8.7","","69","","0.0","","22","","16","","","","96.34","","","","","","NA"
"-80.80","46.63","SUDBURY CLIMATE","6068145","2020-10-06 22:00","2020","10","06","22:00","14.1","","8.7","","70","","0.0","","21","","18","","","","96.34","","","","","","NA"
"-80.80","46.63","SUDBURY CLIMATE","6068145","2020-10-06 23:00","2020","10","06","23:00","12.6","","8.5","","76","","0.0","","21","","13","","","","96.36","","","","","","NA"
"-80.80","46.63","SUDBURY CLIMATE","6068145","2020-10-07 00:00","2020","10","07","00:00","12.2","","8.1","","76","","0.0","","22","","16","","","","96.34","","","","","","NA"
"-80.80","46.63","SUDBURY CLIMATE","6068145","2020-10-07 01:00","2020","10","07","01:00","11.1","","7.7","","80","","0.0","","21","","14","","","","96.34","","","","","","NA"
"-80.80","46.63","SUDBURY CLIMATE","6068145","2020-10-07 02:00","2020","10","07","02:00","10.8","","7.9","","82","","0.0","","20","","14","","","","96.26","","","","","","NA"
"-80.80","46.63","SUDBURY CLIMATE","6068145","2020-10-07 03:00","2020","10","07","03:00","10.5","","7.8","","83","","0.0","","20","","13","","","","96.20","","","","","","NA"
"-80.80","46.63","SUDBURY CLIMATE","6068145","2020-10-07 04:00","2020","10","07","04:00","10.5","","9.2","","91","","0.0","","21","","14","","","","96.13","","","","","","NA"
"-80.80","46.63","SUDBURY CLIMATE","6068145","2020-10-07 05:00","2020","10","07","05:00","10.3","","9.5","","95","","0.3","","20","","12","","","","96.01","","","","","","NA"
"-80.80","46.63","SUDBURY CLIMATE","6068145","2020-10-07 06:00","2020","10","07","06:00","10.3","","9.6","","95","","0.2","","22","","17","","","","95.85","","","","","","NA"
"-80.80","46.63","SUDBURY CLIMATE","6068145","2020-10-07 07:00","2020","10","07","07:00","10.0","","9.5","","97","","0.8","","21","","16","","","","95.70","","","","","","NA"
"-80.80","46.63","SUDBURY CLIMATE","6068145","2020-10-07 08:00","2020","10","07","08:00","10.4","","9.9","","97","","0.2","","20","","22","","","","95.53","","","","","","NA"
"-80.80","46.63","SUDBURY CLIMATE","6068145","2020-10-07 09:00","2020","10","07","09:00","10.5","","10.1","","97","","0.8","","22","","26","","","","95.44","","","","","","NA"
"-80.80","46.63","SUDBURY CLIMATE","6068145","2020-10-07 10:00","2020","10","07","10:00","10.6","","10.0","","96","","0.3","","24","","17","","","","95.39","","","","","","NA"
"-80.80","46.63","SUDBURY CLIMATE","6068145","2020-10-07 11:00","2020","10","07","11:00","9.6","","8.1","","91","","0.1","","30","","10","","","","95.44","","","","","","NA"
"-80.80","46.63","SUDBURY CLIMATE","6068145","2020-10-07 12:00","2020","10","07","12:00","8.1","","6.9","","92","","0.0","","29","","9","","","","95.53","","","","","","NA"
"-80.80","46.63","SUDBURY CLIMATE","6068145","2020-10-07 13:00","2020","10","07","13:00","8.8","","7.3","","90","","0.0","","29","","10","","","","95.61","","","","","","NA"
"-80.80","46.63","SUDBURY CLIMATE","6068145","2020-10-07 14:00","2020","10","07","14:00","9.4","","7.5","","88","","0.0","","28","","13","","","","95.68","","","","","","NA"
"-80.80","46.63","SUDBURY CLIMATE","6068145","2020-10-07 15:00","2020","10","07","15:00","9.8","","6.8","","82","","0.0","","31","","19","","","","95.75","","","","","","NA"
"-80.80","46.63","SUDBURY CLIMATE","6068145","2020-10-07 16:00","2020","10","07","16:00","9.8","","7.2","","84","","0.0","","32","","17","","","","95.87","","","","","","NA"
"-80.80","46.63","SUDBURY CLIMATE","6068145","2020-10-07 17:00","2020","10","07","17:00","9.6","","6.3","","80","","0.0","","33","","21","","","","96.01","","","","","","NA"
"-80.80","46.63","SUDBURY CLIMATE","6068145","2020-10-07 18:00","2020","10","07","18:00","9.3","","5.8","","79","","0.0","","33","","22","","","","96.17","","","","","","NA"
"-80.80","46.63","SUDBURY CLIMATE","6068145","2020-10-07 19:00","2020","10","07","19:00","10.0","","4.0","","67","","0.0","","34","","19","","","","96.31","","","","","","NA"
"-80.80","46.63","SUDBURY CLIMATE","6068145","2020-10-07 20:00","2020","10","07","20:00","10.4","","3.2","","61","","0.0","","32","","24","","","","96.42","","","","","","NA"
"-80.80","46.63","SUDBURY CLIMATE","6068145","2020-10-07 21:00","2020","10","07","21:00","8.2","","1.7","","63","","0.0","","33","","18","","","","96.62","","","","","","NA"
"-80.80","46.63","SUDBURY CLIMATE","6068145","2020-10-07 22:00","2020","10","07","22:00","6.9","","1.8","","70","","0.0","","33","","17","","","","96.77","","","","","","NA"
"-80.80","46.63","SUDBURY CLIMATE","6068145","2020-10-07 23:00","2020","10","07","23:00","5.3","","0.5","","72","","0.0","","32","","8","","","","96.89","","","","","","NA"
"-80.80","46.63","SUDBURY CLIMATE","6068145","2020-10-08 00:00","2020","10","08","00:00","3.5","","0.4","","80","","0.0","","31","","5","","","","96.96","","","","","","NA"
"-80.80","46.63","SUDBURY CLIMATE","6068145","2020-10-08 01:00","2020","10","08","01:00","2.6","","0.9","","89","","0.0","","30","","5","","","","97.04","","","","","","NA"
"-80.80","46.63","SUDBURY CLIMATE","6068145","2020-10-08 02:00","2020","10","08","02:00","2.3","","1.0","","91","","0.0","","31","","6","","","","97.08","","","","","","NA"
"-80.80","46.63","SUDBURY CLIMATE","6068145","2020-10-08 03:00","2020","10","08","03:00","1.2","","0.5","","95","","0.0","","29","","5","","","","97.14","","","","","","NA"
"-80.80","46.63","SUDBURY CLIMATE","6068145","2020-10-08 04:00","2020","10","08","04:00","1.3","","0.7","","96","","0.0","","31","","5","","","","97.17","","","","","","NA"
"-80.80","46.63","SUDBURY CLIMATE","6068145","2020-10-08 05:00","2020","10","08","05:00","0.9","","0.7","","98","","0.0","","29","","4","","","","97.23","","","","","","NA"
"-80.80","46.63","SUDBURY CLIMATE","6068145","2020-10-08 06:00","2020","10","08","06:00","0.7","","0.4","","98","","0.0","","29","","6","","","","97.26","","","","","","NA"
"-80.80","46.63","SUDBURY CLIMATE","6068145","2020-10-08 07:00","2020","10","08","07:00","0.9","","0.7","","98","","0.0","","30","","4","","","","97.29","","","","","","NA"
"-80.80","46.63","SUDBURY CLIMATE","6068145","2020-10-08 08:00","2020","10","08","08:00","1.4","","1.1","","98","","0.0","","31","","5","","","","97.28","","","","","","NA"
"-80.80","46.63","SUDBURY CLIMATE","6068145","2020-10-08 09:00","2020","10","08","09:00","2.1","","1.8","","98","","0.0","","33","","4","","","","97.33","","","","","","NA"
"-80.80","46.63","SUDBURY CLIMATE","6068145","2020-10-08 10:00","2020","10","08","10:00","2.9","","-0.1","","81","","0.0","","34","","6","","","","97.41","","","","","","NA"
"-80.80","46.63","SUDBURY CLIMATE","6068145","2020-10-08 11:00","2020","10","08","11:00","2.9","","-0.2","","80","","0.0","","35","","7","","","","97.47","","","","","","NA"
"-80.80","46.63","SUDBURY CLIMATE","6068145","2020-10-08 12:00","2020","10","08","12:00","2.7","","-0.3","","81","","0.0","","35","","2","","","","97.50","","","","","","NA"
"-80.80","46.63","SUDBURY CLIMATE","6068145","2020-10-08 13:00","2020","10","08","13:00","3.5","","-2.2","","67","","0.0","","36","","3","","","","97.58","","","","","","NA"
"-80.80","46.63","SUDBURY CLIMATE","6068145","2020-10-08 14:00","2020","10","08","14:00","4.2","","-2.6","","61","","0.0","","36","","5","","","","97.61","","","","","","NA"
"-80.80","46.63","SUDBURY CLIMATE","6068145","2020-10-08 15:00","2020","10","08","15:00","5.7","","-1.6","","59","","0.0","","3","","2","","","","97.62","","","","","","NA"
"-80.80","46.63","SUDBURY CLIMATE","6068145","2020-10-08 16:00","2020","10","08","16:00","6.2","","-1.9","","56","","0.0","","35","","9","","","","97.63","","","","","","NA"
"-80.80","46.63","SUDBURY CLIMATE","6068145","2020-10-08 17:00","2020","10","08","17:00","7.0","","-1.3","","55","","0.0","","3","","2","","","","97.64","","","","","","NA"
"-80.80","46.63","SUDBURY CLIMATE","6068145","2020-10-08 18:00","2020","10","08","18:00","7.2","","0.2","","61","","0.0","","29","","7","","","","97.63","","","","","","NA"
"-80.80","46.63","SUDBURY CLIMATE","6068145","2020-10-08 19:00","2020","10","08","19:00","8.6","","2.8","","67","","0.0","","23","","9","","","","97.60","","","","","","NA"
"-80.80","46.63","SUDBURY CLIMATE","6068145","2020-10-08 20:00","2020","10","08","20:00","9.1","","2.1","","62","","0.0","","24","","10","","","","97.58","","","","","","NA"
"-80.80","46.63","SUDBURY CLIMATE","6068145","2020-10-08 21:00","2020","10","08","21:00","8.4","","-0.1","","55","","0.0","","31","","7","","","","97.59","","","","","","NA"
"-80.80","46.63","SUDBURY CLIMATE","6068145","2020-10-08 22:00","2020","10","08","22:00","9.0","","-0.6","","51","","0.0","","30","","7","","","","97.62","","","","","","NA"
"-80.80","46.63","SUDBURY CLIMATE","6068145","2020-10-08 23:00","2020","10","08","23:00","4.6","","-0.6","","69","","0.0","","4","","2","","","","97.64","","","","","","NA"
"-80.80","46.63","SUDBURY CLIMATE","6068145","2020-10-09 00:00","2020","10","09","00:00","5.5","","1.2","","74","","0.0","","","","0","","","","97.67","","","","","","NA"
"-80.80","46.63","SUDBURY CLIMATE","6068145","2020-10-09 01:00","2020","10","09","01:00","6.4","","1.4","","70","","0.0","","18","","5","","","","97.69","","","","","","NA"
"-80.80","46.63","SUDBURY CLIMATE","6068145","2020-10-09 02:00","2020","10","09","02:00","6.3","","2.1","","75","","0.0","","22","","6","","","","97.72","","","","","","NA"
"-80.80","46.63","SUDBURY CLIMATE","6068145","2020-10-09 03:00","2020","10","09","03:00","4.6","","1.8","","82","","0.0","","21","","8","","","","97.67","","","","","","NA"
"-80.80","46.63","SUDBURY CLIMATE","6068145","2020-10-09 04:00","2020","10","09","04:00","4.0","","1.5","","83","","0.0","","26","","4","","","","97.68","","","","","","NA"
"-80.80","46.63","SUDBURY CLIMATE","6068145","2020-10-09 05:00","2020","10","09","05:00","3.3","","1.7","","89","","0.0","","28","","4","","","","97.67","","","","","","NA"
"-80.80","46.63","SUDBURY CLIMATE","6068145","2020-10-09 06:00","2020","10","09","06:00","3.4","","1.5","","87","","0.0","","27","","6","","","","97.68","","","","","","NA"
"-80.80","46.63","SUDBURY CLIMATE","6068145","2020-10-09 07:00","2020","10","09","07:00","2.2","","0.9","","91","","0.0","","24","","8","","","","97.71","","","","","","NA"
"-80.80","46.63","SUDBURY CLIMATE","6068145","2020-10-09 08:00","2020","10","09","08:00","1.2","","0.5","","95","","0.0","","26","","3","","","","97.70","","","","","","NA"
"-80.80","46.63","SUDBURY CLIMATE","6068145","2020-10-09 09:00","2020","10","09","09:00","1.1","","0.6","","97","","0.0","","28","","6","","","","97.68","","","","","","NA"
"-80.80","46.63","SUDBURY CLIMATE","6068145","2020-10-09 10:00","2020","10","09","10:00","1.6","","0.9","","95","","0.0","","25","","5","","","","97.70","","","","","","NA"
"-80.80","46.63","SUDBURY CLIMATE","6068145","2020-10-09 11:00","2020","10","09","11:00","0.6","","0.2","","97","","0.0","","27","","6","","","","97.70","","","","","","NA"
"-80.80","46.63","SUDBURY CLIMATE","6068145","2020-10-09 12:00","2020","10","09","12:00","1.4","","1.2","","98","","0.0","","27","","3","","","","97.68","","","","","","NA"
"-80.80","46.63","SUDBURY CLIMATE","6068145","2020-10-09 13:00","2020","10","09","13:00","2.1","","1.6","","97","","0.0","","24","","3","","","","97.72","","","","","","NA"
"-80.80","46.63","SUDBURY CLIMATE","6068145","2020-10-09 14:00","2020","10","09","14:00","3.1","","2.2","","93","","0.0","","18","","2","","","","97.63","","","","","","NA"
"-80.80","46.63","SUDBURY CLIMATE","6068145","2020-10-09 15:00","2020","10","09","15:00","3.8","","3.1","","95","","0.4","","22","","12","","","","97.65","","","","","","NA"
"-80.80","46.63","SUDBURY CLIMATE","6068145","2020-10-09 16:00","2020","10","09","16:00","5.0","","3.7","","91","","0.0","","20","","10","","","","97.60","","","","","","NA"
"-80.80","46.63","SUDBURY CLIMATE","6068145","2020-10-09 17:00","2020","10","09","17:00","5.7","","4.4","","91","","0.0","","18","","10","","","","97.45","","","","","","NA"
"-80.80","46.63","SUDBURY CLIMATE","6068145","2020-10-09 18:00","2020","10","09","18:00","6.2","","4.5","","89","","0.0","","13","","11","","","","97.28","","","","","","NA"
"-80.80","46.63","SUDBURY CLIMATE","6068145","2020-10-09 19:00","2020","10","09","19:00","8.9","","6.7","","86","","0.0","","16","","22","","","","97.06","","","","","","NA"
"-80.80","46.63","SUDBURY CLIMATE","6068145","2020-10-09 20:00","2020","10","09","20:00","9.9","","7.3","","84","","0.0","","16","","16","","","","96.90","","","","","","NA"
"-80.80","46.63","SUDBURY CLIMATE","6068145","2020-10-09 21:00","2020","10","09","21:00","12.2","","6.4","","68","","0.0","","20","","32","","","","96.75","","","","","","NA"
"-80.80","46.63","SUDBURY CLIMATE","6068145","2020-10-09 22:00","2020","10","09","22:00","11.4","","7.2","","75","","0.0","","19","","29","","","","96.55","","","","","","NA"
"-80.80","46.63","SUDBURY CLIMATE","6068145","2020-10-09 23:00","2020","10","09","23:00","10.9","","7.3","","79","","0.0","","19","","24","","","","96.46","","","","","","NA"
"-80.80","46.63","SUDBURY CLIMATE","6068145","2020-10-10 00:00","2020","10","10","00:00","10.5","","7.0","","79","","0.0","","17","","24","","","","96.31","","","","","","NA"
"-80.80","46.63","SUDBURY CLIMATE","6068145","2020-10-10 01:00","2020","10","10","01:00","11.1","","7.6","","79","","0.0","","18","","20","","","","96.29","","","","","","NA"
"-80.80","46.63","SUDBURY CLIMATE","6068145","2020-10-10 02:00","2020","10","10","02:00","11.2","","8.5","","83","","0.0","","18","","15","","","","96.19","","","","","","NA"
"-80.80","46.63","SUDBURY CLIMATE","6068145","2020-10-10 03:00","2020","10","10","03:00","13.1","","10.1","","82","","0.0","","21","","19","","","","96.11","","","","","","NA"
"-80.80","46.63","SUDBURY CLIMATE","6068145","2020-10-10 04:00","2020","10","10","04:00","13.3","","10.3","","82","","0.0","","21","","20","","","","96.03","","","","","","NA"
"-80.80","46.63","SUDBURY CLIMATE","6068145","2020-10-10 05:00","2020","10","10","05:00","12.8","","10.5","","86","","0.0","","22","","18","","","","96.00","","","","","","NA"
"-80.80","46.63","SUDBURY CLIMATE","6068145","2020-10-10 06:00","2020","10","10","06:00","13.8","","11.2","","84","","0.0","","22","","18","","","","95.98","","","","","","NA"
"-80.80","46.63","SUDBURY CLIMATE","6068145","2020-10-10 07:00","2020","10","10","07:00","13.4","","11.2","","86","","0.0","","23","","17","","","","95.97","","","","","","NA"
"-80.80","46.63","SUDBURY CLIMATE","6068145","2020-10-10 08:00","2020","10","10","08:00","12.6","","11.0","","90","","0.0","","23","","14","","","","95.95","","","","","","NA"
"-80.80","46.63","SUDBURY CLIMATE","6068145","2020-10-10 09:00","2020","10","10","09:00","12.3","","11.0","","92","","0.0","","23","","14","","","","95.97","","","","","","NA"
"-80.80","46.63","SUDBURY CLIMATE","6068145","2020-10-10 10:00","2020","10","10","10:00","11.5","","10.7","","95","","0.0","","23","","8","","","","95.94","","","","","","NA"
"-80.80","46.63","SUDBURY CLIMATE","6068145","2020-10-10 11:00","2020","10","10","11:00","11.6","","10.9","","96","","0.0","","25","","6","","","","95.99","","","","","","NA"
"-80.80","46.63","SUDBURY CLIMATE","6068145","2020-10-10 12:00","2020","10","10","12:00","12.0","","11.5","","97","","0.0","","27","","6","","","","96.12","","","","","","NA"
"-80.80","46.63","SUDBURY CLIMATE","6068145","2020-10-10 13:00","2020","10","10","13:00","11.7","","11.2","","97","","0.0","","29","","6","","","","96.20","","","","","","NA"
"-80.80","46.63","SUDBURY CLIMATE","6068145","2020-10-10 14:00","2020","10","10","14:00","12.8","","11.2","","90","","0.0","","31","","10","","","","96.26","","","","","","NA"
"-80.80","46.63","SUDBURY CLIMATE","6068145","2020-10-10 15:00","2020","10","10","15:00","13.8","","8.0","","68","","0.0","","31","","15","","","","96.31","","","","","","NA"
"-80.80","46.63","SUDBURY CLIMATE","6068145","2020-10-10 16:00","2020","10","10","16:00","14.9","","5.8","","54","","0.0","","31","","14","","","","96.40","","","","","","NA"
"-80.80","46.63","SUDBURY CLIMATE","6068145","2020-10-10 17:00","2020","10","10","17:00","11.3","","7.1","","76","","0.0","","35","","23","","","","96.56","","","","","","NA"
"-80.80","46.63","SUDBURY CLIMATE","6068145","2020-10-10 18:00","2020","10","10","18:00","10.7","","5.7","","71","","0.0","","33","","23","","","","96.72","","","","","","NA"
"-80.80","46.63","SUDBURY CLIMATE","6068145","2020-10-10 19:00","2020","10","10","19:00","9.4","","3.4","","66","","0.0","","34","","18","","","","96.88","","","","","","NA"
"-80.80","46.63","SUDBURY CLIMATE","6068145","2020-10-10 20:00","2020","10","10","20:00","9.3","","2.2","","61","","0.0","","33","","17","","","","97.02","","","","","","NA"
"-80.80","46.63","SUDBURY CLIMATE","6068145","2020-10-10 21:00","2020","10","10","21:00","7.5","","1.3","","65","","0.0","","34","","19","","","","97.21","","","","","","NA"
"-80.80","46.63","SUDBURY CLIMATE","6068145","2020-10-10 22:00","2020","10","10","22:00","6.2","","0.2","","66","","0.0","","36","","19","","","","97.34","","","","","","NA"
"-80.80","46.63","SUDBURY CLIMATE","6068145","2020-10-10 23:00","2020","10","10","23:00","5.2","","0.7","","72","","0.0","","36","","17","","","","97.44","","","","","","NA"
"-80.80","46.63","SUDBURY CLIMATE","6068145","2020-10-11 00:00","2020","10","11","00:00","4.5","","0.7","","76","","0.0","","36","","12","","","","97.53","","","","","","NA"
"-80.80","46.63","SUDBURY CLIMATE","6068145","2020-10-11 01:00","2020","10","11","01:00","4.0","","0.4","","77","","0.0","","1","","17","","","","97.65","","","","","","NA"
"-80.80","46.63","SUDBURY CLIMATE","6068145","2020-10-11 02:00","2020","10","11","02:00","3.4","","0.1","","79","","0.0","","1","","19","","","","97.75","","","","","","NA"
"-80.80","46.63","SUDBURY CLIMATE","6068145","2020-10-11 03:00","2020","10","11","03:00","2.9","","-0.9","","76","","0.0","","2","","21","","","","97.85","","","","","","NA"
"-80.80","46.63","SUDBURY CLIMATE","6068145","2020-10-11 04:00","2020","10","11","04:00","2.4","","-0.8","","79","","0.0","","3","","20","","","","97.91","","","","","","NA"
"-80.80","46.63","SUDBURY CLIMATE","6068145","2020-10-11 05:00","2020","10","11","05:00","2.4","","-1.0","","79","","0.0","","2","","12","","","","98.02","","","","","","NA"
"-80.80","46.63","SUDBURY CLIMATE","6068145","2020-10-11 06:00","2020","10","11","06:00","1.9","","-1.1","","80","","0.0","","5","","19","","","","98.10","","","","","","NA"
"-80.80","46.63","SUDBURY CLIMATE","6068145","2020-10-11 07:00","2020","10","11","07:00","1.1","","-1.1","","85","","0.0","","5","","11","","","","98.16","","","","","","NA"
"-80.80","46.63","SUDBURY CLIMATE","6068145","2020-10-11 08:00","2020","10","11","08:00","0.6","","-0.8","","90","","0.0","","5","","17","","","","98.12","","","","","","NA"
"-80.80","46.63","SUDBURY CLIMATE","6068145","2020-10-11 09:00","2020","10","11","09:00","-0.3","","-1.5","","92","","0.0","","5","","12","","","","98.11","","","","-4","","NA"
"-80.80","46.63","SUDBURY CLIMATE","6068145","2020-10-11 10:00","2020","10","11","10:00","-0.4","","-1.5","","92","","0.0","","5","","12","","","","98.17","","","","-4","","NA"
"-80.80","46.63","SUDBURY CLIMATE","6068145","2020-10-11 11:00","2020","10","11","11:00","0.0","","-1.5","","90","","0.0","","5","","16","","","","98.22","","","","-5","","NA"
"-80.80","46.63","SUDBURY CLIMATE","6068145","2020-10-11 12:00","2020","10","11","12:00","-0.4","","-1.8","","91","","0.0","","7","","10","","","","98.32","","","","-4","","NA"
"-80.80","46.63","SUDBURY CLIMATE","6068145","2020-10-11 13:00","2020","10","11","13:00","1.0","","-1.0","","86","","0.0","","7","","10","","","","98.40","","","","","","NA"
"-80.80","46.63","SUDBURY CLIMATE","6068145","2020-10-11 14:00","2020","10","11","14:00","2.4","","-1.3","","76","","0.0","","7","","19","","","","98.39","","","","","","NA"
"-80.80","46.63","SUDBURY CLIMATE","6068145","2020-10-11 15:00","2020","10","11","15:00","3.4","","-2.4","","66","","0.0","","10","","15","","","","98.40","","","","","","NA"
"-80.80","46.63","SUDBURY CLIMATE","6068145","2020-10-11 16:00","2020","10","11","16:00","4.7","","-2.7","","59","","0.0","","11","","9","","","","98.41","","","","","","NA"
"-80.80","46.63","SUDBURY CLIMATE","6068145","2020-10-11 17:00","2020","10","11","17:00","6.5","","-3.5","","49","","0.0","","10","","12","","","","98.33","","","","","","NA"
"-80.80","46.63","SUDBURY CLIMATE","6068145","2020-10-11 18:00","2020","10","11","18:00","7.2","","-2.7","","49","","0.0","","6","","12","","","","98.24","","","","","","NA"
"-80.80","46.63","SUDBURY CLIMATE","6068145","2020-10-11 19:00","2020","10","11","19:00","9.5","","-2.7","","42","","0.0","","13","","12","","","","98.16","","","","","","NA"
"-80.80","46.63","SUDBURY CLIMATE","6068145","2020-10-11 20:00","2020","10","11","20:00","9.3","","-5.9","","34","","0.0","","11","","12","","","","98.14","","","","","","NA"
"-80.80","46.63","SUDBURY CLIMATE","6068145","2020-10-11 21:00","2020","10","11","21:00","9.8","","-5.9","","33","","0.0","","12","","11","","","","98.11","","","","","","NA"
"-80.80","46.63","SUDBURY CLIMATE","6068145","2020-10-11 22:00","2020","10","11","22:00","9.0","","-5.5","","35","","0.0","","10","","14","","","","98.09","","","","","","NA"
"-80.80","46.63","SUDBURY CLIMATE","6068145","2020-10-11 23:00","2020","10","11","23:00","6.3","","-4.7","","45","","0.0","","10","","8","","","","98.08","","","","","","NA"
"-80.80","46.63","SUDBURY CLIMATE","6068145","2020-10-12 00:00","2020","10","12","00:00","5.1","","-5.4","","47","","0.0","","10","","9","","","","98.08","","","","","","NA"
"-80.80","46.63","SUDBURY CLIMATE","6068145","2020-10-12 01:00","2020","10","12","01:00","4.3","","-3.5","","57","","0.0","","9","","11","","","","98.07","","","","","","NA"
"-80.80","46.63","SUDBURY CLIMATE","6068145","2020-10-12 02:00","2020","10","12","02:00","3.8","","-3.5","","59","","0.0","","8","","12","","","","98.06","","","","","","NA"
"-80.80","46.63","SUDBURY CLIMATE","6068145","2020-10-12 03:00","2020","10","12","03:00","4.0","","-3.7","","57","","0.0","","11","","15","","","","98.02","","","","","","NA"
"-80.80","46.63","SUDBURY CLIMATE","6068145","2020-10-12 04:00","2020","10","12","04:00","3.6","","-2.5","","64","","0.0","","11","","20","","","","97.96","","","","","","NA"
"-80.80","46.63","SUDBURY CLIMATE","6068145","2020-10-12 05:00","2020","10","12","05:00","2.9","","-1.8","","71","","0.0","","12","","13","","","","97.92","","","","","","NA"
"-80.80","46.63","SUDBURY CLIMATE","6068145","2020-10-12 06:00","2020","10","12","06:00","2.4","","-1.5","","75","","0.0","","12","","12","","","","97.91","","","","","","NA"
"-80.80","46.63","SUDBURY CLIMATE","6068145","2020-10-12 07:00","2020","10","12","07:00","1.9","","-1.8","","77","","0.0","","12","","13","","","","97.85","","","","","","NA"
"-80.80","46.63","SUDBURY CLIMATE","6068145","2020-10-12 08:00","2020","10","12","08:00","1.2","","-1.5","","82","","0.0","","10","","12","","","","97.78","","","","","","NA"
"-80.80","46.63","SUDBURY CLIMATE","6068145","2020-10-12 09:00","2020","10","12","09:00","1.0","","-1.6","","83","","0.0","","11","","11","","","","97.77","","","","","","NA"
"-80.80","46.63","SUDBURY CLIMATE","6068145","2020-10-12 10:00","2020","10","12","10:00","1.0","","-1.7","","82","","0.0","","10","","13","","","","97.71","","","","","","NA"
"-80.80","46.63","SUDBURY CLIMATE","6068145","2020-10-12 11:00","2020","10","12","11:00","0.4","","-2.1","","83","","0.0","","9","","9","","","","97.67","","","","","","NA"
"-80.80","46.63","SUDBURY CLIMATE","6068145","2020-10-12 12:00","2020","10","12","12:00","1.1","","-1.7","","81","","0.0","","11","","13","","","","97.63","","","","","","NA"
"-80.80","46.63","SUDBURY CLIMATE","6068145","2020-10-12 13:00","2020","10","12","13:00","3.1","","-1.0","","74","","0.0","","11","","15","","","","97.58","","","","","","NA"
"-80.80","46.63","SUDBURY CLIMATE","6068145","2020-10-12 14:00","2020","10","12","14:00","5.5","","0.0","","68","","0.0","","12","","17","","","","97.51","","","","","","NA"
"-80.80","46.63","SUDBURY CLIMATE","6068145","2020-10-12 15:00","2020","10","12","15:00","8.1","","1.5","","63","","0.0","","15","","20","","","","97.45","","","","","","NA"
"-80.80","46.63","SUDBURY CLIMATE","6068145","2020-10-12 16:00","2020","10","12","16:00","10.8","","3.3","","60","","0.0","","13","","20","","","","97.32","","","","","","NA"
"-80.80","46.63","SUDBURY CLIMATE","6068145","2020-10-12 17:00","2020","10","12","17:00","11.8","","4.7","","62","","0.0","","15","","19","","","","97.26","","","","","","NA"
"-80.80","46.63","SUDBURY CLIMATE","6068145","2020-10-12 18:00","2020","10","12","18:00","11.9","","4.6","","61","","0.0","","15","","20","","","","97.15","","","","","","NA"
"-80.80","46.63","SUDBURY CLIMATE","6068145","2020-10-12 19:00","2020","10","12","19:00","12.5","","4.8","","59","","0.0","","13","","18","","","","96.99","","","","","","NA"
"-80.80","46.63","SUDBURY CLIMATE","6068145","2020-10-12 20:00","2020","10","12","20:00","13.5","","6.1","","61","","0.0","","12","","18","","","","96.89","","","","","","NA"
"-80.80","46.63","SUDBURY CLIMATE","6068145","2020-10-12 21:00","2020","10","12","21:00","14.1","","7.7","","65","","0.0","","12","","14","","","","96.78","","","","","","NA"
"-80.80","46.63","SUDBURY CLIMATE","6068145","2020-10-12 22:00","2020","10","12","22:00","14.5","","9.5","","72","","0.0","","13","","19","","","","96.73","","","","","","NA"
"-80.80","46.63","SUDBURY CLIMATE","6068145","2020-10-12 23:00","2020","10","12","23:00","14.7","","10.0","","74","","0.0","","15","","24","","","","96.70","","","","","","NA"
"-80.80","46.63","SUDBURY CLIMATE","6068145","2020-10-13 00:00","2020","10","13","00:00","14.1","","9.7","","75","","0.0","","14","","24","","","","96.65","","","","","","NA"
"-80.80","46.63","SUDBURY CLIMATE","6068145","2020-10-13 01:00","2020","10","13","01:00","13.6","","9.7","","78","","0.0","","15","","28","","","","96.61","","","","","","NA"
"-80.80","46.63","SUDBURY CLIMATE","6068145","2020-10-13 02:00","2020","10","13","02:00","12.0","","10.5","","90","","0.2","","14","","26","","","","96.52","","","","","","NA"
"-80.80","46.63","SUDBURY CLIMATE","6068145","2020-10-13 03:00","2020","10","13","03:00","11.4","","10.8","","96","","0.5","","14","","29","","","","96.41","","","","","","NA"
"-80.80","46.63","SUDBURY CLIMATE","6068145","2020-10-13 04:00","2020","10","13","04:00","11.3","","10.6","","96","","0.4","","15","","27","","","","96.34","","","","","","NA"
"-80.80","46.63","SUDBURY CLIMATE","6068145","2020-10-13 05:00","2020","10","13","05:00","11.3","","10.8","","97","","3.4","","16","","24","","","","96.31","","","","","","NA"
"-80.80","46.63","SUDBURY CLIMATE","6068145","2020-10-13 06:00","2020","10","13","06:00","11.3","","10.9","","97","","1.5","","16","","23","","","","96.28","","","","","","NA"
"-80.80","46.63","SUDBURY CLIMATE","6068145","2020-10-13 07:00","2020","10","13","07:00","11.5","","11.2","","98","","3.1","","17","","20","","","","96.27","","","","","","NA"
"-80.80","46.63","SUDBURY CLIMATE","6068145","2020-10-13 08:00","2020","10","13","08:00","11.8","","11.5","","98","","2.9","","22","","18","","","","96.30","","","","","","NA"
"-80.80","46.63","SUDBURY CLIMATE","6068145","2020-10-13 09:00","2020","10","13","09:00","8.5","","7.4","","93","","0.5","","31","","16","","","","96.47","","","","","","NA"
"-80.80","46.63","SUDBURY CLIMATE","6068145","2020-10-13 10:00","2020","10","13","10:00","8.2","","6.7","","90","","0.0","","30","","13","","","","96.64","","","","","","NA"
"-80.80","46.63","SUDBURY CLIMATE","6068145","2020-10-13 11:00","2020","10","13","11:00","7.9","","5.9","","87","","0.0","","31","","12","","","","96.76","","","","","","NA"
"-80.80","46.63","SUDBURY CLIMATE","6068145","2020-10-13 12:00","2020","10","13","12:00","7.9","","5.2","","83","","0.0","","32","","14","","","","96.87","","","","","","NA"
"-80.80","46.63","SUDBURY CLIMATE","6068145","2020-10-13 13:00","2020","10","13","13:00","7.6","","4.7","","82","","0.0","","30","","11","","","","96.95","","","","","","NA"
"-80.80","46.63","SUDBURY CLIMATE","6068145","2020-10-13 14:00","2020","10","13","14:00","8.3","","4.8","","79","","0.0","","28","","10","","","","97.07","","","","","","NA"
"-80.80","46.63","SUDBURY CLIMATE","6068145","2020-10-13 15:00","2020","10","13","15:00","9.7","","3.9","","67","","0.0","","28","","11","","","","97.13","","","","","","NA"
"-80.80","46.63","SUDBURY CLIMATE","6068145","2020-10-13 16:00","2020","10","13","16:00","10.9","","3.3","","59","","0.0","","28","","10","","","","97.14","","","","","","NA"
"-80.80","46.63","SUDBURY CLIMATE","6068145","2020-10-13 17:00","2020","10","13","17:00","12.2","","1.1","","47","","0.0","","27","","13","","","","97.12","","","","","","NA"
"-80.80","46.63","SUDBURY CLIMATE","6068145","2020-10-13 18:00","2020","10","13","18:00","13.1","","2.8","","50","","0.0","","24","","16","","","","97.06","","","","","","NA"
"-80.80","46.63","SUDBURY CLIMATE","6068145","2020-10-13 19:00","2020","10","13","19:00","14.1","","4.5","","52","","0.1","","22","","21","","","","97.03","","","","","","NA"
"-80.80","46.63","SUDBURY CLIMATE","6068145","2020-10-13 20:00","2020","10","13","20:00","14.7","","3.9","","48","","0.0","","22","","19","","","","96.98","","","","","","NA"
"-80.80","46.63","SUDBURY CLIMATE","6068145","2020-10-13 21:00","2020","10","13","21:00","13.9","","3.3","","49","","0.0","","22","","25","","","","96.94","","","","","","NA"
"-80.80","46.63","SUDBURY CLIMATE","6068145","2020-10-13 22:00","2020","10","13","22:00","12.1","","5.5","","64","","0.0","","20","","22","","","","96.95","","","","","","NA"
"-80.80","46.63","SUDBURY CLIMATE","6068145","2020-10-13 23:00","2020","10","13","23:00","11.0","","4.8","","66","","0.0","","21","","17","","","","96.92","","","","","","NA"
"-80.80","46.63","SUDBURY CLIMATE","6068145","2020-10-14 00:00","2020","10","14","00:00","10.4","","5.3","","71","","0.0","","19","","19","","","","96.87","","","","","","NA"
"-80.80","46.63","SUDBURY CLIMATE","6068145","2020-10-14 01:00","2020","10","14","01:00","10.2","","6.2","","76","","0.0","","18","","21","","","","96.79","","","","","","NA"
"-80.80","46.63","SUDBURY CLIMATE","6068145","2020-10-14 02:00","2020","10","14","02:00","9.6","","8.0","","90","","0.1","","20","","21","","","","96.78","","","","","","NA"
"-80.80","46.63","SUDBURY CLIMATE","6068145","2020-10-14 03:00","2020","10","14","03:00","9.5","","8.5","","93","","2.4","","19","","20","","","","96.69","","","","","","NA"
"-80.80","46.63","SUDBURY CLIMATE","6068145","2020-10-14 04:00","2020","10","14","04:00","8.3","","6.4","","88","","0.0","","24","","20","","","","96.70","","","","","","NA"
"-80.80","46.63","SUDBURY CLIMATE","6068145","2020-10-14 05:00","2020","10","14","05:00","7.6","","5.8","","88","","0.0","","27","","12","","","","96.75","","","","","","NA"
"-80.80","46.63","SUDBURY CLIMATE","6068145","2020-10-14 06:00","2020","10","14","06:00","6.1","","4.7","","90","","0.0","","26","","10","","","","96.77","","","","","","NA"
"-80.80","46.63","SUDBURY CLIMATE","6068145","2020-10-14 07:00","2020","10","14","07:00","5.3","","4.2","","92","","0.0","","25","","10","","","","96.82","","","","","","NA"
"-80.80","46.63","SUDBURY CLIMATE","6068145","2020-10-14 08:00","2020","10","14","08:00","4.0","","3.5","","96","","0.0","","24","","9","","","","96.87","","","","","","NA"
"-80.80","46.63","SUDBURY CLIMATE","6068145","2020-10-14 09:00","2020","10","14","09:00","3.0","","2.7","","98","","0.0","","23","","9","","","","96.89","","","","","","NA"
"-80.80","46.63","SUDBURY CLIMATE","6068145","2020-10-14 10:00","2020","10","14","10:00","2.7","","2.6","","99","","0.0","","23","","9","","","","96.93","","","","","","NA"
"-80.80","46.63","SUDBURY CLIMATE","6068145","2020-10-14 11:00","2020","10","14","11:00","2.3","","2.2","","99","","0.0","","24","","9","","","","96.98","","","","","","NA"
"-80.80","46.63","SUDBURY CLIMATE","6068145","2020-10-14 12:00","2020","10","14","12:00","1.9","","1.8","","99","","0.0","","23","","9","","","","97.01","","","","","","NA"
"-80.80","46.63","SUDBURY CLIMATE","6068145","2020-10-14 13:00","2020","10","14","13:00","4.0","","3.9","","99","","0.0","","23","","7","","","","97.03","","","","","","NA"
"-80.80","46.63","SUDBURY CLIMATE","6068145","2020-10-14 14:00","2020","10","14","14:00","7.0","","6.2","","94","","0.0","","24","","11","","","","97.00","","","","","","NA"
"-80.80","46.63","SUDBURY CLIMATE","6068145","2020-10-14 15:00","2020","10","14","15:00","10.0","","5.3","","72","","0.0","","24","","14","","","","97.03","","","","","","NA"
"-80.80","46.63","SUDBURY CLIMATE","6068145","2020-10-14 16:00","2020","10","14","16:00","11.0","","4.4","","64","","0.0","","24","","12","","","","96.98","","","","","","NA"
"-80.80","46.63","SUDBURY CLIMATE","6068145","2020-10-14 17:00","2020","10","14","17:00","12.2","","3.9","","57","","0.0","","27","","15","","","","96.97","","","","","","NA"
"-80.80","46.63","SUDBURY CLIMATE","6068145","2020-10-14 18:00","2020","10","14","18:00","13.4","","1.5","","45","","0.1","","23","","21","","","","96.87","","","","","","NA"
"-80.80","46.63","SUDBURY CLIMATE","6068145","2020-10-14 19:00","2020","10","14","19:00","12.8","","0.9","","44","","0.0","","22","","22","","","","96.83","","","","","","NA"
"-80.80","46.63","SUDBURY CLIMATE","6068145","2020-10-14 20:00","2020","10","14","20:00","12.4","","1.0","","46","","0.0","","21","","26","","","","96.79","","","","","","NA"
"-80.80","46.63","SUDBURY CLIMATE","6068145","2020-10-14 21:00","2020","10","14","21:00","11.4","","-0.6","","43","","0.0","","23","","22","","","","96.76","","","","","","NA"
"-80.80","46.63","SUDBURY CLIMATE","6068145","2020-10-14 22:00","2020","10","14","22:00","10.8","","0.3","","48","","0.0","","21","","15","","","","96.72","","","","","","NA"
"-80.80","46.63","SUDBURY CLIMATE","6068145","2020-10-14 23:00","2020","10","14","23:00","10.4","","3.1","","61","","0.0","","19","","25","","","","96.61","","","","","","NA"
"-80.80","46.63","SUDBURY CLIMATE","6068145","2020-10-15 00:00","2020","10","15","00:00","7.7","","4.9","","82","","0.6","","18","","16","","","","96.53","","","","","","NA"
"-80.80","46.63","SUDBURY CLIMATE","6068145","2020-10-15 01:00","2020","10","15","01:00","7.5","","5.9","","89","","0.3","","18","","17","","","","96.47","","","","","","NA"
"-80.80","46.63","SUDBURY CLIMATE","6068145","2020-10-15 02:00","2020","10","15","02:00","7.6","","5.4","","86","","0.0","","15","","14","","","","96.33","","","","","","NA"
"-80.80","46.63","SUDBURY CLIMATE","6068145","2020-10-15 03:00","2020","10","15","03:00","7.4","","5.0","","85","","0.0","","15","","17","","","","96.17","","","","","","NA"
"-80.80","46.63","SUDBURY CLIMATE","6068145","2020-10-15 04:00","2020","10","15","04:00","7.6","","5.8","","88","","0.3","","15","","20","","","","95.94","","","","","","NA"
"-80.80","46.63","SUDBURY CLIMATE","6068145","2020-10-15 05:00","2020","10","15","05:00","7.6","","6.1","","90","","1.4","","15","","24","","","","95.75","","","","","","NA"
"-80.80","46.63","SUDBURY CLIMATE","6068145","2020-10-15 06:00","2020","10","15","06:00","7.7","","6.2","","90","","0.5","","16","","28","","","","95.61","","","","","","NA"
"-80.80","46.63","SUDBURY CLIMATE","6068145","2020-10-15 07:00","2020","10","15","07:00","8.2","","7.1","","93","","0.5","","17","","24","","","","95.54","","","","","","NA"
"-80.80","46.63","SUDBURY CLIMATE","6068145","2020-10-15 08:00","2020","10","15","08:00","8.6","","8.1","","97","","0.5","","17","","22","","","","95.45","","","","","","NA"
"-80.80","46.63","SUDBURY CLIMATE","6068145","2020-10-15 09:00","2020","10","15","09:00","9.5","","9.3","","98","","0.0","","19","","20","","","","95.44","","","","","","NA"
"-80.80","46.63","SUDBURY CLIMATE","6068145","2020-10-15 10:00","2020","10","15","10:00","10.1","","9.6","","97","","0.0","","20","","21","","","","95.42","","","","","","NA"
"-80.80","46.63","SUDBURY CLIMATE","6068145","2020-10-15 11:00","2020","10","15","11:00","10.3","","9.8","","97","","0.0","","20","","20","","","","95.45","","","","","","NA"
"-80.80","46.63","SUDBURY CLIMATE","6068145","2020-10-15 12:00","2020","10","15","12:00","10.6","","9.5","","93","","0.0","","22","","23","","","","95.45","","","","","","NA"
"-80.80","46.63","SUDBURY CLIMATE","6068145","2020-10-15 13:00","2020","10","15","13:00","10.6","","9.3","","92","","0.0","","21","","25","","","","95.48","","","","","","NA"
"-80.80","46.63","SUDBURY CLIMATE","6068145","2020-10-15 14:00","2020","10","15","14:00","10.8","","8.7","","87","","0.0","","22","","31","","","","95.53","","","","","","NA"
"-80.80","46.63","SUDBURY CLIMATE","6068145","2020-10-15 15:00","2020","10","15","15:00","9.4","","6.8","","84","","0.0","","24","","23","","","","95.55","","","","","","NA"
"-80.80","46.63","SUDBURY CLIMATE","6068145","2020-10-15 16:00","2020","10","15","16:00","10.3","","5.4","","72","","0.0","","24","","34","","","","95.61","","","","","","NA"
"-80.80","46.63","SUDBURY CLIMATE","6068145","2020-10-15 17:00","2020","10","15","17:00","9.9","","3.3","","64","","0.3","","24","","33","","","","95.74","","","","","","NA"
"-80.80","46.63","SUDBURY CLIMATE","6068145","2020-10-15 18:00","2020","10","15","18:00","9.2","","2.7","","64","","0.0","","25","","25","","","","95.85","","","","","","NA"
"-80.80","46.63","SUDBURY CLIMATE","6068145","2020-10-15 19:00","2020","10","15","19:00","8.4","","3.1","","69","","0.0","","26","","25","","","","95.97","","","","","","NA"
"-80.80","46.63","SUDBURY CLIMATE","6068145","2020-10-15 20:00","2020","10","15","20:00","8.4","","1.5","","62","","0.0","","28","","18","","","","96.17","","","","","","NA"
"-80.80","46.63","SUDBURY CLIMATE","6068145","2020-10-15 21:00","2020","10","15","21:00","7.4","","1.7","","67","","0.0","","27","","13","","","","96.38","","","","","","NA"
"-80.80","46.63","SUDBURY CLIMATE","6068145","2020-10-15 22:00","2020","10","15","22:00","6.8","","1.5","","69","","0.0","","28","","11","","","","96.55","","","","","","NA"
"-80.80","46.63","SUDBURY CLIMATE","6068145","2020-10-15 23:00","2020","10","15","23:00","5.5","","1.1","","73","","0.0","","26","","8","","","","96.63","","","","","","NA"
"-80.80","46.63","SUDBURY CLIMATE","6068145","2020-10-16 00:00","2020","10","16","00:00","3.8","","1.1","","83","","0.0","","21","","7","","","","96.73","","","","","","NA"
"-80.80","46.63","SUDBURY CLIMATE","6068145","2020-10-16 01:00","2020","10","16","01:00","5.9","","1.9","","76","","0.0","","26","","13","","","","96.82","","","","","","NA"
"-80.80","46.63","SUDBURY CLIMATE","6068145","2020-10-16 02:00","2020","10","16","02:00","4.6","","1.3","","79","","0.0","","27","","9","","","","96.87","","","","","","NA"
"-80.80","46.63","SUDBURY CLIMATE","6068145","2020-10-16 03:00","2020","10","16","03:00","4.8","","1.6","","79","","0.0","","27","","11","","","","96.95","","","","","","NA"
"-80.80","46.63","SUDBURY CLIMATE","6068145","2020-10-16 04:00","2020","10","16","04:00","3.9","","1.0","","82","","0.0","","30","","9","","","","97.02","","","","","","NA"
"-80.80","46.63","SUDBURY CLIMATE","6068145","2020-10-16 05:00","2020","10","16","05:00","2.2","","-0.3","","84","","0.0","","33","","9","","","","97.05","","","","","","NA"
"-80.80","46.63","SUDBURY CLIMATE","6068145","2020-10-16 06:00","2020","10","16","06:00","0.6","","-0.6","","91","","0.0","","27","","3","","","","97.13","","","","","","NA"
"-80.80","46.63","SUDBURY CLIMATE","6068145","2020-10-16 07:00","2020","10","16","07:00","0.1","","-0.9","","93","","0.0","","30","","5","","","","97.16","","","","","","NA"
"-80.80","46.63","SUDBURY CLIMATE","6068145","2020-10-16 08:00","2020","10","16","08:00","0.0","","-0.8","","95","","0.0","","23","","4","","","","97.25","","","","-1","","NA"
"-80.80","46.63","SUDBURY CLIMATE","6068145","2020-10-16 09:00","2020","10","16","09:00","-0.3","","-1.5","","91","","0.0","","27","","5","","","","97.28","","","","-2","","NA"
"-80.80","46.63","SUDBURY CLIMATE","6068145","2020-10-16 10:00","2020","10","16","10:00","-1.1","","-1.8","","95","","0.0","","25","","4","","","","97.34","","","","-2","","NA"
"-80.80","46.63","SUDBURY CLIMATE","6068145","2020-10-16 11:00","2020","10","16","11:00","-0.9","","-1.8","","94","","0.0","","27","","7","","","","97.39","","","","-3","","NA"
"-80.80","46.63","SUDBURY CLIMATE","6068145","2020-10-16 12:00","2020","10","16","12:00","-2.2","","-2.7","","96","","0.0","","26","","4","","","","97.47","","","","-4","","NA"
"-80.80","46.63","SUDBURY CLIMATE","6068145","2020-10-16 13:00","2020","10","16","13:00","-0.4","","-1.4","","93","","0.0","","26","","5","","","","97.55","","","","-2","","NA"
"-80.80","46.63","SUDBURY CLIMATE","6068145","2020-10-16 14:00","2020","10","16","14:00","1.6","","-1.2","","81","","0.0","","24","","7","","","","97.57","","","","","","NA"
"-80.80","46.63","SUDBURY CLIMATE","6068145","2020-10-16 15:00","2020","10","16","15:00","3.6","","-2.7","","63","","0.0","","25","","10","","","","97.58","","","","","","NA"
"-80.80","46.63","SUDBURY CLIMATE","6068145","2020-10-16 16:00","2020","10","16","16:00","5.2","","-4.4","","50","","0.0","","22","","18","","","","97.58","","","","","","NA"
"-80.80","46.63","SUDBURY CLIMATE","6068145","2020-10-16 17:00","2020","10","16","17:00","5.9","","-3.9","","49","","0.0","","23","","13","","","","97.53","","","","","","NA"
"-80.80","46.63","SUDBURY CLIMATE","6068145","2020-10-16 18:00","2020","10","16","18:00","6.7","","-4.2","","46","","0.0","","19","","22","","","","97.45","","","","","","NA"
"-80.80","46.63","SUDBURY CLIMATE","6068145","2020-10-16 19:00","2020","10","16","19:00","3.2","","1.5","","88","","0.0","","23","","19","","","","97.49","","","","","","NA"
"-80.80","46.63","SUDBURY CLIMATE","6068145","2020-10-16 20:00","2020","10","16","20:00","5.4","","1.2","","74","","0.0","","19","","16","","","","97.42","","","","","","NA"
"-80.80","46.63","SUDBURY CLIMATE","6068145","2020-10-16 21:00","2020","10","16","21:00","2.8","","1.6","","92","","0.0","","17","","21","","","","97.43","","","","","","NA"
"-80.80","46.63","SUDBURY CLIMATE","6068145","2020-10-16 22:00","2020","10","16","22:00","2.6","","1.5","","93","","2.2","","21","","12","","","","97.43","","","","","","NA"
"-80.80","46.63","SUDBURY CLIMATE","6068145","2020-10-16 23:00","2020","10","16","23:00","0.6","","0.2","","97","","0.4","","24","","14","","","","97.50","","","","","","NA"
"-80.80","46.63","SUDBURY CLIMATE","6068145","2020-10-17 00:00","2020","10","17","00:00","0.6","","0.0","","96","","0.0","","21","","15","","","","97.55","","","","","","NA"
"-80.80","46.63","SUDBURY CLIMATE","6068145","2020-10-17 01:00","2020","10","17","01:00","0.4","","-0.4","","95","","0.0","","22","","14","","","","97.59","","","","","","NA"
"-80.80","46.63","SUDBURY CLIMATE","6068145","2020-10-17 02:00","2020","10","17","02:00","-0.6","","-1.0","","97","","0.0","","27","","4","","","","97.64","","","","-2","","NA"
"-80.80","46.63","SUDBURY CLIMATE","6068145","2020-10-17 03:00","2020","10","17","03:00","-1.0","","-2.1","","92","","0.0","","21","","11","","","","97.68","","","","-5","","NA"
"-80.80","46.63","SUDBURY CLIMATE","6068145","2020-10-17 04:00","2020","10","17","04:00","-0.3","","-0.9","","96","","0.0","","16","","12","","","","97.72","","","","-4","","NA"
"-80.80","46.63","SUDBURY CLIMATE","6068145","2020-10-17 05:00","2020","10","17","05:00","-0.5","","-1.2","","95","","0.0","","15","","11","","","","97.71","","","","-4","","NA"
"-80.80","46.63","SUDBURY CLIMATE","6068145","2020-10-17 06:00","2020","10","17","06:00","-0.3","","-1.0","","95","","0.0","","14","","12","","","","97.68","","","","-4","","NA"
"-80.80","46.63","SUDBURY CLIMATE","6068145","2020-10-17 07:00","2020","10","17","07:00","-0.8","","-1.1","","98","","0.0","","14","","13","","","","97.66","","","","-5","","NA"
"-80.80","46.63","SUDBURY CLIMATE","6068145","2020-10-17 08:00","2020","10","17","08:00","-0.6","","-0.8","","98","","0.0","","14","","17","","","","97.63","","","","-6","","NA"
"-80.80","46.63","SUDBURY CLIMATE","6068145","2020-10-17 09:00","2020","10","17","09:00","-0.5","","-0.8","","98","","0.0","","14","","16","","","","97.58","","","","-5","","NA"
"-80.80","46.63","SUDBURY CLIMATE","6068145","2020-10-17 10:00","2020","10","17","10:00","-0.3","","-0.5","","99","","0.0","","15","","18","","","","97.62","","","","-5","","NA"
"-80.80","46.63","SUDBURY CLIMATE","6068145","2020-10-17 11:00","2020","10","17","11:00","0.0","","-0.2","","98","","0.0","","15","","17","","","","97.64","","","","-5","","NA"
"-80.80","46.63","SUDBURY CLIMATE","6068145","2020-10-17 12:00","2020","10","17","12:00","0.2","","-0.2","","97","","0.0","","14","","14","","","","97.65","","","","","","NA"
"-80.80","46.63","SUDBURY CLIMATE","6068145","2020-10-17 13:00","2020","10","17","13:00","0.5","","0.3","","98","","0.0","","15","","15","","","","97.71","","","","","","NA"
"-80.80","46.63","SUDBURY CLIMATE","6068145","2020-10-17 14:00","2020","10","17","14:00","1.8","","1.6","","99","","0.5","","18","","13","","","","97.77","","","","","","NA"
"-80.80","46.63","SUDBURY CLIMATE","6068145","2020-10-17 15:00","2020","10","17","15:00","5.3","","3.4","","87","","0.0","","24","","13","","","","97.82","","","","","","NA"
"-80.80","46.63","SUDBURY CLIMATE","6068145","2020-10-17 16:00","2020","10","17","16:00","5.0","","1.0","","75","","0.0","","24","","16","","","","97.89","","","","","","NA"
"-80.80","46.63","SUDBURY CLIMATE","6068145","2020-10-17 17:00","2020","10","17","17:00","6.4","","1.1","","69","","0.0","","25","","13","","","","97.88","","","","","","NA"
"-80.80","46.63","SUDBURY CLIMATE","6068145","2020-10-17 18:00","2020","10","17","18:00","6.5","","-1.8","","55","","0.0","","24","","16","","","","97.87","","","","","","NA"
"-80.80","46.63","SUDBURY CLIMATE","6068145","2020-10-17 19:00","2020","10","17","19:00","7.1","","-1.4","","55","","0.0","","26","","13","","","","97.83","","","","","","NA"
"-80.80","46.63","SUDBURY CLIMATE","6068145","2020-10-17 20:00","2020","10","17","20:00","7.3","","-1.7","","53","","0.0","","22","","23","","","","97.82","","","","","","NA"
"-80.80","46.63","SUDBURY CLIMATE","6068145","2020-10-17 21:00","2020","10","17","21:00","7.0","","-2.7","","50","","0.0","","21","","23","","","","97.83","","","","","","NA"
"-80.80","46.63","SUDBURY CLIMATE","6068145","2020-10-17 22:00","2020","10","17","22:00","6.2","","-1.9","","56","","0.0","","22","","14","","","","97.82","","","","","","NA"
"-80.80","46.63","SUDBURY CLIMATE","6068145","2020-10-17 23:00","2020","10","17","23:00","5.9","","-1.2","","60","","0.0","","20","","20","","","","97.80","","","","","","NA"
"-80.80","46.63","SUDBURY CLIMATE","6068145","2020-10-18 00:00","2020","10","18","00:00","5.7","","0.4","","69","","0.0","","18","","21","","","","97.75","","","","","","NA"
"-80.80","46.63","SUDBURY CLIMATE","6068145","2020-10-18 01:00","2020","10","18","01:00","4.9","","1.4","","78","","0.0","","18","","29","","","","97.68","","","","","","NA"
"-80.80","46.63","SUDBURY CLIMATE","6068145","2020-10-18 02:00","2020","10","18","02:00","4.5","","2.1","","84","","0.1","","16","","22","","","","97.67","","","","","","NA"
"-80.80","46.63","SUDBURY CLIMATE","6068145","2020-10-18 03:00","2020","10","18","03:00","4.2","","2.1","","86","","0.0","","15","","24","","","","97.56","","","","","","NA"
"-80.80","46.63","SUDBURY CLIMATE","6068145","2020-10-18 04:00","2020","10","18","04:00","4.8","","2.9","","87","","0.0","","16","","25","","","","97.50","","","","","","NA"
"-80.80","46.63","SUDBURY CLIMATE","6068145","2020-10-18 05:00","2020","10","18","05:00","5.7","","3.7","","87","","0.0","","17","","29","","","","97.44","","","","","","NA"
"-80.80","46.63","SUDBURY CLIMATE","6068145","2020-10-18 06:00","2020","10","18","06:00","8.4","","4.2","","75","","0.0","","19","","39","","","","97.40","","","","","","NA"
"-80.80","46.63","SUDBURY CLIMATE","6068145","2020-10-18 07:00","2020","10","18","07:00","7.7","","6.5","","92","","0.5","","20","","32","","","","97.37","","","","","","NA"
"-80.80","46.63","SUDBURY CLIMATE","6068145","2020-10-18 08:00","2020","10","18","08:00","7.8","","7.2","","96","","0.6","","19","","31","","","","97.34","","","","","","NA"
"-80.80","46.63","SUDBURY CLIMATE","6068145","2020-10-18 09:00","2020","10","18","09:00","7.9","","6.1","","89","","0.3","","19","","36","","","","97.30","","","","","","NA"
"-80.80","46.63","SUDBURY CLIMATE","6068145","2020-10-18 10:00","2020","10","18","10:00","7.9","","6.1","","88","","0.0","","19","","42","","","","97.29","","","","","","NA"
"-80.80","46.63","SUDBURY CLIMATE","6068145","2020-10-18 11:00","2020","10","18","11:00","7.9","","6.5","","91","","0.6","","19","","36","","","","97.31","","","","","","NA"
"-80.80","46.63","SUDBURY CLIMATE","6068145","2020-10-18 12:00","2020","10","18","12:00","7.9","","6.9","","93","","1.5","","19","","32","","","","97.32","","","","","","NA"
"-80.80","46.63","SUDBURY CLIMATE","6068145","2020-10-18 13:00","2020","10","18","13:00","8.2","","6.9","","92","","0.5","","19","","33","","","","97.31","","","","","","NA"
"-80.80","46.63","SUDBURY CLIMATE","6068145","2020-10-18 14:00","2020","10","18","14:00","8.3","","7.3","","94","","0.4","","19","","27","","","","97.31","","","","","","NA"
"-80.80","46.63","SUDBURY CLIMATE","6068145","2020-10-18 15:00","2020","10","18","15:00","8.7","","7.6","","93","","0.3","","20","","27","","","","97.30","","","","","","NA"
"-80.80","46.63","SUDBURY CLIMATE","6068145","2020-10-18 16:00","2020","10","18","16:00","8.9","","7.6","","91","","0.6","","21","","31","","","","97.31","","","","","","NA"
"-80.80","46.63","SUDBURY CLIMATE","6068145","2020-10-18 17:00","2020","10","18","17:00","8.3","","7.0","","92","","0.5","","22","","25","","","","97.27","","","","","","NA"
"-80.80","46.63","SUDBURY CLIMATE","6068145","2020-10-18 18:00","2020","10","18","18:00","6.5","","5.2","","91","","0.5","","27","","12","","","","97.31","","","","","","NA"
"-80.80","46.63","SUDBURY CLIMATE","6068145","2020-10-18 19:00","2020","10","18","19:00","5.5","","4.7","","95","","0.4","","29","","10","","","","97.32","","","","","","NA"
"-80.80","46.63","SUDBURY CLIMATE","6068145","2020-10-18 20:00","2020","10","18","20:00","4.0","","3.1","","94","","1.4","","32","","11","","","","97.35","","","","","","NA"
"-80.80","46.63","SUDBURY CLIMATE","6068145","2020-10-18 21:00","2020","10","18","21:00","3.5","","2.5","","93","","1.4","","29","","9","","","","97.41","","","","","","NA"
"-80.80","46.63","SUDBURY CLIMATE","6068145","2020-10-18 22:00","2020","10","18","22:00","2.8","","2.0","","94","","1.5","","30","","8","","","","97.49","","","","","","NA"
"-80.80","46.63","SUDBURY CLIMATE","6068145","2020-10-18 23:00","2020","10","18","23:00","2.4","","1.9","","96","","1.3","","31","","6","","","","97.53","","","","","","NA"
"-80.80","46.63","SUDBURY CLIMATE","6068145","2020-10-19 00:00","2020","10","19","00:00","2.2","","1.6","","96","","0.9","","30","","10","","","","97.64","","","","","","NA"
"-80.80","46.63","SUDBURY CLIMATE","6068145","2020-10-19 01:00","2020","10","19","01:00","2.0","","1.3","","95","","0.8","","31","","8","","","","97.71","","","","","","NA"
"-80.80","46.63","SUDBURY CLIMATE","6068145","2020-10-19 02:00","2020","10","19","02:00","1.4","","0.9","","96","","0.4","","27","","3","","","","97.77","","","","","","NA"
"-80.80","46.63","SUDBURY CLIMATE","6068145","2020-10-19 03:00","2020","10","19","03:00","0.9","","0.6","","98","","0.0","","27","","6","","","","97.85","","","","","","NA"
"-80.80","46.63","SUDBURY CLIMATE","6068145","2020-10-19 04:00","2020","10","19","04:00","0.3","","0.0","","98","","0.0","","26","","5","","","","97.89","","","","","","NA"
"-80.80","46.63","SUDBURY CLIMATE","6068145","2020-10-19 05:00","2020","10","19","05:00","-0.4","","-0.6","","99","","0.0","","27","","4","","","","97.94","","","","-2","","NA"
"-80.80","46.63","SUDBURY CLIMATE","6068145","2020-10-19 06:00","2020","10","19","06:00","-0.8","","-1.0","","99","","0.0","","28","","5","","","","98.02","","","","-2","","NA"
"-80.80","46.63","SUDBURY CLIMATE","6068145","2020-10-19 07:00","2020","10","19","07:00","-1.3","","-1.5","","99","","0.0","","31","","5","","","","98.00","","","","-3","","NA"
"-80.80","46.63","SUDBURY CLIMATE","6068145","2020-10-19 08:00","2020","10","19","08:00","-2.7","","-2.8","","99","","0.0","","30","","3","","","","98.05","","","","-4","","NA"
"-80.80","46.63","SUDBURY CLIMATE","6068145","2020-10-19 09:00","2020","10","19","09:00","-3.1","","-3.3","","98","","0.0","","17","","4","","","","98.14","","","","-5","","NA"
"-80.80","46.63","SUDBURY CLIMATE","6068145","2020-10-19 10:00","2020","10","19","10:00","-1.9","","-2.1","","99","","0.0","","24","","2","","","","98.19","","","","-3","","NA"
"-80.80","46.63","SUDBURY CLIMATE","6068145","2020-10-19 11:00","2020","10","19","11:00","-2.1","","-2.4","","98","","0.0","","23","","4","","","","98.19","","","","-4","","NA"
"-80.80","46.63","SUDBURY CLIMATE","6068145","2020-10-19 12:00","2020","10","19","12:00","-2.6","","-2.9","","98","","0.0","","","","0","","","","98.19","","","","","","NA"
"-80.80","46.63","SUDBURY CLIMATE","6068145","2020-10-19 13:00","2020","10","19","13:00","-2.0","","-2.3","","98","","0.0","","15","","8","","","","98.24","","","","-5","","NA"
"-80.80","46.63","SUDBURY CLIMATE","6068145","2020-10-19 14:00","2020","10","19","14:00","-0.7","","-0.9","","98","","0.0","","16","","12","","","","98.29","","","","-5","","NA"
"-80.80","46.63","SUDBURY CLIMATE","6068145","2020-10-19 15:00","2020","10","19","15:00","0.5","","0.4","","99","","0.0","","18","","12","","","","98.32","","","","","","NA"
"-80.80","46.63","SUDBURY CLIMATE","6068145","2020-10-19 16:00","2020","10","19","16:00","2.0","","1.6","","97","","0.0","","18","","7","","","","98.31","","","","","","NA"
"-80.80","46.63","SUDBURY CLIMATE","6068145","2020-10-19 17:00","2020","10","19","17:00","5.0","","0.3","","71","","0.0","","18","","7","","","","98.25","","","","","","NA"
"-80.80","46.63","SUDBURY CLIMATE","6068145","2020-10-19 18:00","2020","10","19","18:00","5.2","","0.1","","70","","0.0","","17","","8","","","","98.27","","","","","","NA"
"-80.80","46.63","SUDBURY CLIMATE","6068145","2020-10-19 19:00","2020","10","19","19:00","5.6","","-1.3","","61","","0.0","","15","","12","","","","98.21","","","","","","NA"
"-80.80","46.63","SUDBURY CLIMATE","6068145","2020-10-19 20:00","2020","10","19","20:00","5.5","","-1.6","","60","","0.0","","16","","9","","","","98.15","","","","","","NA"
"-80.80","46.63","SUDBURY CLIMATE","6068145","2020-10-19 21:00","2020","10","19","21:00","5.3","","-0.2","","68","","0.0","","12","","10","","","","98.10","","","","","","NA"
"-80.80","46.63","SUDBURY CLIMATE","6068145","2020-10-19 22:00","2020","10","19","22:00","4.8","","1.1","","77","","0.0","","8","","9","","","","98.10","","","","","","NA"
"-80.80","46.63","SUDBURY CLIMATE","6068145","2020-10-19 23:00","2020","10","19","23:00","4.2","","1.1","","80","","0.0","","8","","6","","","","98.12","","","","","","NA"
"-80.80","46.63","SUDBURY CLIMATE","6068145","2020-10-20 00:00","2020","10","20","00:00","4.1","","-0.2","","73","","0.0","","9","","5","","","","98.15","","","","","","NA"
"-80.80","46.63","SUDBURY CLIMATE","6068145","2020-10-20 01:00","2020","10","20","01:00","3.7","","-0.7","","73","","0.0","","11","","5","","","","98.14","","","","","","NA"
"-80.80","46.63","SUDBURY CLIMATE","6068145","2020-10-20 02:00","2020","10","20","02:00","3.5","","-1.1","","72","","0.0","","12","","8","","","","98.06","","","","","","NA"
"-80.80","46.63","SUDBURY CLIMATE","6068145","2020-10-20 03:00","2020","10","20","03:00","3.0","","0.0","","81","","0.0","","13","","14","","","","97.96","","","","","","NA"
"-80.80","46.63","SUDBURY CLIMATE","6068145","2020-10-20 04:00","2020","10","20","04:00","2.9","","0.9","","87","","0.0","","23","","6","","","","97.98","","","","","","NA"
"-80.80","46.63","SUDBURY CLIMATE","6068145","2020-10-20 05:00","2020","10","20","05:00","2.7","","0.8","","87","","0.0","","28","","5","","","","98.00","","","","","","NA"
"-80.80","46.63","SUDBURY CLIMATE","6068145","2020-10-20 06:00","2020","10","20","06:00","2.3","","1.2","","93","","0.0","","32","","7","","","","98.00","","","","","","NA"
"-80.80","46.63","SUDBURY CLIMATE","6068145","2020-10-20 07:00","2020","10","20","07:00","1.8","","0.7","","92","","0.0","","30","","10","","","","98.00","","","","","","NA"
"-80.80","46.63","SUDBURY CLIMATE","6068145","2020-10-20 08:00","2020","10","20","08:00","1.5","","0.7","","94","","0.0","","31","","6","","","","97.99","","","","","","NA"
"-80.80","46.63","SUDBURY CLIMATE","6068145","2020-10-20 09:00","2020","10","20","09:00","1.5","","-0.6","","86","","0.0","","31","","8","","","","98.03","","","","","","NA"
"-80.80","46.63","SUDBURY CLIMATE","6068145","2020-10-20 10:00","2020","10","20","10:00","1.1","","-0.4","","89","","0.0","","33","","4","","","","98.09","","","","","","NA"
"-80.80","46.63","SUDBURY CLIMATE","6068145","2020-10-20 11:00","2020","10","20","11:00","0.9","","-0.9","","88","","0.0","","33","","8","","","","98.17","","","","","","NA"
"-80.80","46.63","SUDBURY CLIMATE","6068145","2020-10-20 12:00","2020","10","20","12:00","-0.1","","-1.4","","91","","0.0","","32","","8","","","","98.21","","","","-3","","NA"
"-80.80","46.63","SUDBURY CLIMATE","6068145","2020-10-20 13:00","2020","10","20","13:00","0.9","","-1.1","","86","","0.0","","33","","4","","","","98.31","","","","","","NA"
"-80.80","46.63","SUDBURY CLIMATE","6068145","2020-10-20 14:00","2020","10","20","14:00","2.2","","-1.7","","75","","0.0","","35","","13","","","","98.34","","","","","","NA"
"-80.80","46.63","SUDBURY CLIMATE","6068145","2020-10-20 15:00","2020","10","20","15:00","2.8","","-1.3","","74","","0.0","","1","","14","","","","98.42","","","","","","NA"
"-80.80","46.63","SUDBURY CLIMATE","6068145","2020-10-20 16:00","2020","10","20","16:00","3.1","","-1.7","","71","","0.0","","1","","12","","","","98.44","","","","","","NA"
"-80.80","46.63","SUDBURY CLIMATE","6068145","2020-10-20 17:00","2020","10","20","17:00","3.8","","-2.0","","66","","0.0","","6","","7","","","","98.49","","","","","","NA"
"-80.80","46.63","SUDBURY CLIMATE","6068145","2020-10-20 18:00","2020","10","20","18:00","4.3","","-1.9","","64","","0.0","","5","","10","","","","98.52","","","","","","NA"
"-80.80","46.63","SUDBURY CLIMATE","6068145","2020-10-20 19:00","2020","10","20","19:00","5.1","","-2.1","","60","","0.0","","1","","12","","","","98.49","","","","","","NA"
"-80.80","46.63","SUDBURY CLIMATE","6068145","2020-10-20 20:00","2020","10","20","20:00","4.8","","-3.8","","53","","0.0","","1","","10","","","","98.45","","","","","","NA"
"-80.80","46.63","SUDBURY CLIMATE","6068145","2020-10-20 21:00","2020","10","20","21:00","4.5","","-4.3","","53","","0.0","","3","","8","","","","98.42","","","","","","NA"
"-80.80","46.63","SUDBURY CLIMATE","6068145","2020-10-20 22:00","2020","10","20","22:00","3.7","","-4.0","","57","","0.0","","2","","6","","","","98.45","","","","","","NA"
"-80.80","46.63","SUDBURY CLIMATE","6068145","2020-10-20 23:00","2020","10","20","23:00","1.8","","-4.1","","65","","0.0","","5","","6","","","","98.48","","","","","","NA"
"-80.80","46.63","SUDBURY CLIMATE","6068145","2020-10-21 00:00","2020","10","21","00:00","1.7","","-2.8","","72","","0.0","","6","","10","","","","98.48","","","","","","NA"
"-80.80","46.63","SUDBURY CLIMATE","6068145","2020-10-21 01:00","2020","10","21","01:00","2.1","","-2.2","","73","","0.0","","6","","12","","","","98.41","","","","","","NA"
"-80.80","46.63","SUDBURY CLIMATE","6068145","2020-10-21 02:00","2020","10","21","02:00","2.1","","-1.5","","77","","0.0","","8","","14","","","","98.35","","","","","","NA"
"-80.80","46.63","SUDBURY CLIMATE","6068145","2020-10-21 03:00","2020","10","21","03:00","2.3","","-1.5","","76","","0.0","","9","","14","","","","98.37","","","","","","NA"
"-80.80","46.63","SUDBURY CLIMATE","6068145","2020-10-21 04:00","2020","10","21","04:00","2.2","","-1.0","","79","","0.0","","8","","17","","","","98.23","","","","","","NA"
"-80.80","46.63","SUDBURY CLIMATE","6068145","2020-10-21 05:00","2020","10","21","05:00","2.2","","-1.3","","78","","0.0","","8","","18","","","","98.15","","","","","","NA"
"-80.80","46.63","SUDBURY CLIMATE","6068145","2020-10-21 06:00","2020","10","21","06:00","2.3","","-1.1","","78","","0.0","","7","","21","","","","97.96","","","","","","NA"
"-80.80","46.63","SUDBURY CLIMATE","6068145","2020-10-21 07:00","2020","10","21","07:00","1.3","","-0.1","","91","","0.2","","9","","24","","","","97.68","","","","","","NA"
"-80.80","46.63","SUDBURY CLIMATE","6068145","2020-10-21 08:00","2020","10","21","08:00","1.4","","0.6","","95","","0.4","","4","","10","","","","97.74","","","","","","NA"
"-80.80","46.63","SUDBURY CLIMATE","6068145","2020-10-21 09:00","2020","10","21","09:00","0.8","","0.5","","98","","1.7","","3","","16","","","","97.62","","","","","","NA"
"-80.80","46.63","SUDBURY CLIMATE","6068145","2020-10-21 10:00","2020","10","21","10:00","0.4","","0.2","","98","","1.3","","5","","23","","","","97.35","","","","","","NA"
"-80.80","46.63","SUDBURY CLIMATE","6068145","2020-10-21 11:00","2020","10","21","11:00","0.9","","0.6","","98","","1.7","","7","","22","","","","97.18","","","","","","NA"
"-80.80","46.63","SUDBURY CLIMATE","6068145","2020-10-21 12:00","2020","10","21","12:00","0.9","","0.6","","98","","0.1","","7","","21","","","","97.06","","","","","","NA"
"-80.80","46.63","SUDBURY CLIMATE","6068145","2020-10-21 13:00","2020","10","21","13:00","1.2","","1.0","","98","","0.0","","5","","10","","","","97.12","","","","","","NA"
"-80.80","46.63","SUDBURY CLIMATE","6068145","2020-10-21 14:00","2020","10","21","14:00","1.8","","1.6","","99","","0.1","","3","","8","","","","97.08","","","","","","NA"
"-80.80","46.63","SUDBURY CLIMATE","6068145","2020-10-21 15:00","2020","10","21","15:00","2.4","","2.2","","98","","0.0","","2","","4","","","","97.10","","","","","","NA"
"-80.80","46.63","SUDBURY CLIMATE","6068145","2020-10-21 16:00","2020","10","21","16:00","3.5","","2.9","","96","","0.0","","26","","3","","","","97.19","","","","","","NA"
"-80.80","46.63","SUDBURY CLIMATE","6068145","2020-10-21 17:00","2020","10","21","17:00","4.7","","4.0","","95","","0.0","","25","","8","","","","97.29","","","","","","NA"
"-80.80","46.63","SUDBURY CLIMATE","6068145","2020-10-21 18:00","2020","10","21","18:00","5.5","","4.3","","92","","0.0","","27","","12","","","","97.33","","","","","","NA"
"-80.80","46.63","SUDBURY CLIMATE","6068145","2020-10-21 19:00","2020","10","21","19:00","7.0","","4.1","","82","","0.0","","26","","15","","","","97.39","","","","","","NA"
"-80.80","46.63","SUDBURY CLIMATE","6068145","2020-10-21 20:00","2020","10","21","20:00","7.1","","4.1","","81","","0.0","","26","","16","","","","97.52","","","","","","NA"
"-80.80","46.63","SUDBURY CLIMATE","6068145","2020-10-21 21:00","2020","10","21","21:00","7.0","","4.5","","84","","0.0","","27","","10","","","","97.61","","","","","","NA"
"-80.80","46.63","SUDBURY CLIMATE","6068145","2020-10-21 22:00","2020","10","21","22:00","6.7","","4.9","","88","","0.0","","23","","10","","","","97.64","","","","","","NA"
"-80.80","46.63","SUDBURY CLIMATE","6068145","2020-10-21 23:00","2020","10","21","23:00","5.3","","4.0","","91","","0.0","","24","","9","","","","97.67","","","","","","NA"
"-80.80","46.63","SUDBURY CLIMATE","6068145","2020-10-22 00:00","2020","10","22","00:00","4.1","","3.6","","97","","0.0","","22","","8","","","","97.75","","","","","","NA"
"-80.80","46.63","SUDBURY CLIMATE","6068145","2020-10-22 01:00","2020","10","22","01:00","5.5","","2.8","","82","","0.0","","25","","12","","","","97.83","","","","","","NA"
"-80.80","46.63","SUDBURY CLIMATE","6068145","2020-10-22 02:00","2020","10","22","02:00","5.2","","1.9","","79","","0.0","","26","","15","","","","97.87","","","","","","NA"
"-80.80","46.63","SUDBURY CLIMATE","6068145","2020-10-22 03:00","2020","10","22","03:00","4.7","","1.9","","82","","0.0","","26","","8","","","","97.95","","","","","","NA"
"-80.80","46.63","SUDBURY CLIMATE","6068145","2020-10-22 04:00","2020","10","22","04:00","4.5","","1.4","","81","","0.0","","27","","7","","","","97.97","","","","","","NA"
"-80.80","46.63","SUDBURY CLIMATE","6068145","2020-10-22 05:00","2020","10","22","05:00","3.7","","1.6","","86","","0.0","","29","","4","","","","98.00","","","","","","NA"
"-80.80","46.63","SUDBURY CLIMATE","6068145","2020-10-22 06:00","2020","10","22","06:00","3.4","","1.7","","89","","0.0","","26","","3","","","","98.04","","","","","","NA"
"-80.80","46.63","SUDBURY CLIMATE","6068145","2020-10-22 07:00","2020","10","22","07:00","2.2","","1.2","","93","","0.0","","22","","6","","","","98.09","","","","","","NA"
"-80.80","46.63","SUDBURY CLIMATE","6068145","2020-10-22 08:00","2020","10","22","08:00","2.7","","1.7","","93","","0.0","","26","","6","","","","98.09","","","","","","NA"
"-80.80","46.63","SUDBURY CLIMATE","6068145","2020-10-22 09:00","2020","10","22","09:00","1.8","","1.2","","96","","0.0","","23","","8","","","","98.12","","","","","","NA"
"-80.80","46.63","SUDBURY CLIMATE","6068145","2020-10-22 10:00","2020","10","22","10:00","1.4","","0.7","","95","","0.0","","27","","5","","","","98.15","","","","","","NA"
"-80.80","46.63","SUDBURY CLIMATE","6068145","2020-10-22 11:00","2020","10","22","11:00","0.7","","0.4","","97","","0.0","","22","","5","","","","98.16","","","","","","NA"
"-80.80","46.63","SUDBURY CLIMATE","6068145","2020-10-22 12:00","2020","10","22","12:00","0.1","","-0.2","","98","","0.0","","26","","6","","","","98.21","","","","","","NA"
"-80.80","46.63","SUDBURY CLIMATE","6068145","2020-10-22 13:00","2020","10","22","13:00","1.5","","1.2","","98","","0.0","","24","","5","","","","98.27","","","","","","NA"
"-80.80","46.63","SUDBURY CLIMATE","6068145","2020-10-22 14:00","2020","10","22","14:00","2.3","","1.7","","96","","0.0","","22","","2","","","","98.31","","","","","","NA"
"-80.80","46.63","SUDBURY CLIMATE","6068145","2020-10-22 15:00","2020","10","22","15:00","4.1","","1.5","","83","","0.0","","31","","2","","","","98.34","","","","","","NA"
"-80.80","46.63","SUDBURY CLIMATE","6068145","2020-10-22 16:00","2020","10","22","16:00","5.4","","1.4","","75","","0.0","","22","","3","","","","98.35","","","","","","NA"
"-80.80","46.63","SUDBURY CLIMATE","6068145","2020-10-22 17:00","2020","10","22","17:00","6.2","","0.7","","68","","0.0","","13","","2","","","","98.30","","","","","","NA"
"-80.80","46.63","SUDBURY CLIMATE","6068145","2020-10-22 18:00","2020","10","22","18:00","5.8","","0.1","","67","","0.0","","5","","6","","","","98.25","","","","","","NA"
"-80.80","46.63","SUDBURY CLIMATE","6068145","2020-10-22 19:00","2020","10","22","19:00","5.5","","0.3","","69","","0.0","","6","","7","","","","98.21","","","","","","NA"
"-80.80","46.63","SUDBURY CLIMATE","6068145","2020-10-22 20:00","2020","10","22","20:00","5.7","","1.7","","75","","0.0","","8","","11","","","","98.17","","","","","","NA"
"-80.80","46.63","SUDBURY CLIMATE","6068145","2020-10-22 21:00","2020","10","22","21:00","5.4","","1.7","","77","","0.0","","7","","6","","","","98.27","","","","","","NA"
"-80.80","46.63","SUDBURY CLIMATE","6068145","2020-10-22 22:00","2020","10","22","22:00","4.4","","1.3","","80","","0.3","","10","","6","","","","98.30","","","","","","NA"
"-80.80","46.63","SUDBURY CLIMATE","6068145","2020-10-22 23:00","2020","10","22","23:00","2.5","","1.5","","93","","2.0","","3","","10","","","","98.31","","","","","","NA"
"-80.80","46.63","SUDBURY CLIMATE","6068145","2020-10-23 00:00","2020","10","23","00:00","2.5","","1.9","","96","","1.6","","6","","16","","","","98.19","","","","","","NA"
"-80.80","46.63","SUDBURY CLIMATE","6068145","2020-10-23 01:00","2020","10","23","01:00","2.5","","2.0","","96","","1.0","","6","","18","","","","98.07","","","","","","NA"
"-80.80","46.63","SUDBURY CLIMATE","6068145","2020-10-23 02:00","2020","10","23","02:00","2.4","","2.0","","97","","0.9","","7","","17","","","","97.98","","","","","","NA"
"-80.80","46.63","SUDBURY CLIMATE","6068145","2020-10-23 03:00","2020","10","23","03:00","2.7","","2.3","","97","","2.0","","5","","19","","","","97.89","","","","","","NA"
"-80.80","46.63","SUDBURY CLIMATE","6068145","2020-10-23 04:00","2020","10","23","04:00","2.8","","2.3","","97","","1.4","","6","","20","","","","97.85","","","","","","NA"
"-80.80","46.63","SUDBURY CLIMATE","6068145","2020-10-23 05:00","2020","10","23","05:00","2.8","","2.3","","96","","2.9","","5","","25","","","","97.69","","","","","","NA"
"-80.80","46.63","SUDBURY CLIMATE","6068145","2020-10-23 06:00","2020","10","23","06:00","2.9","","2.4","","97","","7.5","","5","","27","","","","97.63","","","","","","NA"
"-80.80","46.63","SUDBURY CLIMATE","6068145","2020-10-23 07:00","2020","10","23","07:00","3.1","","2.7","","97","","7.2","","6","","24","","","","97.50","","","","","","NA"
"-80.80","46.63","SUDBURY CLIMATE","6068145","2020-10-23 08:00","2020","10","23","08:00","3.2","","2.9","","98","","8.4","","5","","20","","","","97.44","","","","","","NA"
"-80.80","46.63","SUDBURY CLIMATE","6068145","2020-10-23 09:00","2020","10","23","09:00","3.2","","2.8","","98","","1.7","","7","","20","","","","97.35","","","","","","NA"
"-80.80","46.63","SUDBURY CLIMATE","6068145","2020-10-23 10:00","2020","10","23","10:00","3.2","","2.9","","98","","0.4","","6","","23","","","","97.25","","","","","","NA"
"-80.80","46.63","SUDBURY CLIMATE","6068145","2020-10-23 11:00","2020","10","23","11:00","3.6","","3.3","","98","","0.3","","5","","19","","","","97.20","","","","","","NA"
"-80.80","46.63","SUDBURY CLIMATE","6068145","2020-10-23 12:00","2020","10","23","12:00","3.6","","3.4","","99","","0.2","","4","","22","","","","97.12","","","","","","NA"
"-80.80","46.63","SUDBURY CLIMATE","6068145","2020-10-23 13:00","2020","10","23","13:00","3.6","","3.4","","99","","0.4","","5","","21","","","","97.11","","","","","","NA"
"-80.80","46.63","SUDBURY CLIMATE","6068145","2020-10-23 14:00","2020","10","23","14:00","2.9","","2.7","","99","","1.5","","3","","25","","","","96.99","","","","","","NA"
"-80.80","46.63","SUDBURY CLIMATE","6068145","2020-10-23 15:00","2020","10","23","15:00","2.8","","2.6","","98","","0.4","","3","","20","","","","96.93","","","","","","NA"
"-80.80","46.63","SUDBURY CLIMATE","6068145","2020-10-23 16:00","2020","10","23","16:00","2.9","","2.5","","98","","0.4","","3","","20","","","","96.91","","","","","","NA"
"-80.80","46.63","SUDBURY CLIMATE","6068145","2020-10-23 17:00","2020","10","23","17:00","2.9","","2.6","","98","","0.1","","3","","24","","","","96.83","","","","","","NA"
"-80.80","46.63","SUDBURY CLIMATE","6068145","2020-10-23 18:00","2020","10","23","18:00","3.3","","2.9","","98","","0.5","","3","","19","","","","96.75","","","","","","NA"
"-80.80","46.63","SUDBURY CLIMATE","6068145","2020-10-23 19:00","2020","10","23","19:00","3.1","","2.6","","97","","1.3","","3","","21","","","","96.63","","","","","","NA"
"-80.80","46.63","SUDBURY CLIMATE","6068145","2020-10-23 20:00","2020","10","23","20:00","2.9","","2.5","","97","","1.0","","2","","15","","","","96.59","","","","","","NA"
"-80.80","46.63","SUDBURY CLIMATE","6068145","2020-10-23 21:00","2020","10","23","21:00","2.5","","2.1","","97","","1.7","","4","","24","","","","96.45","","","","","","NA"
"-80.80","46.63","SUDBURY CLIMATE","6068145","2020-10-23 22:00","2020","10","23","22:00","2.3","","1.3","","94","","0.0","","4","","25","","","","96.32","","","","","","NA"
"-80.80","46.63","SUDBURY CLIMATE","6068145","2020-10-23 23:00","2020","10","23","23:00","2.0","","1.5","","96","","0.0","","2","","18","","","","96.30","","","","","","NA"
"-80.80","46.63","SUDBURY CLIMATE","6068145","2020-10-24 00:00","2020","10","24","00:00","1.7","","1.3","","97","","1.3","","34","","13","","","","96.55","","","","","","NA"
"-80.80","46.63","SUDBURY CLIMATE","6068145","2020-10-24 01:00","2020","10","24","01:00","1.4","","0.5","","94","","0.3","","34","","17","","","","96.60","","","","","","NA"
"-80.80","46.63","SUDBURY CLIMATE","6068145","2020-10-24 02:00","2020","10","24","02:00","1.0","","-0.2","","92","","0.0","","35","","18","","","","96.66","","","","","","NA"
"-80.80","46.63","SUDBURY CLIMATE","6068145","2020-10-24 03:00","2020","10","24","03:00","0.7","","-0.7","","90","","0.0","","35","","14","","","","96.81","","","","","","NA"
"-80.80","46.63","SUDBURY CLIMATE","6068145","2020-10-24 04:00","2020","10","24","04:00","0.5","","-1.3","","88","","0.0","","34","","15","","","","97.02","","","","","","NA"
"-80.80","46.63","SUDBURY CLIMATE","6068145","2020-10-24 05:00","2020","10","24","05:00","0.3","","-1.7","","87","","0.0","","33","","17","","","","97.16","","","","","","NA"
"-80.80","46.63","SUDBURY CLIMATE","6068145","2020-10-24 06:00","2020","10","24","06:00","-0.1","","-2.2","","86","","0.0","","34","","15","","","","97.27","","","","-5","","NA"
"-80.80","46.63","SUDBURY CLIMATE","6068145","2020-10-24 07:00","2020","10","24","07:00","-0.2","","-2.3","","85","","0.0","","33","","12","","","","97.39","","","","-4","","NA"
"-80.80","46.63","SUDBURY CLIMATE","6068145","2020-10-24 08:00","2020","10","24","08:00","-0.5","","-2.6","","86","","0.0","","34","","14","","","","97.47","","","","-5","","NA"
"-80.80","46.63","SUDBURY CLIMATE","6068145","2020-10-24 09:00","2020","10","24","09:00","-0.8","","-3.0","","85","","0.0","","34","","13","","","","97.62","","","","-5","","NA"
"-80.80","46.63","SUDBURY CLIMATE","6068145","2020-10-24 10:00","2020","10","24","10:00","-1.2","","-3.8","","82","","0.0","","33","","15","","","","97.74","","","","-6","","NA"
"-80.80","46.63","SUDBURY CLIMATE","6068145","2020-10-24 11:00","2020","10","24","11:00","-1.5","","-4.4","","81","","0.0","","35","","13","","","","97.81","","","","-6","","NA"
"-80.80","46.63","SUDBURY CLIMATE","6068145","2020-10-24 12:00","2020","10","24","12:00","-2.0","","-5.8","","75","","0.0","","35","","16","","","","97.89","","","","-7","","NA"
"-80.80","46.63","SUDBURY CLIMATE","6068145","2020-10-24 13:00","2020","10","24","13:00","-2.0","","-5.7","","76","","0.0","","34","","11","","","","97.98","","","","-6","","NA"
"-80.80","46.63","SUDBURY CLIMATE","6068145","2020-10-24 14:00","2020","10","24","14:00","-1.3","","-6.2","","69","","0.0","","36","","14","","","","97.99","","","","-6","","NA"
"-80.80","46.63","SUDBURY CLIMATE","6068145","2020-10-24 15:00","2020","10","24","15:00","-0.4","","-6.7","","63","","0.0","","35","","11","","","","98.03","","","","-4","","NA"
"-80.80","46.63","SUDBURY CLIMATE","6068145","2020-10-24 16:00","2020","10","24","16:00","0.4","","-5.6","","64","","0.0","","32","","9","","","","98.06","","","","","","NA"
"-80.80","46.63","SUDBURY CLIMATE","6068145","2020-10-24 17:00","2020","10","24","17:00","0.6","","-4.7","","68","","0.0","","35","","8","","","","98.06","","","","","","NA"
"-80.80","46.63","SUDBURY CLIMATE","6068145","2020-10-24 18:00","2020","10","24","18:00","0.5","","-5.6","","64","","0.0","","34","","9","","","","98.07","","","","","","NA"
"-80.80","46.63","SUDBURY CLIMATE","6068145","2020-10-24 19:00","2020","10","24","19:00","0.8","","-6.2","","60","","0.0","","30","","8","","","","98.07","","","","","","NA"
"-80.80","46.63","SUDBURY CLIMATE","6068145","2020-10-24 20:00","2020","10","24","20:00","0.7","","-6.3","","59","","0.0","","34","","8","","","","98.05","","","","","","NA"
"-80.80","46.63","SUDBURY CLIMATE","6068145","2020-10-24 21:00","2020","10","24","21:00","0.6","","-6.0","","61","","0.0","","36","","6","","","","98.06","","","","","","NA"
"-80.80","46.63","SUDBURY CLIMATE","6068145","2020-10-24 22:00","2020","10","24","22:00","0.1","","-6.4","","62","","0.0","","35","","5","","","","98.08","","","","","","NA"
"-80.80","46.63","SUDBURY CLIMATE","6068145","2020-10-24 23:00","2020","10","24","23:00","-1.0","","-6.2","","68","","0.0","","3","","4","","","","98.09","","","","-2","","NA"
"-80.80","46.63","SUDBURY CLIMATE","6068145","2020-10-25 00:00","2020","10","25","00:00","-1.8","","-6.2","","72","","0.0","","35","","4","","","","98.13","","","","-3","","NA"
"-80.80","46.63","SUDBURY CLIMATE","6068145","2020-10-25 01:00","2020","10","25","01:00","-2.8","","-6.1","","78","","0.0","","","","0","","","","98.15","","","","","","NA"
"-80.80","46.63","SUDBURY CLIMATE","6068145","2020-10-25 02:00","2020","10","25","02:00","-3.2","","-6.8","","76","","0.0","","","","0","","","","98.18","","","","","","NA"
"-80.80","46.63","SUDBURY CLIMATE","6068145","2020-10-25 03:00","2020","10","25","03:00","-3.4","","-6.3","","80","","0.0","","","","0","","","","98.22","","","","","","NA"
"-80.80","46.63","SUDBURY CLIMATE","6068145","2020-10-25 04:00","2020","10","25","04:00","-3.0","","-5.5","","83","","0.0","","11","","4","","","","98.21","","","","-5","","NA"
"-80.80","46.63","SUDBURY CLIMATE","6068145","2020-10-25 05:00","2020","10","25","05:00","-3.2","","-5.8","","82","","0.0","","16","","5","","","","98.19","","","","-5","","NA"
"-80.80","46.63","SUDBURY CLIMATE","6068145","2020-10-25 06:00","2020","10","25","06:00","-4.0","","-6.4","","83","","0.0","","18","","4","","","","98.23","","","","-6","","NA"
"-80.80","46.63","SUDBURY CLIMATE","6068145","2020-10-25 07:00","2020","10","25","07:00","-4.8","","-6.3","","89","","0.0","","16","","4","","","","98.25","","","","-7","","NA"
"-80.80","46.63","SUDBURY CLIMATE","6068145","2020-10-25 08:00","2020","10","25","08:00","-4.5","","-6.8","","84","","0.0","","17","","2","","","","98.27","","","","-5","","NA"
"-80.80","46.63","SUDBURY CLIMATE","6068145","2020-10-25 09:00","2020","10","25","09:00","-3.3","","-6.0","","82","","0.0","","15","","6","","","","98.27","","","","-6","","NA"
"-80.80","46.63","SUDBURY CLIMATE","6068145","2020-10-25 10:00","2020","10","25","10:00","-2.9","","-5.9","","80","","0.0","","13","","6","","","","98.30","","","","-5","","NA"
"-80.80","46.63","SUDBURY CLIMATE","6068145","2020-10-25 11:00","2020","10","25","11:00","-3.6","","-6.5","","81","","0.0","","14","","6","","","","98.33","","","","-6","","NA"
"-80.80","46.63","SUDBURY CLIMATE","6068145","2020-10-25 12:00","2020","10","25","12:00","-3.1","","-5.8","","81","","0.0","","13","","11","","","","98.32","","","","-7","","NA"
"-80.80","46.63","SUDBURY CLIMATE","6068145","2020-10-25 13:00","2020","10","25","13:00","-2.1","","-4.8","","82","","0.0","","15","","7","","","","98.40","","","","-5","","NA"
"-80.80","46.63","SUDBURY CLIMATE","6068145","2020-10-25 14:00","2020","10","25","14:00","-1.1","","-3.4","","84","","0.0","","14","","8","","","","98.46","","","","-4","","NA"
"-80.80","46.63","SUDBURY CLIMATE","6068145","2020-10-25 15:00","2020","10","25","15:00","0.1","","-2.7","","81","","0.0","","16","","9","","","","98.47","","","","","","NA"
"-80.80","46.63","SUDBURY CLIMATE","6068145","2020-10-25 16:00","2020","10","25","16:00","0.8","","-3.3","","74","","0.0","","16","","12","","","","98.44","","","","","","NA"
"-80.80","46.63","SUDBURY CLIMATE","6068145","2020-10-25 17:00","2020","10","25","17:00","1.5","","-4.3","","65","","0.0","","16","","11","","","","98.42","","","","","","NA"
"-80.80","46.63","SUDBURY CLIMATE","6068145","2020-10-25 18:00","2020","10","25","18:00","1.6","","-4.6","","63","","0.0","","15","","11","","","","98.38","","","","","","NA"
"-80.80","46.63","SUDBURY CLIMATE","6068145","2020-10-25 19:00","2020","10","25","19:00","1.3","","-4.6","","65","","0.0","","13","","9","","","","98.36","","","","","","NA"
"-80.80","46.63","SUDBURY CLIMATE","6068145","2020-10-25 20:00","2020","10","25","20:00","1.4","","-3.8","","68","","0.0","","12","","10","","","","98.28","","","","","","NA"
"-80.80","46.63","SUDBURY CLIMATE","6068145","2020-10-25 21:00","2020","10","25","21:00","1.2","","-3.5","","71","","0.0","","12","","12","","","","98.28","","","","","","NA"
"-80.80","46.63","SUDBURY CLIMATE","6068145","2020-10-25 22:00","2020","10","25","22:00","1.0","","-3.6","","71","","0.0","","12","","9","","","","98.26","","","","","","NA"
"-80.80","46.63","SUDBURY CLIMATE","6068145","2020-10-25 23:00","2020","10","25","23:00","0.8","","-3.2","","74","","0.0","","10","","9","","","","98.25","","","","","","NA"
"-80.80","46.63","SUDBURY CLIMATE","6068145","2020-10-26 00:00","2020","10","26","00:00","0.6","","-3.3","","75","","0.0","","10","","10","","","","98.19","","","","","","NA"
"-80.80","46.63","SUDBURY CLIMATE","6068145","2020-10-26 01:00","2020","10","26","01:00","0.6","","-3.2","","76","","0.0","","10","","9","","","","98.17","","","","","","NA"
"-80.80","46.63","SUDBURY CLIMATE","6068145","2020-10-26 02:00","2020","10","26","02:00","0.8","","-3.5","","73","","0.0","","14","","9","","","","98.15","","","","","","NA"
"-80.80","46.63","SUDBURY CLIMATE","6068145","2020-10-26 03:00","2020","10","26","03:00","0.6","","-2.7","","78","","0.0","","13","","11","","","","98.13","","","","","","NA"
"-80.80","46.63","SUDBURY CLIMATE","6068145","2020-10-26 04:00","2020","10","26","04:00","0.7","","-2.1","","81","","0.0","","16","","11","","","","98.13","","","","","","NA"
"-80.80","46.63","SUDBURY CLIMATE","6068145","2020-10-26 05:00","2020","10","26","05:00","0.2","","-1.5","","88","","0.3","","15","","16","","","","98.08","","","","","","NA"
"-80.80","46.63","SUDBURY CLIMATE","6068145","2020-10-26 06:00","2020","10","26","06:00","-0.3","","-1.0","","95","","0.2","","14","","14","","","","98.03","","","","-5","","NA"
"-80.80","46.63","SUDBURY CLIMATE","6068145","2020-10-26 07:00","2020","10","26","07:00","-0.6","","-1.0","","97","","0.4","","14","","14","","","","98.00","","","","-5","","NA"
"-80.80","46.63","SUDBURY CLIMATE","6068145","2020-10-26 08:00","2020","10","26","08:00","-0.7","","-1.2","","97","","0.3","","15","","14","","","","97.93","","","","-5","","NA"
"-80.80","46.63","SUDBURY CLIMATE","6068145","2020-10-26 09:00","2020","10","26","09:00","-0.8","","-1.3","","97","","0.1","","14","","15","","","","97.89","","","","-5","","NA"
"-80.80","46.63","SUDBURY CLIMATE","6068145","2020-10-26 10:00","2020","10","26","10:00","-0.9","","-1.4","","97","","0.5","","15","","14","","","","97.88","","","","-5","","NA"
"-80.80","46.63","SUDBURY CLIMATE","6068145","2020-10-26 11:00","2020","10","26","11:00","-1.1","","-1.7","","96","","0.7","","16","","15","","","","97.86","","","","-6","","NA"
"-80.80","46.63","SUDBURY CLIMATE","6068145","2020-10-26 12:00","2020","10","26","12:00","-1.1","","-1.7","","96","","0.2","","15","","7","","","","97.79","","","","-4","","NA"
"-80.80","46.63","SUDBURY CLIMATE","6068145","2020-10-26 13:00","2020","10","26","13:00","-1.1","","-1.8","","95","","0.3","","16","","7","","","","97.85","","","","-4","","NA"
"-80.80","46.63","SUDBURY CLIMATE","6068145","2020-10-26 14:00","2020","10","26","14:00","-0.9","","-1.6","","95","","0.0","","17","","7","","","","97.85","","","","-3","","NA"
"-80.80","46.63","SUDBURY CLIMATE","6068145","2020-10-26 15:00","2020","10","26","15:00","-0.7","","-1.9","","92","","0.1","","16","","8","","","","97.77","","","","-4","","NA"
"-80.80","46.63","SUDBURY CLIMATE","6068145","2020-10-26 16:00","2020","10","26","16:00","-0.3","","-1.8","","90","","0.3","","29","","4","","","","97.77","","","","-2","","NA"
"-80.80","46.63","SUDBURY CLIMATE","6068145","2020-10-26 17:00","2020","10","26","17:00","0.1","","-1.0","","92","","0.0","","29","","4","","","","97.77","","","","","","NA"
"-80.80","46.63","SUDBURY CLIMATE","6068145","2020-10-26 18:00","2020","10","26","18:00","0.3","","-0.5","","94","","0.4","","29","","5","","","","97.76","","","","","","NA"
"-80.80","46.63","SUDBURY CLIMATE","6068145","2020-10-26 19:00","2020","10","26","19:00","-0.1","","-1.1","","93","","0.4","","34","","11","","","","97.78","","","","-4","","NA"
"-80.80","46.63","SUDBURY CLIMATE","6068145","2020-10-26 20:00","2020","10","26","20:00","-0.9","","-1.8","","93","","0.2","","1","","13","","","","97.82","","","","-5","","NA"
"-80.80","46.63","SUDBURY CLIMATE","6068145","2020-10-26 21:00","2020","10","26","21:00","-0.8","","-2.6","","87","","0.0","","1","","14","","","","97.85","","","","-5","","NA"
"-80.80","46.63","SUDBURY CLIMATE","6068145","2020-10-26 22:00","2020","10","26","22:00","-1.0","","-3.1","","85","","0.0","","1","","12","","","","97.89","","","","-5","","NA"
"-80.80","46.63","SUDBURY CLIMATE","6068145","2020-10-26 23:00","2020","10","26","23:00","-1.3","","-3.3","","87","","0.0","","1","","11","","","","97.96","","","","-5","","NA"
"-80.80","46.63","SUDBURY CLIMATE","6068145","2020-10-27 00:00","2020","10","27","00:00","-1.5","","-3.2","","88","","0.0","","34","","10","","","","98.06","","","","-5","","NA"
"-80.80","46.63","SUDBURY CLIMATE","6068145","2020-10-27 01:00","2020","10","27","01:00","-2.2","","-4.3","","86","","0.0","","35","","12","","","","98.17","","","","-6","","NA"
"-80.80","46.63","SUDBURY CLIMATE","6068145","2020-10-27 02:00","2020","10","27","02:00","-2.5","","-5.0","","83","","0.0","","36","","9","","","","98.25","","","","-6","","NA"
"-80.80","46.63","SUDBURY CLIMATE","6068145","2020-10-27 03:00","2020","10","27","03:00","-2.6","","-5.1","","83","","0.0","","36","","4","","","","98.32","","","","-4","","NA"
"-80.80","46.63","SUDBURY CLIMATE","6068145","2020-10-27 04:00","2020","10","27","04:00","-4.1","","-6.0","","87","","0.0","","31","","6","","","","98.32","","","","-7","","NA"
"-80.80","46.63","SUDBURY CLIMATE","6068145","2020-10-27 05:00","2020","10","27","05:00","-5.2","","-6.4","","91","","0.0","","31","","6","","","","98.34","","","","-8","","NA"
"-80.80","46.63","SUDBURY CLIMATE","6068145","2020-10-27 06:00","2020","10","27","06:00","-5.9","","-6.6","","94","","0.0","","29","","3","","","","98.35","","","","-7","","NA"
"-80.80","46.63","SUDBURY CLIMATE","6068145","2020-10-27 07:00","2020","10","27","07:00","-6.1","","-7.2","","92","","0.0","","31","","5","","","","98.36","","","","-9","","NA"
"-80.80","46.63","SUDBURY CLIMATE","6068145","2020-10-27 08:00","2020","10","27","08:00","-5.7","","-6.2","","96","","0.0","","32","","4","","","","98.36","","","","-8","","NA"
"-80.80","46.63","SUDBURY CLIMATE","6068145","2020-10-27 09:00","2020","10","27","09:00","-6.1","","-7.1","","93","","0.0","","9","","4","","","","98.31","","","","-8","","NA"
"-80.80","46.63","SUDBURY CLIMATE","6068145","2020-10-27 10:00","2020","10","27","10:00","-5.1","","-6.2","","92","","0.0","","11","","2","","","","98.33","","","","-6","","NA"
"-80.80","46.63","SUDBURY CLIMATE","6068145","2020-10-27 11:00","2020","10","27","11:00","-4.4","","-5.8","","90","","0.0","","11","","5","","","","98.30","","","","-7","","NA"
"-80.80","46.63","SUDBURY CLIMATE","6068145","2020-10-27 12:00","2020","10","27","12:00","-4.1","","-6.0","","87","","0.0","","12","","6","","","","98.26","","","","-7","","NA"
"-80.80","46.63","SUDBURY CLIMATE","6068145","2020-10-27 13:00","2020","10","27","13:00","-3.7","","-5.8","","85","","0.0","","14","","6","","","","98.27","","","","-6","","NA"
"-80.80","46.63","SUDBURY CLIMATE","6068145","2020-10-27 14:00","2020","10","27","14:00","-3.3","","-6.2","","81","","0.0","","15","","8","","","","98.28","","","","-7","","NA"
"-80.80","46.63","SUDBURY CLIMATE","6068145","2020-10-27 15:00","2020","10","27","15:00","-2.8","","-5.9","","79","","0.0","","16","","12","","","","98.21","","","","-7","","NA"
"-80.80","46.63","SUDBURY CLIMATE","6068145","2020-10-27 16:00","2020","10","27","16:00","-2.4","","-5.7","","78","","0.0","","17","","14","","","","98.16","","","","-7","","NA"
"-80.80","46.63","SUDBURY CLIMATE","6068145","2020-10-27 17:00","2020","10","27","17:00","-2.0","","-6.1","","73","","0.0","","13","","7","","","","98.07","","","","-5","","NA"
"-80.80","46.63","SUDBURY CLIMATE","6068145","2020-10-27 18:00","2020","10","27","18:00","-1.4","","-5.5","","74","","0.0","","14","","9","","","","98.01","","","","-5","","NA"
"-80.80","46.63","SUDBURY CLIMATE","6068145","2020-10-27 19:00","2020","10","27","19:00","-1.1","","-5.0","","75","","0.0","","15","","10","","","","97.88","","","","-5","","NA"
"-80.80","46.63","SUDBURY CLIMATE","6068145","2020-10-27 20:00","2020","10","27","20:00","-0.9","","-4.2","","78","","0.0","","17","","8","","","","97.85","","","","-4","","NA"
"-80.80","46.63","SUDBURY CLIMATE","6068145","2020-10-27 21:00","2020","10","27","21:00","-1.1","","-3.3","","85","","0.0","","15","","14","","","","97.73","","","","-6","","NA"
"-80.80","46.63","SUDBURY CLIMATE","6068145","2020-10-27 22:00","2020","10","27","22:00","-1.2","","-2.9","","88","","0.1","","12","","7","","","","97.68","","","","-4","","NA"
"-80.80","46.63","SUDBURY CLIMATE","6068145","2020-10-27 23:00","2020","10","27","23:00","-1.5","","-3.0","","90","","0.0","","14","","10","","","","97.62","","","","-5","","NA"
"-80.80","46.63","SUDBURY CLIMATE","6068145","2020-10-28 00:00","2020","10","28","00:00","-1.2","","-2.4","","91","","0.0","","15","","15","","","","97.55","","","","-6","","NA"
"-80.80","46.63","SUDBURY CLIMATE","6068145","2020-10-28 01:00","2020","10","28","01:00","-0.8","","-1.4","","96","","0.0","","18","","16","","","","97.50","","","","-6","","NA"
"-80.80","46.63","SUDBURY CLIMATE","6068145","2020-10-28 02:00","2020","10","28","02:00","-0.8","","-1.1","","98","","0.0","","18","","12","","","","97.48","","","","-5","","NA"
"-80.80","46.63","SUDBURY CLIMATE","6068145","2020-10-28 03:00","2020","10","28","03:00","-0.8","","-1.0","","98","","0.0","","19","","12","","","","97.43","","","","-5","","NA"
"-80.80","46.63","SUDBURY CLIMATE","6068145","2020-10-28 04:00","2020","10","28","04:00","-0.7","","-0.9","","99","","0.0","","20","","12","","","","97.34","","","","-5","","NA"
"-80.80","46.63","SUDBURY CLIMATE","6068145","2020-10-28 05:00","2020","10","28","05:00","-0.6","","-1.1","","97","","0.0","","21","","10","","","","97.25","","","","-4","","NA"
"-80.80","46.63","SUDBURY CLIMATE","6068145","2020-10-28 06:00","2020","10","28","06:00","0.4","","-0.4","","95","","0.0","","21","","18","","","","97.14","","","","","","NA"
"-80.80","46.63","SUDBURY CLIMATE","6068145","2020-10-28 07:00","2020","10","28","07:00","0.7","","-0.2","","94","","0.0","","21","","16","","","","97.07","","","","","","NA"
"-80.80","46.63","SUDBURY CLIMATE","6068145","2020-10-28 08:00","2020","10","28","08:00","1.0","","-0.4","","90","","0.0","","21","","19","","","","97.01","","","","","","NA"
"-80.80","46.63","SUDBURY CLIMATE","6068145","2020-10-28 09:00","2020","10","28","09:00","1.4","","-1.3","","82","","0.0","","22","","24","","","","96.96","","","","","","NA"
"-80.80","46.63","SUDBURY CLIMATE","6068145","2020-10-28 10:00","2020","10","28","10:00","1.2","","-2.0","","79","","0.0","","22","","18","","","","96.92","","","","","","NA"
"-80.80","46.63","SUDBURY CLIMATE","6068145","2020-10-28 11:00","2020","10","28","11:00","1.1","","-1.5","","83","","0.0","","20","","20","","","","96.83","","","","","","NA"
"-80.80","46.63","SUDBURY CLIMATE","6068145","2020-10-28 12:00","2020","10","28","12:00","1.1","","-0.9","","86","","0.0","","21","","21","","","","96.79","","","","","","NA"
"-80.80","46.63","SUDBURY CLIMATE","6068145","2020-10-28 13:00","2020","10","28","13:00","1.6","","-0.5","","86","","0.0","","22","","23","","","","96.78","","","","","","NA"
"-80.80","46.63","SUDBURY CLIMATE","6068145","2020-10-28 14:00","2020","10","28","14:00","1.8","","-0.7","","83","","0.0","","21","","22","","","","96.74","","","","","","NA"
"-80.80","46.63","SUDBURY CLIMATE","6068145","2020-10-28 15:00","2020","10","28","15:00","2.8","","-0.5","","79","","0.0","","22","","24","","","","96.67","","","","","","NA"
"-80.80","46.63","SUDBURY CLIMATE","6068145","2020-10-28 16:00","2020","10","28","16:00","3.0","","-1.3","","73","","0.0","","22","","24","","","","96.65","","","","","","NA"
"-80.80","46.63","SUDBURY CLIMATE","6068145","2020-10-28 17:00","2020","10","28","17:00","3.6","","-0.7","","73","","0.0","","22","","22","","","","96.64","","","","","","NA"
"-80.80","46.63","SUDBURY CLIMATE","6068145","2020-10-28 18:00","2020","10","28","18:00","3.6","","-0.7","","74","","0.0","","24","","19","","","","96.65","","","","","","NA"
"-80.80","46.63","SUDBURY CLIMATE","6068145","2020-10-28 19:00","2020","10","28","19:00","3.6","","-0.1","","77","","0.0","","26","","16","","","","96.71","","","","","","NA"
"-80.80","46.63","SUDBURY CLIMATE","6068145","2020-10-28 20:00","2020","10","28","20:00","3.3","","-0.8","","75","","0.0","","28","","12","","","","96.77","","","","","","NA"
"-80.80","46.63","SUDBURY CLIMATE","6068145","2020-10-28 21:00","2020","10","28","21:00","3.1","","-1.7","","71","","0.0","","27","","11","","","","96.81","","","","","","NA"
"-80.80","46.63","SUDBURY CLIMATE","6068145","2020-10-28 22:00","2020","10","28","22:00","2.6","","-1.5","","74","","0.0","","25","","13","","","","96.86","","","","","","NA"
"-80.80","46.63","SUDBURY CLIMATE","6068145","2020-10-28 23:00","2020","10","28","23:00","2.5","","-1.6","","75","","0.0","","25","","12","","","","96.98","","","","","","NA"
"-80.80","46.63","SUDBURY CLIMATE","6068145","2020-10-29 00:00","2020","10","29","00:00","2.6","","-1.6","","74","","0.0","","25","","13","","","","97.05","","","","","","NA"
"-80.80","46.63","SUDBURY CLIMATE","6068145","2020-10-29 01:00","2020","10","29","01:00","2.3","","-0.9","","79","","0.0","","27","","8","","","","97.07","","","","","","NA"
"-80.80","46.63","SUDBURY CLIMATE","6068145","2020-10-29 02:00","2020","10","29","02:00","1.9","","-0.8","","83","","0.0","","26","","7","","","","97.07","","","","","","NA"
"-80.80","46.63","SUDBURY CLIMATE","6068145","2020-10-29 03:00","2020","10","29","03:00","1.3","","0.1","","92","","0.0","","25","","6","","","","97.05","","","","","","NA"
"-80.80","46.63","SUDBURY CLIMATE","6068145","2020-10-29 04:00","2020","10","29","04:00","0.5","","-0.2","","95","","0.0","","24","","7","","","","97.03","","","","","","NA"
"-80.80","46.63","SUDBURY CLIMATE","6068145","2020-10-29 05:00","2020","10","29","05:00","0.5","","0.0","","96","","0.0","","23","","4","","","","97.03","","","","","","NA"
"-80.80","46.63","SUDBURY CLIMATE","6068145","2020-10-29 06:00","2020","10","29","06:00","0.8","","0.3","","96","","0.0","","23","","4","","","","97.07","","","","","","NA"
"-80.80","46.63","SUDBURY CLIMATE","6068145","2020-10-29 07:00","2020","10","29","07:00","0.9","","0.4","","96","","0.0","","31","","5","","","","97.08","","","","","","NA"
"-80.80","46.63","SUDBURY CLIMATE","6068145","2020-10-29 08:00","2020","10","29","08:00","1.0","","-1.3","","84","","0.0","","4","","15","","","","97.09","","","","","","NA"
"-80.80","46.63","SUDBURY CLIMATE","6068145","2020-10-29 09:00","2020","10","29","09:00","0.8","","-1.6","","84","","0.0","","5","","17","","","","97.11","","","","","","NA"
"-80.80","46.63","SUDBURY CLIMATE","6068145","2020-10-29 10:00","2020","10","29","10:00","0.8","","-1.2","","87","","0.0","","3","","20","","","","97.13","","","","","","NA"
"-80.80","46.63","SUDBURY CLIMATE","6068145","2020-10-29 11:00","2020","10","29","11:00","-0.1","","-1.5","","90","","0.0","","4","","22","","","","97.19","","","","-6","","NA"
"-80.80","46.63","SUDBURY CLIMATE","6068145","2020-10-29 12:00","2020","10","29","12:00","-0.9","","-2.5","","89","","0.0","","4","","22","","","","97.27","","","","-7","","NA"
"-80.80","46.63","SUDBURY CLIMATE","6068145","2020-10-29 13:00","2020","10","29","13:00","-2.1","","-4.8","","82","","0.0","","3","","24","","","","97.40","","","","-8","","NA"
"-80.80","46.63","SUDBURY CLIMATE","6068145","2020-10-29 14:00","2020","10","29","14:00","-2.5","","-5.9","","78","","0.0","","2","","25","","","","97.42","","","","-9","","NA"
"-80.80","46.63","SUDBURY CLIMATE","6068145","2020-10-29 15:00","2020","10","29","15:00","-3.2","","-6.6","","78","","0.0","","4","","28","","","","97.42","","","","-10","","NA"
"-80.80","46.63","SUDBURY CLIMATE","6068145","2020-10-29 16:00","2020","10","29","16:00","-3.3","","-7.3","","73","","0.0","","4","","26","","","","97.43","","","","-10","","NA"
"-80.80","46.63","SUDBURY CLIMATE","6068145","2020-10-29 17:00","2020","10","29","17:00","-3.2","","-7.0","","75","","0.0","","3","","21","","","","97.45","","","","-9","","NA"
"-80.80","46.63","SUDBURY CLIMATE","6068145","2020-10-29 18:00","2020","10","29","18:00","-3.3","","-7.4","","73","","0.0","","2","","18","","","","97.38","","","","-9","","NA"
"-80.80","46.63","SUDBURY CLIMATE","6068145","2020-10-29 19:00","2020","10","29","19:00","-3.0","","-7.7","","70","","0.0","","2","","18","","","","97.37","","","","-9","","NA"
"-80.80","46.63","SUDBURY CLIMATE","6068145","2020-10-29 20:00","2020","10","29","20:00","-2.8","","-8.6","","64","","0.0","","3","","20","","","","97.33","","","","-9","","NA"
"-80.80","46.63","SUDBURY CLIMATE","6068145","2020-10-29 21:00","2020","10","29","21:00","-2.5","","-8.6","","63","","0.0","","3","","16","","","","97.37","","","","-8","","NA"
"-80.80","46.63","SUDBURY CLIMATE","6068145","2020-10-29 22:00","2020","10","29","22:00","-3.7","","-9.6","","64","","0.0","","3","","20","","","","97.36","","","","-10","","NA"
"-80.80","46.63","SUDBURY CLIMATE","6068145","2020-10-29 23:00","2020","10","29","23:00","-4.5","","-9.9","","66","","0.0","","3","","18","","","","97.44","","","","-11","","NA"
"-80.80","46.63","SUDBURY CLIMATE","6068145","2020-10-30 00:00","2020","10","30","00:00","-4.9","","-10.1","","67","","0.0","","4","","24","","","","97.52","","","","-12","","NA"
"-80.80","46.63","SUDBURY CLIMATE","6068145","2020-10-30 01:00","2020","10","30","01:00","-5.3","","-10.3","","68","","0.0","","4","","21","","","","97.58","","","","-12","","NA"
"-80.80","46.63","SUDBURY CLIMATE","6068145","2020-10-30 02:00","2020","10","30","02:00","-5.7","","-10.3","","70","","0.0","","4","","20","","","","97.60","","","","-12","","NA"
"-80.80","46.63","SUDBURY CLIMATE","6068145","2020-10-30 03:00","2020","10","30","03:00","-6.0","","-10.1","","73","","0.0","","4","","17","","","","97.65","","","","-12","","NA"
"-80.80","46.63","SUDBURY CLIMATE","6068145","2020-10-30 04:00","2020","10","30","04:00","-6.3","","-10.0","","75","","0.0","","3","","18","","","","97.64","","","","-13","","NA"
"-80.80","46.63","SUDBURY CLIMATE","6068145","2020-10-30 05:00","2020","10","30","05:00","-6.6","","-9.9","","77","","0.0","","4","","25","","","","97.56","","","","-14","","NA"
"-80.80","46.63","SUDBURY CLIMATE","6068145","2020-10-30 06:00","2020","10","30","06:00","-6.8","","-10.1","","77","","0.0","","4","","23","","","","97.58","","","","-14","","NA"
"-80.80","46.63","SUDBURY CLIMATE","6068145","2020-10-30 07:00","2020","10","30","07:00","-7.4","","-10.0","","81","","0.0","","6","","20","","","","97.64","","","","-15","","NA"
"-80.80","46.63","SUDBURY CLIMATE","6068145","2020-10-30 08:00","2020","10","30","08:00","-7.5","","-9.7","","84","","0.0","","5","","14","","","","97.68","","","","-13","","NA"
"-80.80","46.63","SUDBURY CLIMATE","6068145","2020-10-30 09:00","2020","10","30","09:00","-8.5","","-9.9","","89","","0.0","","5","","8","","","","97.68","","","","-13","","NA"
"-80.80","46.63","SUDBURY CLIMATE","6068145","2020-10-30 10:00","2020","10","30","10:00","-8.0","","-9.6","","88","","0.0","","3","","8","","","","97.71","","","","-12","","NA"
"-80.80","46.63","SUDBURY CLIMATE","6068145","2020-10-30 11:00","2020","10","30","11:00","-7.7","","-9.6","","86","","0.0","","5","","11","","","","97.75","","","","-13","","NA"
"-80.80","46.63","SUDBURY CLIMATE","6068145","2020-10-30 12:00","2020","10","30","12:00","-7.6","","-9.8","","84","","0.0","","5","","14","","","","97.81","","","","-14","","NA"
"-80.80","46.63","SUDBURY CLIMATE","6068145","2020-10-30 13:00","2020","10","30","13:00","-7.1","","-9.8","","81","","0.0","","4","","15","","","","97.89","","","","-13","","NA"
"-80.80","46.63","SUDBURY CLIMATE","6068145","2020-10-30 14:00","2020","10","30","14:00","-6.9","","-10.2","","77","","0.0","","4","","20","","","","97.94","","","","-14","","NA"
"-80.80","46.63","SUDBURY CLIMATE","6068145","2020-10-30 15:00","2020","10","30","15:00","-6.0","","-9.8","","75","","0.0","","6","","16","","","","97.97","","","","-12","","NA"
"-80.80","46.63","SUDBURY CLIMATE","6068145","2020-10-30 16:00","2020","10","30","16:00","-5.1","","-9.7","","70","","0.0","","4","","15","","","","97.96","","","","-11","","NA"
"-80.80","46.63","SUDBURY CLIMATE","6068145","2020-10-30 17:00","2020","10","30","17:00","-3.9","","-9.8","","64","","0.0","","4","","13","","","","97.98","","","","-9","","NA"
"-80.80","46.63","SUDBURY CLIMATE","6068145","2020-10-30 18:00","2020","10","30","18:00","-3.0","","-11.2","","53","","0.0","","4","","11","","","","97.96","","","","-7","","NA"
"-80.80","46.63","SUDBURY CLIMATE","6068145","2020-10-30 19:00","2020","10","30","19:00","-2.1","","-11.6","","48","","0.0","","4","","8","","","","97.96","","","","-5","","NA"
"-80.80","46.63","SUDBURY CLIMATE","6068145","2020-10-30 20:00","2020","10","30","20:00","-1.6","","-11.5","","47","","0.0","","8","","7","","","","97.97","","","","-4","","NA"
"-80.80","46.63","SUDBURY CLIMATE","6068145","2020-10-30 21:00","2020","10","30","21:00","-1.2","","-13.6","","38","","0.0","","34","","6","","","","98.03","","","","-3","","NA"
"-80.80","46.63","SUDBURY CLIMATE","6068145","2020-10-30 22:00","2020","10","30","22:00","-2.1","","-13.2","","42","","0.0","","31","","5","","","","98.07","","","","-4","","NA"
"-80.80","46.63","SUDBURY CLIMATE","6068145","2020-10-30 23:00","2020","10","30","23:00","-3.6","","-12.6","","50","","0.0","","32","","4","","","","98.14","","","","-5","","NA"
"-80.80","46.63","SUDBURY CLIMATE","6068145","2020-10-31 00:00","2020","10","31","00:00","-5.2","","-12.1","","58","","0.0","","31","","5","","","","98.21","","","","-7","","NA"
"-80.80","46.63","SUDBURY CLIMATE","6068145","2020-10-31 01:00","2020","10","31","01:00","-6.3","","-12.0","","64","","0.0","","32","","5","","","","98.26","","","","-9","","NA"
"-80.80","46.63","SUDBURY CLIMATE","6068145","2020-10-31 02:00","2020","10","31","02:00","-8.0","","-12.1","","73","","0.0","","32","","4","","","","98.29","","","","-10","","NA"
"-80.80","46.63","SUDBURY CLIMATE","6068145","2020-10-31 03:00","2020","10","31","03:00","-7.7","","-11.4","","75","","0.0","","31","","6","","","","98.36","","","","-11","","NA"
"-80.80","46.63","SUDBURY CLIMATE","6068145","2020-10-31 04:00","2020","10","31","04:00","-9.2","","-11.7","","82","","0.0","","30","","3","","","","98.40","","","","-11","","NA"
"-80.80","46.63","SUDBURY CLIMATE","6068145","2020-10-31 05:00","2020","10","31","05:00","-8.3","","-11.0","","81","","0.0","","27","","4","","","","98.42","","","","-10","","NA"
"-80.80","46.63","SUDBURY CLIMATE","6068145","2020-10-31 06:00","2020","10","31","06:00","-8.3","","-10.7","","83","","0.0","","24","","7","","","","98.46","","","","-12","","NA"
"-80.80","46.63","SUDBURY CLIMATE","6068145","2020-10-31 07:00","2020","10","31","07:00","-8.4","","-10.2","","87","","0.0","","24","","4","","","","98.45","","","","-11","","NA"
"-80.80","46.63","SUDBURY CLIMATE","6068145","2020-10-31 08:00","2020","10","31","08:00","-8.2","","-10.6","","83","","0.0","","26","","7","","","","98.50","","","","-12","","NA"
"-80.80","46.63","SUDBURY CLIMATE","6068145","2020-10-31 09:00","2020","10","31","09:00","-9.1","","-10.4","","90","","0.0","","26","","7","","","","98.54","","","","-13","","NA"
"-80.80","46.63","SUDBURY CLIMATE","6068145","2020-10-31 10:00","2020","10","31","10:00","-8.5","","-9.6","","91","","0.0","","25","","5","","","","98.55","","","","-11","","NA"
"-80.80","46.63","SUDBURY CLIMATE","6068145","2020-10-31 11:00","2020","10","31","11:00","-7.8","","-9.7","","86","","0.0","","19","","10","","","","98.57","","","","-13","","NA"
"-80.80","46.63","SUDBURY CLIMATE","6068145","2020-10-31 12:00","2020","10","31","12:00","-7.5","","-10.7","","78","","0.0","","19","","8","","","","98.57","","","","-12","","NA"
"-80.80","46.63","SUDBURY CLIMATE","6068145","2020-10-31 13:00","2020","10","31","13:00","-5.7","","-9.1","","77","","0.0","","18","","11","","","","98.60","","","","-10","","NA"
"-80.80","46.63","SUDBURY CLIMATE","6068145","2020-10-31 14:00","2020","10","31","14:00","-3.8","","-8.6","","69","","0.0","","18","","13","","","","98.56","","","","-9","","NA"
"-80.80","46.63","SUDBURY CLIMATE","6068145","2020-10-31 15:00","2020","10","31","15:00","-1.8","","-7.8","","63","","0.0","","16","","19","","","","98.48","","","","-7","","NA"
"-80.80","46.63","SUDBURY CLIMATE","6068145","2020-10-31 16:00","2020","10","31","16:00","-0.4","","-7.2","","60","","0.0","","17","","20","","","","98.41","","","","-6","","NA"
"-80.80","46.63","SUDBURY CLIMATE","6068145","2020-10-31 17:00","2020","10","31","17:00","0.3","","-5.7","","64","","0.0","","17","","18","","","","98.30","","","","","","NA"
"-80.80","46.63","SUDBURY CLIMATE","6068145","2020-10-31 18:00","2020","10","31","18:00","1.0","","-4.4","","67","","0.0","","17","","19","","","","98.16","","","","","","NA"
"-80.80","46.63","SUDBURY CLIMATE","6068145","2020-10-31 19:00","2020","10","31","19:00","1.2","","-3.8","","69","","0.0","","17","","20","","","","98.00","","","","","","NA"
"-80.80","46.63","SUDBURY CLIMATE","6068145","2020-10-31 20:00","2020","10","31","20:00","1.9","","-2.6","","72","","0.0","","18","","26","","","","97.84","","","","","","NA"
"-80.80","46.63","SUDBURY CLIMATE","6068145","2020-10-31 21:00","2020","10","31","21:00","2.6","","-2.2","","71","","0.0","","18","","35","","","","97.68","","","","","","NA"
"-80.80","46.63","SUDBURY CLIMATE","6068145","2020-10-31 22:00","2020","10","31","22:00","2.3","","-3.1","","68","","0.0","","18","","33","","","","97.58","","","","","","NA"
"-80.80","46.63","SUDBURY CLIMATE","6068145","2020-10-31 23:00","2020","10","31","23:00","2.5","","-2.0","","72","","0.0","","19","","27","","","","97.44","","","","","","NA"
