"Longitude (x)","Latitude (y)","Station Name","Climate ID","Date/Time (UTC)","Year","Month","Day","Time (UTC)","Temp (°C)","Temp Flag","Dew Point Temp (°C)","Dew Point Temp Flag","Rel Hum (%)","Rel Hum Flag","Precip. Amount (mm)","Precip. Amount Flag","Wind Dir (10s deg)","Wind Dir Flag","Wind Spd (km/h)","Wind Spd Flag","Visibility (km)","Visibility Flag","Stn Press (kPa)","Stn Press Flag","Hmdx","Hmdx Flag","Wind Chill","Wind Chill Flag","Weather"
"-80.80","46.63","SUDBURY CLIMATE","6068145","2020-03-01 00:00","2020","03","01","00:00","-9.3","","-20.2","","41","","0.0","","32","","5","","","","97.18","","","","-12","","NA"
"-80.80","46.63","SUDBURY CLIMATE","6068145","2020-03-01 01:00","2020","03","01","01:00","-12.7","","-20.5","","52","","0.0","","31","","3","","","","97.21","","","","-15","","NA"
"-80.80","46.63","SUDBURY CLIMATE","6068145","2020-03-01 02:00","2020","03","01","02:00","-12.6","","-19.4","","57","","0.0","","27","","4","","","","97.24","","","","-15","","NA"
"-80.80","46.63","SUDBURY CLIMATE","6068145","2020-03-01 03:00","2020","03","01","03:00","-15.9","","-20.8","","66","","0.0","","26","","3","","","","97.28","","","","-18","","NA"
"-80.80","46.63","SUDBURY CLIMATE","6068145","2020-03-01 04:00","2020","03","01","04:00","-13.7","","-19.6","","61","","0.0","","28","","7","","","","97.30","","","","-18","","NA"
"-80.80","46.63","SUDBURY CLIMATE","6068145","2020-03-01 05:00","2020","03","01","05:00","-14.4","","-20.1","","62","","0.0","","27","","8","","","","97.32","","","","-20","","NA"
"-80.80","46.63","SUDBURY CLIMATE","6068145","2020-03-01 06:00","2020","03","01","06:00","-14.6","","-19.3","","67","","0.0","","28","","8","","","","97.36","","","","-20","","NA"
"-80.80","46.63","SUDBURY CLIMATE","6068145","2020-03-01 07:00","2020","03","01","07:00","-15.1","","-19.4","","70","","0.0","","28","","8","","","","97.36","","","","-20","","NA"
"-80.80","46.63","SUDBURY CLIMATE","6068145","2020-03-01 08:00","2020","03","01","08:00","-16.4","","-20.6","","70","","0.0","","29","","9","","","","97.38","","","","-22","","NA"
"-80.80","46.63","SUDBURY CLIMATE","6068145","2020-03-01 09:00","2020","03","01","09:00","-16.3","","-19.8","","74","","0.0","","27","","8","","","","97.40","","","","-22","","NA"
"-80.80","46.63","SUDBURY CLIMATE","6068145","2020-03-01 10:00","2020","03","01","10:00","-16.5","","-19.3","","79","","0.0","","27","","9","","","","97.41","","","","-23","","NA"
"-80.80","46.63","SUDBURY CLIMATE","6068145","2020-03-01 11:00","2020","03","01","11:00","-16.0","","-18.3","","83","","0.0","","24","","7","","","","97.44","","","","-21","","NA"
"-80.80","46.63","SUDBURY CLIMATE","6068145","2020-03-01 12:00","2020","03","01","12:00","-18.8","","-21.5","","79","","0.0","","27","","7","","","","97.44","","","","-24","","NA"
"-80.80","46.63","SUDBURY CLIMATE","6068145","2020-03-01 13:00","2020","03","01","13:00","-15.8","","-19.2","","75","","0.0","","","","0","","","","97.43","","","","","","NA"
"-80.80","46.63","SUDBURY CLIMATE","6068145","2020-03-01 14:00","2020","03","01","14:00","-13.2","","-18.9","","62","","0.0","","18","","6","","","","97.42","","","","-17","","NA"
"-80.80","46.63","SUDBURY CLIMATE","6068145","2020-03-01 15:00","2020","03","01","15:00","-10.3","","-16.7","","60","","0.0","","17","","13","","","","97.39","","","","-17","","NA"
"-80.80","46.63","SUDBURY CLIMATE","6068145","2020-03-01 16:00","2020","03","01","16:00","-8.4","","-15.8","","55","","0.0","","16","","12","","","","97.36","","","","-14","","NA"
"-80.80","46.63","SUDBURY CLIMATE","6068145","2020-03-01 17:00","2020","03","01","17:00","-5.2","","-13.1","","54","","0.0","","16","","16","","","","97.31","","","","-11","","NA"
"-80.80","46.63","SUDBURY CLIMATE","6068145","2020-03-01 18:00","2020","03","01","18:00","-3.5","","-10.4","","59","","0.0","","17","","21","","","","97.22","","","","-10","","NA"
"-80.80","46.63","SUDBURY CLIMATE","6068145","2020-03-01 19:00","2020","03","01","19:00","-2.4","","-8.6","","63","","0.0","","18","","21","","","","97.14","","","","-8","","NA"
"-80.80","46.63","SUDBURY CLIMATE","6068145","2020-03-01 20:00","2020","03","01","20:00","-1.8","","-8.0","","62","","0.0","","17","","26","","","","97.05","","","","-8","","NA"
"-80.80","46.63","SUDBURY CLIMATE","6068145","2020-03-01 21:00","2020","03","01","21:00","-1.6","","-8.2","","61","","0.0","","17","","27","","","","96.92","","","","-8","","NA"
"-80.80","46.63","SUDBURY CLIMATE","6068145","2020-03-01 22:00","2020","03","01","22:00","-1.4","","-8.2","","60","","0.0","","17","","22","","","","96.85","","","","-7","","NA"
"-80.80","46.63","SUDBURY CLIMATE","6068145","2020-03-01 23:00","2020","03","01","23:00","-1.5","","-9.2","","56","","0.0","","16","","22","","","","96.76","","","","-7","","NA"
"-80.80","46.63","SUDBURY CLIMATE","6068145","2020-03-02 00:00","2020","03","02","00:00","-1.6","","-9.6","","54","","0.0","","14","","22","","","","96.61","","","","-8","","NA"
"-80.80","46.63","SUDBURY CLIMATE","6068145","2020-03-02 01:00","2020","03","02","01:00","-2.7","","-9.7","","58","","0.0","","16","","19","","","","96.58","","","","-8","","NA"
"-80.80","46.63","SUDBURY CLIMATE","6068145","2020-03-02 02:00","2020","03","02","02:00","-3.4","","-9.1","","64","","0.0","","16","","20","","","","96.51","","","","-10","","NA"
"-80.80","46.63","SUDBURY CLIMATE","6068145","2020-03-02 03:00","2020","03","02","03:00","-4.0","","-8.3","","72","","0.0","","17","","22","","","","96.43","","","","-11","","NA"
"-80.80","46.63","SUDBURY CLIMATE","6068145","2020-03-02 04:00","2020","03","02","04:00","-3.8","","-8.0","","73","","0.0","","17","","19","","","","96.33","","","","-10","","NA"
"-80.80","46.63","SUDBURY CLIMATE","6068145","2020-03-02 05:00","2020","03","02","05:00","-4.9","","-8.8","","74","","0.0","","16","","17","","","","96.21","","","","-11","","NA"
"-80.80","46.63","SUDBURY CLIMATE","6068145","2020-03-02 06:00","2020","03","02","06:00","-5.3","","-8.7","","77","","0.0","","16","","16","","","","96.08","","","","-11","","NA"
"-80.80","46.63","SUDBURY CLIMATE","6068145","2020-03-02 07:00","2020","03","02","07:00","-5.1","","-8.5","","77","","0.0","","16","","18","","","","95.99","","","","-11","","NA"
"-80.80","46.63","SUDBURY CLIMATE","6068145","2020-03-02 08:00","2020","03","02","08:00","-5.8","","-8.8","","80","","0.0","","17","","12","","","","95.91","","","","-11","","NA"
"-80.80","46.63","SUDBURY CLIMATE","6068145","2020-03-02 09:00","2020","03","02","09:00","-5.4","","-8.3","","80","","0.0","","17","","8","","","","95.84","","","","-9","","NA"
"-80.80","46.63","SUDBURY CLIMATE","6068145","2020-03-02 10:00","2020","03","02","10:00","-5.1","","-7.3","","84","","0.0","","15","","16","","","","95.80","","","","-11","","NA"
"-80.80","46.63","SUDBURY CLIMATE","6068145","2020-03-02 11:00","2020","03","02","11:00","-4.4","","-5.7","","90","","0.0","","18","","14","","","","95.81","","","","-10","","NA"
"-80.80","46.63","SUDBURY CLIMATE","6068145","2020-03-02 12:00","2020","03","02","12:00","-3.7","","-4.2","","96","","0.0","","20","","12","","","","95.79","","","","-8","","NA"
"-80.80","46.63","SUDBURY CLIMATE","6068145","2020-03-02 13:00","2020","03","02","13:00","-3.4","","-3.9","","97","","0.0","","22","","16","","","","95.79","","","","-9","","NA"
"-80.80","46.63","SUDBURY CLIMATE","6068145","2020-03-02 14:00","2020","03","02","14:00","-2.5","","-3.1","","96","","0.0","","24","","9","","","","95.85","","","","-6","","NA"
"-80.80","46.63","SUDBURY CLIMATE","6068145","2020-03-02 15:00","2020","03","02","15:00","-1.4","","-2.4","","93","","0.0","","23","","9","","","","95.87","","","","-5","","NA"
"-80.80","46.63","SUDBURY CLIMATE","6068145","2020-03-02 16:00","2020","03","02","16:00","1.5","","-4.0","","67","","0.0","","27","","16","","","","95.84","","","","","","NA"
"-80.80","46.63","SUDBURY CLIMATE","6068145","2020-03-02 17:00","2020","03","02","17:00","1.9","","-3.8","","66","","0.0","","25","","20","","","","95.83","","","","","","NA"
"-80.80","46.63","SUDBURY CLIMATE","6068145","2020-03-02 18:00","2020","03","02","18:00","2.5","","-4.2","","61","","0.0","","25","","21","","","","95.77","","","","","","NA"
"-80.80","46.63","SUDBURY CLIMATE","6068145","2020-03-02 19:00","2020","03","02","19:00","3.2","","-4.9","","55","","0.0","","25","","20","","","","95.73","","","","","","NA"
"-80.80","46.63","SUDBURY CLIMATE","6068145","2020-03-02 20:00","2020","03","02","20:00","3.3","","-5.1","","54","","0.0","","23","","24","","","","95.71","","","","","","NA"
"-80.80","46.63","SUDBURY CLIMATE","6068145","2020-03-02 21:00","2020","03","02","21:00","3.4","","-4.6","","56","","0.0","","22","","22","","","","95.74","","","","","","NA"
"-80.80","46.63","SUDBURY CLIMATE","6068145","2020-03-02 22:00","2020","03","02","22:00","3.6","","-4.8","","54","","0.0","","23","","20","","","","95.77","","","","","","NA"
"-80.80","46.63","SUDBURY CLIMATE","6068145","2020-03-02 23:00","2020","03","02","23:00","2.8","","-6.1","","52","","0.0","","26","","14","","","","95.87","","","","","","NA"
"-80.80","46.63","SUDBURY CLIMATE","6068145","2020-03-03 00:00","2020","03","03","00:00","0.0","","-6.7","","61","","0.0","","24","","12","","","","95.95","","","","-4","","NA"
"-80.80","46.63","SUDBURY CLIMATE","6068145","2020-03-03 01:00","2020","03","03","01:00","-0.3","","-6.4","","63","","0.0","","25","","16","","","","96.03","","","","-5","","NA"
"-80.80","46.63","SUDBURY CLIMATE","6068145","2020-03-03 02:00","2020","03","03","02:00","-1.7","","-6.9","","68","","0.0","","26","","14","","","","96.08","","","","-6","","NA"
"-80.80","46.63","SUDBURY CLIMATE","6068145","2020-03-03 03:00","2020","03","03","03:00","-3.5","","-7.8","","72","","0.0","","28","","6","","","","96.14","","","","-6","","NA"
"-80.80","46.63","SUDBURY CLIMATE","6068145","2020-03-03 04:00","2020","03","03","04:00","-4.4","","-8.0","","76","","0.0","","26","","7","","","","96.17","","","","-8","","NA"
"-80.80","46.63","SUDBURY CLIMATE","6068145","2020-03-03 05:00","2020","03","03","05:00","-5.5","","-8.4","","80","","0.0","","23","","5","","","","96.19","","","","-8","","NA"
"-80.80","46.63","SUDBURY CLIMATE","6068145","2020-03-03 06:00","2020","03","03","06:00","-7.6","","-9.8","","84","","0.0","","22","","6","","","","96.19","","","","-11","","NA"
"-80.80","46.63","SUDBURY CLIMATE","6068145","2020-03-03 07:00","2020","03","03","07:00","-7.8","","-9.1","","90","","0.0","","23","","7","","","","96.21","","","","-11","","NA"
"-80.80","46.63","SUDBURY CLIMATE","6068145","2020-03-03 08:00","2020","03","03","08:00","-7.9","","-9.3","","89","","0.0","","23","","5","","","","96.22","","","","-11","","NA"
"-80.80","46.63","SUDBURY CLIMATE","6068145","2020-03-03 09:00","2020","03","03","09:00","-9.4","","-10.2","","94","","0.0","","23","","6","","","","96.17","","","","-13","","NA"
"-80.80","46.63","SUDBURY CLIMATE","6068145","2020-03-03 10:00","2020","03","03","10:00","-9.6","","-10.5","","93","","0.0","","20","","5","","","","96.12","","","","-12","","NA"
"-80.80","46.63","SUDBURY CLIMATE","6068145","2020-03-03 11:00","2020","03","03","11:00","-9.7","","-10.4","","94","","0.0","","22","","4","","","","96.11","","","","-12","","NA"
"-80.80","46.63","SUDBURY CLIMATE","6068145","2020-03-03 12:00","2020","03","03","12:00","-7.8","","-9.2","","90","","0.0","","17","","5","","","","96.07","","","","-10","","NA"
"-80.80","46.63","SUDBURY CLIMATE","6068145","2020-03-03 13:00","2020","03","03","13:00","-7.4","","-9.4","","86","","0.0","","15","","12","","","","96.11","","","","-13","","NA"
"-80.80","46.63","SUDBURY CLIMATE","6068145","2020-03-03 14:00","2020","03","03","14:00","-5.8","","-8.6","","80","","0.0","","15","","12","","","","96.07","","","","-11","","NA"
"-80.80","46.63","SUDBURY CLIMATE","6068145","2020-03-03 15:00","2020","03","03","15:00","-3.6","","-8.3","","70","","0.0","","14","","17","","","","96.02","","","","-9","","NA"
"-80.80","46.63","SUDBURY CLIMATE","6068145","2020-03-03 16:00","2020","03","03","16:00","-2.1","","-7.6","","66","","0.0","","13","","13","","","","95.94","","","","-7","","NA"
"-80.80","46.63","SUDBURY CLIMATE","6068145","2020-03-03 17:00","2020","03","03","17:00","-0.6","","-7.3","","60","","0.0","","12","","11","","","","95.85","","","","-4","","NA"
"-80.80","46.63","SUDBURY CLIMATE","6068145","2020-03-03 18:00","2020","03","03","18:00","-0.3","","-7.6","","58","","0.0","","12","","14","","","","95.75","","","","-5","","NA"
"-80.80","46.63","SUDBURY CLIMATE","6068145","2020-03-03 19:00","2020","03","03","19:00","-0.1","","-7.6","","57","","0.0","","10","","10","","","","95.60","","","","-3","","NA"
"-80.80","46.63","SUDBURY CLIMATE","6068145","2020-03-03 20:00","2020","03","03","20:00","-0.1","","-7.0","","59","","0.0","","10","","9","","","","95.55","","","","-3","","NA"
"-80.80","46.63","SUDBURY CLIMATE","6068145","2020-03-03 21:00","2020","03","03","21:00","-1.5","","-4.2","","82","","0.0","","14","","11","","","","95.54","","","","-5","","NA"
"-80.80","46.63","SUDBURY CLIMATE","6068145","2020-03-03 22:00","2020","03","03","22:00","-2.0","","-3.2","","91","","0.2","","9","","2","","","","95.53","","","","-3","","NA"
"-80.80","46.63","SUDBURY CLIMATE","6068145","2020-03-03 23:00","2020","03","03","23:00","-1.9","","-2.8","","93","","0.2","","6","","2","","","","95.57","","","","-3","","NA"
"-80.80","46.63","SUDBURY CLIMATE","6068145","2020-03-04 00:00","2020","03","04","00:00","-2.2","","-2.8","","96","","0.2","","33","","4","","","","95.60","","","","-4","","NA"
"-80.80","46.63","SUDBURY CLIMATE","6068145","2020-03-04 01:00","2020","03","04","01:00","-2.7","","-3.4","","95","","0.0","","31","","2","","","","95.59","","","","-3","","NA"
"-80.80","46.63","SUDBURY CLIMATE","6068145","2020-03-04 02:00","2020","03","04","02:00","-2.9","","-3.4","","96","","0.0","","29","","4","","","","95.61","","","","-4","","NA"
"-80.80","46.63","SUDBURY CLIMATE","6068145","2020-03-04 03:00","2020","03","04","03:00","-2.8","","-3.2","","97","","0.0","","28","","6","","","","95.65","","","","-5","","NA"
"-80.80","46.63","SUDBURY CLIMATE","6068145","2020-03-04 04:00","2020","03","04","04:00","-3.1","","-3.6","","97","","0.0","","27","","6","","","","95.66","","","","-6","","NA"
"-80.80","46.63","SUDBURY CLIMATE","6068145","2020-03-04 05:00","2020","03","04","05:00","-4.0","","-4.4","","97","","0.0","","27","","5","","","","95.70","","","","-6","","NA"
"-80.80","46.63","SUDBURY CLIMATE","6068145","2020-03-04 06:00","2020","03","04","06:00","-4.8","","-5.3","","97","","0.0","","24","","8","","","","95.72","","","","-8","","NA"
"-80.80","46.63","SUDBURY CLIMATE","6068145","2020-03-04 07:00","2020","03","04","07:00","-4.8","","-5.2","","96","","0.0","","25","","7","","","","95.72","","","","-8","","NA"
"-80.80","46.63","SUDBURY CLIMATE","6068145","2020-03-04 08:00","2020","03","04","08:00","-5.1","","-5.7","","96","","0.0","","24","","8","","","","95.74","","","","-9","","NA"
"-80.80","46.63","SUDBURY CLIMATE","6068145","2020-03-04 09:00","2020","03","04","09:00","-4.5","","-5.1","","96","","0.0","","24","","7","","","","95.75","","","","-8","","NA"
"-80.80","46.63","SUDBURY CLIMATE","6068145","2020-03-04 10:00","2020","03","04","10:00","-4.0","","-4.6","","96","","0.0","","24","","9","","","","95.81","","","","-8","","NA"
"-80.80","46.63","SUDBURY CLIMATE","6068145","2020-03-04 11:00","2020","03","04","11:00","-3.4","","-4.1","","95","","0.0","","25","","9","","","","95.91","","","","-7","","NA"
"-80.80","46.63","SUDBURY CLIMATE","6068145","2020-03-04 12:00","2020","03","04","12:00","-3.4","","-4.5","","92","","0.0","","25","","11","","","","95.97","","","","-8","","NA"
"-80.80","46.63","SUDBURY CLIMATE","6068145","2020-03-04 13:00","2020","03","04","13:00","-3.7","","-5.3","","89","","0.0","","26","","10","","","","96.03","","","","-8","","NA"
"-80.80","46.63","SUDBURY CLIMATE","6068145","2020-03-04 14:00","2020","03","04","14:00","-2.4","","-5.7","","78","","0.0","","26","","12","","","","96.07","","","","-7","","NA"
"-80.80","46.63","SUDBURY CLIMATE","6068145","2020-03-04 15:00","2020","03","04","15:00","-1.9","","-5.4","","77","","0.0","","25","","9","","","","96.12","","","","-5","","NA"
"-80.80","46.63","SUDBURY CLIMATE","6068145","2020-03-04 16:00","2020","03","04","16:00","-1.0","","-5.4","","72","","0.0","","26","","10","","","","96.13","","","","-5","","NA"
"-80.80","46.63","SUDBURY CLIMATE","6068145","2020-03-04 17:00","2020","03","04","17:00","-0.1","","-4.9","","70","","0.0","","24","","11","","","","96.15","","","","-4","","NA"
"-80.80","46.63","SUDBURY CLIMATE","6068145","2020-03-04 18:00","2020","03","04","18:00","1.6","","-6.1","","56","","0.0","","26","","11","","","","96.14","","","","","","NA"
"-80.80","46.63","SUDBURY CLIMATE","6068145","2020-03-04 19:00","2020","03","04","19:00","0.6","","-4.2","","70","","0.0","","24","","12","","","","96.21","","","","","","NA"
"-80.80","46.63","SUDBURY CLIMATE","6068145","2020-03-04 20:00","2020","03","04","20:00","0.4","","-2.8","","79","","0.0","","27","","12","","","","96.29","","","","","","NA"
"-80.80","46.63","SUDBURY CLIMATE","6068145","2020-03-04 21:00","2020","03","04","21:00","0.0","","-2.8","","82","","0.0","","24","","13","","","","96.38","","","","-4","","NA"
"-80.80","46.63","SUDBURY CLIMATE","6068145","2020-03-04 22:00","2020","03","04","22:00","0.6","","-2.6","","79","","0.0","","26","","8","","","","96.46","","","","","","NA"
"-80.80","46.63","SUDBURY CLIMATE","6068145","2020-03-04 23:00","2020","03","04","23:00","-1.8","","-5.2","","78","","0.0","","23","","10","","","","96.56","","","","-5","","NA"
"-80.80","46.63","SUDBURY CLIMATE","6068145","2020-03-05 00:00","2020","03","05","00:00","-0.8","","-2.6","","88","","0.0","","24","","9","","","","96.67","","","","-4","","NA"
"-80.80","46.63","SUDBURY CLIMATE","6068145","2020-03-05 01:00","2020","03","05","01:00","-0.4","","-2.1","","88","","0.0","","27","","15","","","","96.76","","","","-5","","NA"
"-80.80","46.63","SUDBURY CLIMATE","6068145","2020-03-05 02:00","2020","03","05","02:00","-0.6","","-2.6","","86","","0.0","","27","","12","","","","96.84","","","","-5","","NA"
"-80.80","46.63","SUDBURY CLIMATE","6068145","2020-03-05 03:00","2020","03","05","03:00","-1.0","","-3.8","","81","","0.0","","27","","9","","","","96.93","","","","-4","","NA"
"-80.80","46.63","SUDBURY CLIMATE","6068145","2020-03-05 04:00","2020","03","05","04:00","-1.7","","-4.7","","80","","0.0","","27","","11","","","","97.01","","","","-6","","NA"
"-80.80","46.63","SUDBURY CLIMATE","6068145","2020-03-05 05:00","2020","03","05","05:00","-1.7","","-5.1","","77","","0.0","","27","","14","","","","97.16","","","","-6","","NA"
"-80.80","46.63","SUDBURY CLIMATE","6068145","2020-03-05 06:00","2020","03","05","06:00","-2.5","","-6.3","","76","","0.0","","27","","13","","","","97.24","","","","-7","","NA"
"-80.80","46.63","SUDBURY CLIMATE","6068145","2020-03-05 07:00","2020","03","05","07:00","-2.9","","-6.5","","76","","0.0","","27","","15","","","","97.33","","","","-8","","NA"
"-80.80","46.63","SUDBURY CLIMATE","6068145","2020-03-05 08:00","2020","03","05","08:00","-3.3","","-6.6","","78","","0.0","","27","","11","","","","97.33","","","","-8","","NA"
"-80.80","46.63","SUDBURY CLIMATE","6068145","2020-03-05 09:00","2020","03","05","09:00","-3.8","","-6.9","","79","","0.0","","25","","7","","","","97.39","","","","-7","","NA"
"-80.80","46.63","SUDBURY CLIMATE","6068145","2020-03-05 10:00","2020","03","05","10:00","-5.2","","-7.8","","82","","0.0","","24","","9","","","","97.44","","","","-9","","NA"
"-80.80","46.63","SUDBURY CLIMATE","6068145","2020-03-05 11:00","2020","03","05","11:00","-5.8","","-7.7","","86","","0.0","","29","","5","","","","97.47","","","","-8","","NA"
"-80.80","46.63","SUDBURY CLIMATE","6068145","2020-03-05 12:00","2020","03","05","12:00","-5.2","","-8.8","","76","","0.0","","32","","4","","","","97.46","","","","-7","","NA"
"-80.80","46.63","SUDBURY CLIMATE","6068145","2020-03-05 13:00","2020","03","05","13:00","-4.1","","-8.4","","72","","0.0","","32","","2","","","","97.51","","","","-5","","NA"
"-80.80","46.63","SUDBURY CLIMATE","6068145","2020-03-05 14:00","2020","03","05","14:00","-2.4","","-8.4","","63","","0.0","","31","","4","","","","97.52","","","","-4","","NA"
"-80.80","46.63","SUDBURY CLIMATE","6068145","2020-03-05 15:00","2020","03","05","15:00","-2.3","","-8.7","","61","","0.0","","9","","3","","","","97.54","","","","-3","","NA"
"-80.80","46.63","SUDBURY CLIMATE","6068145","2020-03-05 16:00","2020","03","05","16:00","-1.2","","-9.7","","53","","0.0","","28","","2","","","","97.56","","","","-2","","NA"
"-80.80","46.63","SUDBURY CLIMATE","6068145","2020-03-05 17:00","2020","03","05","17:00","-0.9","","-8.1","","58","","0.0","","20","","8","","","","97.57","","","","-4","","NA"
"-80.80","46.63","SUDBURY CLIMATE","6068145","2020-03-05 18:00","2020","03","05","18:00","-1.0","","-8.9","","55","","0.0","","23","","15","","","","97.57","","","","-6","","NA"
"-80.80","46.63","SUDBURY CLIMATE","6068145","2020-03-05 19:00","2020","03","05","19:00","-1.1","","-8.6","","56","","0.0","","24","","14","","","","97.54","","","","-6","","NA"
"-80.80","46.63","SUDBURY CLIMATE","6068145","2020-03-05 20:00","2020","03","05","20:00","-1.6","","-7.4","","64","","0.0","","22","","12","","","","97.50","","","","-6","","NA"
"-80.80","46.63","SUDBURY CLIMATE","6068145","2020-03-05 21:00","2020","03","05","21:00","-2.6","","-4.9","","85","","0.0","","27","","3","","","","97.51","","","","-4","","NA"
"-80.80","46.63","SUDBURY CLIMATE","6068145","2020-03-05 22:00","2020","03","05","22:00","-3.0","","-4.2","","91","","0.8","","","","0","","","","97.50","","","","","","NA"
"-80.80","46.63","SUDBURY CLIMATE","6068145","2020-03-05 23:00","2020","03","05","23:00","-3.2","","-4.0","","94","","0.5","","6","","4","","","","97.50","","","","-5","","NA"
"-80.80","46.63","SUDBURY CLIMATE","6068145","2020-03-06 00:00","2020","03","06","00:00","-3.1","","-3.7","","95","","1.5","","7","","3","","","","97.50","","","","-4","","NA"
"-80.80","46.63","SUDBURY CLIMATE","6068145","2020-03-06 01:00","2020","03","06","01:00","-3.1","","-3.7","","96","","0.4","","5","","14","","","","97.41","","","","-8","","NA"
"-80.80","46.63","SUDBURY CLIMATE","6068145","2020-03-06 02:00","2020","03","06","02:00","-3.1","","-3.7","","95","","0.5","","4","","11","","","","97.45","","","","-7","","NA"
"-80.80","46.63","SUDBURY CLIMATE","6068145","2020-03-06 03:00","2020","03","06","03:00","-3.3","","-3.8","","96","","0.9","","3","","9","","","","97.47","","","","-7","","NA"
"-80.80","46.63","SUDBURY CLIMATE","6068145","2020-03-06 04:00","2020","03","06","04:00","-3.5","","-4.3","","95","","0.8","","3","","18","","","","97.49","","","","-9","","NA"
"-80.80","46.63","SUDBURY CLIMATE","6068145","2020-03-06 05:00","2020","03","06","05:00","-4.5","","-5.2","","94","","0.7","","3","","19","","","","97.49","","","","-11","","NA"
"-80.80","46.63","SUDBURY CLIMATE","6068145","2020-03-06 06:00","2020","03","06","06:00","-4.9","","-5.7","","94","","0.5","","3","","25","","","","97.47","","","","-12","","NA"
"-80.80","46.63","SUDBURY CLIMATE","6068145","2020-03-06 07:00","2020","03","06","07:00","-5.0","","-6.0","","93","","0.0","","3","","26","","","","97.48","","","","-12","","NA"
"-80.80","46.63","SUDBURY CLIMATE","6068145","2020-03-06 08:00","2020","03","06","08:00","-5.4","","-6.4","","93","","0.5","","3","","25","","","","97.45","","","","-13","","NA"
"-80.80","46.63","SUDBURY CLIMATE","6068145","2020-03-06 09:00","2020","03","06","09:00","-5.8","","-7.0","","91","","0.0","","3","","25","","","","97.50","","","","-13","","NA"
"-80.80","46.63","SUDBURY CLIMATE","6068145","2020-03-06 10:00","2020","03","06","10:00","-6.3","","-7.9","","89","","0.0","","2","","25","","","","97.57","","","","-14","","NA"
"-80.80","46.63","SUDBURY CLIMATE","6068145","2020-03-06 11:00","2020","03","06","11:00","-7.0","","-8.5","","89","","0.2","","2","","25","","","","97.65","","","","-15","","NA"
"-80.80","46.63","SUDBURY CLIMATE","6068145","2020-03-06 12:00","2020","03","06","12:00","-7.8","","-9.6","","87","","0.0","","2","","24","","","","97.76","","","","-16","","NA"
"-80.80","46.63","SUDBURY CLIMATE","6068145","2020-03-06 13:00","2020","03","06","13:00","-8.2","","-10.4","","84","","0.0","","2","","29","","","","97.86","","","","-17","","NA"
"-80.80","46.63","SUDBURY CLIMATE","6068145","2020-03-06 14:00","2020","03","06","14:00","-8.3","","-10.6","","83","","0.0","","2","","25","","","","97.96","","","","-17","","NA"
"-80.80","46.63","SUDBURY CLIMATE","6068145","2020-03-06 15:00","2020","03","06","15:00","-7.9","","-11.0","","79","","0.2","","1","","27","","","","98.03","","","","-16","","NA"
"-80.80","46.63","SUDBURY CLIMATE","6068145","2020-03-06 16:00","2020","03","06","16:00","-7.3","","-10.7","","77","","0.0","","1","","23","","","","98.13","","","","-15","","NA"
"-80.80","46.63","SUDBURY CLIMATE","6068145","2020-03-06 17:00","2020","03","06","17:00","-5.9","","-10.1","","72","","0.0","","1","","25","","","","98.18","","","","-13","","NA"
"-80.80","46.63","SUDBURY CLIMATE","6068145","2020-03-06 18:00","2020","03","06","18:00","-5.5","","-10.4","","68","","0.0","","3","","29","","","","98.20","","","","-14","","NA"
"-80.80","46.63","SUDBURY CLIMATE","6068145","2020-03-06 19:00","2020","03","06","19:00","-4.9","","-10.6","","65","","0.0","","2","","29","","","","98.23","","","","-13","","NA"
"-80.80","46.63","SUDBURY CLIMATE","6068145","2020-03-06 20:00","2020","03","06","20:00","-4.6","","-11.1","","61","","0.0","","2","","27","","","","98.28","","","","-12","","NA"
"-80.80","46.63","SUDBURY CLIMATE","6068145","2020-03-06 21:00","2020","03","06","21:00","-4.4","","-11.3","","58","","0.0","","1","","23","","","","98.32","","","","-11","","NA"
"-80.80","46.63","SUDBURY CLIMATE","6068145","2020-03-06 22:00","2020","03","06","22:00","-4.7","","-13.3","","51","","0.0","","2","","23","","","","98.39","","","","-12","","NA"
"-80.80","46.63","SUDBURY CLIMATE","6068145","2020-03-06 23:00","2020","03","06","23:00","-5.3","","-14.4","","49","","0.0","","1","","23","","","","98.43","","","","-12","","NA"
"-80.80","46.63","SUDBURY CLIMATE","6068145","2020-03-07 00:00","2020","03","07","00:00","-6.7","","-15.3","","51","","0.0","","36","","14","","","","98.52","","","","-12","","NA"
"-80.80","46.63","SUDBURY CLIMATE","6068145","2020-03-07 01:00","2020","03","07","01:00","-7.8","","-14.7","","58","","0.0","","35","","11","","","","98.59","","","","-13","","NA"
"-80.80","46.63","SUDBURY CLIMATE","6068145","2020-03-07 02:00","2020","03","07","02:00","-9.7","","-15.9","","61","","0.0","","1","","9","","","","98.67","","","","-15","","NA"
"-80.80","46.63","SUDBURY CLIMATE","6068145","2020-03-07 03:00","2020","03","07","03:00","-10.7","","-16.5","","62","","0.0","","36","","8","","","","98.75","","","","-15","","NA"
"-80.80","46.63","SUDBURY CLIMATE","6068145","2020-03-07 04:00","2020","03","07","04:00","-11.6","","-17.4","","62","","0.0","","36","","10","","","","98.76","","","","-17","","NA"
"-80.80","46.63","SUDBURY CLIMATE","6068145","2020-03-07 05:00","2020","03","07","05:00","-12.7","","-17.2","","69","","0.0","","1","","10","","","","98.76","","","","-18","","NA"
"-80.80","46.63","SUDBURY CLIMATE","6068145","2020-03-07 06:00","2020","03","07","06:00","-15.1","","-17.5","","82","","0.0","","36","","9","","","","98.79","","","","-21","","NA"
"-80.80","46.63","SUDBURY CLIMATE","6068145","2020-03-07 07:00","2020","03","07","07:00","-17.8","","-20.0","","83","","0.0","","34","","10","","","","98.79","","","","-25","","NA"
"-80.80","46.63","SUDBURY CLIMATE","6068145","2020-03-07 08:00","2020","03","07","08:00","-15.5","","-17.6","","84","","0.0","","31","","9","","","","98.77","","","","-21","","NA"
"-80.80","46.63","SUDBURY CLIMATE","6068145","2020-03-07 09:00","2020","03","07","09:00","-19.6","","-21.1","","88","","0.0","","36","","7","","","","98.75","","","","-25","","NA"
"-80.80","46.63","SUDBURY CLIMATE","6068145","2020-03-07 10:00","2020","03","07","10:00","-17.5","","-20.1","","80","","0.0","","3","","4","","","","98.77","","","","-21","","NA"
"-80.80","46.63","SUDBURY CLIMATE","6068145","2020-03-07 11:00","2020","03","07","11:00","-20.4","","-23.1","","79","","0.0","","30","","7","","","","98.80","","","","-26","","NA"
"-80.80","46.63","SUDBURY CLIMATE","6068145","2020-03-07 12:00","2020","03","07","12:00","-19.8","","-21.6","","85","","0.0","","29","","4","","","","98.83","","","","-23","","NA"
"-80.80","46.63","SUDBURY CLIMATE","6068145","2020-03-07 13:00","2020","03","07","13:00","-18.2","","-20.3","","84","","0.0","","28","","2","","","","98.82","","","","-20","","NA"
"-80.80","46.63","SUDBURY CLIMATE","6068145","2020-03-07 14:00","2020","03","07","14:00","-12.8","","-17.4","","68","","0.0","","21","","7","","","","98.79","","","","-17","","NA"
"-80.80","46.63","SUDBURY CLIMATE","6068145","2020-03-07 15:00","2020","03","07","15:00","-9.7","","-16.4","","58","","0.0","","23","","13","","","","98.77","","","","-16","","NA"
"-80.80","46.63","SUDBURY CLIMATE","6068145","2020-03-07 16:00","2020","03","07","16:00","-7.2","","-14.8","","54","","0.0","","22","","21","","","","98.71","","","","-15","","NA"
"-80.80","46.63","SUDBURY CLIMATE","6068145","2020-03-07 17:00","2020","03","07","17:00","-6.0","","-14.5","","51","","0.0","","22","","24","","","","98.65","","","","-13","","NA"
"-80.80","46.63","SUDBURY CLIMATE","6068145","2020-03-07 18:00","2020","03","07","18:00","-4.3","","-13.1","","50","","0.0","","22","","25","","","","98.58","","","","-11","","NA"
"-80.80","46.63","SUDBURY CLIMATE","6068145","2020-03-07 19:00","2020","03","07","19:00","-2.9","","-11.9","","50","","0.0","","22","","26","","","","98.46","","","","-10","","NA"
"-80.80","46.63","SUDBURY CLIMATE","6068145","2020-03-07 20:00","2020","03","07","20:00","-2.2","","-9.9","","56","","0.0","","21","","28","","","","98.32","","","","-9","","NA"
"-80.80","46.63","SUDBURY CLIMATE","6068145","2020-03-07 21:00","2020","03","07","21:00","-2.1","","-8.0","","64","","0.0","","21","","29","","","","98.24","","","","-9","","NA"
"-80.80","46.63","SUDBURY CLIMATE","6068145","2020-03-07 22:00","2020","03","07","22:00","-2.0","","-6.7","","70","","0.0","","19","","25","","","","98.22","","","","-8","","NA"
"-80.80","46.63","SUDBURY CLIMATE","6068145","2020-03-07 23:00","2020","03","07","23:00","-2.3","","-5.5","","79","","0.0","","19","","32","","","","98.17","","","","-10","","NA"
"-80.80","46.63","SUDBURY CLIMATE","6068145","2020-03-08 00:00","2020","03","08","00:00","-3.0","","-5.9","","80","","0.0","","19","","22","","","","98.15","","","","-9","","NA"
"-80.80","46.63","SUDBURY CLIMATE","6068145","2020-03-08 01:00","2020","03","08","01:00","-3.3","","-5.6","","84","","0.0","","20","","20","","","","98.15","","","","-9","","NA"
"-80.80","46.63","SUDBURY CLIMATE","6068145","2020-03-08 02:00","2020","03","08","02:00","-3.4","","-5.2","","87","","0.0","","20","","15","","","","98.18","","","","-9","","NA"
"-80.80","46.63","SUDBURY CLIMATE","6068145","2020-03-08 03:00","2020","03","08","03:00","-5.8","","-7.5","","88","","0.0","","20","","11","","","","98.17","","","","-11","","NA"
"-80.80","46.63","SUDBURY CLIMATE","6068145","2020-03-08 04:00","2020","03","08","04:00","-5.8","","-6.8","","92","","0.0","","16","","8","","","","98.16","","","","-10","","NA"
"-80.80","46.63","SUDBURY CLIMATE","6068145","2020-03-08 05:00","2020","03","08","05:00","-4.2","","-5.4","","91","","0.0","","14","","9","","","","98.12","","","","-8","","NA"
"-80.80","46.63","SUDBURY CLIMATE","6068145","2020-03-08 06:00","2020","03","08","06:00","-4.3","","-5.3","","93","","0.0","","15","","13","","","","98.08","","","","-9","","NA"
"-80.80","46.63","SUDBURY CLIMATE","6068145","2020-03-08 07:00","2020","03","08","07:00","-6.0","","-6.9","","93","","0.0","","16","","8","","","","98.08","","","","-10","","NA"
"-80.80","46.63","SUDBURY CLIMATE","6068145","2020-03-08 08:00","2020","03","08","08:00","-6.4","","-7.1","","95","","0.0","","17","","9","","","","98.05","","","","-11","","NA"
"-80.80","46.63","SUDBURY CLIMATE","6068145","2020-03-08 09:00","2020","03","08","09:00","-5.3","","-5.8","","96","","0.0","","17","","6","","","","98.03","","","","-8","","NA"
"-80.80","46.63","SUDBURY CLIMATE","6068145","2020-03-08 10:00","2020","03","08","10:00","-5.6","","-6.3","","95","","0.0","","32","","2","","","","98.03","","","","-7","","NA"
"-80.80","46.63","SUDBURY CLIMATE","6068145","2020-03-08 11:00","2020","03","08","11:00","-6.5","","-7.1","","95","","0.0","","","","0","","","","98.05","","","","","","NA"
"-80.80","46.63","SUDBURY CLIMATE","6068145","2020-03-08 12:00","2020","03","08","12:00","-6.1","","-6.5","","97","","0.0","","23","","4","","","","98.10","","","","-8","","NA"
"-80.80","46.63","SUDBURY CLIMATE","6068145","2020-03-08 13:00","2020","03","08","13:00","-5.6","","-6.0","","97","","0.0","","23","","1","","","","98.08","","","","-6","","NA"
"-80.80","46.63","SUDBURY CLIMATE","6068145","2020-03-08 14:00","2020","03","08","14:00","-3.4","","-4.4","","93","","0.0","","13","","3","","","","98.02","","","","-5","","NA"
"-80.80","46.63","SUDBURY CLIMATE","6068145","2020-03-08 15:00","2020","03","08","15:00","-1.9","","-4.7","","81","","0.0","","16","","6","","","","98.02","","","","-4","","NA"
"-80.80","46.63","SUDBURY CLIMATE","6068145","2020-03-08 16:00","2020","03","08","16:00","1.4","","-4.5","","65","","0.0","","16","","11","","","","97.94","","","","","","NA"
"-80.80","46.63","SUDBURY CLIMATE","6068145","2020-03-08 17:00","2020","03","08","17:00","2.8","","-4.1","","60","","0.0","","17","","13","","","","97.88","","","","","","NA"
"-80.80","46.63","SUDBURY CLIMATE","6068145","2020-03-08 18:00","2020","03","08","18:00","4.5","","-3.4","","56","","0.0","","17","","19","","","","97.74","","","","","","NA"
"-80.80","46.63","SUDBURY CLIMATE","6068145","2020-03-08 19:00","2020","03","08","19:00","5.2","","-3.3","","54","","0.0","","18","","25","","","","97.65","","","","","","NA"
"-80.80","46.63","SUDBURY CLIMATE","6068145","2020-03-08 20:00","2020","03","08","20:00","4.9","","-3.1","","56","","0.0","","18","","21","","","","97.57","","","","","","NA"
"-80.80","46.63","SUDBURY CLIMATE","6068145","2020-03-08 21:00","2020","03","08","21:00","4.1","","-2.8","","61","","0.0","","18","","28","","","","97.50","","","","","","NA"
"-80.80","46.63","SUDBURY CLIMATE","6068145","2020-03-08 22:00","2020","03","08","22:00","3.7","","-2.7","","63","","0.0","","18","","27","","","","97.44","","","","","","NA"
"-80.80","46.63","SUDBURY CLIMATE","6068145","2020-03-08 23:00","2020","03","08","23:00","3.2","","-2.3","","67","","0.0","","18","","25","","","","97.38","","","","","","NA"
"-80.80","46.63","SUDBURY CLIMATE","6068145","2020-03-09 00:00","2020","03","09","00:00","2.3","","-1.8","","74","","0.0","","18","","24","","","","97.36","","","","","","NA"
"-80.80","46.63","SUDBURY CLIMATE","6068145","2020-03-09 01:00","2020","03","09","01:00","1.7","","-1.7","","78","","0.0","","19","","24","","","","97.29","","","","","","NA"
"-80.80","46.63","SUDBURY CLIMATE","6068145","2020-03-09 02:00","2020","03","09","02:00","1.2","","-1.8","","80","","0.0","","19","","23","","","","97.26","","","","","","NA"
"-80.80","46.63","SUDBURY CLIMATE","6068145","2020-03-09 03:00","2020","03","09","03:00","1.1","","-1.8","","81","","0.0","","20","","24","","","","97.25","","","","","","NA"
"-80.80","46.63","SUDBURY CLIMATE","6068145","2020-03-09 04:00","2020","03","09","04:00","-0.5","","-2.7","","85","","0.0","","21","","13","","","","97.30","","","","-5","","NA"
"-80.80","46.63","SUDBURY CLIMATE","6068145","2020-03-09 05:00","2020","03","09","05:00","-0.3","","-1.9","","89","","0.0","","18","","10","","","","97.30","","","","-4","","NA"
"-80.80","46.63","SUDBURY CLIMATE","6068145","2020-03-09 06:00","2020","03","09","06:00","0.9","","-1.5","","84","","0.0","","17","","13","","","","97.30","","","","","","NA"
"-80.80","46.63","SUDBURY CLIMATE","6068145","2020-03-09 07:00","2020","03","09","07:00","1.2","","-1.2","","84","","0.0","","17","","15","","","","97.29","","","","","","NA"
"-80.80","46.63","SUDBURY CLIMATE","6068145","2020-03-09 08:00","2020","03","09","08:00","1.5","","-1.2","","83","","0.0","","18","","13","","","","97.28","","","","","","NA"
"-80.80","46.63","SUDBURY CLIMATE","6068145","2020-03-09 09:00","2020","03","09","09:00","-0.5","","-2.5","","86","","0.0","","5","","5","","","","97.32","","","","-2","","NA"
"-80.80","46.63","SUDBURY CLIMATE","6068145","2020-03-09 10:00","2020","03","09","10:00","0.7","","-1.5","","85","","0.0","","16","","16","","","","97.31","","","","","","NA"
"-80.80","46.63","SUDBURY CLIMATE","6068145","2020-03-09 11:00","2020","03","09","11:00","0.7","","-1.5","","86","","0.0","","18","","15","","","","97.34","","","","","","NA"
"-80.80","46.63","SUDBURY CLIMATE","6068145","2020-03-09 12:00","2020","03","09","12:00","1.0","","-1.0","","86","","0.0","","18","","17","","","","97.33","","","","","","NA"
"-80.80","46.63","SUDBURY CLIMATE","6068145","2020-03-09 13:00","2020","03","09","13:00","1.6","","-0.6","","86","","0.0","","19","","10","","","","97.32","","","","","","NA"
"-80.80","46.63","SUDBURY CLIMATE","6068145","2020-03-09 14:00","2020","03","09","14:00","2.2","","-0.9","","80","","0.0","","19","","13","","","","97.35","","","","","","NA"
"-80.80","46.63","SUDBURY CLIMATE","6068145","2020-03-09 15:00","2020","03","09","15:00","3.0","","-0.8","","76","","0.0","","14","","6","","","","97.36","","","","","","NA"
"-80.80","46.63","SUDBURY CLIMATE","6068145","2020-03-09 16:00","2020","03","09","16:00","3.9","","-0.8","","71","","0.0","","17","","12","","","","97.39","","","","","","NA"
"-80.80","46.63","SUDBURY CLIMATE","6068145","2020-03-09 17:00","2020","03","09","17:00","4.9","","-0.6","","68","","0.0","","19","","11","","","","97.34","","","","","","NA"
"-80.80","46.63","SUDBURY CLIMATE","6068145","2020-03-09 18:00","2020","03","09","18:00","5.3","","-0.5","","66","","0.0","","19","","18","","","","97.33","","","","","","NA"
"-80.80","46.63","SUDBURY CLIMATE","6068145","2020-03-09 19:00","2020","03","09","19:00","4.5","","0.4","","74","","0.0","","18","","23","","","","97.23","","","","","","NA"
"-80.80","46.63","SUDBURY CLIMATE","6068145","2020-03-09 20:00","2020","03","09","20:00","3.2","","1.4","","88","","0.0","","19","","20","","","","97.24","","","","","","NA"
"-80.80","46.63","SUDBURY CLIMATE","6068145","2020-03-09 21:00","2020","03","09","21:00","2.8","","2.1","","96","","0.0","","18","","21","","","","97.23","","","","","","NA"
"-80.80","46.63","SUDBURY CLIMATE","6068145","2020-03-09 22:00","2020","03","09","22:00","2.6","","2.2","","97","","0.5","","18","","19","","","","97.23","","","","","","NA"
"-80.80","46.63","SUDBURY CLIMATE","6068145","2020-03-09 23:00","2020","03","09","23:00","2.0","","1.7","","98","","0.4","","19","","17","","","","97.22","","","","","","NA"
"-80.80","46.63","SUDBURY CLIMATE","6068145","2020-03-10 00:00","2020","03","10","00:00","2.1","","1.9","","98","","1.8","","17","","17","","","","97.20","","","","","","NA"
"-80.80","46.63","SUDBURY CLIMATE","6068145","2020-03-10 01:00","2020","03","10","01:00","2.1","","1.9","","99","","1.2","","17","","15","","","","97.16","","","","","","NA"
"-80.80","46.63","SUDBURY CLIMATE","6068145","2020-03-10 02:00","2020","03","10","02:00","2.1","","1.9","","99","","1.5","","20","","16","","","","97.11","","","","","","NA"
"-80.80","46.63","SUDBURY CLIMATE","6068145","2020-03-10 03:00","2020","03","10","03:00","2.2","","2.1","","99","","1.8","","20","","18","","","","97.05","","","","","","NA"
"-80.80","46.63","SUDBURY CLIMATE","6068145","2020-03-10 04:00","2020","03","10","04:00","2.6","","2.4","","99","","1.9","","20","","16","","","","97.00","","","","","","NA"
"-80.80","46.63","SUDBURY CLIMATE","6068145","2020-03-10 05:00","2020","03","10","05:00","2.3","","2.2","","99","","1.6","","19","","11","","","","96.92","","","","","","NA"
"-80.80","46.63","SUDBURY CLIMATE","6068145","2020-03-10 06:00","2020","03","10","06:00","3.1","","3.0","","99","","2.3","","18","","13","","","","96.83","","","","","","NA"
"-80.80","46.63","SUDBURY CLIMATE","6068145","2020-03-10 07:00","2020","03","10","07:00","2.5","","2.5","","99","","1.3","","20","","11","","","","96.77","","","","","","NA"
"-80.80","46.63","SUDBURY CLIMATE","6068145","2020-03-10 08:00","2020","03","10","08:00","3.1","","3.0","","100","","1.0","","23","","3","","","","96.67","","","","","","NA"
"-80.80","46.63","SUDBURY CLIMATE","6068145","2020-03-10 09:00","2020","03","10","09:00","2.3","","2.2","","100","","1.2","","2","","12","","","","96.66","","","","","","NA"
"-80.80","46.63","SUDBURY CLIMATE","6068145","2020-03-10 10:00","2020","03","10","10:00","-0.1","","-0.2","","99","","1.2","","36","","24","","","","96.72","","","","-6","","NA"
"-80.80","46.63","SUDBURY CLIMATE","6068145","2020-03-10 11:00","2020","03","10","11:00","-3.5","","-4.2","","95","","0.5","","1","","29","","","","96.83","","","","-11","","NA"
"-80.80","46.63","SUDBURY CLIMATE","6068145","2020-03-10 12:00","2020","03","10","12:00","-5.4","","-6.5","","92","","0.6","","36","","22","","","","96.94","","","","-12","","NA"
"-80.80","46.63","SUDBURY CLIMATE","6068145","2020-03-10 13:00","2020","03","10","13:00","-6.7","","-8.3","","88","","0.3","","1","","20","","","","97.08","","","","-14","","NA"
"-80.80","46.63","SUDBURY CLIMATE","6068145","2020-03-10 14:00","2020","03","10","14:00","-7.6","","-9.9","","84","","0.0","","36","","20","","","","97.20","","","","-15","","NA"
"-80.80","46.63","SUDBURY CLIMATE","6068145","2020-03-10 15:00","2020","03","10","15:00","-8.0","","-10.7","","80","","0.0","","35","","24","","","","97.31","","","","-16","","NA"
"-80.80","46.63","SUDBURY CLIMATE","6068145","2020-03-10 16:00","2020","03","10","16:00","-7.6","","-11.7","","73","","0.0","","35","","18","","","","97.37","","","","-14","","NA"
"-80.80","46.63","SUDBURY CLIMATE","6068145","2020-03-10 17:00","2020","03","10","17:00","-5.9","","-10.8","","68","","0.0","","36","","18","","","","97.40","","","","-12","","NA"
"-80.80","46.63","SUDBURY CLIMATE","6068145","2020-03-10 18:00","2020","03","10","18:00","-4.5","","-10.3","","64","","0.0","","35","","16","","","","97.43","","","","-10","","NA"
"-80.80","46.63","SUDBURY CLIMATE","6068145","2020-03-10 19:00","2020","03","10","19:00","-3.2","","-10.8","","56","","0.0","","35","","21","","","","97.45","","","","-9","","NA"
"-80.80","46.63","SUDBURY CLIMATE","6068145","2020-03-10 20:00","2020","03","10","20:00","-2.1","","-10.2","","54","","0.0","","32","","13","","","","97.50","","","","-7","","NA"
"-80.80","46.63","SUDBURY CLIMATE","6068145","2020-03-10 21:00","2020","03","10","21:00","-1.8","","-10.4","","52","","0.0","","32","","14","","","","97.54","","","","-6","","NA"
"-80.80","46.63","SUDBURY CLIMATE","6068145","2020-03-10 22:00","2020","03","10","22:00","-1.9","","-10.9","","50","","0.0","","31","","17","","","","97.58","","","","-7","","NA"
"-80.80","46.63","SUDBURY CLIMATE","6068145","2020-03-10 23:00","2020","03","10","23:00","-2.6","","-9.7","","58","","0.0","","30","","10","","","","97.70","","","","-6","","NA"
"-80.80","46.63","SUDBURY CLIMATE","6068145","2020-03-11 00:00","2020","03","11","00:00","-4.2","","-10.1","","63","","0.0","","34","","5","","","","97.78","","","","-6","","NA"
"-80.80","46.63","SUDBURY CLIMATE","6068145","2020-03-11 01:00","2020","03","11","01:00","-7.3","","-10.4","","78","","0.0","","","","0","","","","97.81","","","","","","NA"
"-80.80","46.63","SUDBURY CLIMATE","6068145","2020-03-11 02:00","2020","03","11","02:00","-7.2","","-9.0","","87","","0.0","","","","0","","","","97.84","","","","","","NA"
"-80.80","46.63","SUDBURY CLIMATE","6068145","2020-03-11 03:00","2020","03","11","03:00","-8.3","","-10.3","","86","","0.0","","26","","2","","","","97.90","","","","-9","","NA"
"-80.80","46.63","SUDBURY CLIMATE","6068145","2020-03-11 04:00","2020","03","11","04:00","-8.1","","-9.8","","88","","0.0","","2","","5","","","","97.90","","","","-11","","NA"
"-80.80","46.63","SUDBURY CLIMATE","6068145","2020-03-11 05:00","2020","03","11","05:00","-8.4","","-10.1","","87","","0.0","","2","","3","","","","97.89","","","","-10","","NA"
"-80.80","46.63","SUDBURY CLIMATE","6068145","2020-03-11 06:00","2020","03","11","06:00","-10.1","","-11.6","","89","","0.0","","3","","8","","","","97.90","","","","-15","","NA"
"-80.80","46.63","SUDBURY CLIMATE","6068145","2020-03-11 07:00","2020","03","11","07:00","-10.4","","-11.5","","91","","0.0","","2","","7","","","","97.89","","","","-14","","NA"
"-80.80","46.63","SUDBURY CLIMATE","6068145","2020-03-11 08:00","2020","03","11","08:00","-10.5","","-11.3","","94","","0.0","","4","","10","","","","97.85","","","","-16","","NA"
"-80.80","46.63","SUDBURY CLIMATE","6068145","2020-03-11 09:00","2020","03","11","09:00","-11.2","","-12.4","","91","","0.0","","4","","10","","","","97.84","","","","-17","","NA"
"-80.80","46.63","SUDBURY CLIMATE","6068145","2020-03-11 10:00","2020","03","11","10:00","-11.2","","-12.4","","91","","0.0","","4","","10","","","","97.87","","","","-17","","NA"
"-80.80","46.63","SUDBURY CLIMATE","6068145","2020-03-11 11:00","2020","03","11","11:00","-8.8","","-10.2","","90","","0.0","","11","","8","","","","97.87","","","","-13","","NA"
"-80.80","46.63","SUDBURY CLIMATE","6068145","2020-03-11 12:00","2020","03","11","12:00","-10.3","","-11.6","","90","","0.0","","7","","8","","","","97.87","","","","-15","","NA"
"-80.80","46.63","SUDBURY CLIMATE","6068145","2020-03-11 13:00","2020","03","11","13:00","-9.2","","-10.7","","89","","0.0","","9","","9","","","","97.87","","","","-14","","NA"
"-80.80","46.63","SUDBURY CLIMATE","6068145","2020-03-11 14:00","2020","03","11","14:00","-6.7","","-9.5","","81","","0.0","","9","","8","","","","97.82","","","","-11","","NA"
"-80.80","46.63","SUDBURY CLIMATE","6068145","2020-03-11 15:00","2020","03","11","15:00","-5.1","","-8.9","","75","","0.0","","12","","12","","","","97.77","","","","-10","","NA"
"-80.80","46.63","SUDBURY CLIMATE","6068145","2020-03-11 16:00","2020","03","11","16:00","-3.0","","-8.4","","66","","0.0","","15","","17","","","","97.70","","","","-9","","NA"
"-80.80","46.63","SUDBURY CLIMATE","6068145","2020-03-11 17:00","2020","03","11","17:00","-2.7","","-6.1","","77","","0.0","","17","","16","","","","97.70","","","","-8","","NA"
"-80.80","46.63","SUDBURY CLIMATE","6068145","2020-03-11 18:00","2020","03","11","18:00","-2.7","","-5.1","","84","","0.0","","18","","10","","","","97.64","","","","-7","","NA"
"-80.80","46.63","SUDBURY CLIMATE","6068145","2020-03-11 19:00","2020","03","11","19:00","-2.1","","-4.1","","86","","0.2","","17","","11","","","","97.59","","","","-6","","NA"
"-80.80","46.63","SUDBURY CLIMATE","6068145","2020-03-11 20:00","2020","03","11","20:00","-1.6","","-3.7","","86","","0.2","","19","","13","","","","97.55","","","","-6","","NA"
"-80.80","46.63","SUDBURY CLIMATE","6068145","2020-03-11 21:00","2020","03","11","21:00","-1.4","","-2.9","","89","","0.2","","17","","12","","","","97.52","","","","-5","","NA"
"-80.80","46.63","SUDBURY CLIMATE","6068145","2020-03-11 22:00","2020","03","11","22:00","-1.3","","-2.8","","89","","0.0","","19","","13","","","","97.52","","","","-6","","NA"
"-80.80","46.63","SUDBURY CLIMATE","6068145","2020-03-11 23:00","2020","03","11","23:00","-1.4","","-2.3","","94","","0.0","","17","","14","","","","97.51","","","","-6","","NA"
"-80.80","46.63","SUDBURY CLIMATE","6068145","2020-03-12 00:00","2020","03","12","00:00","-1.5","","-2.3","","94","","0.0","","17","","10","","","","97.47","","","","-5","","NA"
"-80.80","46.63","SUDBURY CLIMATE","6068145","2020-03-12 01:00","2020","03","12","01:00","-1.7","","-2.6","","94","","0.0","","17","","13","","","","97.46","","","","-6","","NA"
"-80.80","46.63","SUDBURY CLIMATE","6068145","2020-03-12 02:00","2020","03","12","02:00","-1.8","","-3.0","","91","","0.0","","17","","12","","","","97.46","","","","-6","","NA"
"-80.80","46.63","SUDBURY CLIMATE","6068145","2020-03-12 03:00","2020","03","12","03:00","-2.1","","-3.4","","90","","0.0","","16","","11","","","","97.44","","","","-6","","NA"
"-80.80","46.63","SUDBURY CLIMATE","6068145","2020-03-12 04:00","2020","03","12","04:00","-2.0","","-2.6","","95","","0.0","","15","","12","","","","97.40","","","","-6","","NA"
"-80.80","46.63","SUDBURY CLIMATE","6068145","2020-03-12 05:00","2020","03","12","05:00","-1.9","","-2.4","","97","","0.0","","13","","10","","","","97.37","","","","-6","","NA"
"-80.80","46.63","SUDBURY CLIMATE","6068145","2020-03-12 06:00","2020","03","12","06:00","-1.8","","-2.3","","96","","0.0","","15","","8","","","","97.39","","","","-5","","NA"
"-80.80","46.63","SUDBURY CLIMATE","6068145","2020-03-12 07:00","2020","03","12","07:00","-1.9","","-2.6","","95","","0.0","","16","","7","","","","97.38","","","","-5","","NA"
"-80.80","46.63","SUDBURY CLIMATE","6068145","2020-03-12 08:00","2020","03","12","08:00","-1.9","","-2.7","","94","","0.0","","16","","12","","","","97.33","","","","-6","","NA"
"-80.80","46.63","SUDBURY CLIMATE","6068145","2020-03-12 09:00","2020","03","12","09:00","-1.9","","-2.8","","94","","0.0","","16","","11","","","","97.33","","","","-6","","NA"
"-80.80","46.63","SUDBURY CLIMATE","6068145","2020-03-12 10:00","2020","03","12","10:00","-1.9","","-3.0","","92","","0.0","","17","","9","","","","97.36","","","","-5","","NA"
"-80.80","46.63","SUDBURY CLIMATE","6068145","2020-03-12 11:00","2020","03","12","11:00","-2.0","","-3.1","","92","","0.0","","16","","14","","","","97.34","","","","-7","","NA"
"-80.80","46.63","SUDBURY CLIMATE","6068145","2020-03-12 12:00","2020","03","12","12:00","-2.1","","-3.4","","91","","0.0","","16","","16","","","","97.32","","","","-7","","NA"
"-80.80","46.63","SUDBURY CLIMATE","6068145","2020-03-12 13:00","2020","03","12","13:00","-2.0","","-3.8","","87","","0.0","","16","","17","","","","97.31","","","","-7","","NA"
"-80.80","46.63","SUDBURY CLIMATE","6068145","2020-03-12 14:00","2020","03","12","14:00","-1.6","","-3.6","","86","","0.0","","17","","14","","","","97.33","","","","-6","","NA"
"-80.80","46.63","SUDBURY CLIMATE","6068145","2020-03-12 15:00","2020","03","12","15:00","-1.1","","-3.2","","86","","0.0","","16","","17","","","","97.29","","","","-6","","NA"
"-80.80","46.63","SUDBURY CLIMATE","6068145","2020-03-12 16:00","2020","03","12","16:00","-0.6","","-2.9","","84","","0.0","","16","","19","","","","97.27","","","","-6","","NA"
"-80.80","46.63","SUDBURY CLIMATE","6068145","2020-03-12 17:00","2020","03","12","17:00","0.2","","-2.7","","81","","0.0","","17","","22","","","","97.25","","","","","","NA"
"-80.80","46.63","SUDBURY CLIMATE","6068145","2020-03-12 18:00","2020","03","12","18:00","0.9","","-2.2","","80","","0.0","","18","","19","","","","97.24","","","","","","NA"
"-80.80","46.63","SUDBURY CLIMATE","6068145","2020-03-12 19:00","2020","03","12","19:00","1.5","","-2.3","","76","","0.0","","16","","16","","","","97.15","","","","","","NA"
"-80.80","46.63","SUDBURY CLIMATE","6068145","2020-03-12 20:00","2020","03","12","20:00","2.1","","-2.1","","74","","0.0","","16","","18","","","","97.09","","","","","","NA"
"-80.80","46.63","SUDBURY CLIMATE","6068145","2020-03-12 21:00","2020","03","12","21:00","2.5","","-1.9","","72","","0.0","","16","","18","","","","96.97","","","","","","NA"
"-80.80","46.63","SUDBURY CLIMATE","6068145","2020-03-12 22:00","2020","03","12","22:00","2.9","","-1.6","","72","","0.0","","16","","12","","","","96.87","","","","","","NA"
"-80.80","46.63","SUDBURY CLIMATE","6068145","2020-03-12 23:00","2020","03","12","23:00","2.5","","-1.6","","74","","0.0","","12","","9","","","","96.80","","","","","","NA"
"-80.80","46.63","SUDBURY CLIMATE","6068145","2020-03-13 00:00","2020","03","13","00:00","2.2","","-1.7","","75","","0.0","","15","","9","","","","96.72","","","","","","NA"
"-80.80","46.63","SUDBURY CLIMATE","6068145","2020-03-13 01:00","2020","03","13","01:00","2.1","","-1.9","","75","","0.0","","13","","9","","","","96.61","","","","","","NA"
"-80.80","46.63","SUDBURY CLIMATE","6068145","2020-03-13 02:00","2020","03","13","02:00","2.4","","-2.4","","70","","0.0","","15","","14","","","","96.53","","","","","","NA"
"-80.80","46.63","SUDBURY CLIMATE","6068145","2020-03-13 03:00","2020","03","13","03:00","2.7","","-2.0","","71","","0.0","","15","","19","","","","96.38","","","","","","NA"
"-80.80","46.63","SUDBURY CLIMATE","6068145","2020-03-13 04:00","2020","03","13","04:00","2.5","","-1.8","","73","","0.0","","14","","19","","","","96.19","","","","","","NA"
"-80.80","46.63","SUDBURY CLIMATE","6068145","2020-03-13 05:00","2020","03","13","05:00","2.4","","-1.5","","75","","0.0","","14","","21","","","","95.94","","","","","","NA"
"-80.80","46.63","SUDBURY CLIMATE","6068145","2020-03-13 06:00","2020","03","13","06:00","2.3","","-1.1","","79","","0.0","","14","","17","","","","95.77","","","","","","NA"
"-80.80","46.63","SUDBURY CLIMATE","6068145","2020-03-13 07:00","2020","03","13","07:00","1.7","","0.1","","89","","2.9","","14","","16","","","","95.61","","","","","","NA"
"-80.80","46.63","SUDBURY CLIMATE","6068145","2020-03-13 08:00","2020","03","13","08:00","1.1","","0.6","","96","","6.0","","14","","15","","","","95.46","","","","","","NA"
"-80.80","46.63","SUDBURY CLIMATE","6068145","2020-03-13 09:00","2020","03","13","09:00","1.1","","0.9","","98","","2.5","","15","","18","","","","95.31","","","","","","NA"
"-80.80","46.63","SUDBURY CLIMATE","6068145","2020-03-13 10:00","2020","03","13","10:00","2.0","","1.8","","98","","0.6","","21","","25","","","","95.25","","","","","","NA"
"-80.80","46.63","SUDBURY CLIMATE","6068145","2020-03-13 11:00","2020","03","13","11:00","2.2","","1.7","","96","","0.0","","25","","23","","","","95.26","","","","","","NA"
"-80.80","46.63","SUDBURY CLIMATE","6068145","2020-03-13 12:00","2020","03","13","12:00","1.4","","-1.3","","82","","0.0","","26","","22","","","","95.39","","","","","","NA"
"-80.80","46.63","SUDBURY CLIMATE","6068145","2020-03-13 13:00","2020","03","13","13:00","1.1","","-1.0","","86","","0.0","","24","","27","","","","95.47","","","","","","NA"
"-80.80","46.63","SUDBURY CLIMATE","6068145","2020-03-13 14:00","2020","03","13","14:00","1.2","","-1.2","","84","","0.0","","24","","31","","","","95.51","","","","","","NA"
"-80.80","46.63","SUDBURY CLIMATE","6068145","2020-03-13 15:00","2020","03","13","15:00","0.4","","-0.9","","91","","0.2","","26","","26","","","","95.59","","","","","","NA"
"-80.80","46.63","SUDBURY CLIMATE","6068145","2020-03-13 16:00","2020","03","13","16:00","1.4","","-2.9","","73","","0.0","","25","","32","","","","95.67","","","","","","NA"
"-80.80","46.63","SUDBURY CLIMATE","6068145","2020-03-13 17:00","2020","03","13","17:00","1.5","","-3.5","","69","","0.0","","25","","33","","","","95.79","","","","","","NA"
"-80.80","46.63","SUDBURY CLIMATE","6068145","2020-03-13 18:00","2020","03","13","18:00","1.7","","-3.6","","67","","0.0","","25","","30","","","","95.91","","","","","","NA"
"-80.80","46.63","SUDBURY CLIMATE","6068145","2020-03-13 19:00","2020","03","13","19:00","2.1","","-3.8","","65","","0.0","","25","","34","","","","96.00","","","","","","NA"
"-80.80","46.63","SUDBURY CLIMATE","6068145","2020-03-13 20:00","2020","03","13","20:00","2.7","","-4.4","","59","","0.0","","26","","32","","","","96.12","","","","","","NA"
"-80.80","46.63","SUDBURY CLIMATE","6068145","2020-03-13 21:00","2020","03","13","21:00","1.6","","-4.7","","63","","0.0","","26","","37","","","","96.32","","","","","","NA"
"-80.80","46.63","SUDBURY CLIMATE","6068145","2020-03-13 22:00","2020","03","13","22:00","0.5","","-4.4","","70","","0.0","","25","","28","","","","96.49","","","","","","NA"
"-80.80","46.63","SUDBURY CLIMATE","6068145","2020-03-13 23:00","2020","03","13","23:00","-0.5","","-4.5","","74","","0.0","","26","","33","","","","96.67","","","","-7","","NA"
"-80.80","46.63","SUDBURY CLIMATE","6068145","2020-03-14 00:00","2020","03","14","00:00","-0.9","","-5.6","","70","","0.0","","26","","35","","","","96.83","","","","-8","","NA"
"-80.80","46.63","SUDBURY CLIMATE","6068145","2020-03-14 01:00","2020","03","14","01:00","-1.0","","-6.3","","67","","0.0","","27","","31","","","","96.97","","","","-8","","NA"
"-80.80","46.63","SUDBURY CLIMATE","6068145","2020-03-14 02:00","2020","03","14","02:00","-1.2","","-6.8","","65","","0.0","","27","","29","","","","97.11","","","","-8","","NA"
"-80.80","46.63","SUDBURY CLIMATE","6068145","2020-03-14 03:00","2020","03","14","03:00","-1.3","","-6.7","","67","","0.0","","28","","24","","","","97.26","","","","-7","","NA"
"-80.80","46.63","SUDBURY CLIMATE","6068145","2020-03-14 04:00","2020","03","14","04:00","-1.5","","-6.8","","67","","0.0","","28","","22","","","","97.39","","","","-7","","NA"
"-80.80","46.63","SUDBURY CLIMATE","6068145","2020-03-14 05:00","2020","03","14","05:00","-1.7","","-7.0","","67","","0.0","","30","","22","","","","97.52","","","","-8","","NA"
"-80.80","46.63","SUDBURY CLIMATE","6068145","2020-03-14 06:00","2020","03","14","06:00","-2.1","","-7.1","","69","","0.0","","29","","26","","","","97.71","","","","-9","","NA"
"-80.80","46.63","SUDBURY CLIMATE","6068145","2020-03-14 07:00","2020","03","14","07:00","-2.5","","-6.9","","72","","0.0","","29","","14","","","","97.90","","","","-7","","NA"
"-80.80","46.63","SUDBURY CLIMATE","6068145","2020-03-14 08:00","2020","03","14","08:00","-2.5","","-7.0","","71","","0.0","","30","","17","","","","98.01","","","","-8","","NA"
"-80.80","46.63","SUDBURY CLIMATE","6068145","2020-03-14 09:00","2020","03","14","09:00","-2.7","","-7.0","","72","","0.0","","29","","17","","","","98.10","","","","-8","","NA"
"-80.80","46.63","SUDBURY CLIMATE","6068145","2020-03-14 10:00","2020","03","14","10:00","-3.0","","-7.1","","73","","0.0","","29","","16","","","","98.21","","","","-8","","NA"
"-80.80","46.63","SUDBURY CLIMATE","6068145","2020-03-14 11:00","2020","03","14","11:00","-3.0","","-7.1","","73","","0.0","","29","","14","","","","98.32","","","","-8","","NA"
"-80.80","46.63","SUDBURY CLIMATE","6068145","2020-03-14 12:00","2020","03","14","12:00","-3.1","","-7.3","","72","","0.0","","30","","14","","","","98.43","","","","-8","","NA"
"-80.80","46.63","SUDBURY CLIMATE","6068145","2020-03-14 13:00","2020","03","14","13:00","-2.9","","-7.6","","70","","0.0","","31","","13","","","","98.49","","","","-8","","NA"
"-80.80","46.63","SUDBURY CLIMATE","6068145","2020-03-14 14:00","2020","03","14","14:00","-2.5","","-8.6","","63","","0.0","","31","","18","","","","98.57","","","","-8","","NA"
"-80.80","46.63","SUDBURY CLIMATE","6068145","2020-03-14 15:00","2020","03","14","15:00","-2.1","","-8.5","","61","","0.0","","31","","16","","","","98.62","","","","-7","","NA"
"-80.80","46.63","SUDBURY CLIMATE","6068145","2020-03-14 16:00","2020","03","14","16:00","-1.6","","-10.3","","51","","0.0","","30","","15","","","","98.71","","","","-6","","NA"
"-80.80","46.63","SUDBURY CLIMATE","6068145","2020-03-14 17:00","2020","03","14","17:00","-0.3","","-11.8","","42","","0.0","","31","","14","","","","98.78","","","","-5","","NA"
"-80.80","46.63","SUDBURY CLIMATE","6068145","2020-03-14 18:00","2020","03","14","18:00","0.5","","-15.4","","29","","0.0","","34","","16","","","","98.78","","","","","","NA"
"-80.80","46.63","SUDBURY CLIMATE","6068145","2020-03-14 19:00","2020","03","14","19:00","1.0","","-14.7","","30","","0.0","","34","","14","","","","98.76","","","","","","NA"
"-80.80","46.63","SUDBURY CLIMATE","6068145","2020-03-14 20:00","2020","03","14","20:00","0.6","","-15.9","","28","","0.0","","35","","16","","","","98.84","","","","","","NA"
"-80.80","46.63","SUDBURY CLIMATE","6068145","2020-03-14 21:00","2020","03","14","21:00","0.4","","-16.6","","27","","0.0","","35","","16","","","","98.83","","","","","","NA"
"-80.80","46.63","SUDBURY CLIMATE","6068145","2020-03-14 22:00","2020","03","14","22:00","-0.2","","-14.0","","35","","0.0","","1","","13","","","","98.85","","","","-4","","NA"
"-80.80","46.63","SUDBURY CLIMATE","6068145","2020-03-14 23:00","2020","03","14","23:00","-1.2","","-15.5","","33","","0.0","","35","","13","","","","99.01","","","","-5","","NA"
"-80.80","46.63","SUDBURY CLIMATE","6068145","2020-03-15 00:00","2020","03","15","00:00","-2.2","","-15.0","","37","","0.0","","36","","14","","","","99.11","","","","-7","","NA"
"-80.80","46.63","SUDBURY CLIMATE","6068145","2020-03-15 01:00","2020","03","15","01:00","-3.9","","-14.3","","44","","0.0","","1","","13","","","","99.18","","","","-9","","NA"
"-80.80","46.63","SUDBURY CLIMATE","6068145","2020-03-15 02:00","2020","03","15","02:00","-4.8","","-14.4","","47","","0.0","","1","","16","","","","99.25","","","","-11","","NA"
"-80.80","46.63","SUDBURY CLIMATE","6068145","2020-03-15 03:00","2020","03","15","03:00","-6.0","","-14.7","","50","","0.0","","1","","17","","","","99.31","","","","-12","","NA"
"-80.80","46.63","SUDBURY CLIMATE","6068145","2020-03-15 04:00","2020","03","15","04:00","-6.9","","-14.6","","54","","0.0","","1","","16","","","","99.37","","","","-13","","NA"
"-80.80","46.63","SUDBURY CLIMATE","6068145","2020-03-15 05:00","2020","03","15","05:00","-7.9","","-14.5","","59","","0.0","","2","","23","","","","99.38","","","","-16","","NA"
"-80.80","46.63","SUDBURY CLIMATE","6068145","2020-03-15 06:00","2020","03","15","06:00","-9.0","","-14.7","","63","","0.0","","2","","18","","","","99.45","","","","-16","","NA"
"-80.80","46.63","SUDBURY CLIMATE","6068145","2020-03-15 07:00","2020","03","15","07:00","-9.9","","-15.3","","65","","0.0","","2","","23","","","","99.46","","","","-18","","NA"
"-80.80","46.63","SUDBURY CLIMATE","6068145","2020-03-15 08:00","2020","03","15","08:00","-11.0","","-15.9","","67","","0.0","","2","","19","","","","99.51","","","","-19","","NA"
"-80.80","46.63","SUDBURY CLIMATE","6068145","2020-03-15 09:00","2020","03","15","09:00","-12.2","","-16.0","","73","","0.0","","3","","17","","","","99.57","","","","-20","","NA"
"-80.80","46.63","SUDBURY CLIMATE","6068145","2020-03-15 10:00","2020","03","15","10:00","-12.9","","-16.4","","75","","0.0","","2","","22","","","","99.61","","","","-22","","NA"
"-80.80","46.63","SUDBURY CLIMATE","6068145","2020-03-15 11:00","2020","03","15","11:00","-13.8","","-16.8","","78","","0.0","","2","","18","","","","99.66","","","","-22","","NA"
"-80.80","46.63","SUDBURY CLIMATE","6068145","2020-03-15 12:00","2020","03","15","12:00","-14.3","","-17.2","","79","","0.0","","2","","18","","","","99.76","","","","-23","","NA"
"-80.80","46.63","SUDBURY CLIMATE","6068145","2020-03-15 13:00","2020","03","15","13:00","-14.1","","-17.7","","74","","0.0","","2","","20","","","","99.86","","","","-23","","NA"
"-80.80","46.63","SUDBURY CLIMATE","6068145","2020-03-15 14:00","2020","03","15","14:00","-13.2","","-18.2","","66","","0.0","","2","","18","","","","99.85","","","","-21","","NA"
"-80.80","46.63","SUDBURY CLIMATE","6068145","2020-03-15 15:00","2020","03","15","15:00","-11.6","","-19.1","","54","","0.0","","2","","15","","","","99.84","","","","-19","","NA"
"-80.80","46.63","SUDBURY CLIMATE","6068145","2020-03-15 16:00","2020","03","15","16:00","-9.8","","-19.8","","44","","0.0","","3","","15","","","","99.86","","","","-16","","NA"
"-80.80","46.63","SUDBURY CLIMATE","6068145","2020-03-15 17:00","2020","03","15","17:00","-8.4","","-20.6","","37","","0.0","","2","","13","","","","99.84","","","","-14","","NA"
"-80.80","46.63","SUDBURY CLIMATE","6068145","2020-03-15 18:00","2020","03","15","18:00","-6.7","","-19.0","","37","","0.0","","4","","12","","","","99.75","","","","-12","","NA"
"-80.80","46.63","SUDBURY CLIMATE","6068145","2020-03-15 19:00","2020","03","15","19:00","-5.8","","-19.5","","33","","0.0","","5","","15","","","","99.67","","","","-12","","NA"
"-80.80","46.63","SUDBURY CLIMATE","6068145","2020-03-15 20:00","2020","03","15","20:00","-4.9","","-18.3","","34","","0.0","","6","","13","","","","99.65","","","","-10","","NA"
"-80.80","46.63","SUDBURY CLIMATE","6068145","2020-03-15 21:00","2020","03","15","21:00","-4.3","","-17.7","","35","","0.0","","5","","13","","","","99.60","","","","-9","","NA"
"-80.80","46.63","SUDBURY CLIMATE","6068145","2020-03-15 22:00","2020","03","15","22:00","-4.2","","-17.9","","33","","0.0","","5","","9","","","","99.52","","","","-8","","NA"
"-80.80","46.63","SUDBURY CLIMATE","6068145","2020-03-15 23:00","2020","03","15","23:00","-5.2","","-17.4","","38","","0.0","","4","","7","","","","99.49","","","","-8","","NA"
"-80.80","46.63","SUDBURY CLIMATE","6068145","2020-03-16 00:00","2020","03","16","00:00","-6.4","","-19.9","","33","","0.0","","8","","3","","","","99.49","","","","-8","","NA"
"-80.80","46.63","SUDBURY CLIMATE","6068145","2020-03-16 01:00","2020","03","16","01:00","-7.6","","-18.4","","42","","0.0","","8","","7","","","","99.49","","","","-11","","NA"
"-80.80","46.63","SUDBURY CLIMATE","6068145","2020-03-16 02:00","2020","03","16","02:00","-8.2","","-20.0","","38","","0.0","","8","","7","","","","99.46","","","","-12","","NA"
"-80.80","46.63","SUDBURY CLIMATE","6068145","2020-03-16 03:00","2020","03","16","03:00","-9.0","","-19.6","","42","","0.0","","8","","12","","","","99.43","","","","-15","","NA"
"-80.80","46.63","SUDBURY CLIMATE","6068145","2020-03-16 04:00","2020","03","16","04:00","-9.8","","-20.1","","43","","0.0","","9","","10","","","","99.41","","","","-15","","NA"
"-80.80","46.63","SUDBURY CLIMATE","6068145","2020-03-16 05:00","2020","03","16","05:00","-10.6","","-20.3","","45","","0.0","","10","","11","","","","99.32","","","","-16","","NA"
"-80.80","46.63","SUDBURY CLIMATE","6068145","2020-03-16 06:00","2020","03","16","06:00","-10.7","","-20.8","","43","","0.0","","11","","11","","","","99.29","","","","-16","","NA"
"-80.80","46.63","SUDBURY CLIMATE","6068145","2020-03-16 07:00","2020","03","16","07:00","-11.3","","-20.1","","48","","0.0","","11","","10","","","","99.22","","","","-17","","NA"
"-80.80","46.63","SUDBURY CLIMATE","6068145","2020-03-16 08:00","2020","03","16","08:00","-11.7","","-20.2","","50","","0.0","","12","","8","","","","99.16","","","","-16","","NA"
"-80.80","46.63","SUDBURY CLIMATE","6068145","2020-03-16 09:00","2020","03","16","09:00","-11.8","","-19.5","","53","","0.0","","13","","14","","","","99.06","","","","-19","","NA"
"-80.80","46.63","SUDBURY CLIMATE","6068145","2020-03-16 10:00","2020","03","16","10:00","-12.4","","-19.6","","55","","0.0","","12","","9","","","","99.01","","","","-18","","NA"
"-80.80","46.63","SUDBURY CLIMATE","6068145","2020-03-16 11:00","2020","03","16","11:00","-12.3","","-18.9","","58","","0.0","","10","","9","","","","98.94","","","","-18","","NA"
"-80.80","46.63","SUDBURY CLIMATE","6068145","2020-03-16 12:00","2020","03","16","12:00","-11.3","","-18.3","","56","","0.0","","13","","16","","","","98.91","","","","-19","","NA"
"-80.80","46.63","SUDBURY CLIMATE","6068145","2020-03-16 13:00","2020","03","16","13:00","-10.2","","-17.7","","54","","0.0","","14","","18","","","","98.85","","","","-18","","NA"
"-80.80","46.63","SUDBURY CLIMATE","6068145","2020-03-16 14:00","2020","03","16","14:00","-9.0","","-16.5","","54","","0.0","","16","","21","","","","98.77","","","","-17","","NA"
"-80.80","46.63","SUDBURY CLIMATE","6068145","2020-03-16 15:00","2020","03","16","15:00","-6.2","","-12.5","","61","","0.0","","18","","24","","","","98.67","","","","-14","","NA"
"-80.80","46.63","SUDBURY CLIMATE","6068145","2020-03-16 16:00","2020","03","16","16:00","-3.0","","-8.6","","65","","0.0","","19","","27","","","","98.55","","","","-10","","NA"
"-80.80","46.63","SUDBURY CLIMATE","6068145","2020-03-16 17:00","2020","03","16","17:00","-2.0","","-7.3","","67","","0.0","","19","","31","","","","98.43","","","","-9","","NA"
"-80.80","46.63","SUDBURY CLIMATE","6068145","2020-03-16 18:00","2020","03","16","18:00","-1.8","","-6.5","","71","","0.0","","18","","31","","","","98.29","","","","-9","","NA"
"-80.80","46.63","SUDBURY CLIMATE","6068145","2020-03-16 19:00","2020","03","16","19:00","-1.1","","-6.6","","66","","0.0","","18","","27","","","","98.16","","","","-8","","NA"
"-80.80","46.63","SUDBURY CLIMATE","6068145","2020-03-16 20:00","2020","03","16","20:00","-1.4","","-7.4","","64","","0.0","","19","","28","","","","97.99","","","","-8","","NA"
"-80.80","46.63","SUDBURY CLIMATE","6068145","2020-03-16 21:00","2020","03","16","21:00","-1.4","","-6.7","","67","","0.0","","19","","24","","","","97.88","","","","-8","","NA"
"-80.80","46.63","SUDBURY CLIMATE","6068145","2020-03-16 22:00","2020","03","16","22:00","-1.4","","-6.8","","67","","0.0","","18","","24","","","","97.76","","","","-8","","NA"
"-80.80","46.63","SUDBURY CLIMATE","6068145","2020-03-16 23:00","2020","03","16","23:00","-1.8","","-6.8","","69","","0.0","","19","","26","","","","97.68","","","","-8","","NA"
"-80.80","46.63","SUDBURY CLIMATE","6068145","2020-03-17 00:00","2020","03","17","00:00","-1.7","","-6.8","","68","","0.0","","18","","20","","","","97.58","","","","-7","","NA"
"-80.80","46.63","SUDBURY CLIMATE","6068145","2020-03-17 01:00","2020","03","17","01:00","-1.7","","-6.3","","71","","0.0","","19","","21","","","","97.54","","","","-8","","NA"
"-80.80","46.63","SUDBURY CLIMATE","6068145","2020-03-17 02:00","2020","03","17","02:00","-1.8","","-5.9","","74","","0.0","","21","","16","","","","97.47","","","","-7","","NA"
"-80.80","46.63","SUDBURY CLIMATE","6068145","2020-03-17 03:00","2020","03","17","03:00","-1.5","","-5.6","","74","","0.0","","21","","18","","","","97.42","","","","-7","","NA"
"-80.80","46.63","SUDBURY CLIMATE","6068145","2020-03-17 04:00","2020","03","17","04:00","-2.2","","-3.3","","92","","0.0","","22","","14","","","","97.35","","","","-7","","NA"
"-80.80","46.63","SUDBURY CLIMATE","6068145","2020-03-17 05:00","2020","03","17","05:00","-2.1","","-3.1","","93","","0.0","","19","","18","","","","97.22","","","","-8","","NA"
"-80.80","46.63","SUDBURY CLIMATE","6068145","2020-03-17 06:00","2020","03","17","06:00","-1.9","","-2.6","","95","","0.0","","18","","21","","","","97.09","","","","-8","","NA"
"-80.80","46.63","SUDBURY CLIMATE","6068145","2020-03-17 07:00","2020","03","17","07:00","-1.6","","-2.5","","93","","0.0","","19","","19","","","","96.98","","","","-7","","NA"
"-80.80","46.63","SUDBURY CLIMATE","6068145","2020-03-17 08:00","2020","03","17","08:00","-1.2","","-2.6","","91","","0.0","","21","","16","","","","96.89","","","","-6","","NA"
"-80.80","46.63","SUDBURY CLIMATE","6068145","2020-03-17 09:00","2020","03","17","09:00","-1.2","","-2.2","","93","","0.0","","23","","19","","","","96.84","","","","-7","","NA"
"-80.80","46.63","SUDBURY CLIMATE","6068145","2020-03-17 10:00","2020","03","17","10:00","-1.1","","-1.7","","96","","0.2","","22","","20","","","","96.82","","","","-7","","NA"
"-80.80","46.63","SUDBURY CLIMATE","6068145","2020-03-17 11:00","2020","03","17","11:00","-0.8","","-1.6","","94","","0.0","","23","","20","","","","96.84","","","","-6","","NA"
"-80.80","46.63","SUDBURY CLIMATE","6068145","2020-03-17 12:00","2020","03","17","12:00","-0.5","","-1.5","","93","","0.0","","23","","23","","","","96.85","","","","-6","","NA"
"-80.80","46.63","SUDBURY CLIMATE","6068145","2020-03-17 13:00","2020","03","17","13:00","-0.3","","-2.0","","88","","0.0","","24","","22","","","","96.85","","","","-6","","NA"
"-80.80","46.63","SUDBURY CLIMATE","6068145","2020-03-17 14:00","2020","03","17","14:00","0.1","","-2.6","","82","","0.0","","25","","19","","","","96.88","","","","","","NA"
"-80.80","46.63","SUDBURY CLIMATE","6068145","2020-03-17 15:00","2020","03","17","15:00","0.2","","-7.3","","57","","0.0","","29","","20","","","","96.98","","","","","","NA"
"-80.80","46.63","SUDBURY CLIMATE","6068145","2020-03-17 16:00","2020","03","17","16:00","0.6","","-10.8","","42","","0.0","","29","","22","","","","97.06","","","","","","NA"
"-80.80","46.63","SUDBURY CLIMATE","6068145","2020-03-17 17:00","2020","03","17","17:00","1.3","","-13.3","","33","","0.0","","27","","20","","","","97.15","","","","","","NA"
"-80.80","46.63","SUDBURY CLIMATE","6068145","2020-03-17 18:00","2020","03","17","18:00","1.7","","-13.2","","32","","0.0","","27","","18","","","","97.20","","","","","","NA"
"-80.80","46.63","SUDBURY CLIMATE","6068145","2020-03-17 19:00","2020","03","17","19:00","1.4","","-12.7","","34","","0.0","","27","","22","","","","97.24","","","","","","NA"
"-80.80","46.63","SUDBURY CLIMATE","6068145","2020-03-17 20:00","2020","03","17","20:00","1.7","","-11.5","","37","","0.0","","27","","19","","","","97.32","","","","","","NA"
"-80.80","46.63","SUDBURY CLIMATE","6068145","2020-03-17 21:00","2020","03","17","21:00","1.7","","-11.0","","38","","0.0","","27","","23","","","","97.38","","","","","","NA"
"-80.80","46.63","SUDBURY CLIMATE","6068145","2020-03-17 22:00","2020","03","17","22:00","0.6","","-9.5","","47","","0.0","","27","","19","","","","97.48","","","","","","NA"
"-80.80","46.63","SUDBURY CLIMATE","6068145","2020-03-17 23:00","2020","03","17","23:00","0.0","","-12.8","","37","","0.0","","29","","17","","","","97.61","","","","-5","","NA"
"-80.80","46.63","SUDBURY CLIMATE","6068145","2020-03-18 00:00","2020","03","18","00:00","-1.2","","-13.2","","40","","0.0","","28","","13","","","","97.79","","","","-5","","NA"
"-80.80","46.63","SUDBURY CLIMATE","6068145","2020-03-18 01:00","2020","03","18","01:00","-2.6","","-12.9","","45","","0.0","","27","","10","","","","97.94","","","","-6","","NA"
"-80.80","46.63","SUDBURY CLIMATE","6068145","2020-03-18 02:00","2020","03","18","02:00","-3.3","","-12.9","","47","","0.0","","29","","9","","","","98.03","","","","-7","","NA"
"-80.80","46.63","SUDBURY CLIMATE","6068145","2020-03-18 03:00","2020","03","18","03:00","-4.1","","-12.3","","52","","0.2","","29","","13","","","","98.17","","","","-9","","NA"
"-80.80","46.63","SUDBURY CLIMATE","6068145","2020-03-18 04:00","2020","03","18","04:00","-5.3","","-12.4","","57","","0.0","","29","","6","","","","98.21","","","","-8","","NA"
"-80.80","46.63","SUDBURY CLIMATE","6068145","2020-03-18 05:00","2020","03","18","05:00","-6.3","","-12.8","","60","","0.0","","27","","6","","","","98.32","","","","-9","","NA"
"-80.80","46.63","SUDBURY CLIMATE","6068145","2020-03-18 06:00","2020","03","18","06:00","-7.8","","-12.8","","67","","0.0","","27","","5","","","","98.33","","","","-10","","NA"
"-80.80","46.63","SUDBURY CLIMATE","6068145","2020-03-18 07:00","2020","03","18","07:00","-8.2","","-12.3","","72","","0.0","","25","","4","","","","98.38","","","","-10","","NA"
"-80.80","46.63","SUDBURY CLIMATE","6068145","2020-03-18 08:00","2020","03","18","08:00","-7.9","","-12.3","","71","","0.0","","25","","7","","","","98.42","","","","-12","","NA"
"-80.80","46.63","SUDBURY CLIMATE","6068145","2020-03-18 09:00","2020","03","18","09:00","-10.0","","-12.8","","80","","0.0","","24","","5","","","","98.43","","","","-13","","NA"
"-80.80","46.63","SUDBURY CLIMATE","6068145","2020-03-18 10:00","2020","03","18","10:00","-8.7","","-11.4","","81","","0.0","","26","","6","","","","98.51","","","","-12","","NA"
"-80.80","46.63","SUDBURY CLIMATE","6068145","2020-03-18 11:00","2020","03","18","11:00","-8.8","","-11.4","","81","","0.0","","23","","5","","","","98.52","","","","-12","","NA"
"-80.80","46.63","SUDBURY CLIMATE","6068145","2020-03-18 12:00","2020","03","18","12:00","-8.4","","-11.4","","79","","0.0","","23","","8","","","","98.56","","","","-13","","NA"
"-80.80","46.63","SUDBURY CLIMATE","6068145","2020-03-18 13:00","2020","03","18","13:00","-8.0","","-11.7","","75","","0.0","","22","","9","","","","98.58","","","","-13","","NA"
"-80.80","46.63","SUDBURY CLIMATE","6068145","2020-03-18 14:00","2020","03","18","14:00","-4.8","","-10.7","","64","","0.0","","18","","12","","","","98.56","","","","-10","","NA"
"-80.80","46.63","SUDBURY CLIMATE","6068145","2020-03-18 15:00","2020","03","18","15:00","-3.8","","-10.3","","60","","0.0","","17","","12","","","","98.62","","","","-8","","NA"
"-80.80","46.63","SUDBURY CLIMATE","6068145","2020-03-18 16:00","2020","03","18","16:00","-3.0","","-9.2","","62","","0.0","","19","","16","","","","98.64","","","","-8","","NA"
"-80.80","46.63","SUDBURY CLIMATE","6068145","2020-03-18 17:00","2020","03","18","17:00","-1.9","","-9.4","","57","","0.0","","18","","20","","","","98.62","","","","-8","","NA"
"-80.80","46.63","SUDBURY CLIMATE","6068145","2020-03-18 18:00","2020","03","18","18:00","-1.1","","-8.7","","56","","0.0","","19","","18","","","","98.57","","","","-6","","NA"
"-80.80","46.63","SUDBURY CLIMATE","6068145","2020-03-18 19:00","2020","03","18","19:00","-0.6","","-7.7","","59","","0.0","","17","","17","","","","98.46","","","","-6","","NA"
"-80.80","46.63","SUDBURY CLIMATE","6068145","2020-03-18 20:00","2020","03","18","20:00","-0.4","","-7.6","","59","","0.0","","17","","12","","","","98.38","","","","-4","","NA"
"-80.80","46.63","SUDBURY CLIMATE","6068145","2020-03-18 21:00","2020","03","18","21:00","-0.5","","-7.0","","61","","0.0","","18","","15","","","","98.35","","","","-5","","NA"
"-80.80","46.63","SUDBURY CLIMATE","6068145","2020-03-18 22:00","2020","03","18","22:00","-0.3","","-7.7","","58","","0.0","","16","","13","","","","98.32","","","","-4","","NA"
"-80.80","46.63","SUDBURY CLIMATE","6068145","2020-03-18 23:00","2020","03","18","23:00","-0.6","","-7.4","","60","","0.0","","14","","8","","","","98.29","","","","-3","","NA"
"-80.80","46.63","SUDBURY CLIMATE","6068145","2020-03-19 00:00","2020","03","19","00:00","-1.0","","-7.4","","62","","0.0","","13","","8","","","","98.31","","","","-4","","NA"
"-80.80","46.63","SUDBURY CLIMATE","6068145","2020-03-19 01:00","2020","03","19","01:00","-1.6","","-6.7","","68","","0.0","","7","","9","","","","98.33","","","","-5","","NA"
"-80.80","46.63","SUDBURY CLIMATE","6068145","2020-03-19 02:00","2020","03","19","02:00","-1.3","","-7.5","","63","","0.0","","10","","10","","","","98.29","","","","-5","","NA"
"-80.80","46.63","SUDBURY CLIMATE","6068145","2020-03-19 03:00","2020","03","19","03:00","-1.8","","-6.8","","69","","0.0","","6","","8","","","","98.26","","","","-5","","NA"
"-80.80","46.63","SUDBURY CLIMATE","6068145","2020-03-19 04:00","2020","03","19","04:00","-1.8","","-6.8","","69","","0.0","","4","","10","","","","98.22","","","","-5","","NA"
"-80.80","46.63","SUDBURY CLIMATE","6068145","2020-03-19 05:00","2020","03","19","05:00","-2.2","","-6.4","","73","","0.0","","4","","10","","","","98.22","","","","-6","","NA"
"-80.80","46.63","SUDBURY CLIMATE","6068145","2020-03-19 06:00","2020","03","19","06:00","-2.0","","-6.8","","70","","0.0","","3","","11","","","","98.19","","","","-6","","NA"
"-80.80","46.63","SUDBURY CLIMATE","6068145","2020-03-19 07:00","2020","03","19","07:00","-2.1","","-6.9","","70","","0.0","","4","","12","","","","98.18","","","","-6","","NA"
"-80.80","46.63","SUDBURY CLIMATE","6068145","2020-03-19 08:00","2020","03","19","08:00","-2.6","","-6.5","","74","","0.0","","6","","10","","","","98.16","","","","-6","","NA"
"-80.80","46.63","SUDBURY CLIMATE","6068145","2020-03-19 09:00","2020","03","19","09:00","-3.4","","-7.0","","76","","0.0","","5","","10","","","","98.10","","","","-7","","NA"
"-80.80","46.63","SUDBURY CLIMATE","6068145","2020-03-19 10:00","2020","03","19","10:00","-3.7","","-7.5","","75","","0.0","","4","","9","","","","98.13","","","","-7","","NA"
"-80.80","46.63","SUDBURY CLIMATE","6068145","2020-03-19 11:00","2020","03","19","11:00","-3.9","","-7.7","","75","","0.0","","4","","11","","","","98.17","","","","-8","","NA"
"-80.80","46.63","SUDBURY CLIMATE","6068145","2020-03-19 12:00","2020","03","19","12:00","-3.9","","-7.9","","73","","0.0","","3","","10","","","","98.24","","","","-8","","NA"
"-80.80","46.63","SUDBURY CLIMATE","6068145","2020-03-19 13:00","2020","03","19","13:00","-3.1","","-8.1","","68","","0.0","","5","","11","","","","98.22","","","","-7","","NA"
"-80.80","46.63","SUDBURY CLIMATE","6068145","2020-03-19 14:00","2020","03","19","14:00","-0.1","","-7.7","","57","","0.0","","9","","11","","","","98.16","","","","-4","","NA"
"-80.80","46.63","SUDBURY CLIMATE","6068145","2020-03-19 15:00","2020","03","19","15:00","1.1","","-8.1","","50","","0.0","","4","","8","","","","98.06","","","","","","NA"
"-80.80","46.63","SUDBURY CLIMATE","6068145","2020-03-19 16:00","2020","03","19","16:00","3.4","","-7.3","","46","","0.0","","14","","6","","","","98.04","","","","","","NA"
"-80.80","46.63","SUDBURY CLIMATE","6068145","2020-03-19 17:00","2020","03","19","17:00","3.3","","-6.5","","49","","0.0","","19","","10","","","","98.02","","","","","","NA"
"-80.80","46.63","SUDBURY CLIMATE","6068145","2020-03-19 18:00","2020","03","19","18:00","4.6","","-6.9","","43","","0.0","","16","","13","","","","97.95","","","","","","NA"
"-80.80","46.63","SUDBURY CLIMATE","6068145","2020-03-19 19:00","2020","03","19","19:00","4.9","","-5.1","","48","","0.0","","15","","13","","","","97.76","","","","","","NA"
"-80.80","46.63","SUDBURY CLIMATE","6068145","2020-03-19 20:00","2020","03","19","20:00","4.9","","-4.3","","52","","0.0","","14","","14","","","","97.69","","","","","","NA"
"-80.80","46.63","SUDBURY CLIMATE","6068145","2020-03-19 21:00","2020","03","19","21:00","4.8","","-3.4","","56","","0.0","","16","","14","","","","97.65","","","","","","NA"
"-80.80","46.63","SUDBURY CLIMATE","6068145","2020-03-19 22:00","2020","03","19","22:00","4.6","","-3.2","","57","","0.0","","13","","13","","","","97.54","","","","","","NA"
"-80.80","46.63","SUDBURY CLIMATE","6068145","2020-03-19 23:00","2020","03","19","23:00","4.0","","-3.0","","60","","0.0","","13","","13","","","","97.46","","","","","","NA"
"-80.80","46.63","SUDBURY CLIMATE","6068145","2020-03-20 00:00","2020","03","20","00:00","3.3","","-3.0","","63","","0.0","","11","","12","","","","97.31","","","","","","NA"
"-80.80","46.63","SUDBURY CLIMATE","6068145","2020-03-20 01:00","2020","03","20","01:00","2.9","","-2.8","","66","","0.0","","12","","13","","","","97.20","","","","","","NA"
"-80.80","46.63","SUDBURY CLIMATE","6068145","2020-03-20 02:00","2020","03","20","02:00","2.7","","-2.1","","70","","0.0","","15","","10","","","","97.12","","","","","","NA"
"-80.80","46.63","SUDBURY CLIMATE","6068145","2020-03-20 03:00","2020","03","20","03:00","2.3","","-0.6","","81","","0.0","","12","","9","","","","96.96","","","","","","NA"
"-80.80","46.63","SUDBURY CLIMATE","6068145","2020-03-20 04:00","2020","03","20","04:00","1.9","","1.2","","95","","1.0","","10","","13","","","","96.80","","","","","","NA"
"-80.80","46.63","SUDBURY CLIMATE","6068145","2020-03-20 05:00","2020","03","20","05:00","2.0","","1.8","","98","","2.8","","10","","17","","","","96.54","","","","","","NA"
"-80.80","46.63","SUDBURY CLIMATE","6068145","2020-03-20 06:00","2020","03","20","06:00","2.1","","1.9","","98","","2.0","","11","","23","","","","96.30","","","","","","NA"
"-80.80","46.63","SUDBURY CLIMATE","6068145","2020-03-20 07:00","2020","03","20","07:00","2.1","","1.9","","99","","0.6","","11","","16","","","","96.11","","","","","","NA"
"-80.80","46.63","SUDBURY CLIMATE","6068145","2020-03-20 08:00","2020","03","20","08:00","1.9","","1.7","","99","","1.2","","10","","14","","","","95.92","","","","","","NA"
"-80.80","46.63","SUDBURY CLIMATE","6068145","2020-03-20 09:00","2020","03","20","09:00","1.7","","1.5","","99","","0.5","","3","","9","","","","95.80","","","","","","NA"
"-80.80","46.63","SUDBURY CLIMATE","6068145","2020-03-20 10:00","2020","03","20","10:00","1.4","","1.3","","99","","0.2","","2","","11","","","","95.77","","","","","","NA"
"-80.80","46.63","SUDBURY CLIMATE","6068145","2020-03-20 11:00","2020","03","20","11:00","0.9","","0.8","","99","","0.3","","1","","15","","","","95.79","","","","","","NA"
"-80.80","46.63","SUDBURY CLIMATE","6068145","2020-03-20 12:00","2020","03","20","12:00","0.8","","0.7","","99","","0.0","","1","","16","","","","95.77","","","","","","NA"
"-80.80","46.63","SUDBURY CLIMATE","6068145","2020-03-20 13:00","2020","03","20","13:00","1.0","","0.8","","99","","0.0","","36","","13","","","","95.81","","","","","","NA"
"-80.80","46.63","SUDBURY CLIMATE","6068145","2020-03-20 14:00","2020","03","20","14:00","0.6","","0.2","","97","","1.1","","34","","14","","","","95.92","","","","","","NA"
"-80.80","46.63","SUDBURY CLIMATE","6068145","2020-03-20 15:00","2020","03","20","15:00","-1.3","","-1.9","","95","","1.2","","34","","25","","","","96.04","","","","-8","","NA"
"-80.80","46.63","SUDBURY CLIMATE","6068145","2020-03-20 16:00","2020","03","20","16:00","-6.1","","-8.1","","86","","0.5","","34","","28","","","","96.35","","","","-14","","NA"
"-80.80","46.63","SUDBURY CLIMATE","6068145","2020-03-20 17:00","2020","03","20","17:00","-7.2","","-9.4","","84","","0.6","","34","","28","","","","96.58","","","","-16","","NA"
"-80.80","46.63","SUDBURY CLIMATE","6068145","2020-03-20 18:00","2020","03","20","18:00","-7.1","","-9.8","","81","","0.3","","33","","22","","","","96.79","","","","-15","","NA"
"-80.80","46.63","SUDBURY CLIMATE","6068145","2020-03-20 19:00","2020","03","20","19:00","-7.5","","-10.5","","79","","0.2","","35","","19","","","","96.95","","","","-15","","NA"
"-80.80","46.63","SUDBURY CLIMATE","6068145","2020-03-20 20:00","2020","03","20","20:00","-7.6","","-10.6","","79","","0.2","","33","","21","","","","97.12","","","","-15","","NA"
"-80.80","46.63","SUDBURY CLIMATE","6068145","2020-03-20 21:00","2020","03","20","21:00","-7.7","","-10.8","","79","","0.0","","34","","21","","","","97.36","","","","-15","","NA"
"-80.80","46.63","SUDBURY CLIMATE","6068145","2020-03-20 22:00","2020","03","20","22:00","-8.4","","-12.0","","75","","0.0","","34","","24","","","","97.61","","","","-17","","NA"
"-80.80","46.63","SUDBURY CLIMATE","6068145","2020-03-20 23:00","2020","03","20","23:00","-8.7","","-12.7","","73","","0.0","","34","","22","","","","97.85","","","","-17","","NA"
"-80.80","46.63","SUDBURY CLIMATE","6068145","2020-03-21 00:00","2020","03","21","00:00","-9.8","","-13.7","","73","","0.0","","34","","18","","","","98.11","","","","-17","","NA"
"-80.80","46.63","SUDBURY CLIMATE","6068145","2020-03-21 01:00","2020","03","21","01:00","-10.8","","-15.6","","68","","0.0","","34","","24","","","","98.32","","","","-20","","NA"
"-80.80","46.63","SUDBURY CLIMATE","6068145","2020-03-21 02:00","2020","03","21","02:00","-11.4","","-16.0","","69","","0.0","","34","","19","","","","98.50","","","","-19","","NA"
"-80.80","46.63","SUDBURY CLIMATE","6068145","2020-03-21 03:00","2020","03","21","03:00","-12.2","","-17.0","","67","","0.0","","35","","19","","","","98.60","","","","-20","","NA"
"-80.80","46.63","SUDBURY CLIMATE","6068145","2020-03-21 04:00","2020","03","21","04:00","-12.9","","-16.9","","72","","0.0","","35","","15","","","","98.72","","","","-20","","NA"
"-80.80","46.63","SUDBURY CLIMATE","6068145","2020-03-21 05:00","2020","03","21","05:00","-13.7","","-17.6","","72","","0.0","","35","","16","","","","98.85","","","","-22","","NA"
"-80.80","46.63","SUDBURY CLIMATE","6068145","2020-03-21 06:00","2020","03","21","06:00","-14.5","","-17.7","","77","","0.0","","36","","12","","","","98.91","","","","-21","","NA"
"-80.80","46.63","SUDBURY CLIMATE","6068145","2020-03-21 07:00","2020","03","21","07:00","-15.1","","-18.0","","78","","0.0","","35","","10","","","","99.00","","","","-21","","NA"
"-80.80","46.63","SUDBURY CLIMATE","6068145","2020-03-21 08:00","2020","03","21","08:00","-15.7","","-18.7","","77","","0.0","","36","","10","","","","99.01","","","","-22","","NA"
"-80.80","46.63","SUDBURY CLIMATE","6068145","2020-03-21 09:00","2020","03","21","09:00","-17.0","","-19.4","","81","","0.0","","35","","6","","","","99.05","","","","-22","","NA"
"-80.80","46.63","SUDBURY CLIMATE","6068145","2020-03-21 10:00","2020","03","21","10:00","-16.9","","-19.6","","80","","0.0","","35","","10","","","","99.08","","","","-24","","NA"
"-80.80","46.63","SUDBURY CLIMATE","6068145","2020-03-21 11:00","2020","03","21","11:00","-17.9","","-20.3","","82","","0.2","","33","","7","","","","99.14","","","","-23","","NA"
"-80.80","46.63","SUDBURY CLIMATE","6068145","2020-03-21 12:00","2020","03","21","12:00","-18.9","","-20.7","","85","","0.0","","32","","4","","","","99.17","","","","-22","","NA"
"-80.80","46.63","SUDBURY CLIMATE","6068145","2020-03-21 13:00","2020","03","21","13:00","-16.5","","-20.2","","73","","0.0","","28","","2","","","","99.25","","","","-18","","NA"
"-80.80","46.63","SUDBURY CLIMATE","6068145","2020-03-21 14:00","2020","03","21","14:00","-14.8","","-19.9","","65","","0.0","","28","","3","","","","99.30","","","","-17","","NA"
"-80.80","46.63","SUDBURY CLIMATE","6068145","2020-03-21 15:00","2020","03","21","15:00","-12.1","","-18.9","","57","","0.0","","28","","3","","","","99.35","","","","-14","","NA"
"-80.80","46.63","SUDBURY CLIMATE","6068145","2020-03-21 16:00","2020","03","21","16:00","-10.2","","-18.7","","50","","0.0","","22","","6","","","","99.35","","","","-14","","NA"
"-80.80","46.63","SUDBURY CLIMATE","6068145","2020-03-21 17:00","2020","03","21","17:00","-8.3","","-20.1","","38","","0.0","","20","","5","","","","99.32","","","","-11","","NA"
"-80.80","46.63","SUDBURY CLIMATE","6068145","2020-03-21 18:00","2020","03","21","18:00","-7.7","","-17.6","","45","","0.0","","20","","10","","","","99.28","","","","-13","","NA"
"-80.80","46.63","SUDBURY CLIMATE","6068145","2020-03-21 19:00","2020","03","21","19:00","-7.0","","-17.4","","43","","0.0","","18","","11","","","","99.21","","","","-12","","NA"
"-80.80","46.63","SUDBURY CLIMATE","6068145","2020-03-21 20:00","2020","03","21","20:00","-6.0","","-16.9","","42","","0.0","","19","","13","","","","99.17","","","","-11","","NA"
"-80.80","46.63","SUDBURY CLIMATE","6068145","2020-03-21 21:00","2020","03","21","21:00","-5.4","","-15.2","","46","","0.0","","18","","11","","","","99.15","","","","-10","","NA"
"-80.80","46.63","SUDBURY CLIMATE","6068145","2020-03-21 22:00","2020","03","21","22:00","-5.5","","-15.5","","45","","0.0","","20","","7","","","","99.15","","","","-9","","NA"
"-80.80","46.63","SUDBURY CLIMATE","6068145","2020-03-21 23:00","2020","03","21","23:00","-5.5","","-15.7","","44","","0.0","","16","","8","","","","99.17","","","","-9","","NA"
"-80.80","46.63","SUDBURY CLIMATE","6068145","2020-03-22 00:00","2020","03","22","00:00","-6.9","","-15.7","","50","","0.0","","16","","3","","","","99.20","","","","-8","","NA"
"-80.80","46.63","SUDBURY CLIMATE","6068145","2020-03-22 01:00","2020","03","22","01:00","-7.7","","-15.8","","52","","0.0","","2","","8","","","","99.26","","","","-12","","NA"
"-80.80","46.63","SUDBURY CLIMATE","6068145","2020-03-22 02:00","2020","03","22","02:00","-7.8","","-14.9","","57","","0.0","","4","","10","","","","99.32","","","","-13","","NA"
"-80.80","46.63","SUDBURY CLIMATE","6068145","2020-03-22 03:00","2020","03","22","03:00","-8.7","","-14.4","","63","","0.0","","4","","7","","","","99.34","","","","-13","","NA"
"-80.80","46.63","SUDBURY CLIMATE","6068145","2020-03-22 04:00","2020","03","22","04:00","-9.2","","-14.5","","65","","0.0","","5","","8","","","","99.37","","","","-14","","NA"
"-80.80","46.63","SUDBURY CLIMATE","6068145","2020-03-22 05:00","2020","03","22","05:00","-10.9","","-15.0","","72","","0.0","","8","","7","","","","99.38","","","","-15","","NA"
"-80.80","46.63","SUDBURY CLIMATE","6068145","2020-03-22 06:00","2020","03","22","06:00","-12.2","","-14.6","","82","","0.0","","9","","6","","","","99.40","","","","-16","","NA"
"-80.80","46.63","SUDBURY CLIMATE","6068145","2020-03-22 07:00","2020","03","22","07:00","-12.1","","-15.4","","76","","0.0","","7","","8","","","","99.42","","","","-17","","NA"
"-80.80","46.63","SUDBURY CLIMATE","6068145","2020-03-22 08:00","2020","03","22","08:00","-13.9","","-15.8","","86","","0.0","","3","","9","","","","99.43","","","","-20","","NA"
"-80.80","46.63","SUDBURY CLIMATE","6068145","2020-03-22 09:00","2020","03","22","09:00","-14.3","","-16.1","","86","","0.0","","3","","8","","","","99.46","","","","-20","","NA"
"-80.80","46.63","SUDBURY CLIMATE","6068145","2020-03-22 10:00","2020","03","22","10:00","-14.3","","-16.1","","86","","0.0","","3","","8","","","","99.48","","","","-20","","NA"
"-80.80","46.63","SUDBURY CLIMATE","6068145","2020-03-22 11:00","2020","03","22","11:00","-14.9","","-16.7","","86","","0.0","","4","","8","","","","99.54","","","","-20","","NA"
"-80.80","46.63","SUDBURY CLIMATE","6068145","2020-03-22 12:00","2020","03","22","12:00","-15.6","","-17.8","","84","","0.0","","5","","8","","","","99.59","","","","-21","","NA"
"-80.80","46.63","SUDBURY CLIMATE","6068145","2020-03-22 13:00","2020","03","22","13:00","-14.0","","-16.8","","79","","0.0","","6","","6","","","","99.59","","","","-18","","NA"
"-80.80","46.63","SUDBURY CLIMATE","6068145","2020-03-22 14:00","2020","03","22","14:00","-8.9","","-14.7","","63","","0.0","","12","","11","","","","99.63","","","","-14","","NA"
"-80.80","46.63","SUDBURY CLIMATE","6068145","2020-03-22 15:00","2020","03","22","15:00","-6.8","","-13.9","","57","","0.0","","14","","12","","","","99.64","","","","-12","","NA"
"-80.80","46.63","SUDBURY CLIMATE","6068145","2020-03-22 16:00","2020","03","22","16:00","-5.4","","-13.8","","52","","0.0","","17","","15","","","","99.59","","","","-11","","NA"
"-80.80","46.63","SUDBURY CLIMATE","6068145","2020-03-22 17:00","2020","03","22","17:00","-4.4","","-14.1","","47","","0.0","","16","","11","","","","99.49","","","","-9","","NA"
"-80.80","46.63","SUDBURY CLIMATE","6068145","2020-03-22 18:00","2020","03","22","18:00","-3.6","","-14.7","","42","","0.0","","12","","12","","","","99.37","","","","-8","","NA"
"-80.80","46.63","SUDBURY CLIMATE","6068145","2020-03-22 19:00","2020","03","22","19:00","-2.6","","-13.8","","42","","0.0","","17","","12","","","","99.26","","","","-7","","NA"
"-80.80","46.63","SUDBURY CLIMATE","6068145","2020-03-22 20:00","2020","03","22","20:00","-2.1","","-15.0","","36","","0.0","","14","","11","","","","99.16","","","","-6","","NA"
"-80.80","46.63","SUDBURY CLIMATE","6068145","2020-03-22 21:00","2020","03","22","21:00","-1.9","","-13.6","","40","","0.0","","19","","13","","","","99.10","","","","-6","","NA"
"-80.80","46.63","SUDBURY CLIMATE","6068145","2020-03-22 22:00","2020","03","22","22:00","-1.9","","-13.4","","41","","0.0","","16","","13","","","","99.01","","","","-6","","NA"
"-80.80","46.63","SUDBURY CLIMATE","6068145","2020-03-22 23:00","2020","03","22","23:00","-2.3","","-12.0","","47","","0.0","","13","","10","","","","98.96","","","","-6","","NA"
"-80.80","46.63","SUDBURY CLIMATE","6068145","2020-03-23 00:00","2020","03","23","00:00","-2.6","","-12.4","","47","","0.0","","13","","10","","","","98.91","","","","-6","","NA"
"-80.80","46.63","SUDBURY CLIMATE","6068145","2020-03-23 01:00","2020","03","23","01:00","-4.0","","-11.9","","54","","0.0","","15","","9","","","","98.84","","","","-8","","NA"
"-80.80","46.63","SUDBURY CLIMATE","6068145","2020-03-23 02:00","2020","03","23","02:00","-4.9","","-12.3","","56","","0.0","","15","","7","","","","98.76","","","","-8","","NA"
"-80.80","46.63","SUDBURY CLIMATE","6068145","2020-03-23 03:00","2020","03","23","03:00","-6.7","","-12.8","","62","","0.0","","14","","6","","","","98.70","","","","-10","","NA"
"-80.80","46.63","SUDBURY CLIMATE","6068145","2020-03-23 04:00","2020","03","23","04:00","-5.4","","-13.0","","55","","0.0","","15","","8","","","","98.62","","","","-9","","NA"
"-80.80","46.63","SUDBURY CLIMATE","6068145","2020-03-23 05:00","2020","03","23","05:00","-6.5","","-13.2","","59","","0.0","","14","","12","","","","98.54","","","","-12","","NA"
"-80.80","46.63","SUDBURY CLIMATE","6068145","2020-03-23 06:00","2020","03","23","06:00","-6.3","","-13.2","","58","","0.0","","14","","8","","","","98.48","","","","-10","","NA"
"-80.80","46.63","SUDBURY CLIMATE","6068145","2020-03-23 07:00","2020","03","23","07:00","-6.7","","-13.3","","59","","0.0","","14","","12","","","","98.39","","","","-12","","NA"
"-80.80","46.63","SUDBURY CLIMATE","6068145","2020-03-23 08:00","2020","03","23","08:00","-6.4","","-13.7","","57","","0.0","","14","","14","","","","98.26","","","","-12","","NA"
"-80.80","46.63","SUDBURY CLIMATE","6068145","2020-03-23 09:00","2020","03","23","09:00","-7.1","","-13.9","","58","","0.0","","14","","12","","","","98.19","","","","-12","","NA"
"-80.80","46.63","SUDBURY CLIMATE","6068145","2020-03-23 10:00","2020","03","23","10:00","-7.0","","-13.5","","60","","0.0","","14","","11","","","","98.13","","","","-12","","NA"
"-80.80","46.63","SUDBURY CLIMATE","6068145","2020-03-23 11:00","2020","03","23","11:00","-7.1","","-13.0","","63","","0.0","","14","","13","","","","98.08","","","","-13","","NA"
"-80.80","46.63","SUDBURY CLIMATE","6068145","2020-03-23 12:00","2020","03","23","12:00","-6.9","","-12.5","","64","","0.0","","12","","8","","","","98.05","","","","-11","","NA"
"-80.80","46.63","SUDBURY CLIMATE","6068145","2020-03-23 13:00","2020","03","23","13:00","-7.7","","-12.5","","68","","0.0","","7","","5","","","","98.01","","","","-10","","NA"
"-80.80","46.63","SUDBURY CLIMATE","6068145","2020-03-23 14:00","2020","03","23","14:00","-4.4","","-11.6","","57","","0.0","","15","","10","","","","97.97","","","","-9","","NA"
"-80.80","46.63","SUDBURY CLIMATE","6068145","2020-03-23 15:00","2020","03","23","15:00","-3.4","","-9.0","","65","","0.0","","17","","11","","","","97.96","","","","-8","","NA"
"-80.80","46.63","SUDBURY CLIMATE","6068145","2020-03-23 16:00","2020","03","23","16:00","-2.3","","-6.1","","76","","0.0","","20","","10","","","","97.90","","","","-6","","NA"
"-80.80","46.63","SUDBURY CLIMATE","6068145","2020-03-23 17:00","2020","03","23","17:00","-0.8","","-6.0","","68","","0.0","","20","","12","","","","97.82","","","","-5","","NA"
"-80.80","46.63","SUDBURY CLIMATE","6068145","2020-03-23 18:00","2020","03","23","18:00","0.3","","-5.7","","64","","0.0","","19","","13","","","","97.77","","","","","","NA"
"-80.80","46.63","SUDBURY CLIMATE","6068145","2020-03-23 19:00","2020","03","23","19:00","1.2","","-4.8","","64","","0.0","","21","","15","","","","97.69","","","","","","NA"
"-80.80","46.63","SUDBURY CLIMATE","6068145","2020-03-23 20:00","2020","03","23","20:00","1.9","","-4.1","","65","","0.0","","22","","15","","","","97.64","","","","","","NA"
"-80.80","46.63","SUDBURY CLIMATE","6068145","2020-03-23 21:00","2020","03","23","21:00","1.6","","-2.7","","73","","0.0","","22","","15","","","","97.60","","","","","","NA"
"-80.80","46.63","SUDBURY CLIMATE","6068145","2020-03-23 22:00","2020","03","23","22:00","1.5","","-3.1","","71","","0.0","","23","","16","","","","97.59","","","","","","NA"
"-80.80","46.63","SUDBURY CLIMATE","6068145","2020-03-23 23:00","2020","03","23","23:00","0.9","","-3.2","","74","","0.0","","22","","16","","","","97.61","","","","","","NA"
"-80.80","46.63","SUDBURY CLIMATE","6068145","2020-03-24 00:00","2020","03","24","00:00","0.1","","-3.1","","79","","0.0","","21","","13","","","","97.64","","","","","","NA"
"-80.80","46.63","SUDBURY CLIMATE","6068145","2020-03-24 01:00","2020","03","24","01:00","-1.1","","-3.6","","83","","0.0","","21","","11","","","","97.68","","","","-5","","NA"
"-80.80","46.63","SUDBURY CLIMATE","6068145","2020-03-24 02:00","2020","03","24","02:00","-3.0","","-4.5","","90","","0.0","","21","","13","","","","97.70","","","","-8","","NA"
"-80.80","46.63","SUDBURY CLIMATE","6068145","2020-03-24 03:00","2020","03","24","03:00","-1.5","","-3.8","","85","","0.0","","25","","8","","","","97.70","","","","-5","","NA"
"-80.80","46.63","SUDBURY CLIMATE","6068145","2020-03-24 04:00","2020","03","24","04:00","-3.7","","-5.9","","85","","0.0","","24","","10","","","","97.73","","","","-8","","NA"
"-80.80","46.63","SUDBURY CLIMATE","6068145","2020-03-24 05:00","2020","03","24","05:00","-2.7","","-4.6","","87","","0.0","","25","","10","","","","97.76","","","","-7","","NA"
"-80.80","46.63","SUDBURY CLIMATE","6068145","2020-03-24 06:00","2020","03","24","06:00","-2.6","","-4.9","","84","","0.0","","28","","8","","","","97.78","","","","-6","","NA"
"-80.80","46.63","SUDBURY CLIMATE","6068145","2020-03-24 07:00","2020","03","24","07:00","-3.6","","-5.4","","87","","0.0","","28","","8","","","","97.81","","","","-7","","NA"
"-80.80","46.63","SUDBURY CLIMATE","6068145","2020-03-24 08:00","2020","03","24","08:00","-4.1","","-5.8","","88","","0.0","","28","","7","","","","97.84","","","","-7","","NA"
"-80.80","46.63","SUDBURY CLIMATE","6068145","2020-03-24 09:00","2020","03","24","09:00","-4.7","","-5.9","","92","","0.0","","29","","8","","","","97.85","","","","-8","","NA"
"-80.80","46.63","SUDBURY CLIMATE","6068145","2020-03-24 10:00","2020","03","24","10:00","-5.9","","-6.7","","94","","0.0","","28","","5","","","","97.88","","","","-8","","NA"
"-80.80","46.63","SUDBURY CLIMATE","6068145","2020-03-24 11:00","2020","03","24","11:00","-6.2","","-6.8","","96","","0.0","","28","","7","","","","97.92","","","","-10","","NA"
"-80.80","46.63","SUDBURY CLIMATE","6068145","2020-03-24 12:00","2020","03","24","12:00","-5.2","","-6.2","","93","","0.0","","29","","6","","","","97.97","","","","-8","","NA"
"-80.80","46.63","SUDBURY CLIMATE","6068145","2020-03-24 13:00","2020","03","24","13:00","-3.5","","-5.9","","83","","0.0","","27","","5","","","","98.02","","","","-6","","NA"
"-80.80","46.63","SUDBURY CLIMATE","6068145","2020-03-24 14:00","2020","03","24","14:00","-2.3","","-5.6","","78","","0.0","","27","","8","","","","98.06","","","","-5","","NA"
"-80.80","46.63","SUDBURY CLIMATE","6068145","2020-03-24 15:00","2020","03","24","15:00","-0.6","","-4.9","","73","","0.0","","21","","5","","","","98.08","","","","-2","","NA"
"-80.80","46.63","SUDBURY CLIMATE","6068145","2020-03-24 16:00","2020","03","24","16:00","1.3","","-4.1","","67","","0.0","","22","","6","","","","98.05","","","","","","NA"
"-80.80","46.63","SUDBURY CLIMATE","6068145","2020-03-24 17:00","2020","03","24","17:00","2.7","","-5.5","","55","","0.0","","19","","5","","","","97.99","","","","","","NA"
"-80.80","46.63","SUDBURY CLIMATE","6068145","2020-03-24 18:00","2020","03","24","18:00","4.0","","-7.9","","41","","0.0","","22","","2","","","","97.94","","","","","","NA"
"-80.80","46.63","SUDBURY CLIMATE","6068145","2020-03-24 19:00","2020","03","24","19:00","4.8","","-9.1","","36","","0.0","","11","","3","","","","97.87","","","","","","NA"
"-80.80","46.63","SUDBURY CLIMATE","6068145","2020-03-24 20:00","2020","03","24","20:00","4.2","","-7.6","","42","","0.0","","17","","7","","","","97.81","","","","","","NA"
"-80.80","46.63","SUDBURY CLIMATE","6068145","2020-03-24 21:00","2020","03","24","21:00","4.4","","-6.9","","44","","0.0","","20","","8","","","","97.82","","","","","","NA"
"-80.80","46.63","SUDBURY CLIMATE","6068145","2020-03-24 22:00","2020","03","24","22:00","3.3","","-6.1","","50","","0.0","","21","","11","","","","97.81","","","","","","NA"
"-80.80","46.63","SUDBURY CLIMATE","6068145","2020-03-24 23:00","2020","03","24","23:00","3.1","","-7.8","","45","","0.0","","21","","7","","","","97.78","","","","","","NA"
"-80.80","46.63","SUDBURY CLIMATE","6068145","2020-03-25 00:00","2020","03","25","00:00","1.1","","-6.7","","56","","0.0","","16","","11","","","","97.78","","","","","","NA"
"-80.80","46.63","SUDBURY CLIMATE","6068145","2020-03-25 01:00","2020","03","25","01:00","0.4","","-4.2","","71","","0.0","","19","","15","","","","97.75","","","","","","NA"
"-80.80","46.63","SUDBURY CLIMATE","6068145","2020-03-25 02:00","2020","03","25","02:00","-0.4","","-4.7","","73","","0.0","","17","","13","","","","97.72","","","","-5","","NA"
"-80.80","46.63","SUDBURY CLIMATE","6068145","2020-03-25 03:00","2020","03","25","03:00","-2.7","","-6.0","","78","","0.0","","19","","10","","","","97.66","","","","-7","","NA"
"-80.80","46.63","SUDBURY CLIMATE","6068145","2020-03-25 04:00","2020","03","25","04:00","-2.5","","-6.2","","76","","0.0","","20","","10","","","","97.62","","","","-6","","NA"
"-80.80","46.63","SUDBURY CLIMATE","6068145","2020-03-25 05:00","2020","03","25","05:00","-2.4","","-4.7","","84","","0.0","","21","","8","","","","97.58","","","","-6","","NA"
"-80.80","46.63","SUDBURY CLIMATE","6068145","2020-03-25 06:00","2020","03","25","06:00","-3.2","","-5.8","","82","","0.0","","19","","8","","","","97.57","","","","-6","","NA"
"-80.80","46.63","SUDBURY CLIMATE","6068145","2020-03-25 07:00","2020","03","25","07:00","-2.2","","-4.2","","86","","0.0","","16","","11","","","","97.53","","","","-6","","NA"
"-80.80","46.63","SUDBURY CLIMATE","6068145","2020-03-25 08:00","2020","03","25","08:00","-2.2","","-4.0","","87","","0.0","","15","","12","","","","97.44","","","","-6","","NA"
"-80.80","46.63","SUDBURY CLIMATE","6068145","2020-03-25 09:00","2020","03","25","09:00","-1.7","","-3.9","","85","","0.0","","15","","14","","","","97.41","","","","-6","","NA"
"-80.80","46.63","SUDBURY CLIMATE","6068145","2020-03-25 10:00","2020","03","25","10:00","-1.3","","-3.5","","85","","0.0","","16","","13","","","","97.39","","","","-6","","NA"
"-80.80","46.63","SUDBURY CLIMATE","6068145","2020-03-25 11:00","2020","03","25","11:00","-1.2","","-3.2","","86","","0.0","","15","","14","","","","97.37","","","","-6","","NA"
"-80.80","46.63","SUDBURY CLIMATE","6068145","2020-03-25 12:00","2020","03","25","12:00","-1.0","","-3.0","","86","","0.0","","15","","16","","","","97.36","","","","-6","","NA"
"-80.80","46.63","SUDBURY CLIMATE","6068145","2020-03-25 13:00","2020","03","25","13:00","-0.7","","-3.0","","84","","0.0","","16","","16","","","","97.33","","","","-5","","NA"
"-80.80","46.63","SUDBURY CLIMATE","6068145","2020-03-25 14:00","2020","03","25","14:00","1.1","","-3.3","","73","","0.0","","16","","22","","","","97.27","","","","","","NA"
"-80.80","46.63","SUDBURY CLIMATE","6068145","2020-03-25 15:00","2020","03","25","15:00","1.7","","-3.2","","70","","0.0","","17","","24","","","","97.25","","","","","","NA"
"-80.80","46.63","SUDBURY CLIMATE","6068145","2020-03-25 16:00","2020","03","25","16:00","2.2","","-3.2","","68","","0.0","","18","","28","","","","97.22","","","","","","NA"
"-80.80","46.63","SUDBURY CLIMATE","6068145","2020-03-25 17:00","2020","03","25","17:00","2.8","","-3.1","","65","","0.0","","18","","23","","","","97.15","","","","","","NA"
"-80.80","46.63","SUDBURY CLIMATE","6068145","2020-03-25 18:00","2020","03","25","18:00","3.5","","-2.9","","63","","0.0","","20","","24","","","","97.09","","","","","","NA"
"-80.80","46.63","SUDBURY CLIMATE","6068145","2020-03-25 19:00","2020","03","25","19:00","3.0","","-2.2","","69","","0.0","","21","","24","","","","97.05","","","","","","NA"
"-80.80","46.63","SUDBURY CLIMATE","6068145","2020-03-25 20:00","2020","03","25","20:00","3.2","","-2.0","","69","","0.0","","21","","19","","","","97.05","","","","","","NA"
"-80.80","46.63","SUDBURY CLIMATE","6068145","2020-03-25 21:00","2020","03","25","21:00","2.9","","-1.4","","73","","0.0","","22","","16","","","","97.01","","","","","","NA"
"-80.80","46.63","SUDBURY CLIMATE","6068145","2020-03-25 22:00","2020","03","25","22:00","2.4","","-1.2","","77","","0.0","","20","","20","","","","97.02","","","","","","NA"
"-80.80","46.63","SUDBURY CLIMATE","6068145","2020-03-25 23:00","2020","03","25","23:00","2.2","","-1.1","","78","","0.0","","18","","20","","","","97.00","","","","","","NA"
"-80.80","46.63","SUDBURY CLIMATE","6068145","2020-03-26 00:00","2020","03","26","00:00","1.6","","-0.9","","83","","0.0","","19","","19","","","","96.99","","","","","","NA"
"-80.80","46.63","SUDBURY CLIMATE","6068145","2020-03-26 01:00","2020","03","26","01:00","1.3","","-1.0","","85","","0.0","","19","","21","","","","97.00","","","","","","NA"
"-80.80","46.63","SUDBURY CLIMATE","6068145","2020-03-26 02:00","2020","03","26","02:00","1.0","","-1.0","","86","","0.0","","19","","21","","","","96.96","","","","","","NA"
"-80.80","46.63","SUDBURY CLIMATE","6068145","2020-03-26 03:00","2020","03","26","03:00","0.7","","-1.2","","87","","0.0","","20","","18","","","","96.99","","","","","","NA"
"-80.80","46.63","SUDBURY CLIMATE","6068145","2020-03-26 04:00","2020","03","26","04:00","0.3","","-0.7","","93","","0.0","","19","","16","","","","96.96","","","","","","NA"
"-80.80","46.63","SUDBURY CLIMATE","6068145","2020-03-26 05:00","2020","03","26","05:00","-0.1","","-0.4","","98","","0.8","","19","","11","","","","96.93","","","","-4","","NA"
"-80.80","46.63","SUDBURY CLIMATE","6068145","2020-03-26 06:00","2020","03","26","06:00","0.0","","-0.2","","98","","0.8","","21","","7","","","","96.93","","","","-2","","NA"
"-80.80","46.63","SUDBURY CLIMATE","6068145","2020-03-26 07:00","2020","03","26","07:00","0.1","","-0.1","","99","","2.5","","15","","7","","","","96.84","","","","","","NA"
"-80.80","46.63","SUDBURY CLIMATE","6068145","2020-03-26 08:00","2020","03","26","08:00","0.1","","0.0","","99","","0.9","","14","","8","","","","96.79","","","","","","NA"
"-80.80","46.63","SUDBURY CLIMATE","6068145","2020-03-26 09:00","2020","03","26","09:00","0.1","","-0.1","","99","","1.4","","10","","9","","","","96.72","","","","","","NA"
"-80.80","46.63","SUDBURY CLIMATE","6068145","2020-03-26 10:00","2020","03","26","10:00","0.1","","-0.1","","99","","1.1","","5","","5","","","","96.72","","","","","","NA"
"-80.80","46.63","SUDBURY CLIMATE","6068145","2020-03-26 11:00","2020","03","26","11:00","-0.1","","-0.3","","99","","0.4","","3","","10","","","","96.69","","","","-3","","NA"
"-80.80","46.63","SUDBURY CLIMATE","6068145","2020-03-26 12:00","2020","03","26","12:00","-0.1","","-0.2","","99","","0.0","","3","","10","","","","96.69","","","","-3","","NA"
"-80.80","46.63","SUDBURY CLIMATE","6068145","2020-03-26 13:00","2020","03","26","13:00","-0.1","","-0.2","","99","","0.2","","3","","8","","","","96.71","","","","-3","","NA"
"-80.80","46.63","SUDBURY CLIMATE","6068145","2020-03-26 14:00","2020","03","26","14:00","0.1","","0.0","","99","","1.0","","2","","14","","","","96.71","","","","","","NA"
"-80.80","46.63","SUDBURY CLIMATE","6068145","2020-03-26 15:00","2020","03","26","15:00","0.0","","-0.4","","97","","3.5","","1","","16","","","","96.77","","","","-5","","NA"
"-80.80","46.63","SUDBURY CLIMATE","6068145","2020-03-26 16:00","2020","03","26","16:00","-0.1","","-1.7","","89","","0.5","","1","","23","","","","96.78","","","","-6","","NA"
"-80.80","46.63","SUDBURY CLIMATE","6068145","2020-03-26 17:00","2020","03","26","17:00","-0.7","","-2.6","","87","","0.0","","36","","22","","","","96.83","","","","-6","","NA"
"-80.80","46.63","SUDBURY CLIMATE","6068145","2020-03-26 18:00","2020","03","26","18:00","-0.7","","-3.2","","83","","0.0","","36","","22","","","","96.84","","","","-6","","NA"
"-80.80","46.63","SUDBURY CLIMATE","6068145","2020-03-26 19:00","2020","03","26","19:00","-0.8","","-3.5","","82","","0.0","","1","","19","","","","96.92","","","","-6","","NA"
"-80.80","46.63","SUDBURY CLIMATE","6068145","2020-03-26 20:00","2020","03","26","20:00","-0.1","","-3.1","","80","","0.0","","36","","19","","","","96.93","","","","-5","","NA"
"-80.80","46.63","SUDBURY CLIMATE","6068145","2020-03-26 21:00","2020","03","26","21:00","0.0","","-2.9","","81","","0.0","","1","","19","","","","96.93","","","","-5","","NA"
"-80.80","46.63","SUDBURY CLIMATE","6068145","2020-03-26 22:00","2020","03","26","22:00","-0.8","","-2.7","","87","","0.0","","1","","18","","","","96.94","","","","-6","","NA"
"-80.80","46.63","SUDBURY CLIMATE","6068145","2020-03-26 23:00","2020","03","26","23:00","-1.0","","-3.3","","84","","0.0","","1","","14","","","","97.01","","","","-5","","NA"
"-80.80","46.63","SUDBURY CLIMATE","6068145","2020-03-27 00:00","2020","03","27","00:00","-1.9","","-3.7","","87","","0.0","","1","","10","","","","97.07","","","","-6","","NA"
"-80.80","46.63","SUDBURY CLIMATE","6068145","2020-03-27 01:00","2020","03","27","01:00","-3.5","","-5.0","","89","","0.0","","4","","3","","","","97.13","","","","-5","","NA"
"-80.80","46.63","SUDBURY CLIMATE","6068145","2020-03-27 02:00","2020","03","27","02:00","-4.7","","-5.4","","95","","0.0","","","","0","","","","97.16","","","","","","NA"
"-80.80","46.63","SUDBURY CLIMATE","6068145","2020-03-27 03:00","2020","03","27","03:00","-5.6","","-6.4","","94","","0.0","","30","","4","","","","97.19","","","","-7","","NA"
"-80.80","46.63","SUDBURY CLIMATE","6068145","2020-03-27 04:00","2020","03","27","04:00","-5.4","","-5.9","","96","","0.0","","34","","4","","","","97.20","","","","-7","","NA"
"-80.80","46.63","SUDBURY CLIMATE","6068145","2020-03-27 05:00","2020","03","27","05:00","-7.2","","-8.1","","94","","0.0","","35","","4","","","","97.24","","","","-9","","NA"
"-80.80","46.63","SUDBURY CLIMATE","6068145","2020-03-27 06:00","2020","03","27","06:00","-6.8","","-7.4","","96","","0.0","","1","","7","","","","97.29","","","","-10","","NA"
"-80.80","46.63","SUDBURY CLIMATE","6068145","2020-03-27 07:00","2020","03","27","07:00","-6.7","","-7.2","","96","","0.0","","3","","8","","","","97.30","","","","-11","","NA"
"-80.80","46.63","SUDBURY CLIMATE","6068145","2020-03-27 08:00","2020","03","27","08:00","-7.1","","-8.1","","92","","0.0","","2","","10","","","","97.30","","","","-12","","NA"
"-80.80","46.63","SUDBURY CLIMATE","6068145","2020-03-27 09:00","2020","03","27","09:00","-7.5","","-9.0","","89","","0.0","","3","","11","","","","97.31","","","","-13","","NA"
"-80.80","46.63","SUDBURY CLIMATE","6068145","2020-03-27 10:00","2020","03","27","10:00","-8.0","","-10.0","","86","","0.0","","3","","12","","","","97.32","","","","-13","","NA"
"-80.80","46.63","SUDBURY CLIMATE","6068145","2020-03-27 11:00","2020","03","27","11:00","-9.3","","-10.6","","90","","0.0","","4","","11","","","","97.33","","","","-15","","NA"
"-80.80","46.63","SUDBURY CLIMATE","6068145","2020-03-27 12:00","2020","03","27","12:00","-8.3","","-10.2","","86","","0.0","","3","","8","","","","97.42","","","","-12","","NA"
"-80.80","46.63","SUDBURY CLIMATE","6068145","2020-03-27 13:00","2020","03","27","13:00","-7.4","","-10.3","","80","","0.0","","3","","9","","","","97.46","","","","-12","","NA"
"-80.80","46.63","SUDBURY CLIMATE","6068145","2020-03-27 14:00","2020","03","27","14:00","-3.5","","-7.8","","72","","0.0","","","","0","","","","97.54","","","","","","NA"
"-80.80","46.63","SUDBURY CLIMATE","6068145","2020-03-27 15:00","2020","03","27","15:00","-2.7","","-9.2","","61","","0.0","","24","","4","","","","97.55","","","","-4","","NA"
"-80.80","46.63","SUDBURY CLIMATE","6068145","2020-03-27 16:00","2020","03","27","16:00","-0.9","","-9.3","","53","","0.0","","23","","4","","","","97.57","","","","-2","","NA"
"-80.80","46.63","SUDBURY CLIMATE","6068145","2020-03-27 17:00","2020","03","27","17:00","0.8","","-12.9","","35","","0.0","","21","","3","","","","97.55","","","","","","NA"
"-80.80","46.63","SUDBURY CLIMATE","6068145","2020-03-27 18:00","2020","03","27","18:00","1.9","","-12.4","","34","","0.0","","21","","3","","","","97.54","","","","","","NA"
"-80.80","46.63","SUDBURY CLIMATE","6068145","2020-03-27 19:00","2020","03","27","19:00","4.2","","-14.9","","23","","0.0","","","","0","","","","97.49","","","","","","NA"
"-80.80","46.63","SUDBURY CLIMATE","6068145","2020-03-27 20:00","2020","03","27","20:00","4.2","","-13.8","","25","","0.0","","21","","3","","","","97.46","","","","","","NA"
"-80.80","46.63","SUDBURY CLIMATE","6068145","2020-03-27 21:00","2020","03","27","21:00","4.7","","-9.7","","35","","0.0","","15","","4","","","","97.48","","","","","","NA"
"-80.80","46.63","SUDBURY CLIMATE","6068145","2020-03-27 22:00","2020","03","27","22:00","3.9","","-9.4","","37","","0.0","","19","","4","","","","97.47","","","","","","NA"
"-80.80","46.63","SUDBURY CLIMATE","6068145","2020-03-27 23:00","2020","03","27","23:00","3.1","","-8.3","","43","","0.0","","13","","7","","","","97.46","","","","","","NA"
"-80.80","46.63","SUDBURY CLIMATE","6068145","2020-03-28 00:00","2020","03","28","00:00","1.2","","-8.4","","49","","0.0","","14","","6","","","","97.48","","","","","","NA"
"-80.80","46.63","SUDBURY CLIMATE","6068145","2020-03-28 01:00","2020","03","28","01:00","1.2","","-9.8","","44","","0.0","","15","","9","","","","97.48","","","","","","NA"
"-80.80","46.63","SUDBURY CLIMATE","6068145","2020-03-28 02:00","2020","03","28","02:00","0.2","","-8.9","","50","","0.0","","17","","16","","","","97.56","","","","","","NA"
"-80.80","46.63","SUDBURY CLIMATE","6068145","2020-03-28 03:00","2020","03","28","03:00","-1.0","","-8.2","","58","","0.0","","18","","10","","","","97.50","","","","-5","","NA"
"-80.80","46.63","SUDBURY CLIMATE","6068145","2020-03-28 04:00","2020","03","28","04:00","-2.7","","-7.3","","71","","0.0","","19","","10","","","","97.52","","","","-7","","NA"
"-80.80","46.63","SUDBURY CLIMATE","6068145","2020-03-28 05:00","2020","03","28","05:00","-2.7","","-7.2","","71","","0.0","","18","","7","","","","97.50","","","","-6","","NA"
"-80.80","46.63","SUDBURY CLIMATE","6068145","2020-03-28 06:00","2020","03","28","06:00","-3.5","","-7.9","","72","","0.0","","11","","6","","","","97.42","","","","-6","","NA"
"-80.80","46.63","SUDBURY CLIMATE","6068145","2020-03-28 07:00","2020","03","28","07:00","-3.6","","-8.1","","71","","0.0","","7","","4","","","","97.44","","","","-5","","NA"
"-80.80","46.63","SUDBURY CLIMATE","6068145","2020-03-28 08:00","2020","03","28","08:00","-2.7","","-10.6","","54","","0.0","","12","","11","","","","97.37","","","","-7","","NA"
"-80.80","46.63","SUDBURY CLIMATE","6068145","2020-03-28 09:00","2020","03","28","09:00","-2.5","","-10.9","","52","","0.0","","11","","11","","","","97.39","","","","-7","","NA"
"-80.80","46.63","SUDBURY CLIMATE","6068145","2020-03-28 10:00","2020","03","28","10:00","-3.9","","-9.2","","67","","0.0","","8","","5","","","","97.40","","","","-6","","NA"
"-80.80","46.63","SUDBURY CLIMATE","6068145","2020-03-28 11:00","2020","03","28","11:00","-1.8","","-10.1","","53","","0.0","","12","","13","","","","97.41","","","","-6","","NA"
"-80.80","46.63","SUDBURY CLIMATE","6068145","2020-03-28 12:00","2020","03","28","12:00","-1.4","","-9.5","","54","","0.0","","10","","10","","","","97.45","","","","-5","","NA"
"-80.80","46.63","SUDBURY CLIMATE","6068145","2020-03-28 13:00","2020","03","28","13:00","-3.4","","-7.4","","74","","0.0","","8","","7","","","","97.41","","","","-6","","NA"
"-80.80","46.63","SUDBURY CLIMATE","6068145","2020-03-28 14:00","2020","03","28","14:00","-2.2","","-7.2","","69","","0.0","","5","","8","","","","97.45","","","","-5","","NA"
"-80.80","46.63","SUDBURY CLIMATE","6068145","2020-03-28 15:00","2020","03","28","15:00","0.7","","-6.3","","59","","0.0","","13","","13","","","","97.43","","","","","","NA"
"-80.80","46.63","SUDBURY CLIMATE","6068145","2020-03-28 16:00","2020","03","28","16:00","0.9","","-6.3","","59","","0.0","","5","","6","","","","97.48","","","","","","NA"
"-80.80","46.63","SUDBURY CLIMATE","6068145","2020-03-28 17:00","2020","03","28","17:00","2.3","","-5.7","","55","","0.0","","5","","7","","","","97.40","","","","","","NA"
"-80.80","46.63","SUDBURY CLIMATE","6068145","2020-03-28 18:00","2020","03","28","18:00","3.7","","-4.9","","53","","0.0","","3","","10","","","","97.38","","","","","","NA"
"-80.80","46.63","SUDBURY CLIMATE","6068145","2020-03-28 19:00","2020","03","28","19:00","6.5","","-4.4","","46","","0.0","","3","","8","","","","97.36","","","","","","NA"
"-80.80","46.63","SUDBURY CLIMATE","6068145","2020-03-28 20:00","2020","03","28","20:00","5.0","","-3.6","","54","","0.0","","4","","11","","","","97.34","","","","","","NA"
"-80.80","46.63","SUDBURY CLIMATE","6068145","2020-03-28 21:00","2020","03","28","21:00","7.3","","-3.6","","46","","0.0","","3","","15","","","","97.31","","","","","","NA"
"-80.80","46.63","SUDBURY CLIMATE","6068145","2020-03-28 22:00","2020","03","28","22:00","4.5","","-2.5","","60","","0.0","","4","","11","","","","97.30","","","","","","NA"
"-80.80","46.63","SUDBURY CLIMATE","6068145","2020-03-28 23:00","2020","03","28","23:00","5.2","","-2.9","","56","","0.0","","5","","10","","","","97.37","","","","","","NA"
"-80.80","46.63","SUDBURY CLIMATE","6068145","2020-03-29 00:00","2020","03","29","00:00","5.4","","-2.7","","56","","0.0","","5","","14","","","","97.41","","","","","","NA"
"-80.80","46.63","SUDBURY CLIMATE","6068145","2020-03-29 01:00","2020","03","29","01:00","5.1","","-3.0","","56","","0.0","","8","","12","","","","97.44","","","","","","NA"
"-80.80","46.63","SUDBURY CLIMATE","6068145","2020-03-29 02:00","2020","03","29","02:00","5.2","","-4.6","","49","","0.0","","7","","13","","","","97.42","","","","","","NA"
"-80.80","46.63","SUDBURY CLIMATE","6068145","2020-03-29 03:00","2020","03","29","03:00","4.6","","-5.2","","49","","0.0","","8","","16","","","","97.38","","","","","","NA"
"-80.80","46.63","SUDBURY CLIMATE","6068145","2020-03-29 04:00","2020","03","29","04:00","4.1","","-6.3","","47","","0.0","","8","","19","","","","97.30","","","","","","NA"
"-80.80","46.63","SUDBURY CLIMATE","6068145","2020-03-29 05:00","2020","03","29","05:00","3.8","","-6.8","","46","","0.0","","9","","18","","","","97.19","","","","","","NA"
"-80.80","46.63","SUDBURY CLIMATE","6068145","2020-03-29 06:00","2020","03","29","06:00","3.8","","-6.2","","48","","0.0","","8","","19","","","","97.13","","","","","","NA"
"-80.80","46.63","SUDBURY CLIMATE","6068145","2020-03-29 07:00","2020","03","29","07:00","3.5","","-5.1","","53","","0.0","","8","","19","","","","96.98","","","","","","NA"
"-80.80","46.63","SUDBURY CLIMATE","6068145","2020-03-29 08:00","2020","03","29","08:00","3.4","","-4.4","","56","","0.0","","9","","19","","","","96.88","","","","","","NA"
"-80.80","46.63","SUDBURY CLIMATE","6068145","2020-03-29 09:00","2020","03","29","09:00","3.3","","-3.8","","60","","0.0","","9","","19","","","","96.83","","","","","","NA"
"-80.80","46.63","SUDBURY CLIMATE","6068145","2020-03-29 10:00","2020","03","29","10:00","2.3","","-2.3","","72","","0.0","","8","","17","","","","96.75","","","","","","NA"
"-80.80","46.63","SUDBURY CLIMATE","6068145","2020-03-29 11:00","2020","03","29","11:00","1.5","","-2.0","","77","","0.3","","6","","21","","","","96.56","","","","","","NA"
"-80.80","46.63","SUDBURY CLIMATE","6068145","2020-03-29 12:00","2020","03","29","12:00","1.6","","-1.1","","82","","0.7","","7","","26","","","","96.40","","","","","","NA"
"-80.80","46.63","SUDBURY CLIMATE","6068145","2020-03-29 13:00","2020","03","29","13:00","1.7","","0.5","","92","","1.2","","8","","26","","","","96.29","","","","","","NA"
"-80.80","46.63","SUDBURY CLIMATE","6068145","2020-03-29 14:00","2020","03","29","14:00","2.2","","1.6","","96","","2.3","","8","","24","","","","96.18","","","","","","NA"
"-80.80","46.63","SUDBURY CLIMATE","6068145","2020-03-29 15:00","2020","03","29","15:00","2.6","","2.1","","97","","3.4","","9","","22","","","","96.05","","","","","","NA"
"-80.80","46.63","SUDBURY CLIMATE","6068145","2020-03-29 16:00","2020","03","29","16:00","2.2","","1.5","","95","","3.0","","9","","24","","","","95.94","","","","","","NA"
"-80.80","46.63","SUDBURY CLIMATE","6068145","2020-03-29 17:00","2020","03","29","17:00","2.2","","1.6","","96","","0.6","","8","","23","","","","95.83","","","","","","NA"
"-80.80","46.63","SUDBURY CLIMATE","6068145","2020-03-29 18:00","2020","03","29","18:00","2.5","","2.0","","97","","0.2","","7","","20","","","","95.80","","","","","","NA"
"-80.80","46.63","SUDBURY CLIMATE","6068145","2020-03-29 19:00","2020","03","29","19:00","2.7","","2.1","","96","","0.2","","8","","17","","","","95.82","","","","","","NA"
"-80.80","46.63","SUDBURY CLIMATE","6068145","2020-03-29 20:00","2020","03","29","20:00","2.8","","2.2","","96","","0.3","","8","","15","","","","95.80","","","","","","NA"
"-80.80","46.63","SUDBURY CLIMATE","6068145","2020-03-29 21:00","2020","03","29","21:00","3.0","","2.5","","96","","0.0","","9","","15","","","","95.80","","","","","","NA"
"-80.80","46.63","SUDBURY CLIMATE","6068145","2020-03-29 22:00","2020","03","29","22:00","2.9","","2.7","","98","","0.0","","8","","13","","","","95.83","","","","","","NA"
"-80.80","46.63","SUDBURY CLIMATE","6068145","2020-03-29 23:00","2020","03","29","23:00","3.0","","2.8","","99","","0.0","","8","","13","","","","95.88","","","","","","NA"
"-80.80","46.63","SUDBURY CLIMATE","6068145","2020-03-30 00:00","2020","03","30","00:00","3.0","","2.8","","99","","0.0","","9","","10","","","","95.89","","","","","","NA"
"-80.80","46.63","SUDBURY CLIMATE","6068145","2020-03-30 01:00","2020","03","30","01:00","2.8","","2.7","","99","","0.0","","13","","7","","","","95.94","","","","","","NA"
"-80.80","46.63","SUDBURY CLIMATE","6068145","2020-03-30 02:00","2020","03","30","02:00","2.9","","2.8","","99","","0.2","","18","","8","","","","95.97","","","","","","NA"
"-80.80","46.63","SUDBURY CLIMATE","6068145","2020-03-30 03:00","2020","03","30","03:00","2.9","","2.8","","100","","0.0","","18","","14","","","","96.01","","","","","","NA"
"-80.80","46.63","SUDBURY CLIMATE","6068145","2020-03-30 04:00","2020","03","30","04:00","2.6","","2.5","","100","","0.0","","16","","16","","","","96.02","","","","","","NA"
"-80.80","46.63","SUDBURY CLIMATE","6068145","2020-03-30 05:00","2020","03","30","05:00","2.0","","1.9","","100","","0.2","","16","","14","","","","96.04","","","","","","NA"
"-80.80","46.63","SUDBURY CLIMATE","6068145","2020-03-30 06:00","2020","03","30","06:00","1.7","","1.7","","100","","0.0","","15","","12","","","","96.05","","","","","","NA"
"-80.80","46.63","SUDBURY CLIMATE","6068145","2020-03-30 07:00","2020","03","30","07:00","1.7","","1.6","","100","","0.2","","15","","9","","","","96.05","","","","","","NA"
"-80.80","46.63","SUDBURY CLIMATE","6068145","2020-03-30 08:00","2020","03","30","08:00","1.8","","1.8","","100","","0.3","","3","","4","","","","96.08","","","","","","NA"
"-80.80","46.63","SUDBURY CLIMATE","6068145","2020-03-30 09:00","2020","03","30","09:00","1.4","","1.4","","100","","0.2","","1","","10","","","","96.16","","","","","","NA"
"-80.80","46.63","SUDBURY CLIMATE","6068145","2020-03-30 10:00","2020","03","30","10:00","1.1","","1.1","","100","","0.2","","1","","15","","","","96.25","","","","","","NA"
"-80.80","46.63","SUDBURY CLIMATE","6068145","2020-03-30 11:00","2020","03","30","11:00","0.8","","0.8","","100","","0.0","","1","","18","","","","96.35","","","","","","NA"
"-80.80","46.63","SUDBURY CLIMATE","6068145","2020-03-30 12:00","2020","03","30","12:00","0.6","","0.6","","100","","0.2","","1","","17","","","","96.46","","","","","","NA"
"-80.80","46.63","SUDBURY CLIMATE","6068145","2020-03-30 13:00","2020","03","30","13:00","0.7","","0.6","","99","","0.0","","1","","16","","","","96.55","","","","","","NA"
"-80.80","46.63","SUDBURY CLIMATE","6068145","2020-03-30 14:00","2020","03","30","14:00","1.4","","1.0","","98","","0.0","","1","","20","","","","96.64","","","","","","NA"
"-80.80","46.63","SUDBURY CLIMATE","6068145","2020-03-30 15:00","2020","03","30","15:00","1.9","","0.5","","90","","0.0","","2","","24","","","","96.73","","","","","","NA"
"-80.80","46.63","SUDBURY CLIMATE","6068145","2020-03-30 16:00","2020","03","30","16:00","2.1","","0.4","","89","","0.0","","1","","21","","","","96.82","","","","","","NA"
"-80.80","46.63","SUDBURY CLIMATE","6068145","2020-03-30 17:00","2020","03","30","17:00","2.5","","0.7","","88","","0.0","","1","","21","","","","96.92","","","","","","NA"
"-80.80","46.63","SUDBURY CLIMATE","6068145","2020-03-30 18:00","2020","03","30","18:00","3.0","","0.6","","85","","0.0","","1","","20","","","","96.99","","","","","","NA"
"-80.80","46.63","SUDBURY CLIMATE","6068145","2020-03-30 19:00","2020","03","30","19:00","2.8","","0.8","","87","","0.0","","1","","23","","","","97.08","","","","","","NA"
"-80.80","46.63","SUDBURY CLIMATE","6068145","2020-03-30 20:00","2020","03","30","20:00","2.9","","0.4","","84","","0.0","","1","","18","","","","97.14","","","","","","NA"
"-80.80","46.63","SUDBURY CLIMATE","6068145","2020-03-30 21:00","2020","03","30","21:00","3.1","","0.2","","82","","0.0","","2","","24","","","","97.22","","","","","","NA"
"-80.80","46.63","SUDBURY CLIMATE","6068145","2020-03-30 22:00","2020","03","30","22:00","2.5","","0.0","","83","","0.0","","2","","24","","","","97.30","","","","","","NA"
"-80.80","46.63","SUDBURY CLIMATE","6068145","2020-03-30 23:00","2020","03","30","23:00","2.4","","-0.1","","84","","0.0","","1","","17","","","","97.42","","","","","","NA"
"-80.80","46.63","SUDBURY CLIMATE","6068145","2020-03-31 00:00","2020","03","31","00:00","2.0","","0.2","","88","","0.0","","1","","20","","","","97.49","","","","","","NA"
"-80.80","46.63","SUDBURY CLIMATE","6068145","2020-03-31 01:00","2020","03","31","01:00","1.9","","0.2","","88","","0.0","","1","","16","","","","97.56","","","","","","NA"
"-80.80","46.63","SUDBURY CLIMATE","6068145","2020-03-31 02:00","2020","03","31","02:00","1.9","","0.1","","88","","0.0","","1","","17","","","","97.63","","","","","","NA"
"-80.80","46.63","SUDBURY CLIMATE","6068145","2020-03-31 03:00","2020","03","31","03:00","1.8","","0.2","","89","","0.0","","36","","17","","","","97.67","","","","","","NA"
"-80.80","46.63","SUDBURY CLIMATE","6068145","2020-03-31 04:00","2020","03","31","04:00","1.7","","0.2","","90","","0.0","","1","","20","","","","97.66","","","","","","NA"
"-80.80","46.63","SUDBURY CLIMATE","6068145","2020-03-31 05:00","2020","03","31","05:00","1.5","","0.2","","92","","0.0","","1","","19","","","","97.65","","","","","","NA"
"-80.80","46.63","SUDBURY CLIMATE","6068145","2020-03-31 06:00","2020","03","31","06:00","1.1","","0.5","","96","","0.0","","2","","20","","","","97.66","","","","","","NA"
"-80.80","46.63","SUDBURY CLIMATE","6068145","2020-03-31 07:00","2020","03","31","07:00","1.1","","0.4","","95","","0.0","","1","","17","","","","97.69","","","","","","NA"
"-80.80","46.63","SUDBURY CLIMATE","6068145","2020-03-31 08:00","2020","03","31","08:00","0.9","","0.3","","96","","0.0","","1","","17","","","","97.71","","","","","","NA"
"-80.80","46.63","SUDBURY CLIMATE","6068145","2020-03-31 09:00","2020","03","31","09:00","1.0","","0.3","","95","","0.0","","2","","15","","","","97.76","","","","","","NA"
"-80.80","46.63","SUDBURY CLIMATE","6068145","2020-03-31 10:00","2020","03","31","10:00","0.9","","0.4","","96","","0.0","","2","","15","","","","97.77","","","","","","NA"
"-80.80","46.63","SUDBURY CLIMATE","6068145","2020-03-31 11:00","2020","03","31","11:00","0.7","","0.4","","98","","0.0","","3","","19","","","","97.79","","","","","","NA"
"-80.80","46.63","SUDBURY CLIMATE","6068145","2020-03-31 12:00","2020","03","31","12:00","0.6","","0.4","","99","","0.0","","3","","20","","","","97.81","","","","","","NA"
"-80.80","46.63","SUDBURY CLIMATE","6068145","2020-03-31 13:00","2020","03","31","13:00","0.8","","0.6","","99","","0.0","","3","","19","","","","97.82","","","","","","NA"
"-80.80","46.63","SUDBURY CLIMATE","6068145","2020-03-31 14:00","2020","03","31","14:00","1.3","","0.7","","96","","0.0","","3","","16","","","","97.81","","","","","","NA"
"-80.80","46.63","SUDBURY CLIMATE","6068145","2020-03-31 15:00","2020","03","31","15:00","1.8","","0.3","","90","","0.0","","5","","22","","","","97.79","","","","","","NA"
"-80.80","46.63","SUDBURY CLIMATE","6068145","2020-03-31 16:00","2020","03","31","16:00","2.2","","0.2","","87","","0.0","","4","","19","","","","97.78","","","","","","NA"
"-80.80","46.63","SUDBURY CLIMATE","6068145","2020-03-31 17:00","2020","03","31","17:00","2.8","","0.4","","84","","0.0","","3","","16","","","","97.75","","","","","","NA"
"-80.80","46.63","SUDBURY CLIMATE","6068145","2020-03-31 18:00","2020","03","31","18:00","2.9","","0.4","","84","","0.0","","4","","19","","","","97.76","","","","","","NA"
"-80.80","46.63","SUDBURY CLIMATE","6068145","2020-03-31 19:00","2020","03","31","19:00","3.6","","0.4","","80","","0.0","","4","","18","","","","97.73","","","","","","NA"
"-80.80","46.63","SUDBURY CLIMATE","6068145","2020-03-31 20:00","2020","03","31","20:00","2.5","","0.7","","88","","0.0","","3","","25","","","","97.71","","","","","","NA"
"-80.80","46.63","SUDBURY CLIMATE","6068145","2020-03-31 21:00","2020","03","31","21:00","2.0","","1.0","","93","","0.0","","2","","19","","","","97.72","","","","","","NA"
"-80.80","46.63","SUDBURY CLIMATE","6068145","2020-03-31 22:00","2020","03","31","22:00","2.3","","0.7","","89","","0.0","","3","","15","","","","97.72","","","","","","NA"
"-80.80","46.63","SUDBURY CLIMATE","6068145","2020-03-31 23:00","2020","03","31","23:00","2.9","","0.5","","85","","0.0","","3","","13","","","","97.72","","","","","","NA"
