"Longitude (x)","Latitude (y)","Station Name","Climate ID","Date/Time (UTC)","Year","Month","Day","Time (UTC)","Temp (°C)","Temp Flag","Dew Point Temp (°C)","Dew Point Temp Flag","Rel Hum (%)","Rel Hum Flag","Precip. Amount (mm)","Precip. Amount Flag","Wind Dir (10s deg)","Wind Dir Flag","Wind Spd (km/h)","Wind Spd Flag","Visibility (km)","Visibility Flag","Stn Press (kPa)","Stn Press Flag","Hmdx","Hmdx Flag","Wind Chill","Wind Chill Flag","Weather"
"-80.80","46.63","SUDBURY CLIMATE","6068145","2020-06-01 00:00","2020","06","01","00:00","9.5","","5.3","","75","","0.0","","24","","10","","","","97.93","","","","","","NA"
"-80.80","46.63","SUDBURY CLIMATE","6068145","2020-06-01 01:00","2020","06","01","01:00","8.1","","5.5","","84","","0.0","","24","","4","","","","97.94","","","","","","NA"
"-80.80","46.63","SUDBURY CLIMATE","6068145","2020-06-01 02:00","2020","06","01","02:00","6.4","","5.3","","92","","0.0","","23","","10","","","","98.00","","","","","","NA"
"-80.80","46.63","SUDBURY CLIMATE","6068145","2020-06-01 03:00","2020","06","01","03:00","5.6","","5.1","","96","","0.0","","23","","9","","","","98.01","","","","","","NA"
"-80.80","46.63","SUDBURY CLIMATE","6068145","2020-06-01 04:00","2020","06","01","04:00","5.5","","5.2","","98","","0.0","","24","","10","","","","97.98","","","","","","NA"
"-80.80","46.63","SUDBURY CLIMATE","6068145","2020-06-01 05:00","2020","06","01","05:00","5.3","","4.9","","98","","0.0","","26","","6","","","","97.98","","","","","","NA"
"-80.80","46.63","SUDBURY CLIMATE","6068145","2020-06-01 06:00","2020","06","01","06:00","5.0","","4.4","","96","","0.0","","24","","8","","","","97.93","","","","","","NA"
"-80.80","46.63","SUDBURY CLIMATE","6068145","2020-06-01 07:00","2020","06","01","07:00","5.0","","4.7","","98","","0.0","","24","","10","","","","97.94","","","","","","NA"
"-80.80","46.63","SUDBURY CLIMATE","6068145","2020-06-01 08:00","2020","06","01","08:00","4.4","","4.1","","98","","0.0","","23","","9","","","","97.93","","","","","","NA"
"-80.80","46.63","SUDBURY CLIMATE","6068145","2020-06-01 09:00","2020","06","01","09:00","4.9","","4.7","","99","","0.0","","24","","5","","","","97.93","","","","","","NA"
"-80.80","46.63","SUDBURY CLIMATE","6068145","2020-06-01 10:00","2020","06","01","10:00","6.4","","5.5","","94","","0.0","","22","","15","","","","97.88","","","","","","NA"
"-80.80","46.63","SUDBURY CLIMATE","6068145","2020-06-01 11:00","2020","06","01","11:00","6.8","","5.8","","93","","0.0","","25","","2","","","","97.88","","","","","","NA"
"-80.80","46.63","SUDBURY CLIMATE","6068145","2020-06-01 12:00","2020","06","01","12:00","7.8","","6.4","","91","","0.0","","22","","12","","","","97.83","","","","","","NA"
"-80.80","46.63","SUDBURY CLIMATE","6068145","2020-06-01 13:00","2020","06","01","13:00","10.3","","5.8","","73","","0.0","","23","","18","","","","97.77","","","","","","NA"
"-80.80","46.63","SUDBURY CLIMATE","6068145","2020-06-01 14:00","2020","06","01","14:00","13.4","","6.2","","62","","0.0","","24","","18","","","","97.71","","","","","","NA"
"-80.80","46.63","SUDBURY CLIMATE","6068145","2020-06-01 15:00","2020","06","01","15:00","16.1","","4.9","","47","","0.0","","25","","21","","","","97.66","","","","","","NA"
"-80.80","46.63","SUDBURY CLIMATE","6068145","2020-06-01 16:00","2020","06","01","16:00","18.6","","4.2","","39","","0.0","","27","","22","","","","97.59","","","","","","NA"
"-80.80","46.63","SUDBURY CLIMATE","6068145","2020-06-01 17:00","2020","06","01","17:00","20.7","","4.9","","35","","0.0","","29","","11","","","","97.54","","","","","","NA"
"-80.80","46.63","SUDBURY CLIMATE","6068145","2020-06-01 18:00","2020","06","01","18:00","20.4","","3.9","","34","","0.0","","29","","15","","","","97.51","","","","","","NA"
"-80.80","46.63","SUDBURY CLIMATE","6068145","2020-06-01 19:00","2020","06","01","19:00","21.7","","2.8","","29","","0.0","","29","","19","","","","97.46","","","","","","NA"
"-80.80","46.63","SUDBURY CLIMATE","6068145","2020-06-01 20:00","2020","06","01","20:00","22.2","","4.4","","31","","0.0","","30","","11","","","","97.42","","","","","","NA"
"-80.80","46.63","SUDBURY CLIMATE","6068145","2020-06-01 21:00","2020","06","01","21:00","22.7","","5.4","","32","","0.0","","30","","10","","","","97.38","","","","","","NA"
"-80.80","46.63","SUDBURY CLIMATE","6068145","2020-06-01 22:00","2020","06","01","22:00","20.2","","7.7","","44","","0.0","","23","","15","","","","97.36","","","","","","NA"
"-80.80","46.63","SUDBURY CLIMATE","6068145","2020-06-01 23:00","2020","06","01","23:00","19.5","","5.4","","40","","0.0","","23","","20","","","","97.33","","","","","","NA"
"-80.80","46.63","SUDBURY CLIMATE","6068145","2020-06-02 00:00","2020","06","02","00:00","18.2","","5.5","","43","","0.0","","23","","16","","","","97.34","","","","","","NA"
"-80.80","46.63","SUDBURY CLIMATE","6068145","2020-06-02 01:00","2020","06","02","01:00","16.1","","6.6","","53","","0.0","","22","","12","","","","97.32","","","","","","NA"
"-80.80","46.63","SUDBURY CLIMATE","6068145","2020-06-02 02:00","2020","06","02","02:00","15.2","","7.2","","59","","0.0","","20","","12","","","","97.34","","","","","","NA"
"-80.80","46.63","SUDBURY CLIMATE","6068145","2020-06-02 03:00","2020","06","02","03:00","14.9","","7.0","","59","","0.0","","21","","11","","","","97.30","","","","","","NA"
"-80.80","46.63","SUDBURY CLIMATE","6068145","2020-06-02 04:00","2020","06","02","04:00","14.9","","7.1","","60","","0.0","","22","","12","","","","97.26","","","","","","NA"
"-80.80","46.63","SUDBURY CLIMATE","6068145","2020-06-02 05:00","2020","06","02","05:00","13.6","","7.9","","68","","0.0","","21","","8","","","","97.22","","","","","","NA"
"-80.80","46.63","SUDBURY CLIMATE","6068145","2020-06-02 06:00","2020","06","02","06:00","13.3","","8.0","","70","","0.0","","19","","9","","","","97.16","","","","","","NA"
"-80.80","46.63","SUDBURY CLIMATE","6068145","2020-06-02 07:00","2020","06","02","07:00","11.5","","9.6","","88","","0.5","","23","","7","","","","97.23","","","","","","NA"
"-80.80","46.63","SUDBURY CLIMATE","6068145","2020-06-02 08:00","2020","06","02","08:00","10.8","","10.4","","97","","0.7","","25","","5","","","","97.15","","","","","","NA"
"-80.80","46.63","SUDBURY CLIMATE","6068145","2020-06-02 09:00","2020","06","02","09:00","11.2","","11.0","","99","","0.7","","15","","9","","","","97.05","","","","","","NA"
"-80.80","46.63","SUDBURY CLIMATE","6068145","2020-06-02 10:00","2020","06","02","10:00","11.1","","11.0","","99","","0.2","","17","","17","","","","96.99","","","","","","NA"
"-80.80","46.63","SUDBURY CLIMATE","6068145","2020-06-02 11:00","2020","06","02","11:00","11.0","","10.8","","99","","0.2","","18","","17","","","","96.96","","","","","","NA"
"-80.80","46.63","SUDBURY CLIMATE","6068145","2020-06-02 12:00","2020","06","02","12:00","11.6","","11.5","","99","","0.2","","19","","17","","","","96.94","","","","","","NA"
"-80.80","46.63","SUDBURY CLIMATE","6068145","2020-06-02 13:00","2020","06","02","13:00","11.8","","11.6","","99","","0.0","","19","","20","","","","96.89","","","","","","NA"
"-80.80","46.63","SUDBURY CLIMATE","6068145","2020-06-02 14:00","2020","06","02","14:00","12.3","","11.9","","98","","0.0","","20","","20","","","","96.83","","","","","","NA"
"-80.80","46.63","SUDBURY CLIMATE","6068145","2020-06-02 15:00","2020","06","02","15:00","12.9","","11.8","","93","","0.0","","20","","17","","","","96.78","","","","","","NA"
"-80.80","46.63","SUDBURY CLIMATE","6068145","2020-06-02 16:00","2020","06","02","16:00","13.4","","11.7","","89","","0.0","","22","","15","","","","96.75","","","","","","NA"
"-80.80","46.63","SUDBURY CLIMATE","6068145","2020-06-02 17:00","2020","06","02","17:00","15.0","","12.3","","83","","0.0","","20","","15","","","","96.68","","","","","","NA"
"-80.80","46.63","SUDBURY CLIMATE","6068145","2020-06-02 18:00","2020","06","02","18:00","16.6","","13.5","","82","","0.0","","19","","19","","","","96.57","","","","","","NA"
"-80.80","46.63","SUDBURY CLIMATE","6068145","2020-06-02 19:00","2020","06","02","19:00","15.8","","12.6","","81","","0.0","","19","","13","","","","96.55","","","","","","NA"
"-80.80","46.63","SUDBURY CLIMATE","6068145","2020-06-02 20:00","2020","06","02","20:00","15.4","","13.8","","90","","0.2","","19","","8","","","","96.55","","","","","","NA"
"-80.80","46.63","SUDBURY CLIMATE","6068145","2020-06-02 21:00","2020","06","02","21:00","16.7","","14.6","","87","","9.6","","16","","10","","","","96.50","","","","","","NA"
"-80.80","46.63","SUDBURY CLIMATE","6068145","2020-06-02 22:00","2020","06","02","22:00","18.0","","14.5","","80","","0.0","","14","","8","","","","96.46","","","","","","NA"
"-80.80","46.63","SUDBURY CLIMATE","6068145","2020-06-02 23:00","2020","06","02","23:00","17.8","","14.6","","82","","0.0","","17","","13","","","","96.43","","","","","","NA"
"-80.80","46.63","SUDBURY CLIMATE","6068145","2020-06-03 00:00","2020","06","03","00:00","17.1","","14.6","","85","","0.0","","15","","11","","","","96.44","","","","","","NA"
"-80.80","46.63","SUDBURY CLIMATE","6068145","2020-06-03 01:00","2020","06","03","01:00","15.8","","14.6","","93","","0.0","","7","","6","","","","96.50","","","","","","NA"
"-80.80","46.63","SUDBURY CLIMATE","6068145","2020-06-03 02:00","2020","06","03","02:00","13.8","","13.6","","98","","0.0","","3","","8","","","","96.47","","","","","","NA"
"-80.80","46.63","SUDBURY CLIMATE","6068145","2020-06-03 03:00","2020","06","03","03:00","13.9","","13.8","","100","","0.0","","2","","8","","","","96.48","","","","","","NA"
"-80.80","46.63","SUDBURY CLIMATE","6068145","2020-06-03 04:00","2020","06","03","04:00","14.0","","14.0","","100","","0.0","","31","","4","","","","96.46","","","","","","NA"
"-80.80","46.63","SUDBURY CLIMATE","6068145","2020-06-03 05:00","2020","06","03","05:00","13.1","","13.0","","100","","0.0","","12","","4","","","","96.46","","","","","","NA"
"-80.80","46.63","SUDBURY CLIMATE","6068145","2020-06-03 06:00","2020","06","03","06:00","13.2","","13.2","","100","","0.0","","27","","4","","","","96.43","","","","","","NA"
"-80.80","46.63","SUDBURY CLIMATE","6068145","2020-06-03 07:00","2020","06","03","07:00","13.5","","13.4","","100","","0.0","","30","","7","","","","96.39","","","","","","NA"
"-80.80","46.63","SUDBURY CLIMATE","6068145","2020-06-03 08:00","2020","06","03","08:00","14.4","","14.4","","100","","0.0","","36","","7","","","","96.30","","","","","","NA"
"-80.80","46.63","SUDBURY CLIMATE","6068145","2020-06-03 09:00","2020","06","03","09:00","14.2","","14.2","","100","","0.0","","1","","7","","","","96.30","","","","","","NA"
"-80.80","46.63","SUDBURY CLIMATE","6068145","2020-06-03 10:00","2020","06","03","10:00","14.4","","14.3","","100","","0.0","","1","","4","","","","96.30","","","","","","NA"
"-80.80","46.63","SUDBURY CLIMATE","6068145","2020-06-03 11:00","2020","06","03","11:00","14.5","","14.5","","100","","0.0","","36","","1","","","","96.33","","","","","","NA"
"-80.80","46.63","SUDBURY CLIMATE","6068145","2020-06-03 12:00","2020","06","03","12:00","14.7","","14.7","","100","","0.0","","1","","1","","","","96.32","","","","","","NA"
"-80.80","46.63","SUDBURY CLIMATE","6068145","2020-06-03 13:00","2020","06","03","13:00","14.8","","14.8","","100","","0.0","","2","","3","","","","96.34","","","","","","NA"
"-80.80","46.63","SUDBURY CLIMATE","6068145","2020-06-03 14:00","2020","06","03","14:00","15.7","","15.2","","97","","0.3","","24","","5","","","","96.30","","","","","","NA"
"-80.80","46.63","SUDBURY CLIMATE","6068145","2020-06-03 15:00","2020","06","03","15:00","17.3","","15.5","","90","","0.0","","26","","8","","","","96.26","","","","","","NA"
"-80.80","46.63","SUDBURY CLIMATE","6068145","2020-06-03 16:00","2020","06","03","16:00","19.7","","13.3","","66","","0.0","","30","","13","","","","96.24","","","","","","NA"
"-80.80","46.63","SUDBURY CLIMATE","6068145","2020-06-03 17:00","2020","06","03","17:00","21.3","","12.8","","58","","0.0","","32","","16","","","","96.24","","","","","","NA"
"-80.80","46.63","SUDBURY CLIMATE","6068145","2020-06-03 18:00","2020","06","03","18:00","21.2","","10.5","","51","","0.0","","33","","14","","","","96.26","","","","","","NA"
"-80.80","46.63","SUDBURY CLIMATE","6068145","2020-06-03 19:00","2020","06","03","19:00","21.8","","10.8","","49","","0.0","","33","","17","","","","96.27","","","","","","NA"
"-80.80","46.63","SUDBURY CLIMATE","6068145","2020-06-03 20:00","2020","06","03","20:00","22.0","","9.3","","44","","0.0","","32","","18","","","","96.30","","","","","","NA"
"-80.80","46.63","SUDBURY CLIMATE","6068145","2020-06-03 21:00","2020","06","03","21:00","22.7","","8.1","","39","","0.0","","31","","18","","","","96.30","","","","","","NA"
"-80.80","46.63","SUDBURY CLIMATE","6068145","2020-06-03 22:00","2020","06","03","22:00","22.8","","8.0","","39","","0.0","","31","","20","","","","96.28","","","","","","NA"
"-80.80","46.63","SUDBURY CLIMATE","6068145","2020-06-03 23:00","2020","06","03","23:00","21.3","","8.2","","43","","0.0","","32","","15","","","","96.31","","","","","","NA"
"-80.80","46.63","SUDBURY CLIMATE","6068145","2020-06-04 00:00","2020","06","04","00:00","20.9","","9.3","","47","","0.0","","34","","8","","","","96.34","","","","","","NA"
"-80.80","46.63","SUDBURY CLIMATE","6068145","2020-06-04 01:00","2020","06","04","01:00","18.7","","9.6","","55","","0.0","","35","","10","","","","96.40","","","","","","NA"
"-80.80","46.63","SUDBURY CLIMATE","6068145","2020-06-04 02:00","2020","06","04","02:00","15.3","","11.0","","75","","0.0","","27","","6","","","","96.43","","","","","","NA"
"-80.80","46.63","SUDBURY CLIMATE","6068145","2020-06-04 03:00","2020","06","04","03:00","13.9","","11.6","","86","","0.0","","28","","7","","","","96.50","","","","","","NA"
"-80.80","46.63","SUDBURY CLIMATE","6068145","2020-06-04 04:00","2020","06","04","04:00","12.8","","11.5","","91","","0.0","","1","","9","","","","96.56","","","","","","NA"
"-80.80","46.63","SUDBURY CLIMATE","6068145","2020-06-04 05:00","2020","06","04","05:00","12.7","","9.6","","82","","0.0","","2","","11","","","","96.59","","","","","","NA"
"-80.80","46.63","SUDBURY CLIMATE","6068145","2020-06-04 06:00","2020","06","04","06:00","11.9","","8.8","","81","","0.0","","2","","16","","","","96.60","","","","","","NA"
"-80.80","46.63","SUDBURY CLIMATE","6068145","2020-06-04 07:00","2020","06","04","07:00","10.7","","8.3","","85","","0.0","","1","","10","","","","96.63","","","","","","NA"
"-80.80","46.63","SUDBURY CLIMATE","6068145","2020-06-04 08:00","2020","06","04","08:00","10.3","","8.0","","86","","0.0","","1","","11","","","","96.63","","","","","","NA"
"-80.80","46.63","SUDBURY CLIMATE","6068145","2020-06-04 09:00","2020","06","04","09:00","8.9","","7.3","","90","","0.0","","1","","9","","","","96.67","","","","","","NA"
"-80.80","46.63","SUDBURY CLIMATE","6068145","2020-06-04 10:00","2020","06","04","10:00","8.0","","7.0","","93","","0.0","","36","","5","","","","96.72","","","","","","NA"
"-80.80","46.63","SUDBURY CLIMATE","6068145","2020-06-04 11:00","2020","06","04","11:00","10.7","","8.4","","86","","0.0","","1","","3","","","","96.77","","","","","","NA"
"-80.80","46.63","SUDBURY CLIMATE","6068145","2020-06-04 12:00","2020","06","04","12:00","12.8","","7.7","","71","","0.0","","36","","6","","","","96.79","","","","","","NA"
"-80.80","46.63","SUDBURY CLIMATE","6068145","2020-06-04 13:00","2020","06","04","13:00","14.5","","8.0","","65","","0.0","","9","","4","","","","96.81","","","","","","NA"
"-80.80","46.63","SUDBURY CLIMATE","6068145","2020-06-04 14:00","2020","06","04","14:00","16.6","","7.9","","56","","0.0","","12","","4","","","","96.85","","","","","","NA"
"-80.80","46.63","SUDBURY CLIMATE","6068145","2020-06-04 15:00","2020","06","04","15:00","18.4","","7.6","","50","","0.0","","30","","7","","","","96.81","","","","","","NA"
"-80.80","46.63","SUDBURY CLIMATE","6068145","2020-06-04 16:00","2020","06","04","16:00","19.0","","8.1","","49","","0.0","","5","","14","","","","96.77","","","","","","NA"
"-80.80","46.63","SUDBURY CLIMATE","6068145","2020-06-04 17:00","2020","06","04","17:00","20.3","","7.5","","43","","0.0","","20","","4","","","","96.75","","","","","","NA"
"-80.80","46.63","SUDBURY CLIMATE","6068145","2020-06-04 18:00","2020","06","04","18:00","21.9","","6.6","","37","","0.0","","24","","13","","","","96.70","","","","","","NA"
"-80.80","46.63","SUDBURY CLIMATE","6068145","2020-06-04 19:00","2020","06","04","19:00","22.4","","6.3","","35","","0.0","","11","","4","","","","96.70","","","","","","NA"
"-80.80","46.63","SUDBURY CLIMATE","6068145","2020-06-04 20:00","2020","06","04","20:00","22.1","","7.5","","39","","0.0","","24","","10","","","","96.66","","","","","","NA"
"-80.80","46.63","SUDBURY CLIMATE","6068145","2020-06-04 21:00","2020","06","04","21:00","23.0","","8.6","","40","","0.0","","23","","13","","","","96.62","","","","","","NA"
"-80.80","46.63","SUDBURY CLIMATE","6068145","2020-06-04 22:00","2020","06","04","22:00","22.7","","8.6","","41","","0.0","","22","","11","","","","96.62","","","","","","NA"
"-80.80","46.63","SUDBURY CLIMATE","6068145","2020-06-04 23:00","2020","06","04","23:00","22.9","","9.6","","43","","0.0","","23","","17","","","","96.63","","","","","","NA"
"-80.80","46.63","SUDBURY CLIMATE","6068145","2020-06-05 00:00","2020","06","05","00:00","21.2","","10.9","","52","","0.0","","21","","20","","","","96.67","","","","","","NA"
"-80.80","46.63","SUDBURY CLIMATE","6068145","2020-06-05 01:00","2020","06","05","01:00","18.9","","10.1","","57","","0.0","","22","","20","","","","96.72","","","","","","NA"
"-80.80","46.63","SUDBURY CLIMATE","6068145","2020-06-05 02:00","2020","06","05","02:00","16.0","","10.2","","68","","0.0","","22","","13","","","","96.75","","","","","","NA"
"-80.80","46.63","SUDBURY CLIMATE","6068145","2020-06-05 03:00","2020","06","05","03:00","15.4","","10.6","","73","","0.0","","21","","13","","","","96.78","","","","","","NA"
"-80.80","46.63","SUDBURY CLIMATE","6068145","2020-06-05 04:00","2020","06","05","04:00","15.5","","10.5","","72","","0.0","","24","","11","","","","96.81","","","","","","NA"
"-80.80","46.63","SUDBURY CLIMATE","6068145","2020-06-05 05:00","2020","06","05","05:00","14.5","","10.3","","76","","0.0","","24","","9","","","","96.77","","","","","","NA"
"-80.80","46.63","SUDBURY CLIMATE","6068145","2020-06-05 06:00","2020","06","05","06:00","13.4","","10.3","","82","","0.0","","24","","8","","","","96.77","","","","","","NA"
"-80.80","46.63","SUDBURY CLIMATE","6068145","2020-06-05 07:00","2020","06","05","07:00","12.9","","10.0","","83","","0.0","","24","","9","","","","96.75","","","","","","NA"
"-80.80","46.63","SUDBURY CLIMATE","6068145","2020-06-05 08:00","2020","06","05","08:00","10.8","","9.3","","91","","0.0","","26","","5","","","","96.79","","","","","","NA"
"-80.80","46.63","SUDBURY CLIMATE","6068145","2020-06-05 09:00","2020","06","05","09:00","12.4","","9.5","","83","","0.0","","27","","7","","","","96.81","","","","","","NA"
"-80.80","46.63","SUDBURY CLIMATE","6068145","2020-06-05 10:00","2020","06","05","10:00","11.3","","9.0","","85","","0.0","","25","","9","","","","96.84","","","","","","NA"
"-80.80","46.63","SUDBURY CLIMATE","6068145","2020-06-05 11:00","2020","06","05","11:00","13.3","","9.8","","80","","0.0","","24","","7","","","","96.84","","","","","","NA"
"-80.80","46.63","SUDBURY CLIMATE","6068145","2020-06-05 12:00","2020","06","05","12:00","15.4","","10.7","","73","","0.0","","23","","6","","","","96.87","","","","","","NA"
"-80.80","46.63","SUDBURY CLIMATE","6068145","2020-06-05 13:00","2020","06","05","13:00","18.3","","11.0","","62","","0.0","","23","","11","","","","96.93","","","","","","NA"
"-80.80","46.63","SUDBURY CLIMATE","6068145","2020-06-05 14:00","2020","06","05","14:00","21.1","","10.7","","51","","0.0","","25","","8","","","","96.88","","","","","","NA"
"-80.80","46.63","SUDBURY CLIMATE","6068145","2020-06-05 15:00","2020","06","05","15:00","22.0","","9.6","","45","","0.0","","26","","9","","","","96.94","","","","","","NA"
"-80.80","46.63","SUDBURY CLIMATE","6068145","2020-06-05 16:00","2020","06","05","16:00","23.1","","9.9","","43","","0.0","","22","","10","","","","96.90","","","","","","NA"
"-80.80","46.63","SUDBURY CLIMATE","6068145","2020-06-05 17:00","2020","06","05","17:00","22.7","","9.9","","44","","0.0","","22","","10","","","","96.86","","","","","","NA"
"-80.80","46.63","SUDBURY CLIMATE","6068145","2020-06-05 18:00","2020","06","05","18:00","23.9","","8.2","","37","","0.0","","24","","14","","","","96.86","","","","","","NA"
"-80.80","46.63","SUDBURY CLIMATE","6068145","2020-06-05 19:00","2020","06","05","19:00","24.6","","11.7","","44","","0.0","","21","","17","","","","96.84","","27","","","","NA"
"-80.80","46.63","SUDBURY CLIMATE","6068145","2020-06-05 20:00","2020","06","05","20:00","21.5","","6.2","","37","","0.0","","33","","9","","","","96.87","","","","","","NA"
"-80.80","46.63","SUDBURY CLIMATE","6068145","2020-06-05 21:00","2020","06","05","21:00","20.8","","6.2","","39","","0.0","","32","","10","","","","96.87","","","","","","NA"
"-80.80","46.63","SUDBURY CLIMATE","6068145","2020-06-05 22:00","2020","06","05","22:00","19.0","","7.1","","46","","0.0","","33","","12","","","","96.88","","","","","","NA"
"-80.80","46.63","SUDBURY CLIMATE","6068145","2020-06-05 23:00","2020","06","05","23:00","18.4","","8.0","","51","","0.0","","32","","9","","","","96.90","","","","","","NA"
"-80.80","46.63","SUDBURY CLIMATE","6068145","2020-06-06 00:00","2020","06","06","00:00","17.7","","9.2","","58","","0.0","","33","","5","","","","96.87","","","","","","NA"
"-80.80","46.63","SUDBURY CLIMATE","6068145","2020-06-06 01:00","2020","06","06","01:00","16.0","","9.6","","65","","0.0","","33","","4","","","","96.89","","","","","","NA"
"-80.80","46.63","SUDBURY CLIMATE","6068145","2020-06-06 02:00","2020","06","06","02:00","14.4","","9.8","","74","","0.0","","30","","4","","","","96.91","","","","","","NA"
"-80.80","46.63","SUDBURY CLIMATE","6068145","2020-06-06 03:00","2020","06","06","03:00","13.9","","9.6","","76","","0.0","","28","","4","","","","96.92","","","","","","NA"
"-80.80","46.63","SUDBURY CLIMATE","6068145","2020-06-06 04:00","2020","06","06","04:00","13.6","","9.3","","75","","0.0","","28","","5","","","","96.92","","","","","","NA"
"-80.80","46.63","SUDBURY CLIMATE","6068145","2020-06-06 05:00","2020","06","06","05:00","11.6","","8.8","","83","","0.0","","29","","5","","","","96.92","","","","","","NA"
"-80.80","46.63","SUDBURY CLIMATE","6068145","2020-06-06 06:00","2020","06","06","06:00","11.1","","8.9","","86","","0.0","","28","","6","","","","96.91","","","","","","NA"
"-80.80","46.63","SUDBURY CLIMATE","6068145","2020-06-06 07:00","2020","06","06","07:00","10.7","","8.8","","88","","0.0","","28","","5","","","","96.92","","","","","","NA"
"-80.80","46.63","SUDBURY CLIMATE","6068145","2020-06-06 08:00","2020","06","06","08:00","11.1","","9.3","","89","","0.0","","29","","6","","","","96.94","","","","","","NA"
"-80.80","46.63","SUDBURY CLIMATE","6068145","2020-06-06 09:00","2020","06","06","09:00","10.7","","9.3","","91","","0.0","","30","","7","","","","96.98","","","","","","NA"
"-80.80","46.63","SUDBURY CLIMATE","6068145","2020-06-06 10:00","2020","06","06","10:00","9.6","","8.7","","95","","0.0","","30","","6","","","","97.03","","","","","","NA"
"-80.80","46.63","SUDBURY CLIMATE","6068145","2020-06-06 11:00","2020","06","06","11:00","12.4","","10.9","","90","","0.0","","33","","4","","","","97.07","","","","","","NA"
"-80.80","46.63","SUDBURY CLIMATE","6068145","2020-06-06 12:00","2020","06","06","12:00","14.2","","10.6","","79","","0.0","","36","","11","","","","97.12","","","","","","NA"
"-80.80","46.63","SUDBURY CLIMATE","6068145","2020-06-06 13:00","2020","06","06","13:00","14.3","","10.0","","75","","0.0","","36","","20","","","","97.19","","","","","","NA"
"-80.80","46.63","SUDBURY CLIMATE","6068145","2020-06-06 14:00","2020","06","06","14:00","14.6","","9.9","","73","","0.0","","35","","17","","","","97.25","","","","","","NA"
"-80.80","46.63","SUDBURY CLIMATE","6068145","2020-06-06 15:00","2020","06","06","15:00","14.0","","9.7","","75","","0.0","","36","","22","","","","97.32","","","","","","NA"
"-80.80","46.63","SUDBURY CLIMATE","6068145","2020-06-06 16:00","2020","06","06","16:00","14.7","","8.8","","68","","0.0","","2","","22","","","","97.41","","","","","","NA"
"-80.80","46.63","SUDBURY CLIMATE","6068145","2020-06-06 17:00","2020","06","06","17:00","14.8","","7.5","","62","","0.0","","2","","23","","","","97.46","","","","","","NA"
"-80.80","46.63","SUDBURY CLIMATE","6068145","2020-06-06 18:00","2020","06","06","18:00","15.3","","5.2","","51","","0.0","","3","","23","","","","97.46","","","","","","NA"
"-80.80","46.63","SUDBURY CLIMATE","6068145","2020-06-06 19:00","2020","06","06","19:00","16.6","","6.4","","51","","0.0","","2","","15","","","","97.45","","","","","","NA"
"-80.80","46.63","SUDBURY CLIMATE","6068145","2020-06-06 20:00","2020","06","06","20:00","16.8","","5.6","","48","","0.0","","36","","19","","","","97.45","","","","","","NA"
"-80.80","46.63","SUDBURY CLIMATE","6068145","2020-06-06 21:00","2020","06","06","21:00","17.5","","5.2","","44","","0.0","","36","","15","","","","97.44","","","","","","NA"
"-80.80","46.63","SUDBURY CLIMATE","6068145","2020-06-06 22:00","2020","06","06","22:00","17.5","","5.2","","44","","0.0","","2","","20","","","","97.48","","","","","","NA"
"-80.80","46.63","SUDBURY CLIMATE","6068145","2020-06-06 23:00","2020","06","06","23:00","15.5","","4.9","","49","","0.0","","1","","18","","","","97.57","","","","","","NA"
"-80.80","46.63","SUDBURY CLIMATE","6068145","2020-06-07 00:00","2020","06","07","00:00","14.0","","4.7","","53","","0.0","","2","","19","","","","97.62","","","","","","NA"
"-80.80","46.63","SUDBURY CLIMATE","6068145","2020-06-07 01:00","2020","06","07","01:00","11.5","","4.6","","62","","0.0","","2","","18","","","","97.68","","","","","","NA"
"-80.80","46.63","SUDBURY CLIMATE","6068145","2020-06-07 02:00","2020","06","07","02:00","9.7","","3.4","","65","","0.0","","1","","24","","","","97.79","","","","","","NA"
"-80.80","46.63","SUDBURY CLIMATE","6068145","2020-06-07 03:00","2020","06","07","03:00","8.0","","2.9","","70","","0.0","","1","","16","","","","97.87","","","","","","NA"
"-80.80","46.63","SUDBURY CLIMATE","6068145","2020-06-07 04:00","2020","06","07","04:00","8.3","","3.5","","72","","0.0","","2","","16","","","","97.85","","","","","","NA"
"-80.80","46.63","SUDBURY CLIMATE","6068145","2020-06-07 05:00","2020","06","07","05:00","8.2","","3.1","","70","","0.0","","1","","15","","","","97.93","","","","","","NA"
"-80.80","46.63","SUDBURY CLIMATE","6068145","2020-06-07 06:00","2020","06","07","06:00","7.6","","2.9","","72","","0.0","","1","","14","","","","97.96","","","","","","NA"
"-80.80","46.63","SUDBURY CLIMATE","6068145","2020-06-07 07:00","2020","06","07","07:00","6.1","","2.9","","80","","0.0","","36","","9","","","","97.91","","","","","","NA"
"-80.80","46.63","SUDBURY CLIMATE","6068145","2020-06-07 08:00","2020","06","07","08:00","5.4","","2.8","","84","","0.0","","34","","7","","","","97.95","","","","","","NA"
"-80.80","46.63","SUDBURY CLIMATE","6068145","2020-06-07 09:00","2020","06","07","09:00","5.2","","3.1","","86","","0.0","","1","","11","","","","97.89","","","","","","NA"
"-80.80","46.63","SUDBURY CLIMATE","6068145","2020-06-07 10:00","2020","06","07","10:00","5.5","","3.2","","85","","0.0","","36","","10","","","","97.95","","","","","","NA"
"-80.80","46.63","SUDBURY CLIMATE","6068145","2020-06-07 11:00","2020","06","07","11:00","6.9","","3.2","","77","","0.0","","1","","16","","","","97.98","","","","","","NA"
"-80.80","46.63","SUDBURY CLIMATE","6068145","2020-06-07 12:00","2020","06","07","12:00","7.3","","2.5","","71","","0.0","","1","","20","","","","97.97","","","","","","NA"
"-80.80","46.63","SUDBURY CLIMATE","6068145","2020-06-07 13:00","2020","06","07","13:00","8.4","","2.6","","67","","0.0","","3","","20","","","","98.00","","","","","","NA"
"-80.80","46.63","SUDBURY CLIMATE","6068145","2020-06-07 14:00","2020","06","07","14:00","9.5","","2.4","","61","","0.0","","1","","14","","","","98.17","","","","","","NA"
"-80.80","46.63","SUDBURY CLIMATE","6068145","2020-06-07 15:00","2020","06","07","15:00","10.9","","3.2","","59","","0.0","","4","","19","","","","98.10","","","","","","NA"
"-80.80","46.63","SUDBURY CLIMATE","6068145","2020-06-07 16:00","2020","06","07","16:00","12.6","","3.8","","55","","0.0","","5","","19","","","","98.05","","","","","","NA"
"-80.80","46.63","SUDBURY CLIMATE","6068145","2020-06-07 17:00","2020","06","07","17:00","13.7","","4.1","","52","","0.0","","3","","12","","","","98.02","","","","","","NA"
"-80.80","46.63","SUDBURY CLIMATE","6068145","2020-06-07 18:00","2020","06","07","18:00","14.7","","3.9","","48","","0.0","","5","","18","","","","97.94","","","","","","NA"
"-80.80","46.63","SUDBURY CLIMATE","6068145","2020-06-07 19:00","2020","06","07","19:00","16.4","","5.0","","47","","0.0","","4","","15","","","","97.89","","","","","","NA"
"-80.80","46.63","SUDBURY CLIMATE","6068145","2020-06-07 20:00","2020","06","07","20:00","16.7","","4.0","","43","","0.0","","5","","15","","","","97.83","","","","","","NA"
"-80.80","46.63","SUDBURY CLIMATE","6068145","2020-06-07 21:00","2020","06","07","21:00","17.5","","3.6","","40","","0.0","","5","","21","","","","97.79","","","","","","NA"
"-80.80","46.63","SUDBURY CLIMATE","6068145","2020-06-07 22:00","2020","06","07","22:00","17.0","","3.8","","42","","0.0","","4","","14","","","","97.76","","","","","","NA"
"-80.80","46.63","SUDBURY CLIMATE","6068145","2020-06-07 23:00","2020","06","07","23:00","16.7","","5.2","","46","","0.0","","2","","5","","","","97.78","","","","","","NA"
"-80.80","46.63","SUDBURY CLIMATE","6068145","2020-06-08 00:00","2020","06","08","00:00","15.3","","6.6","","56","","0.0","","3","","5","","","","97.77","","","","","","NA"
"-80.80","46.63","SUDBURY CLIMATE","6068145","2020-06-08 01:00","2020","06","08","01:00","13.9","","6.0","","59","","0.0","","36","","7","","","","97.77","","","","","","NA"
"-80.80","46.63","SUDBURY CLIMATE","6068145","2020-06-08 02:00","2020","06","08","02:00","11.4","","6.6","","72","","0.0","","3","","7","","","","97.83","","","","","","NA"
"-80.80","46.63","SUDBURY CLIMATE","6068145","2020-06-08 03:00","2020","06","08","03:00","10.6","","6.3","","75","","0.0","","2","","9","","","","97.85","","","","","","NA"
"-80.80","46.63","SUDBURY CLIMATE","6068145","2020-06-08 04:00","2020","06","08","04:00","10.0","","5.8","","75","","0.0","","36","","9","","","","97.85","","","","","","NA"
"-80.80","46.63","SUDBURY CLIMATE","6068145","2020-06-08 05:00","2020","06","08","05:00","8.1","","4.6","","78","","0.0","","2","","8","","","","97.85","","","","","","NA"
"-80.80","46.63","SUDBURY CLIMATE","6068145","2020-06-08 06:00","2020","06","08","06:00","8.4","","5.9","","84","","0.0","","2","","9","","","","97.81","","","","","","NA"
"-80.80","46.63","SUDBURY CLIMATE","6068145","2020-06-08 07:00","2020","06","08","07:00","7.9","","6.3","","90","","0.0","","4","","11","","","","97.79","","","","","","NA"
"-80.80","46.63","SUDBURY CLIMATE","6068145","2020-06-08 08:00","2020","06","08","08:00","7.4","","5.7","","89","","0.0","","3","","9","","","","97.83","","","","","","NA"
"-80.80","46.63","SUDBURY CLIMATE","6068145","2020-06-08 09:00","2020","06","08","09:00","7.1","","5.8","","91","","0.0","","3","","9","","","","97.85","","","","","","NA"
"-80.80","46.63","SUDBURY CLIMATE","6068145","2020-06-08 10:00","2020","06","08","10:00","7.8","","6.5","","92","","0.0","","3","","10","","","","97.89","","","","","","NA"
"-80.80","46.63","SUDBURY CLIMATE","6068145","2020-06-08 11:00","2020","06","08","11:00","9.0","","7.1","","88","","0.0","","4","","12","","","","97.92","","","","","","NA"
"-80.80","46.63","SUDBURY CLIMATE","6068145","2020-06-08 12:00","2020","06","08","12:00","10.5","","6.7","","77","","0.0","","7","","9","","","","97.90","","","","","","NA"
"-80.80","46.63","SUDBURY CLIMATE","6068145","2020-06-08 13:00","2020","06","08","13:00","11.5","","6.1","","70","","0.0","","8","","8","","","","97.95","","","","","","NA"
"-80.80","46.63","SUDBURY CLIMATE","6068145","2020-06-08 14:00","2020","06","08","14:00","12.8","","7.2","","69","","0.0","","11","","9","","","","97.83","","","","","","NA"
"-80.80","46.63","SUDBURY CLIMATE","6068145","2020-06-08 15:00","2020","06","08","15:00","15.2","","6.4","","56","","0.0","","16","","8","","","","97.83","","","","","","NA"
"-80.80","46.63","SUDBURY CLIMATE","6068145","2020-06-08 16:00","2020","06","08","16:00","17.4","","6.7","","49","","0.0","","20","","9","","","","97.81","","","","","","NA"
"-80.80","46.63","SUDBURY CLIMATE","6068145","2020-06-08 17:00","2020","06","08","17:00","18.7","","7.4","","48","","0.0","","23","","10","","","","97.71","","","","","","NA"
"-80.80","46.63","SUDBURY CLIMATE","6068145","2020-06-08 18:00","2020","06","08","18:00","19.4","","7.2","","45","","0.0","","18","","15","","","","97.64","","","","","","NA"
"-80.80","46.63","SUDBURY CLIMATE","6068145","2020-06-08 19:00","2020","06","08","19:00","20.4","","7.9","","44","","0.0","","21","","11","","","","97.55","","","","","","NA"
"-80.80","46.63","SUDBURY CLIMATE","6068145","2020-06-08 20:00","2020","06","08","20:00","21.4","","7.8","","42","","0.0","","21","","21","","","","97.47","","","","","","NA"
"-80.80","46.63","SUDBURY CLIMATE","6068145","2020-06-08 21:00","2020","06","08","21:00","20.7","","6.9","","41","","0.0","","21","","25","","","","97.40","","","","","","NA"
"-80.80","46.63","SUDBURY CLIMATE","6068145","2020-06-08 22:00","2020","06","08","22:00","19.7","","5.9","","40","","0.0","","21","","29","","","","97.30","","","","","","NA"
"-80.80","46.63","SUDBURY CLIMATE","6068145","2020-06-08 23:00","2020","06","08","23:00","19.2","","6.6","","44","","0.0","","20","","25","","","","97.28","","","","","","NA"
"-80.80","46.63","SUDBURY CLIMATE","6068145","2020-06-09 00:00","2020","06","09","00:00","18.4","","7.0","","47","","0.0","","20","","23","","","","97.24","","","","","","NA"
"-80.80","46.63","SUDBURY CLIMATE","6068145","2020-06-09 01:00","2020","06","09","01:00","16.3","","7.7","","57","","0.0","","21","","17","","","","97.21","","","","","","NA"
"-80.80","46.63","SUDBURY CLIMATE","6068145","2020-06-09 02:00","2020","06","09","02:00","15.5","","7.2","","58","","0.0","","21","","18","","","","97.17","","","","","","NA"
"-80.80","46.63","SUDBURY CLIMATE","6068145","2020-06-09 03:00","2020","06","09","03:00","14.9","","7.0","","59","","0.0","","21","","17","","","","97.12","","","","","","NA"
"-80.80","46.63","SUDBURY CLIMATE","6068145","2020-06-09 04:00","2020","06","09","04:00","14.2","","6.1","","58","","0.0","","23","","12","","","","97.07","","","","","","NA"
"-80.80","46.63","SUDBURY CLIMATE","6068145","2020-06-09 05:00","2020","06","09","05:00","13.6","","6.4","","62","","0.0","","23","","8","","","","97.05","","","","","","NA"
"-80.80","46.63","SUDBURY CLIMATE","6068145","2020-06-09 06:00","2020","06","09","06:00","13.5","","5.7","","59","","0.0","","23","","7","","","","97.04","","","","","","NA"
"-80.80","46.63","SUDBURY CLIMATE","6068145","2020-06-09 07:00","2020","06","09","07:00","11.8","","6.5","","70","","0.0","","0","","1","","","","97.06","","","","","","NA"
"-80.80","46.63","SUDBURY CLIMATE","6068145","2020-06-09 08:00","2020","06","09","08:00","12.7","","6.8","","67","","0.0","","3","","1","","","","97.06","","","","","","NA"
"-80.80","46.63","SUDBURY CLIMATE","6068145","2020-06-09 09:00","2020","06","09","09:00","12.2","","6.6","","69","","0.0","","13","","8","","","","97.08","","","","","","NA"
"-80.80","46.63","SUDBURY CLIMATE","6068145","2020-06-09 10:00","2020","06","09","10:00","13.1","","6.9","","66","","0.0","","18","","7","","","","97.10","","","","","","NA"
"-80.80","46.63","SUDBURY CLIMATE","6068145","2020-06-09 11:00","2020","06","09","11:00","13.8","","8.4","","70","","0.0","","","","0","","","","97.11","","","","","","NA"
"-80.80","46.63","SUDBURY CLIMATE","6068145","2020-06-09 12:00","2020","06","09","12:00","14.2","","7.8","","65","","0.0","","4","","8","","","","97.15","","","","","","NA"
"-80.80","46.63","SUDBURY CLIMATE","6068145","2020-06-09 13:00","2020","06","09","13:00","14.6","","8.2","","66","","0.0","","5","","6","","","","97.15","","","","","","NA"
"-80.80","46.63","SUDBURY CLIMATE","6068145","2020-06-09 14:00","2020","06","09","14:00","15.8","","9.6","","67","","0.0","","3","","12","","","","97.22","","","","","","NA"
"-80.80","46.63","SUDBURY CLIMATE","6068145","2020-06-09 15:00","2020","06","09","15:00","16.4","","9.8","","65","","0.0","","4","","18","","","","97.21","","","","","","NA"
"-80.80","46.63","SUDBURY CLIMATE","6068145","2020-06-09 16:00","2020","06","09","16:00","18.4","","11.0","","62","","0.0","","8","","15","","","","97.22","","","","","","NA"
"-80.80","46.63","SUDBURY CLIMATE","6068145","2020-06-09 17:00","2020","06","09","17:00","18.5","","11.7","","65","","0.0","","3","","18","","","","97.21","","","","","","NA"
"-80.80","46.63","SUDBURY CLIMATE","6068145","2020-06-09 18:00","2020","06","09","18:00","20.4","","12.4","","60","","0.0","","2","","19","","","","97.19","","","","","","NA"
"-80.80","46.63","SUDBURY CLIMATE","6068145","2020-06-09 19:00","2020","06","09","19:00","22.0","","12.4","","54","","0.0","","3","","13","","","","97.18","","","","","","NA"
"-80.80","46.63","SUDBURY CLIMATE","6068145","2020-06-09 20:00","2020","06","09","20:00","21.9","","12.5","","55","","0.0","","4","","15","","","","97.14","","","","","","NA"
"-80.80","46.63","SUDBURY CLIMATE","6068145","2020-06-09 21:00","2020","06","09","21:00","22.2","","12.7","","55","","0.0","","2","","16","","","","97.09","","25","","","","NA"
"-80.80","46.63","SUDBURY CLIMATE","6068145","2020-06-09 22:00","2020","06","09","22:00","22.2","","13.0","","56","","0.0","","3","","15","","","","97.06","","25","","","","NA"
"-80.80","46.63","SUDBURY CLIMATE","6068145","2020-06-09 23:00","2020","06","09","23:00","21.9","","13.4","","58","","0.0","","4","","17","","","","97.04","","25","","","","NA"
"-80.80","46.63","SUDBURY CLIMATE","6068145","2020-06-10 00:00","2020","06","10","00:00","20.0","","13.2","","65","","0.0","","5","","17","","","","97.02","","","","","","NA"
"-80.80","46.63","SUDBURY CLIMATE","6068145","2020-06-10 01:00","2020","06","10","01:00","18.3","","12.9","","71","","0.0","","5","","18","","","","96.98","","","","","","NA"
"-80.80","46.63","SUDBURY CLIMATE","6068145","2020-06-10 02:00","2020","06","10","02:00","17.0","","12.8","","76","","0.0","","6","","12","","","","96.99","","","","","","NA"
"-80.80","46.63","SUDBURY CLIMATE","6068145","2020-06-10 03:00","2020","06","10","03:00","16.9","","12.4","","75","","0.0","","8","","15","","","","96.97","","","","","","NA"
"-80.80","46.63","SUDBURY CLIMATE","6068145","2020-06-10 04:00","2020","06","10","04:00","16.4","","12.3","","77","","0.0","","8","","13","","","","96.89","","","","","","NA"
"-80.80","46.63","SUDBURY CLIMATE","6068145","2020-06-10 05:00","2020","06","10","05:00","16.2","","12.6","","79","","0.0","","8","","15","","","","96.79","","","","","","NA"
"-80.80","46.63","SUDBURY CLIMATE","6068145","2020-06-10 06:00","2020","06","10","06:00","16.3","","12.8","","80","","0.0","","11","","23","","","","96.69","","","","","","NA"
"-80.80","46.63","SUDBURY CLIMATE","6068145","2020-06-10 07:00","2020","06","10","07:00","16.4","","13.0","","81","","0.0","","10","","19","","","","96.60","","","","","","NA"
"-80.80","46.63","SUDBURY CLIMATE","6068145","2020-06-10 08:00","2020","06","10","08:00","16.5","","13.1","","80","","0.0","","11","","21","","","","96.47","","","","","","NA"
"-80.80","46.63","SUDBURY CLIMATE","6068145","2020-06-10 09:00","2020","06","10","09:00","16.6","","13.3","","81","","0.0","","12","","23","","","","96.38","","","","","","NA"
"-80.80","46.63","SUDBURY CLIMATE","6068145","2020-06-10 10:00","2020","06","10","10:00","16.8","","14.0","","84","","0.0","","13","","22","","","","96.35","","","","","","NA"
"-80.80","46.63","SUDBURY CLIMATE","6068145","2020-06-10 11:00","2020","06","10","11:00","15.8","","14.7","","93","","2.3","","12","","20","","","","96.30","","","","","","NA"
"-80.80","46.63","SUDBURY CLIMATE","6068145","2020-06-10 12:00","2020","06","10","12:00","16.2","","15.1","","93","","1.3","","13","","25","","","","96.25","","","","","","NA"
"-80.80","46.63","SUDBURY CLIMATE","6068145","2020-06-10 13:00","2020","06","10","13:00","16.4","","15.8","","96","","0.0","","13","","28","","","","96.16","","","","","","NA"
"-80.80","46.63","SUDBURY CLIMATE","6068145","2020-06-10 14:00","2020","06","10","14:00","17.4","","16.8","","97","","0.0","","14","","27","","","","96.07","","","","","","NA"
"-80.80","46.63","SUDBURY CLIMATE","6068145","2020-06-10 15:00","2020","06","10","15:00","18.5","","17.8","","95","","0.0","","15","","29","","","","95.99","","","","","","NA"
"-80.80","46.63","SUDBURY CLIMATE","6068145","2020-06-10 16:00","2020","06","10","16:00","20.2","","19.1","","93","","0.2","","16","","32","","","","95.94","","27","","","","NA"
"-80.80","46.63","SUDBURY CLIMATE","6068145","2020-06-10 17:00","2020","06","10","17:00","22.2","","20.4","","90","","0.0","","17","","37","","","","95.87","","30","","","","NA"
"-80.80","46.63","SUDBURY CLIMATE","6068145","2020-06-10 18:00","2020","06","10","18:00","23.8","","21.2","","85","","0.0","","19","","43","","","","95.88","","32","","","","NA"
"-80.80","46.63","SUDBURY CLIMATE","6068145","2020-06-10 19:00","2020","06","10","19:00","24.1","","21.1","","83","","0.0","","20","","42","","","","95.92","","33","","","","NA"
"-80.80","46.63","SUDBURY CLIMATE","6068145","2020-06-10 20:00","2020","06","10","20:00","25.4","","21.3","","78","","0.0","","20","","45","","","","95.91","","34","","","","NA"
"-80.80","46.63","SUDBURY CLIMATE","6068145","2020-06-10 21:00","2020","06","10","21:00","26.3","","21.3","","74","","0.0","","20","","34","","","","95.84","","35","","","","NA"
"-80.80","46.63","SUDBURY CLIMATE","6068145","2020-06-10 22:00","2020","06","10","22:00","23.4","","20.2","","82","","0.0","","19","","31","","","","95.85","","31","","","","NA"
"-80.80","46.63","SUDBURY CLIMATE","6068145","2020-06-10 23:00","2020","06","10","23:00","21.2","","17.5","","79","","0.0","","22","","41","","","","95.77","","27","","","","NA"
"-80.80","46.63","SUDBURY CLIMATE","6068145","2020-06-11 00:00","2020","06","11","00:00","19.5","","16.9","","85","","0.0","","22","","24","","","","95.98","","","","","","NA"
"-80.80","46.63","SUDBURY CLIMATE","6068145","2020-06-11 01:00","2020","06","11","01:00","18.6","","16.7","","89","","0.5","","20","","17","","","","95.77","","","","","","NA"
"-80.80","46.63","SUDBURY CLIMATE","6068145","2020-06-11 02:00","2020","06","11","02:00","17.8","","16.4","","92","","0.0","","17","","25","","","","95.79","","","","","","NA"
"-80.80","46.63","SUDBURY CLIMATE","6068145","2020-06-11 03:00","2020","06","11","03:00","17.4","","15.3","","87","","0.0","","20","","20","","","","95.76","","","","","","NA"
"-80.80","46.63","SUDBURY CLIMATE","6068145","2020-06-11 04:00","2020","06","11","04:00","","","15.0","","87","","0.2","","20","","19","","","","95.79","","","","","","NA"
"-80.80","46.63","SUDBURY CLIMATE","6068145","2020-06-11 05:00","2020","06","11","05:00","16.9","","15.7","","93","","0.0","","19","","21","","","","95.77","","","","","","NA"
"-80.80","46.63","SUDBURY CLIMATE","6068145","2020-06-11 06:00","2020","06","11","06:00","16.9","","16.6","","98","","1.0","","17","","24","","","","95.66","","","","","","NA"
"-80.80","46.63","SUDBURY CLIMATE","6068145","2020-06-11 07:00","2020","06","11","07:00","17.2","","16.3","","94","","0.7","","20","","37","","","","95.61","","","","","","NA"
"-80.80","46.63","SUDBURY CLIMATE","6068145","2020-06-11 08:00","2020","06","11","08:00","16.2","","14.5","","89","","0.0","","20","","33","","","","95.60","","","","","","NA"
"-80.80","46.63","SUDBURY CLIMATE","6068145","2020-06-11 09:00","2020","06","11","09:00","15.1","","13.3","","89","","0.0","","19","","31","","","","95.56","","","","","","NA"
"-80.80","46.63","SUDBURY CLIMATE","6068145","2020-06-11 10:00","2020","06","11","10:00","14.0","","12.7","","92","","0.0","","19","","28","","","","95.54","","","","","","NA"
"-80.80","46.63","SUDBURY CLIMATE","6068145","2020-06-11 11:00","2020","06","11","11:00","10.2","","9.4","","95","","0.0","","22","","36","","","","95.66","","","","","","NA"
"-80.80","46.63","SUDBURY CLIMATE","6068145","2020-06-11 12:00","2020","06","11","12:00","10.2","","9.1","","93","","0.0","","23","","37","","","","95.86","","","","","","NA"
"-80.80","46.63","SUDBURY CLIMATE","6068145","2020-06-11 13:00","2020","06","11","13:00","10.8","","7.3","","79","","0.0","","25","","27","","","","96.05","","","","","","NA"
"-80.80","46.63","SUDBURY CLIMATE","6068145","2020-06-11 14:00","2020","06","11","14:00","11.2","","5.7","","69","","0.0","","24","","30","","","","96.27","","","","","","NA"
"-80.80","46.63","SUDBURY CLIMATE","6068145","2020-06-11 15:00","2020","06","11","15:00","11.9","","5.2","","63","","0.0","","25","","28","","","","96.44","","","","","","NA"
"-80.80","46.63","SUDBURY CLIMATE","6068145","2020-06-11 16:00","2020","06","11","16:00","11.6","","4.7","","63","","0.0","","26","","23","","","","96.60","","","","","","NA"
"-80.80","46.63","SUDBURY CLIMATE","6068145","2020-06-11 17:00","2020","06","11","17:00","12.3","","5.8","","64","","0.0","","25","","26","","","","96.71","","","","","","NA"
"-80.80","46.63","SUDBURY CLIMATE","6068145","2020-06-11 18:00","2020","06","11","18:00","13.5","","6.7","","64","","0.0","","23","","32","","","","96.77","","","","","","NA"
"-80.80","46.63","SUDBURY CLIMATE","6068145","2020-06-11 19:00","2020","06","11","19:00","13.9","","5.8","","58","","0.0","","24","","32","","","","96.85","","","","","","NA"
"-80.80","46.63","SUDBURY CLIMATE","6068145","2020-06-11 20:00","2020","06","11","20:00","14.0","","5.0","","55","","0.0","","25","","27","","","","96.94","","","","","","NA"
"-80.80","46.63","SUDBURY CLIMATE","6068145","2020-06-11 21:00","2020","06","11","21:00","14.7","","6.6","","58","","0.0","","23","","28","","","","96.99","","","","","","NA"
"-80.80","46.63","SUDBURY CLIMATE","6068145","2020-06-11 22:00","2020","06","11","22:00","14.6","","6.8","","60","","0.0","","23","","31","","","","97.00","","","","","","NA"
"-80.80","46.63","SUDBURY CLIMATE","6068145","2020-06-11 23:00","2020","06","11","23:00","15.1","","8.1","","63","","0.0","","23","","23","","","","97.00","","","","","","NA"
"-80.80","46.63","SUDBURY CLIMATE","6068145","2020-06-12 00:00","2020","06","12","00:00","14.1","","9.3","","73","","0.0","","25","","17","","","","97.02","","","","","","NA"
"-80.80","46.63","SUDBURY CLIMATE","6068145","2020-06-12 01:00","2020","06","12","01:00","11.7","","6.8","","72","","0.0","","25","","19","","","","97.09","","","","","","NA"
"-80.80","46.63","SUDBURY CLIMATE","6068145","2020-06-12 02:00","2020","06","12","02:00","10.6","","6.2","","74","","0.0","","23","","22","","","","97.10","","","","","","NA"
"-80.80","46.63","SUDBURY CLIMATE","6068145","2020-06-12 03:00","2020","06","12","03:00","10.3","","5.1","","70","","0.0","","24","","25","","","","97.09","","","","","","NA"
"-80.80","46.63","SUDBURY CLIMATE","6068145","2020-06-12 04:00","2020","06","12","04:00","8.4","","2.2","","65","","0.0","","27","","16","","","","97.16","","","","","","NA"
"-80.80","46.63","SUDBURY CLIMATE","6068145","2020-06-12 05:00","2020","06","12","05:00","6.1","","0.3","","66","","0.0","","28","","14","","","","97.27","","","","","","NA"
"-80.80","46.63","SUDBURY CLIMATE","6068145","2020-06-12 06:00","2020","06","12","06:00","4.9","","1.2","","77","","0.0","","27","","8","","","","97.33","","","","","","NA"
"-80.80","46.63","SUDBURY CLIMATE","6068145","2020-06-12 07:00","2020","06","12","07:00","4.9","","0.7","","74","","0.0","","27","","13","","","","97.38","","","","","","NA"
"-80.80","46.63","SUDBURY CLIMATE","6068145","2020-06-12 08:00","2020","06","12","08:00","4.9","","0.9","","76","","0.2","","27","","13","","","","97.42","","","","","","NA"
"-80.80","46.63","SUDBURY CLIMATE","6068145","2020-06-12 09:00","2020","06","12","09:00","4.7","","1.5","","80","","0.0","","29","","10","","","","97.53","","","","","","NA"
"-80.80","46.63","SUDBURY CLIMATE","6068145","2020-06-12 10:00","2020","06","12","10:00","4.4","","1.5","","82","","0.0","","29","","9","","","","97.59","","","","","","NA"
"-80.80","46.63","SUDBURY CLIMATE","6068145","2020-06-12 11:00","2020","06","12","11:00","4.8","","1.7","","80","","0.0","","28","","11","","","","97.65","","","","","","NA"
"-80.80","46.63","SUDBURY CLIMATE","6068145","2020-06-12 12:00","2020","06","12","12:00","5.8","","1.9","","76","","0.0","","29","","12","","","","97.72","","","","","","NA"
"-80.80","46.63","SUDBURY CLIMATE","6068145","2020-06-12 13:00","2020","06","12","13:00","6.7","","1.9","","71","","0.0","","30","","14","","","","97.76","","","","","","NA"
"-80.80","46.63","SUDBURY CLIMATE","6068145","2020-06-12 14:00","2020","06","12","14:00","7.6","","1.9","","67","","0.0","","30","","18","","","","97.79","","","","","","NA"
"-80.80","46.63","SUDBURY CLIMATE","6068145","2020-06-12 15:00","2020","06","12","15:00","9.4","","2.4","","61","","0.0","","30","","17","","","","97.85","","","","","","NA"
"-80.80","46.63","SUDBURY CLIMATE","6068145","2020-06-12 16:00","2020","06","12","16:00","10.3","","2.5","","58","","0.0","","32","","15","","","","97.94","","","","","","NA"
"-80.80","46.63","SUDBURY CLIMATE","6068145","2020-06-12 17:00","2020","06","12","17:00","11.5","","2.2","","53","","0.0","","31","","20","","","","97.97","","","","","","NA"
"-80.80","46.63","SUDBURY CLIMATE","6068145","2020-06-12 18:00","2020","06","12","18:00","12.9","","3.0","","51","","0.0","","32","","16","","","","97.98","","","","","","NA"
"-80.80","46.63","SUDBURY CLIMATE","6068145","2020-06-12 19:00","2020","06","12","19:00","12.2","","1.2","","47","","0.0","","34","","16","","","","98.02","","","","","","NA"
"-80.80","46.63","SUDBURY CLIMATE","6068145","2020-06-12 20:00","2020","06","12","20:00","11.4","","1.6","","51","","0.0","","34","","14","","","","98.07","","","","","","NA"
"-80.80","46.63","SUDBURY CLIMATE","6068145","2020-06-12 21:00","2020","06","12","21:00","11.2","","1.1","","50","","0.0","","33","","13","","","","98.11","","","","","","NA"
"-80.80","46.63","SUDBURY CLIMATE","6068145","2020-06-12 22:00","2020","06","12","22:00","11.3","","2.1","","53","","0.0","","35","","9","","","","98.13","","","","","","NA"
"-80.80","46.63","SUDBURY CLIMATE","6068145","2020-06-12 23:00","2020","06","12","23:00","10.9","","1.2","","51","","0.0","","1","","17","","","","98.20","","","","","","NA"
"-80.80","46.63","SUDBURY CLIMATE","6068145","2020-06-13 00:00","2020","06","13","00:00","9.9","","2.4","","59","","0.0","","36","","10","","","","98.28","","","","","","NA"
"-80.80","46.63","SUDBURY CLIMATE","6068145","2020-06-13 01:00","2020","06","13","01:00","9.0","","2.2","","63","","0.0","","35","","8","","","","98.32","","","","","","NA"
"-80.80","46.63","SUDBURY CLIMATE","6068145","2020-06-13 02:00","2020","06","13","02:00","7.4","","2.0","","69","","0.0","","32","","6","","","","98.35","","","","","","NA"
"-80.80","46.63","SUDBURY CLIMATE","6068145","2020-06-13 03:00","2020","06","13","03:00","4.8","","2.0","","82","","0.0","","28","","6","","","","98.36","","","","","","NA"
"-80.80","46.63","SUDBURY CLIMATE","6068145","2020-06-13 04:00","2020","06","13","04:00","4.1","","2.3","","88","","0.0","","28","","6","","","","98.36","","","","","","NA"
"-80.80","46.63","SUDBURY CLIMATE","6068145","2020-06-13 05:00","2020","06","13","05:00","2.7","","1.9","","94","","0.0","","28","","5","","","","98.40","","","","","","NA"
"-80.80","46.63","SUDBURY CLIMATE","6068145","2020-06-13 06:00","2020","06","13","06:00","2.1","","1.6","","96","","0.0","","28","","6","","","","98.45","","","","","","NA"
"-80.80","46.63","SUDBURY CLIMATE","6068145","2020-06-13 07:00","2020","06","13","07:00","1.6","","1.1","","97","","0.0","","30","","7","","","","98.47","","","","","","NA"
"-80.80","46.63","SUDBURY CLIMATE","6068145","2020-06-13 08:00","2020","06","13","08:00","1.6","","0.8","","94","","0.0","","33","","4","","","","98.50","","","","","","NA"
"-80.80","46.63","SUDBURY CLIMATE","6068145","2020-06-13 09:00","2020","06","13","09:00","3.0","","1.7","","91","","0.0","","35","","7","","","","98.51","","","","","","NA"
"-80.80","46.63","SUDBURY CLIMATE","6068145","2020-06-13 10:00","2020","06","13","10:00","3.5","","1.3","","86","","0.0","","35","","8","","","","98.55","","","","","","NA"
"-80.80","46.63","SUDBURY CLIMATE","6068145","2020-06-13 11:00","2020","06","13","11:00","5.9","","2.0","","76","","0.0","","35","","9","","","","98.60","","","","","","NA"
"-80.80","46.63","SUDBURY CLIMATE","6068145","2020-06-13 12:00","2020","06","13","12:00","8.3","","0.7","","59","","0.0","","1","","12","","","","98.65","","","","","","NA"
"-80.80","46.63","SUDBURY CLIMATE","6068145","2020-06-13 13:00","2020","06","13","13:00","9.7","","0.5","","53","","0.0","","1","","17","","","","98.71","","","","","","NA"
"-80.80","46.63","SUDBURY CLIMATE","6068145","2020-06-13 14:00","2020","06","13","14:00","11.7","","1.7","","50","","0.0","","1","","16","","","","98.73","","","","","","NA"
"-80.80","46.63","SUDBURY CLIMATE","6068145","2020-06-13 15:00","2020","06","13","15:00","12.8","","0.6","","43","","0.0","","1","","18","","","","98.72","","","","","","NA"
"-80.80","46.63","SUDBURY CLIMATE","6068145","2020-06-13 16:00","2020","06","13","16:00","14.7","","1.1","","39","","0.0","","3","","18","","","","98.72","","","","","","NA"
"-80.80","46.63","SUDBURY CLIMATE","6068145","2020-06-13 17:00","2020","06","13","17:00","15.1","","-1.6","","32","","0.0","","1","","17","","","","98.70","","","","","","NA"
"-80.80","46.63","SUDBURY CLIMATE","6068145","2020-06-13 18:00","2020","06","13","18:00","16.3","","-1.6","","29","","0.0","","5","","20","","","","98.66","","","","","","NA"
"-80.80","46.63","SUDBURY CLIMATE","6068145","2020-06-13 19:00","2020","06","13","19:00","17.3","","-0.8","","29","","0.0","","2","","13","","","","98.65","","","","","","NA"
"-80.80","46.63","SUDBURY CLIMATE","6068145","2020-06-13 20:00","2020","06","13","20:00","16.8","","-4.0","","24","","0.0","","2","","11","","","","98.63","","","","","","NA"
"-80.80","46.63","SUDBURY CLIMATE","6068145","2020-06-13 21:00","2020","06","13","21:00","17.7","","-2.5","","25","","0.0","","4","","15","","","","98.61","","","","","","NA"
"-80.80","46.63","SUDBURY CLIMATE","6068145","2020-06-13 22:00","2020","06","13","22:00","17.3","","-2.7","","25","","0.0","","2","","9","","","","98.60","","","","","","NA"
"-80.80","46.63","SUDBURY CLIMATE","6068145","2020-06-13 23:00","2020","06","13","23:00","17.5","","-0.4","","30","","0.0","","4","","15","","","","98.61","","","","","","NA"
"-80.80","46.63","SUDBURY CLIMATE","6068145","2020-06-14 00:00","2020","06","14","00:00","16.3","","-1.3","","30","","0.0","","5","","14","","","","98.64","","","","","","NA"
"-80.80","46.63","SUDBURY CLIMATE","6068145","2020-06-14 01:00","2020","06","14","01:00","12.7","","0.7","","44","","0.0","","7","","7","","","","98.68","","","","","","NA"
"-80.80","46.63","SUDBURY CLIMATE","6068145","2020-06-14 02:00","2020","06","14","02:00","10.3","","0.8","","51","","0.0","","7","","7","","","","98.74","","","","","","NA"
"-80.80","46.63","SUDBURY CLIMATE","6068145","2020-06-14 03:00","2020","06","14","03:00","10.7","","1.0","","51","","0.0","","8","","11","","","","98.78","","","","","","NA"
"-80.80","46.63","SUDBURY CLIMATE","6068145","2020-06-14 04:00","2020","06","14","04:00","8.2","","0.1","","56","","0.0","","7","","7","","","","98.82","","","","","","NA"
"-80.80","46.63","SUDBURY CLIMATE","6068145","2020-06-14 05:00","2020","06","14","05:00","8.4","","2.3","","65","","0.0","","3","","9","","","","98.84","","","","","","NA"
"-80.80","46.63","SUDBURY CLIMATE","6068145","2020-06-14 06:00","2020","06","14","06:00","8.4","","2.7","","67","","0.0","","4","","11","","","","98.87","","","","","","NA"
"-80.80","46.63","SUDBURY CLIMATE","6068145","2020-06-14 07:00","2020","06","14","07:00","7.3","","3.2","","75","","0.0","","5","","11","","","","98.90","","","","","","NA"
"-80.80","46.63","SUDBURY CLIMATE","6068145","2020-06-14 08:00","2020","06","14","08:00","6.5","","1.9","","73","","0.0","","5","","11","","","","98.91","","","","","","NA"
"-80.80","46.63","SUDBURY CLIMATE","6068145","2020-06-14 09:00","2020","06","14","09:00","5.8","","2.6","","80","","0.0","","5","","10","","","","98.95","","","","","","NA"
"-80.80","46.63","SUDBURY CLIMATE","6068145","2020-06-14 10:00","2020","06","14","10:00","6.2","","2.3","","76","","0.0","","4","","10","","","","99.02","","","","","","NA"
"-80.80","46.63","SUDBURY CLIMATE","6068145","2020-06-14 11:00","2020","06","14","11:00","8.2","","4.5","","77","","0.0","","4","","8","","","","99.08","","","","","","NA"
"-80.80","46.63","SUDBURY CLIMATE","6068145","2020-06-14 12:00","2020","06","14","12:00","10.3","","5.0","","70","","0.0","","4","","9","","","","99.15","","","","","","NA"
"-80.80","46.63","SUDBURY CLIMATE","6068145","2020-06-14 13:00","2020","06","14","13:00","13.2","","2.9","","50","","0.0","","10","","9","","","","99.20","","","","","","NA"
"-80.80","46.63","SUDBURY CLIMATE","6068145","2020-06-14 14:00","2020","06","14","14:00","14.1","","1.7","","43","","0.0","","2","","10","","","","99.22","","","","","","NA"
"-80.80","46.63","SUDBURY CLIMATE","6068145","2020-06-14 15:00","2020","06","14","15:00","16.1","","1.9","","38","","0.0","","5","","8","","","","99.16","","","","","","NA"
"-80.80","46.63","SUDBURY CLIMATE","6068145","2020-06-14 16:00","2020","06","14","16:00","15.9","","-0.2","","33","","0.0","","4","","14","","","","99.13","","","","","","NA"
"-80.80","46.63","SUDBURY CLIMATE","6068145","2020-06-14 17:00","2020","06","14","17:00","17.1","","-0.6","","30","","0.0","","4","","13","","","","99.07","","","","","","NA"
"-80.80","46.63","SUDBURY CLIMATE","6068145","2020-06-14 18:00","2020","06","14","18:00","19.0","","0.5","","29","","0.0","","1","","13","","","","99.00","","","","","","NA"
"-80.80","46.63","SUDBURY CLIMATE","6068145","2020-06-14 19:00","2020","06","14","19:00","19.2","","-1.2","","25","","0.0","","1","","16","","","","98.96","","","","","","NA"
"-80.80","46.63","SUDBURY CLIMATE","6068145","2020-06-14 20:00","2020","06","14","20:00","19.4","","-0.7","","26","","0.0","","2","","12","","","","98.89","","","","","","NA"
"-80.80","46.63","SUDBURY CLIMATE","6068145","2020-06-14 21:00","2020","06","14","21:00","19.6","","-1.8","","24","","0.0","","1","","14","","","","98.84","","","","","","NA"
"-80.80","46.63","SUDBURY CLIMATE","6068145","2020-06-14 22:00","2020","06","14","22:00","19.9","","-2.5","","22","","0.0","","2","","14","","","","98.81","","","","","","NA"
"-80.80","46.63","SUDBURY CLIMATE","6068145","2020-06-14 23:00","2020","06","14","23:00","19.5","","-2.0","","23","","0.0","","1","","8","","","","98.80","","","","","","NA"
"-80.80","46.63","SUDBURY CLIMATE","6068145","2020-06-15 00:00","2020","06","15","00:00","19.1","","-1.2","","25","","0.0","","4","","9","","","","98.82","","","","","","NA"
"-80.80","46.63","SUDBURY CLIMATE","6068145","2020-06-15 01:00","2020","06","15","01:00","14.3","","2.0","","43","","0.0","","5","","6","","","","98.81","","","","","","NA"
"-80.80","46.63","SUDBURY CLIMATE","6068145","2020-06-15 02:00","2020","06","15","02:00","12.7","","2.8","","51","","0.0","","13","","8","","","","98.86","","","","","","NA"
"-80.80","46.63","SUDBURY CLIMATE","6068145","2020-06-15 03:00","2020","06","15","03:00","12.1","","3.3","","55","","0.0","","19","","9","","","","98.89","","","","","","NA"
"-80.80","46.63","SUDBURY CLIMATE","6068145","2020-06-15 04:00","2020","06","15","04:00","8.2","","2.0","","65","","0.0","","25","","5","","","","98.90","","","","","","NA"
"-80.80","46.63","SUDBURY CLIMATE","6068145","2020-06-15 05:00","2020","06","15","05:00","8.3","","2.1","","65","","0.0","","28","","6","","","","98.92","","","","","","NA"
"-80.80","46.63","SUDBURY CLIMATE","6068145","2020-06-15 06:00","2020","06","15","06:00","7.8","","2.7","","70","","0.0","","29","","7","","","","98.90","","","","","","NA"
"-80.80","46.63","SUDBURY CLIMATE","6068145","2020-06-15 07:00","2020","06","15","07:00","6.7","","3.3","","79","","0.0","","33","","6","","","","98.91","","","","","","NA"
"-80.80","46.63","SUDBURY CLIMATE","6068145","2020-06-15 08:00","2020","06","15","08:00","7.9","","6.0","","88","","0.0","","1","","7","","","","98.95","","","","","","NA"
"-80.80","46.63","SUDBURY CLIMATE","6068145","2020-06-15 09:00","2020","06","15","09:00","6.6","","3.5","","81","","0.0","","2","","5","","","","98.94","","","","","","NA"
"-80.80","46.63","SUDBURY CLIMATE","6068145","2020-06-15 10:00","2020","06","15","10:00","6.7","","3.0","","77","","0.0","","2","","8","","","","98.99","","","","","","NA"
"-80.80","46.63","SUDBURY CLIMATE","6068145","2020-06-15 11:00","2020","06","15","11:00","11.2","","4.5","","63","","0.0","","2","","8","","","","99.02","","","","","","NA"
"-80.80","46.63","SUDBURY CLIMATE","6068145","2020-06-15 12:00","2020","06","15","12:00","11.9","","7.1","","73","","0.0","","4","","10","","","","99.05","","","","","","NA"
"-80.80","46.63","SUDBURY CLIMATE","6068145","2020-06-15 13:00","2020","06","15","13:00","15.8","","6.8","","55","","0.0","","11","","4","","","","99.08","","","","","","NA"
"-80.80","46.63","SUDBURY CLIMATE","6068145","2020-06-15 14:00","2020","06","15","14:00","18.1","","5.0","","42","","0.0","","6","","5","","","","99.09","","","","","","NA"
"-80.80","46.63","SUDBURY CLIMATE","6068145","2020-06-15 15:00","2020","06","15","15:00","19.1","","2.6","","33","","0.0","","17","","7","","","","99.07","","","","","","NA"
"-80.80","46.63","SUDBURY CLIMATE","6068145","2020-06-15 16:00","2020","06","15","16:00","20.1","","1.5","","29","","0.0","","16","","9","","","","99.02","","","","","","NA"
"-80.80","46.63","SUDBURY CLIMATE","6068145","2020-06-15 17:00","2020","06","15","17:00","21.0","","2.8","","30","","0.0","","23","","12","","","","98.98","","","","","","NA"
"-80.80","46.63","SUDBURY CLIMATE","6068145","2020-06-15 18:00","2020","06","15","18:00","22.7","","3.5","","29","","0.0","","20","","10","","","","98.92","","","","","","NA"
"-80.80","46.63","SUDBURY CLIMATE","6068145","2020-06-15 19:00","2020","06","15","19:00","22.7","","3.4","","28","","0.0","","19","","6","","","","98.87","","","","","","NA"
"-80.80","46.63","SUDBURY CLIMATE","6068145","2020-06-15 20:00","2020","06","15","20:00","22.7","","2.9","","27","","0.0","","18","","9","","","","98.85","","","","","","NA"
"-80.80","46.63","SUDBURY CLIMATE","6068145","2020-06-15 21:00","2020","06","15","21:00","23.0","","2.4","","26","","0.0","","25","","9","","","","98.82","","","","","","NA"
"-80.80","46.63","SUDBURY CLIMATE","6068145","2020-06-15 22:00","2020","06","15","22:00","23.0","","3.8","","28","","0.0","","19","","7","","","","98.75","","","","","","NA"
"-80.80","46.63","SUDBURY CLIMATE","6068145","2020-06-15 23:00","2020","06","15","23:00","21.7","","5.2","","34","","0.0","","22","","25","","","","98.72","","","","","","NA"
"-80.80","46.63","SUDBURY CLIMATE","6068145","2020-06-16 00:00","2020","06","16","00:00","19.6","","4.4","","37","","0.0","","22","","22","","","","98.73","","","","","","NA"
"-80.80","46.63","SUDBURY CLIMATE","6068145","2020-06-16 01:00","2020","06","16","01:00","17.0","","4.3","","43","","0.0","","23","","12","","","","98.73","","","","","","NA"
"-80.80","46.63","SUDBURY CLIMATE","6068145","2020-06-16 02:00","2020","06","16","02:00","13.2","","4.8","","57","","0.0","","22","","10","","","","98.75","","","","","","NA"
"-80.80","46.63","SUDBURY CLIMATE","6068145","2020-06-16 03:00","2020","06","16","03:00","13.7","","4.8","","55","","0.0","","24","","10","","","","98.76","","","","","","NA"
"-80.80","46.63","SUDBURY CLIMATE","6068145","2020-06-16 04:00","2020","06","16","04:00","10.6","","3.6","","62","","0.0","","24","","7","","","","98.74","","","","","","NA"
"-80.80","46.63","SUDBURY CLIMATE","6068145","2020-06-16 05:00","2020","06","16","05:00","10.6","","4.3","","65","","0.0","","22","","6","","","","98.71","","","","","","NA"
"-80.80","46.63","SUDBURY CLIMATE","6068145","2020-06-16 06:00","2020","06","16","06:00","10.1","","4.3","","67","","0.0","","22","","10","","","","98.72","","","","","","NA"
"-80.80","46.63","SUDBURY CLIMATE","6068145","2020-06-16 07:00","2020","06","16","07:00","8.8","","4.7","","75","","0.0","","22","","12","","","","98.71","","","","","","NA"
"-80.80","46.63","SUDBURY CLIMATE","6068145","2020-06-16 08:00","2020","06","16","08:00","8.2","","4.9","","80","","0.0","","22","","10","","","","98.71","","","","","","NA"
"-80.80","46.63","SUDBURY CLIMATE","6068145","2020-06-16 09:00","2020","06","16","09:00","7.3","","4.8","","84","","0.0","","24","","6","","","","98.73","","","","","","NA"
"-80.80","46.63","SUDBURY CLIMATE","6068145","2020-06-16 10:00","2020","06","16","10:00","6.9","","5.2","","89","","0.0","","24","","6","","","","98.72","","","","","","NA"
"-80.80","46.63","SUDBURY CLIMATE","6068145","2020-06-16 11:00","2020","06","16","11:00","11.2","","6.8","","74","","0.0","","18","","7","","","","98.74","","","","","","NA"
"-80.80","46.63","SUDBURY CLIMATE","6068145","2020-06-16 12:00","2020","06","16","12:00","13.6","","5.2","","57","","0.0","","22","","12","","","","98.78","","","","","","NA"
"-80.80","46.63","SUDBURY CLIMATE","6068145","2020-06-16 13:00","2020","06","16","13:00","16.8","","7.3","","54","","0.0","","22","","15","","","","98.79","","","","","","NA"
"-80.80","46.63","SUDBURY CLIMATE","6068145","2020-06-16 14:00","2020","06","16","14:00","18.7","","5.7","","42","","0.0","","23","","16","","","","98.77","","","","","","NA"
"-80.80","46.63","SUDBURY CLIMATE","6068145","2020-06-16 15:00","2020","06","16","15:00","20.3","","6.9","","42","","0.0","","24","","15","","","","98.73","","","","","","NA"
"-80.80","46.63","SUDBURY CLIMATE","6068145","2020-06-16 16:00","2020","06","16","16:00","21.2","","6.8","","39","","0.0","","22","","20","","","","98.71","","","","","","NA"
"-80.80","46.63","SUDBURY CLIMATE","6068145","2020-06-16 17:00","2020","06","16","17:00","22.8","","6.6","","35","","0.0","","21","","25","","","","98.66","","","","","","NA"
"-80.80","46.63","SUDBURY CLIMATE","6068145","2020-06-16 18:00","2020","06","16","18:00","23.9","","7.3","","35","","0.0","","22","","23","","","","98.60","","","","","","NA"
"-80.80","46.63","SUDBURY CLIMATE","6068145","2020-06-16 19:00","2020","06","16","19:00","24.1","","7.4","","34","","0.0","","22","","24","","","","98.57","","","","","","NA"
"-80.80","46.63","SUDBURY CLIMATE","6068145","2020-06-16 20:00","2020","06","16","20:00","24.2","","6.0","","31","","0.0","","23","","17","","","","98.56","","","","","","NA"
"-80.80","46.63","SUDBURY CLIMATE","6068145","2020-06-16 21:00","2020","06","16","21:00","23.8","","7.5","","35","","0.0","","22","","22","","","","98.49","","","","","","NA"
"-80.80","46.63","SUDBURY CLIMATE","6068145","2020-06-16 22:00","2020","06","16","22:00","24.0","","8.4","","37","","0.0","","20","","22","","","","98.41","","25","","","","NA"
"-80.80","46.63","SUDBURY CLIMATE","6068145","2020-06-16 23:00","2020","06","16","23:00","23.1","","8.6","","40","","0.0","","20","","24","","","","98.33","","","","","","NA"
"-80.80","46.63","SUDBURY CLIMATE","6068145","2020-06-17 00:00","2020","06","17","00:00","21.7","","9.1","","45","","0.0","","21","","23","","","","98.28","","","","","","NA"
"-80.80","46.63","SUDBURY CLIMATE","6068145","2020-06-17 01:00","2020","06","17","01:00","18.9","","9.0","","53","","0.0","","20","","21","","","","98.29","","","","","","NA"
"-80.80","46.63","SUDBURY CLIMATE","6068145","2020-06-17 02:00","2020","06","17","02:00","16.2","","8.8","","61","","0.0","","20","","15","","","","98.32","","","","","","NA"
"-80.80","46.63","SUDBURY CLIMATE","6068145","2020-06-17 03:00","2020","06","17","03:00","14.9","","8.4","","65","","0.0","","21","","15","","","","98.33","","","","","","NA"
"-80.80","46.63","SUDBURY CLIMATE","6068145","2020-06-17 04:00","2020","06","17","04:00","12.9","","8.2","","73","","0.0","","20","","11","","","","98.33","","","","","","NA"
"-80.80","46.63","SUDBURY CLIMATE","6068145","2020-06-17 05:00","2020","06","17","05:00","12.3","","8.6","","78","","0.0","","22","","10","","","","98.34","","","","","","NA"
"-80.80","46.63","SUDBURY CLIMATE","6068145","2020-06-17 06:00","2020","06","17","06:00","13.1","","9.0","","76","","0.0","","23","","11","","","","98.30","","","","","","NA"
"-80.80","46.63","SUDBURY CLIMATE","6068145","2020-06-17 07:00","2020","06","17","07:00","12.7","","9.0","","78","","0.0","","25","","7","","","","98.30","","","","","","NA"
"-80.80","46.63","SUDBURY CLIMATE","6068145","2020-06-17 08:00","2020","06","17","08:00","12.7","","9.1","","79","","0.0","","25","","8","","","","98.30","","","","","","NA"
"-80.80","46.63","SUDBURY CLIMATE","6068145","2020-06-17 09:00","2020","06","17","09:00","12.0","","8.9","","81","","0.0","","24","","8","","","","98.31","","","","","","NA"
"-80.80","46.63","SUDBURY CLIMATE","6068145","2020-06-17 10:00","2020","06","17","10:00","12.1","","9.3","","83","","0.0","","24","","10","","","","98.31","","","","","","NA"
"-80.80","46.63","SUDBURY CLIMATE","6068145","2020-06-17 11:00","2020","06","17","11:00","13.9","","9.5","","74","","0.0","","24","","9","","","","98.29","","","","","","NA"
"-80.80","46.63","SUDBURY CLIMATE","6068145","2020-06-17 12:00","2020","06","17","12:00","16.2","","9.4","","64","","0.0","","25","","8","","","","98.31","","","","","","NA"
"-80.80","46.63","SUDBURY CLIMATE","6068145","2020-06-17 13:00","2020","06","17","13:00","18.9","","9.8","","55","","0.0","","24","","12","","","","98.33","","","","","","NA"
"-80.80","46.63","SUDBURY CLIMATE","6068145","2020-06-17 14:00","2020","06","17","14:00","21.3","","10.3","","49","","0.0","","24","","13","","","","98.32","","","","","","NA"
"-80.80","46.63","SUDBURY CLIMATE","6068145","2020-06-17 15:00","2020","06","17","15:00","23.3","","11.0","","46","","0.0","","21","","16","","","","98.29","","25","","","","NA"
"-80.80","46.63","SUDBURY CLIMATE","6068145","2020-06-17 16:00","2020","06","17","16:00","24.7","","11.7","","44","","0.0","","21","","17","","","","98.25","","27","","","","NA"
"-80.80","46.63","SUDBURY CLIMATE","6068145","2020-06-17 17:00","2020","06","17","17:00","25.5","","11.8","","42","","0.0","","23","","14","","","","98.21","","28","","","","NA"
"-80.80","46.63","SUDBURY CLIMATE","6068145","2020-06-17 18:00","2020","06","17","18:00","27.1","","11.5","","38","","0.0","","22","","17","","","","98.17","","29","","","","NA"
"-80.80","46.63","SUDBURY CLIMATE","6068145","2020-06-17 19:00","2020","06","17","19:00","27.9","","10.3","","33","","0.0","","22","","19","","","","98.14","","29","","","","NA"
"-80.80","46.63","SUDBURY CLIMATE","6068145","2020-06-17 20:00","2020","06","17","20:00","28.2","","10.7","","34","","0.0","","21","","17","","","","98.10","","30","","","","NA"
"-80.80","46.63","SUDBURY CLIMATE","6068145","2020-06-17 21:00","2020","06","17","21:00","28.5","","11.3","","34","","0.0","","22","","18","","","","98.08","","30","","","","NA"
"-80.80","46.63","SUDBURY CLIMATE","6068145","2020-06-17 22:00","2020","06","17","22:00","27.6","","11.0","","35","","0.0","","21","","18","","","","98.02","","29","","","","NA"
"-80.80","46.63","SUDBURY CLIMATE","6068145","2020-06-17 23:00","2020","06","17","23:00","26.8","","10.9","","37","","0.0","","22","","18","","","","97.97","","29","","","","NA"
"-80.80","46.63","SUDBURY CLIMATE","6068145","2020-06-18 00:00","2020","06","18","00:00","25.4","","11.8","","43","","0.0","","21","","16","","","","97.95","","28","","","","NA"
"-80.80","46.63","SUDBURY CLIMATE","6068145","2020-06-18 01:00","2020","06","18","01:00","22.9","","11.5","","49","","0.0","","19","","18","","","","97.93","","25","","","","NA"
"-80.80","46.63","SUDBURY CLIMATE","6068145","2020-06-18 02:00","2020","06","18","02:00","19.7","","9.6","","52","","0.0","","19","","18","","","","97.95","","","","","","NA"
"-80.80","46.63","SUDBURY CLIMATE","6068145","2020-06-18 03:00","2020","06","18","03:00","17.1","","8.4","","56","","0.0","","20","","15","","","","97.95","","","","","","NA"
"-80.80","46.63","SUDBURY CLIMATE","6068145","2020-06-18 04:00","2020","06","18","04:00","15.4","","8.0","","61","","0.0","","20","","12","","","","97.96","","","","","","NA"
"-80.80","46.63","SUDBURY CLIMATE","6068145","2020-06-18 05:00","2020","06","18","05:00","16.1","","8.7","","62","","0.0","","25","","8","","","","97.97","","","","","","NA"
"-80.80","46.63","SUDBURY CLIMATE","6068145","2020-06-18 06:00","2020","06","18","06:00","15.2","","9.2","","67","","0.0","","25","","8","","","","97.94","","","","","","NA"
"-80.80","46.63","SUDBURY CLIMATE","6068145","2020-06-18 07:00","2020","06","18","07:00","14.4","","9.7","","73","","0.0","","24","","8","","","","97.90","","","","","","NA"
"-80.80","46.63","SUDBURY CLIMATE","6068145","2020-06-18 08:00","2020","06","18","08:00","14.0","","9.8","","76","","0.0","","23","","10","","","","97.83","","","","","","NA"
"-80.80","46.63","SUDBURY CLIMATE","6068145","2020-06-18 09:00","2020","06","18","09:00","12.6","","9.4","","81","","0.0","","22","","8","","","","97.87","","","","","","NA"
"-80.80","46.63","SUDBURY CLIMATE","6068145","2020-06-18 10:00","2020","06","18","10:00","11.5","","9.4","","87","","0.0","","28","","6","","","","97.95","","","","","","NA"
"-80.80","46.63","SUDBURY CLIMATE","6068145","2020-06-18 11:00","2020","06","18","11:00","14.9","","10.9","","77","","0.0","","26","","6","","","","97.94","","","","","","NA"
"-80.80","46.63","SUDBURY CLIMATE","6068145","2020-06-18 12:00","2020","06","18","12:00","17.4","","9.5","","60","","0.0","","25","","7","","","","97.96","","","","","","NA"
"-80.80","46.63","SUDBURY CLIMATE","6068145","2020-06-18 13:00","2020","06","18","13:00","20.8","","8.9","","46","","0.0","","22","","10","","","","97.96","","","","","","NA"
"-80.80","46.63","SUDBURY CLIMATE","6068145","2020-06-18 14:00","2020","06","18","14:00","22.5","","9.5","","44","","0.0","","23","","16","","","","97.96","","","","","","NA"
"-80.80","46.63","SUDBURY CLIMATE","6068145","2020-06-18 15:00","2020","06","18","15:00","23.7","","6.7","","33","","0.0","","21","","14","","","","97.95","","","","","","NA"
"-80.80","46.63","SUDBURY CLIMATE","6068145","2020-06-18 16:00","2020","06","18","16:00","25.5","","8.2","","33","","0.0","","21","","17","","","","97.91","","26","","","","NA"
"-80.80","46.63","SUDBURY CLIMATE","6068145","2020-06-18 17:00","2020","06","18","17:00","26.4","","8.3","","32","","0.0","","22","","13","","","","97.85","","27","","","","NA"
"-80.80","46.63","SUDBURY CLIMATE","6068145","2020-06-18 18:00","2020","06","18","18:00","28.3","","8.7","","29","","0.0","","21","","19","","","","97.80","","29","","","","NA"
"-80.80","46.63","SUDBURY CLIMATE","6068145","2020-06-18 19:00","2020","06","18","19:00","29.0","","8.3","","27","","0.0","","21","","20","","","","97.74","","30","","","","NA"
"-80.80","46.63","SUDBURY CLIMATE","6068145","2020-06-18 20:00","2020","06","18","20:00","28.1","","6.5","","25","","0.0","","23","","19","","","","97.72","","28","","","","NA"
"-80.80","46.63","SUDBURY CLIMATE","6068145","2020-06-18 21:00","2020","06","18","21:00","28.6","","5.8","","24","","0.0","","23","","17","","","","97.66","","28","","","","NA"
"-80.80","46.63","SUDBURY CLIMATE","6068145","2020-06-18 22:00","2020","06","18","22:00","28.1","","5.2","","23","","0.0","","20","","19","","","","97.64","","27","","","","NA"
"-80.80","46.63","SUDBURY CLIMATE","6068145","2020-06-18 23:00","2020","06","18","23:00","27.2","","7.8","","29","","0.0","","19","","20","","","","97.61","","28","","","","NA"
"-80.80","46.63","SUDBURY CLIMATE","6068145","2020-06-19 00:00","2020","06","19","00:00","25.6","","10.4","","38","","0.0","","23","","14","","","","97.61","","27","","","","NA"
"-80.80","46.63","SUDBURY CLIMATE","6068145","2020-06-19 01:00","2020","06","19","01:00","21.6","","10.8","","50","","0.0","","20","","13","","","","97.57","","","","","","NA"
"-80.80","46.63","SUDBURY CLIMATE","6068145","2020-06-19 02:00","2020","06","19","02:00","18.5","","11.4","","63","","0.0","","21","","12","","","","97.62","","","","","","NA"
"-80.80","46.63","SUDBURY CLIMATE","6068145","2020-06-19 03:00","2020","06","19","03:00","18.5","","11.5","","64","","0.0","","22","","13","","","","97.60","","","","","","NA"
"-80.80","46.63","SUDBURY CLIMATE","6068145","2020-06-19 04:00","2020","06","19","04:00","16.3","","10.3","","67","","0.0","","20","","15","","","","97.60","","","","","","NA"
"-80.80","46.63","SUDBURY CLIMATE","6068145","2020-06-19 05:00","2020","06","19","05:00","15.7","","10.8","","73","","0.0","","25","","8","","","","97.61","","","","","","NA"
"-80.80","46.63","SUDBURY CLIMATE","6068145","2020-06-19 06:00","2020","06","19","06:00","15.2","","11.0","","76","","0.0","","24","","8","","","","97.59","","","","","","NA"
"-80.80","46.63","SUDBURY CLIMATE","6068145","2020-06-19 07:00","2020","06","19","07:00","12.4","","9.7","","84","","0.0","","28","","6","","","","97.59","","","","","","NA"
"-80.80","46.63","SUDBURY CLIMATE","6068145","2020-06-19 08:00","2020","06","19","08:00","13.3","","11.4","","88","","0.0","","30","","7","","","","97.57","","","","","","NA"
"-80.80","46.63","SUDBURY CLIMATE","6068145","2020-06-19 09:00","2020","06","19","09:00","12.3","","10.9","","91","","0.0","","25","","5","","","","97.60","","","","","","NA"
"-80.80","46.63","SUDBURY CLIMATE","6068145","2020-06-19 10:00","2020","06","19","10:00","13.2","","10.9","","86","","0.0","","17","","7","","","","97.64","","","","","","NA"
"-80.80","46.63","SUDBURY CLIMATE","6068145","2020-06-19 11:00","2020","06","19","11:00","16.7","","12.0","","74","","0.0","","16","","2","","","","97.64","","","","","","NA"
"-80.80","46.63","SUDBURY CLIMATE","6068145","2020-06-19 12:00","2020","06","19","12:00","19.7","","13.2","","66","","0.0","","18","","4","","","","97.66","","","","","","NA"
"-80.80","46.63","SUDBURY CLIMATE","6068145","2020-06-19 13:00","2020","06","19","13:00","20.8","","13.0","","61","","0.0","","21","","4","","","","97.66","","","","","","NA"
"-80.80","46.63","SUDBURY CLIMATE","6068145","2020-06-19 14:00","2020","06","19","14:00","23.6","","13.4","","53","","0.0","","22","","9","","","","97.65","","27","","","","NA"
"-80.80","46.63","SUDBURY CLIMATE","6068145","2020-06-19 15:00","2020","06","19","15:00","25.3","","13.4","","47","","0.0","","23","","9","","","","97.62","","28","","","","NA"
"-80.80","46.63","SUDBURY CLIMATE","6068145","2020-06-19 16:00","2020","06","19","16:00","26.7","","11.9","","40","","0.0","","24","","10","","","","97.60","","29","","","","NA"
"-80.80","46.63","SUDBURY CLIMATE","6068145","2020-06-19 17:00","2020","06","19","17:00","28.4","","13.2","","39","","0.0","","24","","12","","","","97.57","","31","","","","NA"
"-80.80","46.63","SUDBURY CLIMATE","6068145","2020-06-19 18:00","2020","06","19","18:00","28.7","","13.0","","38","","0.0","","22","","17","","","","97.54","","31","","","","NA"
"-80.80","46.63","SUDBURY CLIMATE","6068145","2020-06-19 19:00","2020","06","19","19:00","28.9","","12.3","","36","","0.0","","25","","11","","","","97.54","","31","","","","NA"
"-80.80","46.63","SUDBURY CLIMATE","6068145","2020-06-19 20:00","2020","06","19","20:00","29.5","","11.9","","34","","0.0","","25","","13","","","","97.50","","32","","","","NA"
"-80.80","46.63","SUDBURY CLIMATE","6068145","2020-06-19 21:00","2020","06","19","21:00","29.0","","12.0","","35","","0.0","","22","","15","","","","97.46","","31","","","","NA"
"-80.80","46.63","SUDBURY CLIMATE","6068145","2020-06-19 22:00","2020","06","19","22:00","29.4","","12.5","","35","","0.0","","25","","11","","","","97.44","","32","","","","NA"
"-80.80","46.63","SUDBURY CLIMATE","6068145","2020-06-19 23:00","2020","06","19","23:00","28.8","","13.4","","39","","0.0","","22","","16","","","","97.43","","32","","","","NA"
"-80.80","46.63","SUDBURY CLIMATE","6068145","2020-06-20 00:00","2020","06","20","00:00","27.1","","12.6","","41","","0.0","","22","","16","","","","97.41","","30","","","","NA"
"-80.80","46.63","SUDBURY CLIMATE","6068145","2020-06-20 01:00","2020","06","20","01:00","23.1","","12.6","","52","","0.0","","22","","12","","","","97.42","","26","","","","NA"
"-80.80","46.63","SUDBURY CLIMATE","6068145","2020-06-20 02:00","2020","06","20","02:00","21.7","","12.1","","55","","0.0","","23","","10","","","","97.48","","","","","","NA"
"-80.80","46.63","SUDBURY CLIMATE","6068145","2020-06-20 03:00","2020","06","20","03:00","19.8","","12.8","","64","","0.0","","22","","12","","","","97.52","","","","","","NA"
"-80.80","46.63","SUDBURY CLIMATE","6068145","2020-06-20 04:00","2020","06","20","04:00","20.2","","12.8","","62","","0.0","","25","","8","","","","97.53","","","","","","NA"
"-80.80","46.63","SUDBURY CLIMATE","6068145","2020-06-20 05:00","2020","06","20","05:00","19.8","","12.9","","65","","0.0","","25","","9","","","","97.54","","","","","","NA"
"-80.80","46.63","SUDBURY CLIMATE","6068145","2020-06-20 06:00","2020","06","20","06:00","18.3","","12.8","","70","","0.0","","24","","7","","","","97.51","","","","","","NA"
"-80.80","46.63","SUDBURY CLIMATE","6068145","2020-06-20 07:00","2020","06","20","07:00","17.8","","12.7","","72","","0.0","","26","","6","","","","97.47","","","","","","NA"
"-80.80","46.63","SUDBURY CLIMATE","6068145","2020-06-20 08:00","2020","06","20","08:00","16.9","","12.8","","77","","0.0","","27","","8","","","","97.48","","","","","","NA"
"-80.80","46.63","SUDBURY CLIMATE","6068145","2020-06-20 09:00","2020","06","20","09:00","15.9","","12.6","","81","","0.0","","28","","7","","","","97.50","","","","","","NA"
"-80.80","46.63","SUDBURY CLIMATE","6068145","2020-06-20 10:00","2020","06","20","10:00","16.2","","12.7","","80","","0.0","","27","","9","","","","97.50","","","","","","NA"
"-80.80","46.63","SUDBURY CLIMATE","6068145","2020-06-20 11:00","2020","06","20","11:00","17.8","","13.2","","74","","0.0","","28","","5","","","","97.50","","","","","","NA"
"-80.80","46.63","SUDBURY CLIMATE","6068145","2020-06-20 12:00","2020","06","20","12:00","20.2","","14.0","","68","","0.0","","27","","7","","","","97.52","","","","","","NA"
"-80.80","46.63","SUDBURY CLIMATE","6068145","2020-06-20 13:00","2020","06","20","13:00","23.0","","15.1","","61","","0.0","","27","","8","","","","97.55","","27","","","","NA"
"-80.80","46.63","SUDBURY CLIMATE","6068145","2020-06-20 14:00","2020","06","20","14:00","24.8","","15.2","","55","","0.0","","27","","5","","","","97.56","","29","","","","NA"
"-80.80","46.63","SUDBURY CLIMATE","6068145","2020-06-20 15:00","2020","06","20","15:00","27.4","","13.7","","43","","0.0","","29","","7","","","","97.54","","31","","","","NA"
"-80.80","46.63","SUDBURY CLIMATE","6068145","2020-06-20 16:00","2020","06","20","16:00","28.5","","14.0","","41","","0.0","","23","","9","","","","97.51","","32","","","","NA"
"-80.80","46.63","SUDBURY CLIMATE","6068145","2020-06-20 17:00","2020","06","20","17:00","29.3","","13.4","","38","","0.0","","21","","14","","","","97.48","","32","","","","NA"
"-80.80","46.63","SUDBURY CLIMATE","6068145","2020-06-20 18:00","2020","06","20","18:00","29.6","","12.0","","34","","0.0","","25","","15","","","","97.45","","32","","","","NA"
"-80.80","46.63","SUDBURY CLIMATE","6068145","2020-06-20 19:00","2020","06","20","19:00","30.1","","12.9","","35","","0.0","","24","","14","","","","97.42","","33","","","","NA"
"-80.80","46.63","SUDBURY CLIMATE","6068145","2020-06-20 20:00","2020","06","20","20:00","29.1","","13.4","","38","","0.0","","22","","18","","","","97.37","","32","","","","NA"
"-80.80","46.63","SUDBURY CLIMATE","6068145","2020-06-20 21:00","2020","06","20","21:00","30.0","","14.1","","38","","0.0","","21","","22","","","","97.30","","33","","","","NA"
"-80.80","46.63","SUDBURY CLIMATE","6068145","2020-06-20 22:00","2020","06","20","22:00","29.1","","13.0","","37","","0.0","","22","","20","","","","97.27","","32","","","","NA"
"-80.80","46.63","SUDBURY CLIMATE","6068145","2020-06-20 23:00","2020","06","20","23:00","28.0","","13.2","","40","","0.0","","22","","18","","","","97.27","","31","","","","NA"
"-80.80","46.63","SUDBURY CLIMATE","6068145","2020-06-21 00:00","2020","06","21","00:00","26.9","","12.9","","42","","0.0","","22","","19","","","","97.26","","30","","","","NA"
"-80.80","46.63","SUDBURY CLIMATE","6068145","2020-06-21 01:00","2020","06","21","01:00","24.3","","13.3","","50","","0.0","","20","","14","","","","97.23","","27","","","","NA"
"-80.80","46.63","SUDBURY CLIMATE","6068145","2020-06-21 02:00","2020","06","21","02:00","20.3","","13.2","","64","","0.0","","21","","13","","","","97.23","","","","","","NA"
"-80.80","46.63","SUDBURY CLIMATE","6068145","2020-06-21 03:00","2020","06","21","03:00","19.7","","12.8","","64","","0.0","","20","","11","","","","97.24","","","","","","NA"
"-80.80","46.63","SUDBURY CLIMATE","6068145","2020-06-21 04:00","2020","06","21","04:00","19.2","","13.0","","67","","0.0","","21","","12","","","","97.25","","","","","","NA"
"-80.80","46.63","SUDBURY CLIMATE","6068145","2020-06-21 05:00","2020","06","21","05:00","17.1","","12.3","","73","","0.0","","21","","11","","","","97.21","","","","","","NA"
"-80.80","46.63","SUDBURY CLIMATE","6068145","2020-06-21 06:00","2020","06","21","06:00","18.0","","12.0","","68","","0.0","","19","","10","","","","97.14","","","","","","NA"
"-80.80","46.63","SUDBURY CLIMATE","6068145","2020-06-21 07:00","2020","06","21","07:00","17.4","","12.3","","72","","0.0","","20","","10","","","","97.10","","","","","","NA"
"-80.80","46.63","SUDBURY CLIMATE","6068145","2020-06-21 08:00","2020","06","21","08:00","18.5","","12.5","","68","","0.0","","16","","14","","","","97.05","","","","","","NA"
"-80.80","46.63","SUDBURY CLIMATE","6068145","2020-06-21 09:00","2020","06","21","09:00","18.4","","13.0","","71","","0.0","","16","","13","","","","97.03","","","","","","NA"
"-80.80","46.63","SUDBURY CLIMATE","6068145","2020-06-21 10:00","2020","06","21","10:00","17.7","","13.9","","79","","0.0","","16","","13","","","","97.02","","","","","","NA"
"-80.80","46.63","SUDBURY CLIMATE","6068145","2020-06-21 11:00","2020","06","21","11:00","17.9","","14.3","","79","","0.0","","17","","14","","","","97.04","","","","","","NA"
"-80.80","46.63","SUDBURY CLIMATE","6068145","2020-06-21 12:00","2020","06","21","12:00","19.7","","15.1","","75","","0.0","","17","","14","","","","97.05","","","","","","NA"
"-80.80","46.63","SUDBURY CLIMATE","6068145","2020-06-21 13:00","2020","06","21","13:00","22.6","","15.2","","63","","0.0","","17","","20","","","","97.02","","27","","","","NA"
"-80.80","46.63","SUDBURY CLIMATE","6068145","2020-06-21 14:00","2020","06","21","14:00","24.1","","16.0","","61","","0.0","","20","","23","","","","97.01","","29","","","","NA"
"-80.80","46.63","SUDBURY CLIMATE","6068145","2020-06-21 15:00","2020","06","21","15:00","25.5","","16.5","","58","","0.0","","20","","21","","","","97.02","","30","","","","NA"
"-80.80","46.63","SUDBURY CLIMATE","6068145","2020-06-21 16:00","2020","06","21","16:00","26.3","","16.5","","55","","0.0","","20","","23","","","","97.00","","31","","","","NA"
"-80.80","46.63","SUDBURY CLIMATE","6068145","2020-06-21 17:00","2020","06","21","17:00","26.9","","17.1","","55","","0.0","","20","","27","","","","97.02","","32","","","","NA"
"-80.80","46.63","SUDBURY CLIMATE","6068145","2020-06-21 18:00","2020","06","21","18:00","26.8","","16.8","","54","","0.0","","20","","23","","","","97.02","","32","","","","NA"
"-80.80","46.63","SUDBURY CLIMATE","6068145","2020-06-21 19:00","2020","06","21","19:00","26.4","","17.4","","58","","0.0","","23","","25","","","","97.00","","32","","","","NA"
"-80.80","46.63","SUDBURY CLIMATE","6068145","2020-06-21 20:00","2020","06","21","20:00","25.8","","17.4","","60","","0.0","","23","","19","","","","96.99","","31","","","","NA"
"-80.80","46.63","SUDBURY CLIMATE","6068145","2020-06-21 21:00","2020","06","21","21:00","21.9","","18.1","","79","","0.0","","24","","18","","","","96.98","","28","","","","NA"
"-80.80","46.63","SUDBURY CLIMATE","6068145","2020-06-21 22:00","2020","06","21","22:00","24.4","","19.4","","74","","0.0","","23","","11","","","","96.93","","31","","","","NA"
"-80.80","46.63","SUDBURY CLIMATE","6068145","2020-06-21 23:00","2020","06","21","23:00","23.9","","19.2","","75","","0.0","","25","","10","","","","96.94","","31","","","","NA"
"-80.80","46.63","SUDBURY CLIMATE","6068145","2020-06-22 00:00","2020","06","22","00:00","23.8","","18.5","","72","","0.0","","26","","8","","","","96.98","","30","","","","NA"
"-80.80","46.63","SUDBURY CLIMATE","6068145","2020-06-22 01:00","2020","06","22","01:00","21.5","","19.1","","86","","0.0","","25","","7","","","","97.00","","28","","","","NA"
"-80.80","46.63","SUDBURY CLIMATE","6068145","2020-06-22 02:00","2020","06","22","02:00","19.8","","18.3","","91","","0.0","","22","","7","","","","97.04","","","","","","NA"
"-80.80","46.63","SUDBURY CLIMATE","6068145","2020-06-22 03:00","2020","06","22","03:00","18.3","","17.3","","94","","0.0","","21","","8","","","","97.05","","","","","","NA"
"-80.80","46.63","SUDBURY CLIMATE","6068145","2020-06-22 04:00","2020","06","22","04:00","19.5","","17.9","","91","","0.0","","19","","11","","","","97.03","","","","","","NA"
"-80.80","46.63","SUDBURY CLIMATE","6068145","2020-06-22 05:00","2020","06","22","05:00","17.9","","17.2","","96","","0.0","","24","","5","","","","97.03","","","","","","NA"
"-80.80","46.63","SUDBURY CLIMATE","6068145","2020-06-22 06:00","2020","06","22","06:00","17.0","","16.7","","98","","0.0","","21","","10","","","","97.04","","","","","","NA"
"-80.80","46.63","SUDBURY CLIMATE","6068145","2020-06-22 07:00","2020","06","22","07:00","16.9","","16.6","","98","","0.0","","25","","6","","","","97.08","","","","","","NA"
"-80.80","46.63","SUDBURY CLIMATE","6068145","2020-06-22 08:00","2020","06","22","08:00","17.0","","16.9","","99","","0.0","","22","","8","","","","97.07","","","","","","NA"
"-80.80","46.63","SUDBURY CLIMATE","6068145","2020-06-22 09:00","2020","06","22","09:00","16.8","","16.7","","99","","0.0","","27","","7","","","","97.13","","","","","","NA"
"-80.80","46.63","SUDBURY CLIMATE","6068145","2020-06-22 10:00","2020","06","22","10:00","16.7","","16.7","","100","","0.0","","29","","5","","","","97.14","","","","","","NA"
"-80.80","46.63","SUDBURY CLIMATE","6068145","2020-06-22 11:00","2020","06","22","11:00","16.6","","16.6","","100","","0.0","","32","","6","","","","97.12","","","","","","NA"
"-80.80","46.63","SUDBURY CLIMATE","6068145","2020-06-22 12:00","2020","06","22","12:00","16.6","","16.3","","98","","0.0","","30","","5","","","","97.16","","","","","","NA"
"-80.80","46.63","SUDBURY CLIMATE","6068145","2020-06-22 13:00","2020","06","22","13:00","18.0","","16.1","","89","","0.0","","35","","3","","","","97.14","","","","","","NA"
"-80.80","46.63","SUDBURY CLIMATE","6068145","2020-06-22 14:00","2020","06","22","14:00","20.7","","15.6","","73","","0.0","","6","","7","","","","97.11","","25","","","","NA"
"-80.80","46.63","SUDBURY CLIMATE","6068145","2020-06-22 15:00","2020","06","22","15:00","23.3","","17.1","","68","","0.0","","17","","5","","","","97.11","","29","","","","NA"
"-80.80","46.63","SUDBURY CLIMATE","6068145","2020-06-22 16:00","2020","06","22","16:00","24.2","","15.6","","59","","0.0","","18","","6","","","","97.13","","29","","","","NA"
"-80.80","46.63","SUDBURY CLIMATE","6068145","2020-06-22 17:00","2020","06","22","17:00","25.5","","14.9","","52","","0.0","","23","","13","","","","97.11","","29","","","","NA"
"-80.80","46.63","SUDBURY CLIMATE","6068145","2020-06-22 18:00","2020","06","22","18:00","26.9","","13.6","","44","","0.0","","24","","13","","","","97.04","","30","","","","NA"
"-80.80","46.63","SUDBURY CLIMATE","6068145","2020-06-22 19:00","2020","06","22","19:00","28.4","","13.2","","39","","0.0","","22","","17","","","","97.00","","31","","","","NA"
"-80.80","46.63","SUDBURY CLIMATE","6068145","2020-06-22 20:00","2020","06","22","20:00","28.0","","12.9","","39","","0.0","","22","","16","","","","96.94","","31","","","","NA"
"-80.80","46.63","SUDBURY CLIMATE","6068145","2020-06-22 21:00","2020","06","22","21:00","28.1","","12.1","","37","","0.0","","23","","15","","","","96.88","","30","","","","NA"
"-80.80","46.63","SUDBURY CLIMATE","6068145","2020-06-22 22:00","2020","06","22","22:00","27.8","","11.8","","37","","0.0","","21","","18","","","","96.82","","30","","","","NA"
"-80.80","46.63","SUDBURY CLIMATE","6068145","2020-06-22 23:00","2020","06","22","23:00","27.4","","13.7","","43","","0.0","","21","","17","","","","96.81","","31","","","","NA"
"-80.80","46.63","SUDBURY CLIMATE","6068145","2020-06-23 00:00","2020","06","23","00:00","24.0","","14.6","","56","","0.0","","22","","16","","","","96.83","","28","","","","NA"
"-80.80","46.63","SUDBURY CLIMATE","6068145","2020-06-23 01:00","2020","06","23","01:00","22.4","","14.5","","61","","0.0","","20","","17","","","","96.85","","26","","","","NA"
"-80.80","46.63","SUDBURY CLIMATE","6068145","2020-06-23 02:00","2020","06","23","02:00","19.6","","14.1","","71","","0.0","","20","","12","","","","96.84","","","","","","NA"
"-80.80","46.63","SUDBURY CLIMATE","6068145","2020-06-23 03:00","2020","06","23","03:00","19.5","","15.2","","76","","0.0","","20","","15","","","","96.83","","","","","","NA"
"-80.80","46.63","SUDBURY CLIMATE","6068145","2020-06-23 04:00","2020","06","23","04:00","18.4","","15.7","","85","","0.0","","21","","12","","","","96.80","","","","","","NA"
"-80.80","46.63","SUDBURY CLIMATE","6068145","2020-06-23 05:00","2020","06","23","05:00","17.7","","15.8","","88","","0.0","","20","","9","","","","96.73","","","","","","NA"
"-80.80","46.63","SUDBURY CLIMATE","6068145","2020-06-23 06:00","2020","06","23","06:00","16.9","","15.5","","92","","0.0","","24","","5","","","","96.69","","","","","","NA"
"-80.80","46.63","SUDBURY CLIMATE","6068145","2020-06-23 07:00","2020","06","23","07:00","16.9","","15.8","","94","","0.0","","16","","5","","","","96.62","","","","","","NA"
"-80.80","46.63","SUDBURY CLIMATE","6068145","2020-06-23 08:00","2020","06","23","08:00","15.5","","15.0","","96","","0.0","","16","","1","","","","96.55","","","","","","NA"
"-80.80","46.63","SUDBURY CLIMATE","6068145","2020-06-23 09:00","2020","06","23","09:00","15.9","","15.5","","97","","0.0","","15","","3","","","","96.49","","","","","","NA"
"-80.80","46.63","SUDBURY CLIMATE","6068145","2020-06-23 10:00","2020","06","23","10:00","16.6","","16.2","","98","","0.0","","10","","3","","","","96.44","","","","","","NA"
"-80.80","46.63","SUDBURY CLIMATE","6068145","2020-06-23 11:00","2020","06","23","11:00","17.7","","16.8","","95","","0.0","","11","","8","","","","96.41","","","","","","NA"
"-80.80","46.63","SUDBURY CLIMATE","6068145","2020-06-23 12:00","2020","06","23","12:00","19.0","","15.6","","81","","0.0","","10","","10","","","","96.35","","","","","","NA"
"-80.80","46.63","SUDBURY CLIMATE","6068145","2020-06-23 13:00","2020","06","23","13:00","21.5","","17.2","","76","","0.0","","12","","15","","","","96.28","","27","","","","NA"
"-80.80","46.63","SUDBURY CLIMATE","6068145","2020-06-23 14:00","2020","06","23","14:00","20.9","","17.8","","83","","0.0","","13","","11","","","","96.22","","27","","","","NA"
"-80.80","46.63","SUDBURY CLIMATE","6068145","2020-06-23 15:00","2020","06","23","15:00"
"-80.80","46.63","SUDBURY CLIMATE","6068145","2020-06-23 16:00","2020","06","23","16:00","21.0","","18.9","","88","","0.0","","13","","14","","","","96.14","","28","","","","NA"
"-80.80","46.63","SUDBURY CLIMATE","6068145","2020-06-23 17:00","2020","06","23","17:00","22.3","","19.2","","83","","0.0","","15","","13","","","","96.04","","29","","","","NA"
"-80.80","46.63","SUDBURY CLIMATE","6068145","2020-06-23 18:00","2020","06","23","18:00","22.7","","18.8","","79","","0.0","","16","","15","","","","96.02","","29","","","","NA"
"-80.80","46.63","SUDBURY CLIMATE","6068145","2020-06-23 19:00","2020","06","23","19:00","22.1","","18.3","","79","","0.0","","15","","18","","","","95.96","","28","","","","NA"
"-80.80","46.63","SUDBURY CLIMATE","6068145","2020-06-23 20:00","2020","06","23","20:00","21.7","","19.6","","88","","0.3","","18","","17","","","","95.91","","29","","","","NA"
"-80.80","46.63","SUDBURY CLIMATE","6068145","2020-06-23 21:00","2020","06","23","21:00","21.3","","18.2","","83","","0.0","","18","","22","","","","95.87","","27","","","","NA"
"-80.80","46.63","SUDBURY CLIMATE","6068145","2020-06-23 22:00","2020","06","23","22:00","21.2","","18.1","","82","","0.0","","17","","15","","","","95.81","","27","","","","NA"
"-80.80","46.63","SUDBURY CLIMATE","6068145","2020-06-23 23:00","2020","06","23","23:00","21.3","","18.2","","83","","0.0","","17","","15","","","","95.75","","27","","","","NA"
"-80.80","46.63","SUDBURY CLIMATE","6068145","2020-06-24 00:00","2020","06","24","00:00","20.4","","17.9","","85","","0.0","","19","","18","","","","95.71","","26","","","","NA"
"-80.80","46.63","SUDBURY CLIMATE","6068145","2020-06-24 01:00","2020","06","24","01:00","19.7","","17.8","","89","","0.0","","21","","7","","","","95.64","","","","","","NA"
"-80.80","46.63","SUDBURY CLIMATE","6068145","2020-06-24 02:00","2020","06","24","02:00","19.2","","18.4","","95","","1.1","","14","","6","","","","95.62","","","","","","NA"
"-80.80","46.63","SUDBURY CLIMATE","6068145","2020-06-24 03:00","2020","06","24","03:00","18.1","","17.8","","98","","22.4","","19","","17","","","","95.56","","","","","","NA"
"-80.80","46.63","SUDBURY CLIMATE","6068145","2020-06-24 04:00","2020","06","24","04:00","15.0","","14.8","","99","","12.7","","34","","10","","","","95.56","","","","","","NA"
"-80.80","46.63","SUDBURY CLIMATE","6068145","2020-06-24 05:00","2020","06","24","05:00","13.7","","13.5","","99","","17.4","","33","","13","","","","95.55","","","","","","NA"
"-80.80","46.63","SUDBURY CLIMATE","6068145","2020-06-24 06:00","2020","06","24","06:00","13.0","","12.8","","99","","0.8","","32","","8","","","","95.53","","","","","","NA"
"-80.80","46.63","SUDBURY CLIMATE","6068145","2020-06-24 07:00","2020","06","24","07:00","12.3","","11.9","","98","","0.3","","34","","13","","","","95.51","","","","","","NA"
"-80.80","46.63","SUDBURY CLIMATE","6068145","2020-06-24 08:00","2020","06","24","08:00","11.4","","11.1","","98","","0.0","","34","","10","","","","95.54","","","","","","NA"
"-80.80","46.63","SUDBURY CLIMATE","6068145","2020-06-24 09:00","2020","06","24","09:00","10.4","","10.0","","98","","0.7","","32","","11","","","","95.57","","","","","","NA"
"-80.80","46.63","SUDBURY CLIMATE","6068145","2020-06-24 10:00","2020","06","24","10:00","10.0","","9.7","","98","","1.9","","32","","9","","","","95.61","","","","","","NA"
"-80.80","46.63","SUDBURY CLIMATE","6068145","2020-06-24 11:00","2020","06","24","11:00","10.2","","9.6","","96","","0.3","","33","","11","","","","95.62","","","","","","NA"
"-80.80","46.63","SUDBURY CLIMATE","6068145","2020-06-24 12:00","2020","06","24","12:00","10.0","","9.3","","96","","0.0","","33","","9","","","","95.69","","","","","","NA"
"-80.80","46.63","SUDBURY CLIMATE","6068145","2020-06-24 13:00","2020","06","24","13:00","10.2","","9.7","","96","","0.0","","31","","8","","","","95.75","","","","","","NA"
"-80.80","46.63","SUDBURY CLIMATE","6068145","2020-06-24 14:00","2020","06","24","14:00","10.7","","10.0","","95","","0.2","","28","","7","","","","95.80","","","","","","NA"
"-80.80","46.63","SUDBURY CLIMATE","6068145","2020-06-24 15:00","2020","06","24","15:00","11.0","","10.0","","94","","0.3","","27","","10","","","","95.84","","","","","","NA"
"-80.80","46.63","SUDBURY CLIMATE","6068145","2020-06-24 16:00","2020","06","24","16:00","11.6","","10.5","","93","","0.6","","27","","7","","","","95.87","","","","","","NA"
"-80.80","46.63","SUDBURY CLIMATE","6068145","2020-06-24 17:00","2020","06","24","17:00","11.5","","10.8","","95","","1.4","","27","","16","","","","95.92","","","","","","NA"
"-80.80","46.63","SUDBURY CLIMATE","6068145","2020-06-24 18:00","2020","06","24","18:00","11.7","","11.0","","95","","0.9","","26","","14","","","","95.97","","","","","","NA"
"-80.80","46.63","SUDBURY CLIMATE","6068145","2020-06-24 19:00","2020","06","24","19:00","12.0","","11.1","","94","","0.8","","25","","15","","","","96.01","","","","","","NA"
"-80.80","46.63","SUDBURY CLIMATE","6068145","2020-06-24 20:00","2020","06","24","20:00","12.4","","11.4","","94","","0.7","","25","","16","","","","96.03","","","","","","NA"
"-80.80","46.63","SUDBURY CLIMATE","6068145","2020-06-24 21:00","2020","06","24","21:00","12.5","","11.3","","93","","1.6","","25","","17","","","","96.05","","","","","","NA"
"-80.80","46.63","SUDBURY CLIMATE","6068145","2020-06-24 22:00","2020","06","24","22:00","12.5","","11.6","","94","","0.6","","25","","15","","","","96.06","","","","","","NA"
"-80.80","46.63","SUDBURY CLIMATE","6068145","2020-06-24 23:00","2020","06","24","23:00","12.3","","11.4","","94","","0.4","","25","","15","","","","96.09","","","","","","NA"
"-80.80","46.63","SUDBURY CLIMATE","6068145","2020-06-25 00:00","2020","06","25","00:00","10.9","","9.9","","93","","2.2","","29","","11","","","","96.15","","","","","","NA"
"-80.80","46.63","SUDBURY CLIMATE","6068145","2020-06-25 01:00","2020","06","25","01:00","10.6","","10.1","","97","","0.2","","27","","7","","","","96.19","","","","","","NA"
"-80.80","46.63","SUDBURY CLIMATE","6068145","2020-06-25 02:00","2020","06","25","02:00","10.5","","10.2","","98","","0.0","","26","","9","","","","96.25","","","","","","NA"
"-80.80","46.63","SUDBURY CLIMATE","6068145","2020-06-25 03:00","2020","06","25","03:00","10.9","","10.7","","98","","1.1","","27","","9","","","","96.29","","","","","","NA"
"-80.80","46.63","SUDBURY CLIMATE","6068145","2020-06-25 04:00","2020","06","25","04:00","11.5","","11.3","","98","","1.1","","26","","11","","","","96.33","","","","","","NA"
"-80.80","46.63","SUDBURY CLIMATE","6068145","2020-06-25 05:00","2020","06","25","05:00","12.0","","11.6","","98","","0.7","","26","","12","","","","96.40","","","","","","NA"
"-80.80","46.63","SUDBURY CLIMATE","6068145","2020-06-25 06:00","2020","06","25","06:00","12.2","","11.8","","97","","0.5","","26","","13","","","","96.44","","","","","","NA"
"-80.80","46.63","SUDBURY CLIMATE","6068145","2020-06-25 07:00","2020","06","25","07:00","12.2","","11.6","","96","","0.2","","25","","13","","","","96.46","","","","","","NA"
"-80.80","46.63","SUDBURY CLIMATE","6068145","2020-06-25 08:00","2020","06","25","08:00","11.9","","11.1","","95","","0.0","","24","","13","","","","96.47","","","","","","NA"
"-80.80","46.63","SUDBURY CLIMATE","6068145","2020-06-25 09:00","2020","06","25","09:00","11.3","","10.6","","95","","0.0","","24","","12","","","","96.51","","","","","","NA"
"-80.80","46.63","SUDBURY CLIMATE","6068145","2020-06-25 10:00","2020","06","25","10:00","11.3","","10.5","","95","","0.0","","24","","12","","","","96.58","","","","","","NA"
"-80.80","46.63","SUDBURY CLIMATE","6068145","2020-06-25 11:00","2020","06","25","11:00","11.4","","10.6","","95","","0.0","","23","","12","","","","96.62","","","","","","NA"
"-80.80","46.63","SUDBURY CLIMATE","6068145","2020-06-25 12:00","2020","06","25","12:00","12.4","","10.9","","90","","0.0","","23","","15","","","","96.65","","","","","","NA"
"-80.80","46.63","SUDBURY CLIMATE","6068145","2020-06-25 13:00","2020","06","25","13:00","14.0","","10.5","","79","","0.0","","24","","18","","","","96.66","","","","","","NA"
"-80.80","46.63","SUDBURY CLIMATE","6068145","2020-06-25 14:00","2020","06","25","14:00","16.1","","11.7","","75","","0.0","","24","","16","","","","96.68","","","","","","NA"
"-80.80","46.63","SUDBURY CLIMATE","6068145","2020-06-25 15:00","2020","06","25","15:00","18.0","","11.3","","65","","0.0","","25","","14","","","","96.72","","","","","","NA"
"-80.80","46.63","SUDBURY CLIMATE","6068145","2020-06-25 16:00","2020","06","25","16:00","19.5","","10.8","","57","","0.0","","26","","15","","","","96.71","","","","","","NA"
"-80.80","46.63","SUDBURY CLIMATE","6068145","2020-06-25 17:00","2020","06","25","17:00","21.6","","11.4","","52","","0.0","","25","","17","","","","96.69","","","","","","NA"
"-80.80","46.63","SUDBURY CLIMATE","6068145","2020-06-25 18:00","2020","06","25","18:00","21.7","","11.7","","53","","0.0","","23","","24","","","","96.69","","","","","","NA"
"-80.80","46.63","SUDBURY CLIMATE","6068145","2020-06-25 19:00","2020","06","25","19:00","22.0","","11.4","","51","","0.0","","23","","23","","","","96.70","","","","","","NA"
"-80.80","46.63","SUDBURY CLIMATE","6068145","2020-06-25 20:00","2020","06","25","20:00","22.4","","11.9","","51","","0.0","","23","","26","","","","96.67","","25","","","","NA"
"-80.80","46.63","SUDBURY CLIMATE","6068145","2020-06-25 21:00","2020","06","25","21:00","22.7","","10.9","","47","","0.0","","23","","27","","","","96.68","","","","","","NA"
"-80.80","46.63","SUDBURY CLIMATE","6068145","2020-06-25 22:00","2020","06","25","22:00","22.8","","11.8","","50","","0.0","","22","","28","","","","96.69","","25","","","","NA"
"-80.80","46.63","SUDBURY CLIMATE","6068145","2020-06-25 23:00","2020","06","25","23:00","22.0","","10.9","","49","","0.0","","22","","30","","","","96.68","","","","","","NA"
"-80.80","46.63","SUDBURY CLIMATE","6068145","2020-06-26 00:00","2020","06","26","00:00","21.3","","10.0","","49","","0.0","","23","","23","","","","96.68","","","","","","NA"
"-80.80","46.63","SUDBURY CLIMATE","6068145","2020-06-26 01:00","2020","06","26","01:00","19.0","","8.4","","50","","0.0","","23","","14","","","","96.72","","","","","","NA"
"-80.80","46.63","SUDBURY CLIMATE","6068145","2020-06-26 02:00","2020","06","26","02:00","17.5","","7.3","","51","","0.0","","25","","8","","","","96.80","","","","","","NA"
"-80.80","46.63","SUDBURY CLIMATE","6068145","2020-06-26 03:00","2020","06","26","03:00","16.7","","6.7","","52","","0.0","","26","","8","","","","96.85","","","","","","NA"
"-80.80","46.63","SUDBURY CLIMATE","6068145","2020-06-26 04:00","2020","06","26","04:00","14.5","","7.3","","62","","0.0","","27","","5","","","","96.90","","","","","","NA"
"-80.80","46.63","SUDBURY CLIMATE","6068145","2020-06-26 05:00","2020","06","26","05:00","14.0","","8.1","","67","","0.0","","22","","8","","","","96.91","","","","","","NA"
"-80.80","46.63","SUDBURY CLIMATE","6068145","2020-06-26 06:00","2020","06","26","06:00","13.2","","8.7","","74","","0.0","","23","","9","","","","96.92","","","","","","NA"
"-80.80","46.63","SUDBURY CLIMATE","6068145","2020-06-26 07:00","2020","06","26","07:00","13.4","","9.0","","75","","0.0","","23","","10","","","","96.92","","","","","","NA"
"-80.80","46.63","SUDBURY CLIMATE","6068145","2020-06-26 08:00","2020","06","26","08:00","13.9","","8.7","","71","","0.0","","22","","11","","","","96.90","","","","","","NA"
"-80.80","46.63","SUDBURY CLIMATE","6068145","2020-06-26 09:00","2020","06","26","09:00","13.6","","8.3","","70","","0.0","","23","","9","","","","96.89","","","","","","NA"
"-80.80","46.63","SUDBURY CLIMATE","6068145","2020-06-26 10:00","2020","06","26","10:00","14.2","","8.5","","68","","0.0","","23","","14","","","","96.91","","","","","","NA"
"-80.80","46.63","SUDBURY CLIMATE","6068145","2020-06-26 11:00","2020","06","26","11:00","14.7","","8.6","","67","","0.0","","23","","13","","","","96.92","","","","","","NA"
"-80.80","46.63","SUDBURY CLIMATE","6068145","2020-06-26 12:00","2020","06","26","12:00","14.9","","9.3","","69","","0.0","","23","","10","","","","96.95","","","","","","NA"
"-80.80","46.63","SUDBURY CLIMATE","6068145","2020-06-26 13:00","2020","06","26","13:00","16.0","","10.2","","69","","0.0","","23","","10","","","","96.96","","","","","","NA"
"-80.80","46.63","SUDBURY CLIMATE","6068145","2020-06-26 14:00","2020","06","26","14:00","17.5","","11.0","","65","","0.0","","24","","12","","","","96.93","","","","","","NA"
"-80.80","46.63","SUDBURY CLIMATE","6068145","2020-06-26 15:00","2020","06","26","15:00","19.6","","11.7","","60","","0.0","","23","","15","","","","96.90","","","","","","NA"
"-80.80","46.63","SUDBURY CLIMATE","6068145","2020-06-26 16:00","2020","06","26","16:00","22.7","","12.3","","52","","0.0","","23","","22","","","","96.85","","25","","","","NA"
"-80.80","46.63","SUDBURY CLIMATE","6068145","2020-06-26 17:00","2020","06","26","17:00","24.2","","12.3","","48","","0.0","","24","","20","","","","96.82","","27","","","","NA"
"-80.80","46.63","SUDBURY CLIMATE","6068145","2020-06-26 18:00","2020","06","26","18:00","26.5","","13.1","","44","","0.0","","22","","21","","","","96.74","","29","","","","NA"
"-80.80","46.63","SUDBURY CLIMATE","6068145","2020-06-26 19:00","2020","06","26","19:00","27.0","","12.3","","40","","0.0","","24","","21","","","","96.70","","29","","","","NA"
"-80.80","46.63","SUDBURY CLIMATE","6068145","2020-06-26 20:00","2020","06","26","20:00","27.1","","13.4","","43","","0.0","","23","","28","","","","96.70","","30","","","","NA"
"-80.80","46.63","SUDBURY CLIMATE","6068145","2020-06-26 21:00","2020","06","26","21:00","26.7","","11.1","","38","","0.0","","23","","29","","","","96.65","","29","","","","NA"
"-80.80","46.63","SUDBURY CLIMATE","6068145","2020-06-26 22:00","2020","06","26","22:00","26.0","","10.9","","39","","0.0","","23","","29","","","","96.64","","28","","","","NA"
"-80.80","46.63","SUDBURY CLIMATE","6068145","2020-06-26 23:00","2020","06","26","23:00","23.7","","10.4","","43","","0.0","","23","","25","","","","96.67","","25","","","","NA"
"-80.80","46.63","SUDBURY CLIMATE","6068145","2020-06-27 00:00","2020","06","27","00:00","23.1","","10.8","","46","","0.0","","23","","19","","","","96.68","","25","","","","NA"
"-80.80","46.63","SUDBURY CLIMATE","6068145","2020-06-27 01:00","2020","06","27","01:00","22.2","","12.6","","54","","0.0","","24","","23","","","","96.73","","25","","","","NA"
"-80.80","46.63","SUDBURY CLIMATE","6068145","2020-06-27 02:00","2020","06","27","02:00","19.5","","13.7","","69","","0.0","","23","","12","","","","96.68","","","","","","NA"
"-80.80","46.63","SUDBURY CLIMATE","6068145","2020-06-27 03:00","2020","06","27","03:00","17.9","","14.4","","80","","0.0","","22","","15","","","","96.60","","","","","","NA"
"-80.80","46.63","SUDBURY CLIMATE","6068145","2020-06-27 04:00","2020","06","27","04:00","18.4","","14.2","","77","","0.0","","19","","12","","","","96.56","","","","","","NA"
"-80.80","46.63","SUDBURY CLIMATE","6068145","2020-06-27 05:00","2020","06","27","05:00","17.5","","14.7","","84","","0.0","","17","","10","","","","96.50","","","","","","NA"
"-80.80","46.63","SUDBURY CLIMATE","6068145","2020-06-27 06:00","2020","06","27","06:00","16.6","","14.4","","87","","0.0","","17","","10","","","","96.50","","","","","","NA"
"-80.80","46.63","SUDBURY CLIMATE","6068145","2020-06-27 07:00","2020","06","27","07:00","16.0","","13.6","","85","","0.0","","16","","14","","","","96.41","","","","","","NA"
"-80.80","46.63","SUDBURY CLIMATE","6068145","2020-06-27 08:00","2020","06","27","08:00","15.5","","13.6","","89","","0.0","","16","","10","","","","96.38","","","","","","NA"
"-80.80","46.63","SUDBURY CLIMATE","6068145","2020-06-27 09:00","2020","06","27","09:00","15.1","","13.7","","91","","0.0","","18","","4","","","","96.35","","","","","","NA"
"-80.80","46.63","SUDBURY CLIMATE","6068145","2020-06-27 10:00","2020","06","27","10:00","14.9","","13.9","","94","","0.0","","16","","9","","","","96.28","","","","","","NA"
"-80.80","46.63","SUDBURY CLIMATE","6068145","2020-06-27 11:00","2020","06","27","11:00","15.6","","14.3","","92","","0.0","","19","","7","","","","96.30","","","","","","NA"
"-80.80","46.63","SUDBURY CLIMATE","6068145","2020-06-27 12:00","2020","06","27","12:00","16.5","","14.2","","86","","0.0","","23","","10","","","","96.28","","","","","","NA"
"-80.80","46.63","SUDBURY CLIMATE","6068145","2020-06-27 13:00","2020","06","27","13:00","18.4","","15.3","","82","","0.0","","27","","8","","","","96.28","","","","","","NA"
"-80.80","46.63","SUDBURY CLIMATE","6068145","2020-06-27 14:00","2020","06","27","14:00","20.4","","16.3","","77","","0.0","","28","","7","","","","96.25","","25","","","","NA"
"-80.80","46.63","SUDBURY CLIMATE","6068145","2020-06-27 15:00","2020","06","27","15:00","22.4","","16.4","","69","","0.0","","24","","6","","","","96.24","","27","","","","NA"
"-80.80","46.63","SUDBURY CLIMATE","6068145","2020-06-27 16:00","2020","06","27","16:00","24.3","","17.2","","64","","0.0","","22","","10","","","","96.23","","30","","","","NA"
"-80.80","46.63","SUDBURY CLIMATE","6068145","2020-06-27 17:00","2020","06","27","17:00","20.7","","17.6","","82","","6.1","","15","","6","","","","96.26","","26","","","","NA"
"-80.80","46.63","SUDBURY CLIMATE","6068145","2020-06-27 18:00","2020","06","27","18:00","21.7","","17.6","","78","","0.4","","26","","9","","","","96.23","","27","","","","NA"
"-80.80","46.63","SUDBURY CLIMATE","6068145","2020-06-27 19:00","2020","06","27","19:00","23.3","","17.9","","72","","9.7","","26","","7","","","","96.21","","29","","","","NA"
"-80.80","46.63","SUDBURY CLIMATE","6068145","2020-06-27 20:00","2020","06","27","20:00","23.0","","17.6","","72","","0.0","","3","","8","","","","96.24","","29","","","","NA"
"-80.80","46.63","SUDBURY CLIMATE","6068145","2020-06-27 21:00","2020","06","27","21:00","23.6","","15.8","","62","","0.0","","28","","7","","","","96.27","","28","","","","NA"
"-80.80","46.63","SUDBURY CLIMATE","6068145","2020-06-27 22:00","2020","06","27","22:00","23.0","","16.6","","67","","0.0","","3","","6","","","","96.28","","28","","","","NA"
"-80.80","46.63","SUDBURY CLIMATE","6068145","2020-06-27 23:00","2020","06","27","23:00","22.6","","16.3","","67","","0.0","","33","","7","","","","96.33","","27","","","","NA"
"-80.80","46.63","SUDBURY CLIMATE","6068145","2020-06-28 00:00","2020","06","28","00:00","22.4","","17.5","","74","","0.0","","34","","2","","","","96.35","","28","","","","NA"
"-80.80","46.63","SUDBURY CLIMATE","6068145","2020-06-28 01:00","2020","06","28","01:00","20.9","","15.6","","72","","0.0","","34","","8","","","","96.39","","25","","","","NA"
"-80.80","46.63","SUDBURY CLIMATE","6068145","2020-06-28 02:00","2020","06","28","02:00","19.3","","15.8","","81","","0.0","","33","","7","","","","96.49","","","","","","NA"
"-80.80","46.63","SUDBURY CLIMATE","6068145","2020-06-28 03:00","2020","06","28","03:00","19.0","","15.6","","81","","0.0","","34","","6","","","","96.52","","","","","","NA"
"-80.80","46.63","SUDBURY CLIMATE","6068145","2020-06-28 04:00","2020","06","28","04:00","17.5","","15.5","","88","","0.0","","34","","7","","","","96.54","","","","","","NA"
"-80.80","46.63","SUDBURY CLIMATE","6068145","2020-06-28 05:00","2020","06","28","05:00","17.0","","15.5","","91","","0.0","","34","","8","","","","96.56","","","","","","NA"
"-80.80","46.63","SUDBURY CLIMATE","6068145","2020-06-28 06:00","2020","06","28","06:00","17.2","","15.5","","90","","0.0","","34","","8","","","","96.59","","","","","","NA"
"-80.80","46.63","SUDBURY CLIMATE","6068145","2020-06-28 07:00","2020","06","28","07:00","16.7","","14.8","","88","","0.0","","35","","9","","","","96.60","","","","","","NA"
"-80.80","46.63","SUDBURY CLIMATE","6068145","2020-06-28 08:00","2020","06","28","08:00","15.8","","14.5","","92","","0.0","","35","","7","","","","96.63","","","","","","NA"
"-80.80","46.63","SUDBURY CLIMATE","6068145","2020-06-28 09:00","2020","06","28","09:00","15.8","","14.3","","91","","0.0","","36","","9","","","","96.66","","","","","","NA"
"-80.80","46.63","SUDBURY CLIMATE","6068145","2020-06-28 10:00","2020","06","28","10:00","15.9","","14.3","","90","","0.0","","35","","8","","","","96.73","","","","","","NA"
"-80.80","46.63","SUDBURY CLIMATE","6068145","2020-06-28 11:00","2020","06","28","11:00","17.2","","14.8","","86","","0.0","","1","","7","","","","96.80","","","","","","NA"
"-80.80","46.63","SUDBURY CLIMATE","6068145","2020-06-28 12:00","2020","06","28","12:00","18.3","","15.6","","84","","0.0","","4","","12","","","","96.85","","","","","","NA"
"-80.80","46.63","SUDBURY CLIMATE","6068145","2020-06-28 13:00","2020","06","28","13:00","20.1","","15.8","","76","","0.0","","1","","14","","","","96.88","","25","","","","NA"
"-80.80","46.63","SUDBURY CLIMATE","6068145","2020-06-28 14:00","2020","06","28","14:00","21.6","","15.2","","67","","0.0","","36","","16","","","","96.89","","26","","","","NA"
"-80.80","46.63","SUDBURY CLIMATE","6068145","2020-06-28 15:00","2020","06","28","15:00","22.9","","15.2","","62","","0.0","","2","","17","","","","96.92","","27","","","","NA"
"-80.80","46.63","SUDBURY CLIMATE","6068145","2020-06-28 16:00","2020","06","28","16:00","23.9","","14.7","","56","","0.0","","36","","14","","","","96.90","","28","","","","NA"
"-80.80","46.63","SUDBURY CLIMATE","6068145","2020-06-28 17:00","2020","06","28","17:00","25.2","","14.5","","51","","0.0","","2","","13","","","","96.92","","29","","","","NA"
"-80.80","46.63","SUDBURY CLIMATE","6068145","2020-06-28 18:00","2020","06","28","18:00","25.8","","14.4","","49","","0.0","","3","","14","","","","96.94","","29","","","","NA"
"-80.80","46.63","SUDBURY CLIMATE","6068145","2020-06-28 19:00","2020","06","28","19:00","26.1","","13.2","","45","","0.0","","4","","12","","","","96.94","","29","","","","NA"
"-80.80","46.63","SUDBURY CLIMATE","6068145","2020-06-28 20:00","2020","06","28","20:00","26.7","","13.6","","45","","0.0","","5","","15","","","","96.93","","30","","","","NA"
"-80.80","46.63","SUDBURY CLIMATE","6068145","2020-06-28 21:00","2020","06","28","21:00","27.1","","12.6","","41","","0.0","","3","","13","","","","96.92","","30","","","","NA"
"-80.80","46.63","SUDBURY CLIMATE","6068145","2020-06-28 22:00","2020","06","28","22:00","26.6","","12.1","","40","","0.0","","35","","8","","","","96.95","","29","","","","NA"
"-80.80","46.63","SUDBURY CLIMATE","6068145","2020-06-28 23:00","2020","06","28","23:00","26.4","","12.0","","41","","0.0","","34","","5","","","","96.95","","29","","","","NA"
"-80.80","46.63","SUDBURY CLIMATE","6068145","2020-06-29 00:00","2020","06","29","00:00","25.2","","12.8","","46","","0.0","","35","","5","","","","96.97","","28","","","","NA"
"-80.80","46.63","SUDBURY CLIMATE","6068145","2020-06-29 01:00","2020","06","29","01:00","22.1","","12.7","","55","","0.0","","36","","7","","","","97.01","","25","","","","NA"
"-80.80","46.63","SUDBURY CLIMATE","6068145","2020-06-29 02:00","2020","06","29","02:00","20.9","","12.1","","57","","0.0","","34","","8","","","","97.06","","","","","","NA"
"-80.80","46.63","SUDBURY CLIMATE","6068145","2020-06-29 03:00","2020","06","29","03:00","18.7","","11.3","","62","","0.0","","34","","7","","","","97.11","","","","","","NA"
"-80.80","46.63","SUDBURY CLIMATE","6068145","2020-06-29 04:00","2020","06","29","04:00","17.2","","12.0","","72","","0.0","","1","","8","","","","97.16","","","","","","NA"
"-80.80","46.63","SUDBURY CLIMATE","6068145","2020-06-29 05:00","2020","06","29","05:00","17.4","","11.7","","69","","0.0","","36","","7","","","","97.19","","","","","","NA"
"-80.80","46.63","SUDBURY CLIMATE","6068145","2020-06-29 06:00","2020","06","29","06:00","16.9","","11.6","","71","","0.0","","36","","8","","","","97.22","","","","","","NA"
"-80.80","46.63","SUDBURY CLIMATE","6068145","2020-06-29 07:00","2020","06","29","07:00","15.6","","11.8","","78","","0.0","","1","","7","","","","97.27","","","","","","NA"
"-80.80","46.63","SUDBURY CLIMATE","6068145","2020-06-29 08:00","2020","06","29","08:00","15.2","","12.3","","83","","0.0","","1","","8","","","","97.28","","","","","","NA"
"-80.80","46.63","SUDBURY CLIMATE","6068145","2020-06-29 09:00","2020","06","29","09:00","15.6","","13.3","","86","","0.0","","1","","10","","","","97.31","","","","","","NA"
"-80.80","46.63","SUDBURY CLIMATE","6068145","2020-06-29 10:00","2020","06","29","10:00","15.8","","13.1","","84","","0.0","","2","","9","","","","97.35","","","","","","NA"
"-80.80","46.63","SUDBURY CLIMATE","6068145","2020-06-29 11:00","2020","06","29","11:00","18.2","","13.8","","75","","0.0","","1","","8","","","","97.39","","","","","","NA"
"-80.80","46.63","SUDBURY CLIMATE","6068145","2020-06-29 12:00","2020","06","29","12:00","20.2","","14.4","","69","","0.0","","2","","9","","","","97.44","","","","","","NA"
"-80.80","46.63","SUDBURY CLIMATE","6068145","2020-06-29 13:00","2020","06","29","13:00","22.3","","14.7","","62","","0.0","","4","","9","","","","97.49","","26","","","","NA"
"-80.80","46.63","SUDBURY CLIMATE","6068145","2020-06-29 14:00","2020","06","29","14:00","23.9","","16.0","","61","","0.0","","4","","9","","","","97.51","","29","","","","NA"
"-80.80","46.63","SUDBURY CLIMATE","6068145","2020-06-29 15:00","2020","06","29","15:00","25.8","","14.6","","50","","0.0","","3","","10","","","","97.49","","30","","","","NA"
"-80.80","46.63","SUDBURY CLIMATE","6068145","2020-06-29 16:00","2020","06","29","16:00","27.0","","14.6","","46","","0.0","","3","","11","","","","97.48","","31","","","","NA"
"-80.80","46.63","SUDBURY CLIMATE","6068145","2020-06-29 17:00","2020","06","29","17:00","27.6","","13.7","","43","","0.0","","5","","11","","","","97.49","","31","","","","NA"
"-80.80","46.63","SUDBURY CLIMATE","6068145","2020-06-29 18:00","2020","06","29","18:00","28.0","","13.4","","41","","0.0","","7","","5","","","","97.51","","31","","","","NA"
"-80.80","46.63","SUDBURY CLIMATE","6068145","2020-06-29 19:00","2020","06","29","19:00","29.1","","13.9","","39","","0.0","","4","","6","","","","97.49","","32","","","","NA"
"-80.80","46.63","SUDBURY CLIMATE","6068145","2020-06-29 20:00","2020","06","29","20:00","28.8","","11.1","","33","","0.0","","3","","5","","","","97.45","","31","","","","NA"
"-80.80","46.63","SUDBURY CLIMATE","6068145","2020-06-29 21:00","2020","06","29","21:00","29.2","","11.3","","33","","0.0","","4","","11","","","","97.47","","31","","","","NA"
"-80.80","46.63","SUDBURY CLIMATE","6068145","2020-06-29 22:00","2020","06","29","22:00","28.9","","12.7","","37","","0.0","","2","","10","","","","97.46","","32","","","","NA"
"-80.80","46.63","SUDBURY CLIMATE","6068145","2020-06-29 23:00","2020","06","29","23:00","28.6","","14.0","","41","","0.0","","3","","8","","","","97.44","","32","","","","NA"
"-80.80","46.63","SUDBURY CLIMATE","6068145","2020-06-30 00:00","2020","06","30","00:00","27.2","","14.3","","45","","0.0","","7","","9","","","","97.44","","31","","","","NA"
"-80.80","46.63","SUDBURY CLIMATE","6068145","2020-06-30 01:00","2020","06","30","01:00","23.9","","15.3","","58","","0.0","","8","","8","","","","97.47","","28","","","","NA"
"-80.80","46.63","SUDBURY CLIMATE","6068145","2020-06-30 02:00","2020","06","30","02:00","20.8","","13.6","","63","","0.0","","8","","6","","","","97.52","","","","","","NA"
"-80.80","46.63","SUDBURY CLIMATE","6068145","2020-06-30 03:00","2020","06","30","03:00","21.2","","13.9","","63","","0.0","","8","","10","","","","97.55","","25","","","","NA"
"-80.80","46.63","SUDBURY CLIMATE","6068145","2020-06-30 04:00","2020","06","30","04:00","19.6","","13.5","","68","","0.0","","7","","8","","","","97.57","","","","","","NA"
"-80.80","46.63","SUDBURY CLIMATE","6068145","2020-06-30 05:00","2020","06","30","05:00","18.6","","13.6","","73","","0.0","","8","","5","","","","97.59","","","","","","NA"
"-80.80","46.63","SUDBURY CLIMATE","6068145","2020-06-30 06:00","2020","06","30","06:00","20.3","","14.8","","71","","0.0","","11","","11","","","","97.59","","","","","","NA"
"-80.80","46.63","SUDBURY CLIMATE","6068145","2020-06-30 07:00","2020","06","30","07:00","17.6","","14.3","","81","","0.0","","8","","9","","","","97.60","","","","","","NA"
"-80.80","46.63","SUDBURY CLIMATE","6068145","2020-06-30 08:00","2020","06","30","08:00","18.2","","13.8","","75","","0.0","","9","","10","","","","97.62","","","","","","NA"
"-80.80","46.63","SUDBURY CLIMATE","6068145","2020-06-30 09:00","2020","06","30","09:00","17.8","","13.9","","78","","0.0","","8","","12","","","","97.63","","","","","","NA"
"-80.80","46.63","SUDBURY CLIMATE","6068145","2020-06-30 10:00","2020","06","30","10:00","17.4","","14.7","","84","","0.0","","10","","9","","","","97.68","","","","","","NA"
"-80.80","46.63","SUDBURY CLIMATE","6068145","2020-06-30 11:00","2020","06","30","11:00","18.6","","15.1","","80","","0.0","","4","","3","","","","97.74","","","","","","NA"
"-80.80","46.63","SUDBURY CLIMATE","6068145","2020-06-30 12:00","2020","06","30","12:00","20.6","","16.0","","75","","0.0","","9","","8","","","","97.76","","25","","","","NA"
"-80.80","46.63","SUDBURY CLIMATE","6068145","2020-06-30 13:00","2020","06","30","13:00","22.2","","16.4","","70","","0.0","","12","","9","","","","97.78","","27","","","","NA"
"-80.80","46.63","SUDBURY CLIMATE","6068145","2020-06-30 14:00","2020","06","30","14:00","23.5","","16.3","","64","","0.0","","14","","5","","","","97.76","","28","","","","NA"
"-80.80","46.63","SUDBURY CLIMATE","6068145","2020-06-30 15:00","2020","06","30","15:00","25.0","","15.9","","57","","0.0","","10","","8","","","","97.74","","30","","","","NA"
"-80.80","46.63","SUDBURY CLIMATE","6068145","2020-06-30 16:00","2020","06","30","16:00","26.3","","17.1","","57","","0.0","","3","","10","","","","97.72","","32","","","","NA"
"-80.80","46.63","SUDBURY CLIMATE","6068145","2020-06-30 17:00","2020","06","30","17:00","26.7","","15.4","","50","","0.0","","4","","9","","","","97.68","","31","","","","NA"
"-80.80","46.63","SUDBURY CLIMATE","6068145","2020-06-30 18:00","2020","06","30","18:00","27.4","","15.2","","48","","0.0","","3","","6","","","","97.65","","31","","","","NA"
"-80.80","46.63","SUDBURY CLIMATE","6068145","2020-06-30 19:00","2020","06","30","19:00","27.9","","15.2","","46","","0.0","","1","","5","","","","97.58","","32","","","","NA"
"-80.80","46.63","SUDBURY CLIMATE","6068145","2020-06-30 20:00","2020","06","30","20:00","28.7","","15.7","","45","","0.0","","3","","6","","","","97.55","","33","","","","NA"
"-80.80","46.63","SUDBURY CLIMATE","6068145","2020-06-30 21:00","2020","06","30","21:00","28.5","","14.8","","43","","0.0","","5","","6","","","","97.54","","32","","","","NA"
"-80.80","46.63","SUDBURY CLIMATE","6068145","2020-06-30 22:00","2020","06","30","22:00","28.8","","14.6","","42","","0.0","","2","","6","","","","97.51","","33","","","","NA"
"-80.80","46.63","SUDBURY CLIMATE","6068145","2020-06-30 23:00","2020","06","30","23:00","28.7","","14.8","","43","","0.0","","3","","7","","","","97.50","","33","","","","NA"
