"Longitude (x)","Latitude (y)","Station Name","Climate ID","Date/Time (UTC)","Year","Month","Day","Time (UTC)","Temp (°C)","Temp Flag","Dew Point Temp (°C)","Dew Point Temp Flag","Rel Hum (%)","Rel Hum Flag","Precip. Amount (mm)","Precip. Amount Flag","Wind Dir (10s deg)","Wind Dir Flag","Wind Spd (km/h)","Wind Spd Flag","Visibility (km)","Visibility Flag","Stn Press (kPa)","Stn Press Flag","Hmdx","Hmdx Flag","Wind Chill","Wind Chill Flag","Weather"
"-80.80","46.63","SUDBURY CLIMATE","6068145","2020-12-01 00:00","2020","12","01","00:00","-4.6","","-7.3","","81","","0.0","","1","","29","","","","96.58","","","","-12","","NA"
"-80.80","46.63","SUDBURY CLIMATE","6068145","2020-12-01 01:00","2020","12","01","01:00","-4.8","","-7.2","","83","","0.0","","1","","34","","","","96.58","","","","-13","","NA"
"-80.80","46.63","SUDBURY CLIMATE","6068145","2020-12-01 02:00","2020","12","01","02:00","-4.8","","-7.0","","84","","0.0","","1","","31","","","","96.56","","","","-13","","NA"
"-80.80","46.63","SUDBURY CLIMATE","6068145","2020-12-01 03:00","2020","12","01","03:00","-4.7","","-6.9","","84","","0.0","","1","","30","","","","96.53","","","","-13","","NA"
"-80.80","46.63","SUDBURY CLIMATE","6068145","2020-12-01 04:00","2020","12","01","04:00","-4.7","","-6.9","","85","","0.0","","1","","28","","","","96.52","","","","-12","","NA"
"-80.80","46.63","SUDBURY CLIMATE","6068145","2020-12-01 05:00","2020","12","01","05:00","-5.2","","-7.1","","86","","0.0","","1","","28","","","","96.49","","","","-13","","NA"
"-80.80","46.63","SUDBURY CLIMATE","6068145","2020-12-01 06:00","2020","12","01","06:00","-5.1","","-6.9","","87","","0.0","","1","","25","","","","96.49","","","","-12","","NA"
"-80.80","46.63","SUDBURY CLIMATE","6068145","2020-12-01 07:00","2020","12","01","07:00","-4.8","","-6.8","","86","","0.0","","1","","25","","","","96.47","","","","-12","","NA"
"-80.80","46.63","SUDBURY CLIMATE","6068145","2020-12-01 08:00","2020","12","01","08:00","-4.5","","-6.6","","85","","0.0","","1","","32","","","","96.44","","","","-13","","NA"
"-80.80","46.63","SUDBURY CLIMATE","6068145","2020-12-01 09:00","2020","12","01","09:00","-4.6","","-6.7","","85","","0.0","","1","","30","","","","96.38","","","","-12","","NA"
"-80.80","46.63","SUDBURY CLIMATE","6068145","2020-12-01 10:00","2020","12","01","10:00","-4.5","","-6.6","","85","","0.0","","1","","32","","","","96.38","","","","-13","","NA"
"-80.80","46.63","SUDBURY CLIMATE","6068145","2020-12-01 11:00","2020","12","01","11:00","-4.3","","-6.6","","84","","0.0","","1","","33","","","","96.42","","","","-12","","NA"
"-80.80","46.63","SUDBURY CLIMATE","6068145","2020-12-01 12:00","2020","12","01","12:00","-4.0","","-6.5","","83","","0.0","","1","","35","","","","96.42","","","","-12","","NA"
"-80.80","46.63","SUDBURY CLIMATE","6068145","2020-12-01 13:00","2020","12","01","13:00","-4.2","","-7.5","","78","","0.0","","1","","30","","","","96.42","","","","-12","","NA"
"-80.80","46.63","SUDBURY CLIMATE","6068145","2020-12-01 14:00","2020","12","01","14:00","-4.7","","-8.6","","74","","0.0","","1","","34","","","","96.37","","","","-13","","NA"
"-80.80","46.63","SUDBURY CLIMATE","6068145","2020-12-01 15:00","2020","12","01","15:00","-4.8","","-9.3","","71","","0.0","","1","","34","","","","96.38","","","","-13","","NA"
"-80.80","46.63","SUDBURY CLIMATE","6068145","2020-12-01 16:00","2020","12","01","16:00","-4.1","","-8.6","","71","","0.0","","1","","34","","","","96.36","","","","-12","","NA"
"-80.80","46.63","SUDBURY CLIMATE","6068145","2020-12-01 17:00","2020","12","01","17:00","-3.5","","-8.3","","69","","0.0","","2","","33","","","","96.39","","","","-11","","NA"
"-80.80","46.63","SUDBURY CLIMATE","6068145","2020-12-01 18:00","2020","12","01","18:00","-3.2","","-8.6","","66","","0.0","","1","","36","","","","96.33","","","","-11","","NA"
"-80.80","46.63","SUDBURY CLIMATE","6068145","2020-12-01 19:00","2020","12","01","19:00","-2.8","","-8.7","","64","","0.0","","1","","37","","","","96.24","","","","-11","","NA"
"-80.80","46.63","SUDBURY CLIMATE","6068145","2020-12-01 20:00","2020","12","01","20:00","-3.1","","-8.7","","65","","0.0","","1","","36","","","","96.28","","","","-11","","NA"
"-80.80","46.63","SUDBURY CLIMATE","6068145","2020-12-01 21:00","2020","12","01","21:00","-3.7","","-8.9","","67","","0.0","","36","","36","","","","96.31","","","","-12","","NA"
"-80.80","46.63","SUDBURY CLIMATE","6068145","2020-12-01 22:00","2020","12","01","22:00","-4.5","","-9.0","","71","","0.0","","36","","31","","","","96.29","","","","-12","","NA"
"-80.80","46.63","SUDBURY CLIMATE","6068145","2020-12-01 23:00","2020","12","01","23:00","-4.8","","-8.9","","73","","0.0","","1","","35","","","","96.40","","","","-13","","NA"
"-80.80","46.63","SUDBURY CLIMATE","6068145","2020-12-02 00:00","2020","12","02","00:00","-4.9","","-8.8","","74","","0.0","","36","","26","","","","96.42","","","","-12","","NA"
"-80.80","46.63","SUDBURY CLIMATE","6068145","2020-12-02 01:00","2020","12","02","01:00","-5.4","","-8.3","","80","","0.0","","35","","29","","","","96.40","","","","-13","","NA"
"-80.80","46.63","SUDBURY CLIMATE","6068145","2020-12-02 02:00","2020","12","02","02:00","-5.2","","-8.9","","75","","0.0","","36","","31","","","","96.38","","","","-13","","NA"
"-80.80","46.63","SUDBURY CLIMATE","6068145","2020-12-02 03:00","2020","12","02","03:00","-5.4","","-9.1","","75","","0.0","","36","","26","","","","96.43","","","","-13","","NA"
"-80.80","46.63","SUDBURY CLIMATE","6068145","2020-12-02 04:00","2020","12","02","04:00","-5.4","","-9.1","","76","","0.0","","35","","25","","","","96.45","","","","-13","","NA"
"-80.80","46.63","SUDBURY CLIMATE","6068145","2020-12-02 05:00","2020","12","02","05:00","-5.8","","-9.4","","75","","0.0","","36","","24","","","","96.51","","","","-13","","NA"
"-80.80","46.63","SUDBURY CLIMATE","6068145","2020-12-02 06:00","2020","12","02","06:00","-6.1","","-9.7","","75","","0.0","","36","","25","","","","96.59","","","","-14","","NA"
"-80.80","46.63","SUDBURY CLIMATE","6068145","2020-12-02 07:00","2020","12","02","07:00","-6.6","","-10.4","","74","","0.0","","34","","22","","","","96.58","","","","-14","","NA"
"-80.80","46.63","SUDBURY CLIMATE","6068145","2020-12-02 08:00","2020","12","02","08:00","-6.7","","-10.8","","73","","0.0","","35","","20","","","","96.62","","","","-14","","NA"
"-80.80","46.63","SUDBURY CLIMATE","6068145","2020-12-02 09:00","2020","12","02","09:00","-7.2","","-12.5","","66","","0.0","","33","","17","","","","96.65","","","","-14","","NA"
"-80.80","46.63","SUDBURY CLIMATE","6068145","2020-12-02 10:00","2020","12","02","10:00","-7.5","","-13.2","","64","","0.0","","32","","19","","","","96.66","","","","-15","","NA"
"-80.80","46.63","SUDBURY CLIMATE","6068145","2020-12-02 11:00","2020","12","02","11:00","-7.4","","-13.6","","61","","0.0","","34","","12","","","","96.69","","","","-13","","NA"
"-80.80","46.63","SUDBURY CLIMATE","6068145","2020-12-02 12:00","2020","12","02","12:00","-7.3","","-14.1","","59","","0.0","","33","","17","","","","96.72","","","","-14","","NA"
"-80.80","46.63","SUDBURY CLIMATE","6068145","2020-12-02 13:00","2020","12","02","13:00","-7.9","","-14.5","","59","","0.0","","32","","17","","","","96.81","","","","-15","","NA"
"-80.80","46.63","SUDBURY CLIMATE","6068145","2020-12-02 14:00","2020","12","02","14:00","-7.0","","-15.5","","51","","0.0","","33","","15","","","","96.91","","","","-13","","NA"
"-80.80","46.63","SUDBURY CLIMATE","6068145","2020-12-02 15:00","2020","12","02","15:00","-4.9","","-16.7","","39","","0.0","","31","","18","","","","96.92","","","","-11","","NA"
"-80.80","46.63","SUDBURY CLIMATE","6068145","2020-12-02 16:00","2020","12","02","16:00","-2.3","","-17.9","","29","","0.0","","33","","19","","","","96.96","","","","-8","","NA"
"-80.80","46.63","SUDBURY CLIMATE","6068145","2020-12-02 17:00","2020","12","02","17:00","-0.5","","-17.0","","28","","0.0","","32","","18","","","","96.99","","","","-6","","NA"
"-80.80","46.63","SUDBURY CLIMATE","6068145","2020-12-02 18:00","2020","12","02","18:00","0.2","","-17.0","","26","","0.0","","31","","17","","","","97.01","","","","","","NA"
"-80.80","46.63","SUDBURY CLIMATE","6068145","2020-12-02 19:00","2020","12","02","19:00","1.4","","-16.9","","24","","0.0","","31","","16","","","","97.01","","","","","","NA"
"-80.80","46.63","SUDBURY CLIMATE","6068145","2020-12-02 20:00","2020","12","02","20:00","1.8","","-16.7","","24","","0.0","","30","","16","","","","97.02","","","","","","NA"
"-80.80","46.63","SUDBURY CLIMATE","6068145","2020-12-02 21:00","2020","12","02","21:00","1.6","","-16.2","","25","","0.0","","29","","9","","","","97.01","","","","","","NA"
"-80.80","46.63","SUDBURY CLIMATE","6068145","2020-12-02 22:00","2020","12","02","22:00","-0.3","","-16.3","","29","","0.0","","28","","10","","","","97.07","","","","-4","","NA"
"-80.80","46.63","SUDBURY CLIMATE","6068145","2020-12-02 23:00","2020","12","02","23:00","-0.7","","-16.2","","30","","0.0","","27","","11","","","","97.06","","","","-4","","NA"
"-80.80","46.63","SUDBURY CLIMATE","6068145","2020-12-03 00:00","2020","12","03","00:00","-0.6","","-16.4","","29","","0.0","","26","","11","","","","97.02","","","","-4","","NA"
"-80.80","46.63","SUDBURY CLIMATE","6068145","2020-12-03 01:00","2020","12","03","01:00","-1.5","","-16.3","","32","","0.0","","26","","10","","","","97.02","","","","-5","","NA"
"-80.80","46.63","SUDBURY CLIMATE","6068145","2020-12-03 02:00","2020","12","03","02:00","-1.7","","-11.8","","46","","0.0","","26","","7","","","","96.98","","","","-4","","NA"
"-80.80","46.63","SUDBURY CLIMATE","6068145","2020-12-03 03:00","2020","12","03","03:00","-2.1","","-8.0","","64","","0.0","","25","","9","","","","96.98","","","","-6","","NA"
"-80.80","46.63","SUDBURY CLIMATE","6068145","2020-12-03 04:00","2020","12","03","04:00","-1.2","","-5.9","","71","","0.0","","24","","11","","","","96.92","","","","-5","","NA"
"-80.80","46.63","SUDBURY CLIMATE","6068145","2020-12-03 05:00","2020","12","03","05:00","-1.0","","-4.8","","76","","0.0","","22","","10","","","","96.89","","","","-5","","NA"
"-80.80","46.63","SUDBURY CLIMATE","6068145","2020-12-03 06:00","2020","12","03","06:00","-0.7","","-3.8","","79","","0.0","","22","","14","","","","96.75","","","","-5","","NA"
"-80.80","46.63","SUDBURY CLIMATE","6068145","2020-12-03 07:00","2020","12","03","07:00","-0.2","","-2.9","","82","","0.0","","23","","16","","","","96.72","","","","-5","","NA"
"-80.80","46.63","SUDBURY CLIMATE","6068145","2020-12-03 08:00","2020","12","03","08:00","0.5","","-2.8","","79","","0.0","","24","","17","","","","96.74","","","","","","NA"
"-80.80","46.63","SUDBURY CLIMATE","6068145","2020-12-03 09:00","2020","12","03","09:00","0.5","","-3.0","","77","","0.0","","25","","14","","","","96.71","","","","","","NA"
"-80.80","46.63","SUDBURY CLIMATE","6068145","2020-12-03 10:00","2020","12","03","10:00","0.3","","-2.8","","79","","0.0","","26","","10","","","","96.68","","","","","","NA"
"-80.80","46.63","SUDBURY CLIMATE","6068145","2020-12-03 11:00","2020","12","03","11:00","0.1","","-2.8","","81","","0.0","","29","","8","","","","96.70","","","","","","NA"
"-80.80","46.63","SUDBURY CLIMATE","6068145","2020-12-03 12:00","2020","12","03","12:00","-0.7","","-3.8","","79","","0.0","","29","","17","","","","96.75","","","","-6","","NA"
"-80.80","46.63","SUDBURY CLIMATE","6068145","2020-12-03 13:00","2020","12","03","13:00","-1.7","","-7.9","","63","","0.0","","30","","15","","","","96.82","","","","-7","","NA"
"-80.80","46.63","SUDBURY CLIMATE","6068145","2020-12-03 14:00","2020","12","03","14:00","-2.2","","-8.1","","64","","0.0","","29","","13","","","","96.88","","","","-7","","NA"
"-80.80","46.63","SUDBURY CLIMATE","6068145","2020-12-03 15:00","2020","12","03","15:00","-2.3","","-7.4","","68","","0.0","","27","","11","","","","96.89","","","","-6","","NA"
"-80.80","46.63","SUDBURY CLIMATE","6068145","2020-12-03 16:00","2020","12","03","16:00","-1.9","","-6.5","","71","","0.0","","25","","12","","","","96.90","","","","-6","","NA"
"-80.80","46.63","SUDBURY CLIMATE","6068145","2020-12-03 17:00","2020","12","03","17:00","-1.1","","-4.3","","78","","0.0","","23","","20","","","","96.82","","","","-7","","NA"
"-80.80","46.63","SUDBURY CLIMATE","6068145","2020-12-03 18:00","2020","12","03","18:00","-0.7","","-3.0","","84","","0.0","","23","","16","","","","96.74","","","","-5","","NA"
"-80.80","46.63","SUDBURY CLIMATE","6068145","2020-12-03 19:00","2020","12","03","19:00","0.0","","-2.4","","84","","0.0","","24","","21","","","","96.69","","","","-5","","NA"
"-80.80","46.63","SUDBURY CLIMATE","6068145","2020-12-03 20:00","2020","12","03","20:00","0.6","","-2.0","","83","","0.0","","23","","21","","","","96.62","","","","","","NA"
"-80.80","46.63","SUDBURY CLIMATE","6068145","2020-12-03 21:00","2020","12","03","21:00","0.8","","-1.8","","83","","0.0","","24","","19","","","","96.62","","","","","","NA"
"-80.80","46.63","SUDBURY CLIMATE","6068145","2020-12-03 22:00","2020","12","03","22:00","0.9","","-1.7","","83","","0.0","","24","","20","","","","96.60","","","","","","NA"
"-80.80","46.63","SUDBURY CLIMATE","6068145","2020-12-03 23:00","2020","12","03","23:00","0.6","","-1.9","","83","","0.0","","23","","17","","","","96.59","","","","","","NA"
"-80.80","46.63","SUDBURY CLIMATE","6068145","2020-12-04 00:00","2020","12","04","00:00","0.3","","-1.9","","85","","0.0","","23","","18","","","","96.56","","","","","","NA"
"-80.80","46.63","SUDBURY CLIMATE","6068145","2020-12-04 01:00","2020","12","04","01:00","0.2","","-1.4","","89","","0.0","","23","","18","","","","96.56","","","","","","NA"
"-80.80","46.63","SUDBURY CLIMATE","6068145","2020-12-04 02:00","2020","12","04","02:00","0.4","","-1.2","","89","","0.0","","24","","13","","","","96.56","","","","","","NA"
"-80.80","46.63","SUDBURY CLIMATE","6068145","2020-12-04 03:00","2020","12","04","03:00","0.3","","-0.9","","91","","0.0","","22","","13","","","","96.52","","","","","","NA"
"-80.80","46.63","SUDBURY CLIMATE","6068145","2020-12-04 04:00","2020","12","04","04:00","0.2","","-0.8","","93","","0.0","","23","","15","","","","96.48","","","","","","NA"
"-80.80","46.63","SUDBURY CLIMATE","6068145","2020-12-04 05:00","2020","12","04","05:00","0.1","","-1.0","","93","","0.0","","22","","14","","","","96.45","","","","","","NA"
"-80.80","46.63","SUDBURY CLIMATE","6068145","2020-12-04 06:00","2020","12","04","06:00","0.2","","-0.9","","92","","0.0","","22","","14","","","","96.42","","","","","","NA"
"-80.80","46.63","SUDBURY CLIMATE","6068145","2020-12-04 07:00","2020","12","04","07:00","0.3","","-0.9","","91","","0.0","","22","","13","","","","96.38","","","","","","NA"
"-80.80","46.63","SUDBURY CLIMATE","6068145","2020-12-04 08:00","2020","12","04","08:00","-0.2","","-0.8","","96","","0.0","","20","","12","","","","96.39","","","","-4","","NA"
"-80.80","46.63","SUDBURY CLIMATE","6068145","2020-12-04 09:00","2020","12","04","09:00","-0.3","","-0.7","","97","","0.0","","20","","10","","","","96.36","","","","-4","","NA"
"-80.80","46.63","SUDBURY CLIMATE","6068145","2020-12-04 10:00","2020","12","04","10:00","-0.3","","-0.7","","97","","0.0","","21","","10","","","","96.36","","","","-4","","NA"
"-80.80","46.63","SUDBURY CLIMATE","6068145","2020-12-04 11:00","2020","12","04","11:00","-0.2","","-0.7","","96","","0.0","","19","","6","","","","96.35","","","","-2","","NA"
"-80.80","46.63","SUDBURY CLIMATE","6068145","2020-12-04 12:00","2020","12","04","12:00","-0.1","","-0.6","","96","","0.4","","32","","2","","","","96.36","","","","-1","","NA"
"-80.80","46.63","SUDBURY CLIMATE","6068145","2020-12-04 13:00","2020","12","04","13:00","-0.4","","-0.7","","98","","1.1","","31","","7","","","","96.40","","","","-3","","NA"
"-80.80","46.63","SUDBURY CLIMATE","6068145","2020-12-04 14:00","2020","12","04","14:00","-0.5","","-0.8","","98","","1.0","","4","","4","","","","96.41","","","","-2","","NA"
"-80.80","46.63","SUDBURY CLIMATE","6068145","2020-12-04 15:00","2020","12","04","15:00","-0.4","","-0.7","","98","","0.3","","2","","9","","","","96.43","","","","-4","","NA"
"-80.80","46.63","SUDBURY CLIMATE","6068145","2020-12-04 16:00","2020","12","04","16:00","-0.3","","-1.0","","95","","0.1","","2","","10","","","","96.48","","","","-4","","NA"
"-80.80","46.63","SUDBURY CLIMATE","6068145","2020-12-04 17:00","2020","12","04","17:00","-0.1","","-1.0","","94","","0.0","","1","","12","","","","96.49","","","","-4","","NA"
"-80.80","46.63","SUDBURY CLIMATE","6068145","2020-12-04 18:00","2020","12","04","18:00","0.0","","-1.1","","92","","0.0","","2","","13","","","","96.56","","","","-4","","NA"
"-80.80","46.63","SUDBURY CLIMATE","6068145","2020-12-04 19:00","2020","12","04","19:00","-0.6","","-1.9","","91","","0.0","","2","","14","","","","96.61","","","","-5","","NA"
"-80.80","46.63","SUDBURY CLIMATE","6068145","2020-12-04 20:00","2020","12","04","20:00","-1.4","","-2.7","","91","","0.0","","1","","14","","","","96.69","","","","-6","","NA"
"-80.80","46.63","SUDBURY CLIMATE","6068145","2020-12-04 21:00","2020","12","04","21:00","-2.6","","-4.9","","84","","0.0","","36","","16","","","","96.79","","","","-8","","NA"
"-80.80","46.63","SUDBURY CLIMATE","6068145","2020-12-04 22:00","2020","12","04","22:00","-3.4","","-6.0","","82","","0.0","","36","","13","","","","96.89","","","","-8","","NA"
"-80.80","46.63","SUDBURY CLIMATE","6068145","2020-12-04 23:00","2020","12","04","23:00","-4.4","","-7.2","","81","","0.0","","1","","18","","","","97.02","","","","-10","","NA"
"-80.80","46.63","SUDBURY CLIMATE","6068145","2020-12-05 00:00","2020","12","05","00:00","-5.4","","-8.5","","79","","0.0","","1","","18","","","","97.06","","","","-12","","NA"
"-80.80","46.63","SUDBURY CLIMATE","6068145","2020-12-05 01:00","2020","12","05","01:00","-6.1","","-8.9","","80","","0.0","","36","","14","","","","97.13","","","","-12","","NA"
"-80.80","46.63","SUDBURY CLIMATE","6068145","2020-12-05 02:00","2020","12","05","02:00","-6.5","","-9.4","","80","","0.0","","36","","14","","","","97.19","","","","-12","","NA"
"-80.80","46.63","SUDBURY CLIMATE","6068145","2020-12-05 03:00","2020","12","05","03:00","-7.0","","-9.8","","80","","0.0","","1","","16","","","","97.27","","","","-13","","NA"
"-80.80","46.63","SUDBURY CLIMATE","6068145","2020-12-05 04:00","2020","12","05","04:00","-6.8","","-9.7","","80","","0.0","","1","","15","","","","97.32","","","","-13","","NA"
"-80.80","46.63","SUDBURY CLIMATE","6068145","2020-12-05 05:00","2020","12","05","05:00","-6.7","","-9.4","","81","","0.0","","1","","15","","","","97.37","","","","-13","","NA"
"-80.80","46.63","SUDBURY CLIMATE","6068145","2020-12-05 06:00","2020","12","05","06:00","-6.7","","-9.2","","82","","0.0","","1","","15","","","","97.39","","","","-13","","NA"
"-80.80","46.63","SUDBURY CLIMATE","6068145","2020-12-05 07:00","2020","12","05","07:00","-6.8","","-9.1","","83","","0.0","","1","","14","","","","97.44","","","","-13","","NA"
"-80.80","46.63","SUDBURY CLIMATE","6068145","2020-12-05 08:00","2020","12","05","08:00","-6.9","","-9.3","","83","","0.0","","36","","13","","","","97.48","","","","-12","","NA"
"-80.80","46.63","SUDBURY CLIMATE","6068145","2020-12-05 09:00","2020","12","05","09:00","-7.2","","-9.6","","83","","0.0","","2","","18","","","","97.50","","","","-14","","NA"
"-80.80","46.63","SUDBURY CLIMATE","6068145","2020-12-05 10:00","2020","12","05","10:00","-7.4","","-9.5","","85","","0.0","","1","","13","","","","97.54","","","","-13","","NA"
"-80.80","46.63","SUDBURY CLIMATE","6068145","2020-12-05 11:00","2020","12","05","11:00","-7.5","","-9.7","","84","","0.0","","1","","15","","","","97.56","","","","-14","","NA"
"-80.80","46.63","SUDBURY CLIMATE","6068145","2020-12-05 12:00","2020","12","05","12:00","-7.3","","-9.3","","85","","0.0","","1","","17","","","","97.64","","","","-14","","NA"
"-80.80","46.63","SUDBURY CLIMATE","6068145","2020-12-05 13:00","2020","12","05","13:00","-6.9","","-8.7","","87","","0.0","","2","","14","","","","97.68","","","","-13","","NA"
"-80.80","46.63","SUDBURY CLIMATE","6068145","2020-12-05 14:00","2020","12","05","14:00","-6.2","","-8.0","","87","","0.0","","2","","15","","","","97.72","","","","-12","","NA"
"-80.80","46.63","SUDBURY CLIMATE","6068145","2020-12-05 15:00","2020","12","05","15:00","-5.4","","-8.1","","81","","0.0","","2","","13","","","","97.75","","","","-11","","NA"
"-80.80","46.63","SUDBURY CLIMATE","6068145","2020-12-05 16:00","2020","12","05","16:00","-5.3","","-8.0","","81","","0.0","","2","","13","","","","97.79","","","","-10","","NA"
"-80.80","46.63","SUDBURY CLIMATE","6068145","2020-12-05 17:00","2020","12","05","17:00","-4.7","","-7.7","","80","","0.0","","3","","14","","","","97.74","","","","-10","","NA"
"-80.80","46.63","SUDBURY CLIMATE","6068145","2020-12-05 18:00","2020","12","05","18:00","-4.0","","-7.5","","76","","0.0","","2","","10","","","","97.71","","","","-8","","NA"
"-80.80","46.63","SUDBURY CLIMATE","6068145","2020-12-05 19:00","2020","12","05","19:00","-3.5","","-8.1","","70","","0.0","","2","","16","","","","97.71","","","","-9","","NA"
"-80.80","46.63","SUDBURY CLIMATE","6068145","2020-12-05 20:00","2020","12","05","20:00","-3.2","","-7.5","","72","","0.0","","3","","16","","","","97.72","","","","-9","","NA"
"-80.80","46.63","SUDBURY CLIMATE","6068145","2020-12-05 21:00","2020","12","05","21:00","-3.4","","-7.8","","72","","0.0","","36","","12","","","","97.74","","","","-8","","NA"
"-80.80","46.63","SUDBURY CLIMATE","6068145","2020-12-05 22:00","2020","12","05","22:00","-3.7","","-7.4","","76","","0.0","","36","","8","","","","97.76","","","","-7","","NA"
"-80.80","46.63","SUDBURY CLIMATE","6068145","2020-12-05 23:00","2020","12","05","23:00","-4.1","","-7.5","","77","","0.0","","1","","10","","","","97.80","","","","-8","","NA"
"-80.80","46.63","SUDBURY CLIMATE","6068145","2020-12-06 00:00","2020","12","06","00:00","-4.7","","-8.1","","77","","0.0","","2","","17","","","","97.81","","","","-11","","NA"
"-80.80","46.63","SUDBURY CLIMATE","6068145","2020-12-06 01:00","2020","12","06","01:00","-4.9","","-8.1","","78","","0.0","","1","","16","","","","97.82","","","","-11","","NA"
"-80.80","46.63","SUDBURY CLIMATE","6068145","2020-12-06 02:00","2020","12","06","02:00","-5.2","","-7.9","","81","","0.0","","2","","14","","","","97.81","","","","-11","","NA"
"-80.80","46.63","SUDBURY CLIMATE","6068145","2020-12-06 03:00","2020","12","06","03:00","-5.3","","-8.7","","77","","0.0","","2","","14","","","","97.80","","","","-11","","NA"
"-80.80","46.63","SUDBURY CLIMATE","6068145","2020-12-06 04:00","2020","12","06","04:00","-5.7","","-8.9","","78","","0.0","","34","","8","","","","97.77","","","","-9","","NA"
"-80.80","46.63","SUDBURY CLIMATE","6068145","2020-12-06 05:00","2020","12","06","05:00","-6.7","","-9.0","","83","","0.0","","34","","9","","","","97.72","","","","-11","","NA"
"-80.80","46.63","SUDBURY CLIMATE","6068145","2020-12-06 06:00","2020","12","06","06:00","-7.2","","-9.2","","86","","0.0","","36","","12","","","","97.67","","","","-13","","NA"
"-80.80","46.63","SUDBURY CLIMATE","6068145","2020-12-06 07:00","2020","12","06","07:00","-7.5","","-9.7","","85","","0.0","","1","","16","","","","97.69","","","","-14","","NA"
"-80.80","46.63","SUDBURY CLIMATE","6068145","2020-12-06 08:00","2020","12","06","08:00","-8.3","","-9.8","","89","","0.0","","1","","12","","","","97.67","","","","-14","","NA"
"-80.80","46.63","SUDBURY CLIMATE","6068145","2020-12-06 09:00","2020","12","06","09:00","-8.3","","-9.7","","90","","0.0","","1","","14","","","","97.68","","","","-14","","NA"
"-80.80","46.63","SUDBURY CLIMATE","6068145","2020-12-06 10:00","2020","12","06","10:00","-8.4","","-9.5","","92","","0.0","","1","","10","","","","97.65","","","","-13","","NA"
"-80.80","46.63","SUDBURY CLIMATE","6068145","2020-12-06 11:00","2020","12","06","11:00","-8.4","","-9.2","","94","","0.0","","1","","10","","","","97.65","","","","-13","","NA"
"-80.80","46.63","SUDBURY CLIMATE","6068145","2020-12-06 12:00","2020","12","06","12:00","-8.5","","-9.2","","95","","0.0","","1","","9","","","","97.64","","","","-13","","NA"
"-80.80","46.63","SUDBURY CLIMATE","6068145","2020-12-06 13:00","2020","12","06","13:00","-8.8","","-9.5","","95","","0.0","","35","","9","","","","97.65","","","","-13","","NA"
"-80.80","46.63","SUDBURY CLIMATE","6068145","2020-12-06 14:00","2020","12","06","14:00","-8.8","","-9.4","","95","","0.0","","1","","7","","","","97.63","","","","-13","","NA"
"-80.80","46.63","SUDBURY CLIMATE","6068145","2020-12-06 15:00","2020","12","06","15:00","-8.3","","-9.3","","92","","0.0","","1","","8","","","","97.61","","","","-12","","NA"
"-80.80","46.63","SUDBURY CLIMATE","6068145","2020-12-06 16:00","2020","12","06","16:00","-7.8","","-9.0","","91","","0.0","","36","","8","","","","97.59","","","","-12","","NA"
"-80.80","46.63","SUDBURY CLIMATE","6068145","2020-12-06 17:00","2020","12","06","17:00","-7.0","","-9.2","","84","","0.0","","1","","6","","","","97.54","","","","-10","","NA"
"-80.80","46.63","SUDBURY CLIMATE","6068145","2020-12-06 18:00","2020","12","06","18:00","-5.9","","-9.6","","75","","0.0","","6","","9","","","","97.44","","","","-10","","NA"
"-80.80","46.63","SUDBURY CLIMATE","6068145","2020-12-06 19:00","2020","12","06","19:00","-5.1","","-10.1","","68","","0.0","","3","","8","","","","97.39","","","","-9","","NA"
"-80.80","46.63","SUDBURY CLIMATE","6068145","2020-12-06 20:00","2020","12","06","20:00","-4.5","","-9.7","","67","","0.0","","4","","5","","","","97.40","","","","-7","","NA"
"-80.80","46.63","SUDBURY CLIMATE","6068145","2020-12-06 21:00","2020","12","06","21:00","-5.3","","-9.8","","71","","0.0","","6","","6","","","","97.39","","","","-8","","NA"
"-80.80","46.63","SUDBURY CLIMATE","6068145","2020-12-06 22:00","2020","12","06","22:00","-6.6","","-9.4","","81","","0.0","","","","0","","","","97.41","","","","","","NA"
"-80.80","46.63","SUDBURY CLIMATE","6068145","2020-12-06 23:00","2020","12","06","23:00","-8.2","","-10.1","","87","","0.0","","35","","5","","","","97.43","","","","-11","","NA"
"-80.80","46.63","SUDBURY CLIMATE","6068145","2020-12-07 00:00","2020","12","07","00:00","-6.9","","-9.8","","80","","0.0","","34","","9","","","","97.44","","","","-11","","NA"
"-80.80","46.63","SUDBURY CLIMATE","6068145","2020-12-07 01:00","2020","12","07","01:00","-8.1","","-10.3","","84","","0.0","","36","","7","","","","97.43","","","","-12","","NA"
"-80.80","46.63","SUDBURY CLIMATE","6068145","2020-12-07 02:00","2020","12","07","02:00","-8.4","","-10.0","","89","","0.0","","35","","6","","","","97.42","","","","-12","","NA"
"-80.80","46.63","SUDBURY CLIMATE","6068145","2020-12-07 03:00","2020","12","07","03:00","-8.7","","-10.0","","90","","0.0","","34","","7","","","","97.39","","","","-13","","NA"
"-80.80","46.63","SUDBURY CLIMATE","6068145","2020-12-07 04:00","2020","12","07","04:00","-8.8","","-10.1","","90","","0.0","","35","","8","","","","97.35","","","","-13","","NA"
"-80.80","46.63","SUDBURY CLIMATE","6068145","2020-12-07 05:00","2020","12","07","05:00","-9.4","","-10.5","","92","","0.0","","1","","10","","","","97.37","","","","-15","","NA"
"-80.80","46.63","SUDBURY CLIMATE","6068145","2020-12-07 06:00","2020","12","07","06:00","-9.3","","-10.1","","94","","0.0","","1","","12","","","","97.32","","","","-15","","NA"
"-80.80","46.63","SUDBURY CLIMATE","6068145","2020-12-07 07:00","2020","12","07","07:00","-9.5","","-10.4","","93","","0.0","","35","","9","","","","97.31","","","","-14","","NA"
"-80.80","46.63","SUDBURY CLIMATE","6068145","2020-12-07 08:00","2020","12","07","08:00","-10.1","","-11.2","","92","","0.0","","35","","8","","","","97.34","","","","-15","","NA"
"-80.80","46.63","SUDBURY CLIMATE","6068145","2020-12-07 09:00","2020","12","07","09:00","-10.3","","-11.3","","92","","0.0","","35","","9","","","","97.35","","","","-15","","NA"
"-80.80","46.63","SUDBURY CLIMATE","6068145","2020-12-07 10:00","2020","12","07","10:00","-9.9","","-10.9","","92","","0.0","","36","","11","","","","97.37","","","","-15","","NA"
"-80.80","46.63","SUDBURY CLIMATE","6068145","2020-12-07 11:00","2020","12","07","11:00","-9.4","","-10.5","","92","","0.0","","36","","13","","","","97.37","","","","-15","","NA"
"-80.80","46.63","SUDBURY CLIMATE","6068145","2020-12-07 12:00","2020","12","07","12:00","-9.3","","-10.4","","92","","0.0","","36","","15","","","","97.38","","","","-16","","NA"
"-80.80","46.63","SUDBURY CLIMATE","6068145","2020-12-07 13:00","2020","12","07","13:00","-9.3","","-10.4","","92","","0.0","","35","","12","","","","97.38","","","","-15","","NA"
"-80.80","46.63","SUDBURY CLIMATE","6068145","2020-12-07 14:00","2020","12","07","14:00","-9.2","","-10.7","","89","","0.0","","36","","14","","","","97.40","","","","-16","","NA"
"-80.80","46.63","SUDBURY CLIMATE","6068145","2020-12-07 15:00","2020","12","07","15:00","-7.8","","-9.7","","86","","0.0","","1","","12","","","","97.38","","","","-13","","NA"
"-80.80","46.63","SUDBURY CLIMATE","6068145","2020-12-07 16:00","2020","12","07","16:00","-6.7","","-9.8","","79","","0.0","","1","","16","","","","97.36","","","","-13","","NA"
"-80.80","46.63","SUDBURY CLIMATE","6068145","2020-12-07 17:00","2020","12","07","17:00","-5.4","","-9.6","","72","","0.0","","1","","14","","","","97.32","","","","-11","","NA"
"-80.80","46.63","SUDBURY CLIMATE","6068145","2020-12-07 18:00","2020","12","07","18:00","-4.1","","-10.0","","63","","0.0","","35","","15","","","","97.25","","","","-9","","NA"
"-80.80","46.63","SUDBURY CLIMATE","6068145","2020-12-07 19:00","2020","12","07","19:00","-3.5","","-9.8","","61","","0.0","","1","","14","","","","97.21","","","","-9","","NA"
"-80.80","46.63","SUDBURY CLIMATE","6068145","2020-12-07 20:00","2020","12","07","20:00","-3.4","","-9.6","","62","","0.0","","35","","11","","","","97.20","","","","-8","","NA"
"-80.80","46.63","SUDBURY CLIMATE","6068145","2020-12-07 21:00","2020","12","07","21:00","-4.1","","-9.9","","64","","0.0","","35","","11","","","","97.24","","","","-9","","NA"
"-80.80","46.63","SUDBURY CLIMATE","6068145","2020-12-07 22:00","2020","12","07","22:00","-5.3","","-9.6","","72","","0.0","","35","","12","","","","97.29","","","","-10","","NA"
"-80.80","46.63","SUDBURY CLIMATE","6068145","2020-12-07 23:00","2020","12","07","23:00","-6.5","","-9.6","","79","","0.0","","35","","12","","","","97.32","","","","-12","","NA"
"-80.80","46.63","SUDBURY CLIMATE","6068145","2020-12-08 00:00","2020","12","08","00:00","-7.4","","-9.8","","83","","0.0","","36","","14","","","","97.33","","","","-13","","NA"
"-80.80","46.63","SUDBURY CLIMATE","6068145","2020-12-08 01:00","2020","12","08","01:00","-8.4","","-10.1","","87","","0.0","","35","","12","","","","97.37","","","","-14","","NA"
"-80.80","46.63","SUDBURY CLIMATE","6068145","2020-12-08 02:00","2020","12","08","02:00","-8.9","","-10.4","","89","","0.0","","35","","12","","","","97.38","","","","-15","","NA"
"-80.80","46.63","SUDBURY CLIMATE","6068145","2020-12-08 03:00","2020","12","08","03:00","-9.0","","-10.3","","90","","0.0","","1","","13","","","","97.37","","","","-15","","NA"
"-80.80","46.63","SUDBURY CLIMATE","6068145","2020-12-08 04:00","2020","12","08","04:00","-9.1","","-10.2","","91","","0.0","","1","","11","","","","97.36","","","","-15","","NA"
"-80.80","46.63","SUDBURY CLIMATE","6068145","2020-12-08 05:00","2020","12","08","05:00","-9.1","","-10.2","","92","","0.0","","36","","11","","","","97.33","","","","-15","","NA"
"-80.80","46.63","SUDBURY CLIMATE","6068145","2020-12-08 06:00","2020","12","08","06:00","-9.2","","-10.3","","92","","0.0","","36","","12","","","","97.28","","","","-15","","NA"
"-80.80","46.63","SUDBURY CLIMATE","6068145","2020-12-08 07:00","2020","12","08","07:00","-9.8","","-10.9","","92","","0.0","","36","","11","","","","97.24","","","","-15","","NA"
"-80.80","46.63","SUDBURY CLIMATE","6068145","2020-12-08 08:00","2020","12","08","08:00","-10.1","","-11.1","","92","","0.0","","34","","6","","","","97.24","","","","-14","","NA"
"-80.80","46.63","SUDBURY CLIMATE","6068145","2020-12-08 09:00","2020","12","08","09:00","-10.3","","-11.5","","91","","0.0","","34","","6","","","","97.23","","","","-14","","NA"
"-80.80","46.63","SUDBURY CLIMATE","6068145","2020-12-08 10:00","2020","12","08","10:00","-11.8","","-13.1","","90","","0.0","","35","","6","","","","97.19","","","","-16","","NA"
"-80.80","46.63","SUDBURY CLIMATE","6068145","2020-12-08 11:00","2020","12","08","11:00","-11.8","","-12.9","","91","","0.0","","33","","8","","","","97.22","","","","-17","","NA"
"-80.80","46.63","SUDBURY CLIMATE","6068145","2020-12-08 12:00","2020","12","08","12:00","-12.2","","-13.5","","90","","0.0","","35","","6","","","","97.24","","","","-16","","NA"
"-80.80","46.63","SUDBURY CLIMATE","6068145","2020-12-08 13:00","2020","12","08","13:00","-12.8","","-14.2","","89","","0.0","","36","","4","","","","97.22","","","","-15","","NA"
"-80.80","46.63","SUDBURY CLIMATE","6068145","2020-12-08 14:00","2020","12","08","14:00","-11.8","","-13.4","","87","","0.0","","34","","2","","","","97.18","","","","-13","","NA"
"-80.80","46.63","SUDBURY CLIMATE","6068145","2020-12-08 15:00","2020","12","08","15:00","-9.9","","-12.1","","84","","0.0","","28","","6","","","","97.24","","","","-13","","NA"
"-80.80","46.63","SUDBURY CLIMATE","6068145","2020-12-08 16:00","2020","12","08","16:00","-8.2","","-10.5","","84","","0.0","","18","","12","","","","97.01","","","","-14","","NA"
"-80.80","46.63","SUDBURY CLIMATE","6068145","2020-12-08 17:00","2020","12","08","17:00","-6.6","","-9.5","","79","","0.0","","22","","12","","","","96.92","","","","-12","","NA"
"-80.80","46.63","SUDBURY CLIMATE","6068145","2020-12-08 18:00","2020","12","08","18:00","-6.4","","-9.5","","78","","0.0","","20","","20","","","","96.70","","","","-13","","NA"
"-80.80","46.63","SUDBURY CLIMATE","6068145","2020-12-08 19:00","2020","12","08","19:00","-5.6","","-8.7","","79","","0.0","","24","","18","","","","96.72","","","","-12","","NA"
"-80.80","46.63","SUDBURY CLIMATE","6068145","2020-12-08 20:00","2020","12","08","20:00","-4.4","","-7.6","","79","","0.0","","20","","13","","","","96.64","","","","-9","","NA"
"-80.80","46.63","SUDBURY CLIMATE","6068145","2020-12-08 21:00","2020","12","08","21:00","-4.3","","-7.2","","80","","0.0","","20","","14","","","","96.61","","","","-9","","NA"
"-80.80","46.63","SUDBURY CLIMATE","6068145","2020-12-08 22:00","2020","12","08","22:00","-4.2","","-6.4","","85","","0.0","","18","","16","","","","96.49","","","","-10","","NA"
"-80.80","46.63","SUDBURY CLIMATE","6068145","2020-12-08 23:00","2020","12","08","23:00","-3.7","","-5.1","","90","","0.0","","21","","14","","","","96.45","","","","-9","","NA"
"-80.80","46.63","SUDBURY CLIMATE","6068145","2020-12-09 00:00","2020","12","09","00:00","-2.8","","-3.6","","94","","0.1","","19","","25","","","","96.28","","","","-10","","NA"
"-80.80","46.63","SUDBURY CLIMATE","6068145","2020-12-09 01:00","2020","12","09","01:00","-1.9","","-2.5","","96","","0.1","","21","","22","","","","96.21","","","","-8","","NA"
"-80.80","46.63","SUDBURY CLIMATE","6068145","2020-12-09 02:00","2020","12","09","02:00","-1.0","","-2.0","","93","","0.1","","21","","24","","","","96.07","","","","-7","","NA"
"-80.80","46.63","SUDBURY CLIMATE","6068145","2020-12-09 03:00","2020","12","09","03:00","-0.9","","-1.4","","96","","0.0","","22","","22","","","","96.00","","","","-7","","NA"
"-80.80","46.63","SUDBURY CLIMATE","6068145","2020-12-09 04:00","2020","12","09","04:00","-0.5","","-0.9","","97","","0.1","","23","","15","","","","95.94","","","","-5","","NA"
"-80.80","46.63","SUDBURY CLIMATE","6068145","2020-12-09 05:00","2020","12","09","05:00","-0.3","","-0.6","","98","","0.1","","23","","10","","","","95.91","","","","-4","","NA"
"-80.80","46.63","SUDBURY CLIMATE","6068145","2020-12-09 06:00","2020","12","09","06:00","-0.2","","-0.4","","98","","0.1","","23","","7","","","","95.87","","","","-3","","NA"
"-80.80","46.63","SUDBURY CLIMATE","6068145","2020-12-09 07:00","2020","12","09","07:00","0.0","","-0.3","","97","","0.1","","25","","5","","","","95.84","","","","-2","","NA"
"-80.80","46.63","SUDBURY CLIMATE","6068145","2020-12-09 08:00","2020","12","09","08:00","-0.1","","-0.4","","97","","0.2","","26","","4","","","","95.84","","","","-1","","NA"
"-80.80","46.63","SUDBURY CLIMATE","6068145","2020-12-09 09:00","2020","12","09","09:00","-0.2","","-0.7","","97","","0.1","","26","","4","","","","95.80","","","","-1","","NA"
"-80.80","46.63","SUDBURY CLIMATE","6068145","2020-12-09 10:00","2020","12","09","10:00","-0.5","","-0.9","","97","","0.2","","26","","4","","","","95.79","","","","-2","","NA"
"-80.80","46.63","SUDBURY CLIMATE","6068145","2020-12-09 11:00","2020","12","09","11:00","-0.8","","-1.1","","97","","0.4","","26","","5","","","","95.79","","","","-2","","NA"
"-80.80","46.63","SUDBURY CLIMATE","6068145","2020-12-09 12:00","2020","12","09","12:00","-0.7","","-1.1","","97","","0.0","","26","","7","","","","95.82","","","","-3","","NA"
"-80.80","46.63","SUDBURY CLIMATE","6068145","2020-12-09 13:00","2020","12","09","13:00","-0.7","","-1.0","","98","","0.0","","27","","5","","","","95.83","","","","-2","","NA"
"-80.80","46.63","SUDBURY CLIMATE","6068145","2020-12-09 14:00","2020","12","09","14:00","-0.6","","-0.8","","98","","0.0","","28","","4","","","","95.86","","","","-2","","NA"
"-80.80","46.63","SUDBURY CLIMATE","6068145","2020-12-09 15:00","2020","12","09","15:00","0.0","","-0.4","","97","","0.0","","31","","2","","","","95.90","","","","-1","","NA"
"-80.80","46.63","SUDBURY CLIMATE","6068145","2020-12-09 16:00","2020","12","09","16:00","0.4","","-0.3","","95","","0.4","","32","","6","","","","95.93","","","","","","NA"
"-80.80","46.63","SUDBURY CLIMATE","6068145","2020-12-09 17:00","2020","12","09","17:00","0.5","","-0.2","","94","","0.0","","29","","7","","","","96.01","","","","","","NA"
"-80.80","46.63","SUDBURY CLIMATE","6068145","2020-12-09 18:00","2020","12","09","18:00","0.5","","-0.4","","93","","0.0","","31","","9","","","","96.03","","","","","","NA"
"-80.80","46.63","SUDBURY CLIMATE","6068145","2020-12-09 19:00","2020","12","09","19:00","0.8","","-0.6","","90","","0.0","","32","","10","","","","96.07","","","","","","NA"
"-80.80","46.63","SUDBURY CLIMATE","6068145","2020-12-09 20:00","2020","12","09","20:00","0.7","","-0.7","","90","","0.0","","30","","8","","","","96.14","","","","","","NA"
"-80.80","46.63","SUDBURY CLIMATE","6068145","2020-12-09 21:00","2020","12","09","21:00","0.4","","-0.1","","96","","0.0","","29","","7","","","","96.25","","","","","","NA"
"-80.80","46.63","SUDBURY CLIMATE","6068145","2020-12-09 22:00","2020","12","09","22:00","0.4","","-0.1","","97","","0.0","","28","","6","","","","96.35","","","","","","NA"
"-80.80","46.63","SUDBURY CLIMATE","6068145","2020-12-09 23:00","2020","12","09","23:00","0.2","","-0.4","","96","","0.0","","29","","6","","","","96.44","","","","","","NA"
"-80.80","46.63","SUDBURY CLIMATE","6068145","2020-12-10 00:00","2020","12","10","00:00","0.2","","-0.5","","95","","0.0","","30","","5","","","","96.49","","","","","","NA"
"-80.80","46.63","SUDBURY CLIMATE","6068145","2020-12-10 01:00","2020","12","10","01:00","0.3","","-0.6","","94","","0.0","","30","","6","","","","96.59","","","","","","NA"
"-80.80","46.63","SUDBURY CLIMATE","6068145","2020-12-10 02:00","2020","12","10","02:00","0.1","","-0.7","","94","","0.0","","33","","5","","","","96.64","","","","","","NA"
"-80.80","46.63","SUDBURY CLIMATE","6068145","2020-12-10 03:00","2020","12","10","03:00","-0.2","","-1.9","","89","","0.1","","35","","8","","","","96.74","","","","-3","","NA"
"-80.80","46.63","SUDBURY CLIMATE","6068145","2020-12-10 04:00","2020","12","10","04:00","-0.4","","-2.3","","87","","0.1","","33","","8","","","","96.80","","","","-3","","NA"
"-80.80","46.63","SUDBURY CLIMATE","6068145","2020-12-10 05:00","2020","12","10","05:00","-0.6","","-3.1","","83","","0.0","","34","","9","","","","96.89","","","","-4","","NA"
"-80.80","46.63","SUDBURY CLIMATE","6068145","2020-12-10 06:00","2020","12","10","06:00","-0.5","","-3.8","","78","","0.0","","32","","10","","","","96.96","","","","-4","","NA"
"-80.80","46.63","SUDBURY CLIMATE","6068145","2020-12-10 07:00","2020","12","10","07:00","-0.9","","-3.0","","86","","0.0","","33","","5","","","","96.99","","","","-3","","NA"
"-80.80","46.63","SUDBURY CLIMATE","6068145","2020-12-10 08:00","2020","12","10","08:00","-0.9","","-3.2","","84","","0.0","","30","","7","","","","97.09","","","","-3","","NA"
"-80.80","46.63","SUDBURY CLIMATE","6068145","2020-12-10 09:00","2020","12","10","09:00","-0.9","","-3.9","","80","","0.0","","33","","9","","","","97.16","","","","-4","","NA"
"-80.80","46.63","SUDBURY CLIMATE","6068145","2020-12-10 10:00","2020","12","10","10:00","-1.3","","-3.2","","87","","0.0","","27","","4","","","","97.19","","","","-3","","NA"
"-80.80","46.63","SUDBURY CLIMATE","6068145","2020-12-10 11:00","2020","12","10","11:00","-1.3","","-3.3","","86","","0.0","","31","","6","","","","97.27","","","","-4","","NA"
"-80.80","46.63","SUDBURY CLIMATE","6068145","2020-12-10 12:00","2020","12","10","12:00","-1.3","","-3.4","","86","","0.0","","28","","3","","","","97.36","","","","-2","","NA"
"-80.80","46.63","SUDBURY CLIMATE","6068145","2020-12-10 13:00","2020","12","10","13:00","-1.4","","-3.2","","88","","0.0","","25","","1","","","","97.32","","","","-2","","NA"
"-80.80","46.63","SUDBURY CLIMATE","6068145","2020-12-10 14:00","2020","12","10","14:00","-1.0","","-3.5","","83","","0.0","","24","","6","","","","97.40","","","","-3","","NA"
"-80.80","46.63","SUDBURY CLIMATE","6068145","2020-12-10 15:00","2020","12","10","15:00","-0.5","","-3.5","","80","","0.0","","24","","12","","","","97.49","","","","-4","","NA"
"-80.80","46.63","SUDBURY CLIMATE","6068145","2020-12-10 16:00","2020","12","10","16:00","-0.3","","-3.3","","80","","0.0","","23","","12","","","","97.51","","","","-4","","NA"
"-80.80","46.63","SUDBURY CLIMATE","6068145","2020-12-10 17:00","2020","12","10","17:00","0.0","","-3.0","","80","","0.0","","23","","13","","","","97.47","","","","-4","","NA"
"-80.80","46.63","SUDBURY CLIMATE","6068145","2020-12-10 18:00","2020","12","10","18:00","0.2","","-3.1","","78","","0.0","","22","","13","","","","97.43","","","","","","NA"
"-80.80","46.63","SUDBURY CLIMATE","6068145","2020-12-10 19:00","2020","12","10","19:00","0.5","","-2.4","","80","","0.0","","21","","16","","","","97.39","","","","","","NA"
"-80.80","46.63","SUDBURY CLIMATE","6068145","2020-12-10 20:00","2020","12","10","20:00","0.6","","-2.1","","82","","0.0","","20","","11","","","","97.34","","","","","","NA"
"-80.80","46.63","SUDBURY CLIMATE","6068145","2020-12-10 21:00","2020","12","10","21:00","1.0","","-1.8","","82","","0.0","","17","","11","","","","97.31","","","","","","NA"
"-80.80","46.63","SUDBURY CLIMATE","6068145","2020-12-10 22:00","2020","12","10","22:00","0.7","","-1.7","","84","","0.0","","17","","14","","","","97.29","","","","","","NA"
"-80.80","46.63","SUDBURY CLIMATE","6068145","2020-12-10 23:00","2020","12","10","23:00","0.7","","-1.3","","87","","0.0","","18","","9","","","","97.35","","","","","","NA"
"-80.80","46.63","SUDBURY CLIMATE","6068145","2020-12-11 00:00","2020","12","11","00:00","0.6","","-1.0","","89","","0.0","","16","","13","","","","97.29","","","","","","NA"
"-80.80","46.63","SUDBURY CLIMATE","6068145","2020-12-11 01:00","2020","12","11","01:00","0.5","","-0.9","","90","","0.0","","14","","12","","","","97.28","","","","","","NA"
"-80.80","46.63","SUDBURY CLIMATE","6068145","2020-12-11 02:00","2020","12","11","02:00","0.9","","-0.4","","91","","0.0","","15","","14","","","","97.22","","","","","","NA"
"-80.80","46.63","SUDBURY CLIMATE","6068145","2020-12-11 03:00","2020","12","11","03:00","1.1","","0.2","","94","","0.0","","16","","19","","","","97.12","","","","","","NA"
"-80.80","46.63","SUDBURY CLIMATE","6068145","2020-12-11 04:00","2020","12","11","04:00","1.0","","0.2","","95","","0.0","","18","","9","","","","97.15","","","","","","NA"
"-80.80","46.63","SUDBURY CLIMATE","6068145","2020-12-11 05:00","2020","12","11","05:00","1.0","","0.4","","96","","0.0","","16","","12","","","","97.10","","","","","","NA"
"-80.80","46.63","SUDBURY CLIMATE","6068145","2020-12-11 06:00","2020","12","11","06:00","1.3","","0.9","","97","","0.0","","17","","13","","","","97.05","","","","","","NA"
"-80.80","46.63","SUDBURY CLIMATE","6068145","2020-12-11 07:00","2020","12","11","07:00","1.4","","1.0","","97","","0.0","","16","","10","","","","97.02","","","","","","NA"
"-80.80","46.63","SUDBURY CLIMATE","6068145","2020-12-11 08:00","2020","12","11","08:00","1.6","","1.2","","98","","0.0","","16","","12","","","","97.01","","","","","","NA"
"-80.80","46.63","SUDBURY CLIMATE","6068145","2020-12-11 09:00","2020","12","11","09:00","1.6","","1.3","","98","","0.0","","17","","11","","","","97.00","","","","","","NA"
"-80.80","46.63","SUDBURY CLIMATE","6068145","2020-12-11 10:00","2020","12","11","10:00","1.6","","1.3","","98","","0.0","","18","","9","","","","97.05","","","","","","NA"
"-80.80","46.63","SUDBURY CLIMATE","6068145","2020-12-11 11:00","2020","12","11","11:00","1.7","","1.5","","98","","0.0","","20","","3","","","","97.07","","","","","","NA"
"-80.80","46.63","SUDBURY CLIMATE","6068145","2020-12-11 12:00","2020","12","11","12:00","1.9","","1.7","","99","","0.0","","34","","6","","","","97.16","","","","","","NA"
"-80.80","46.63","SUDBURY CLIMATE","6068145","2020-12-11 13:00","2020","12","11","13:00","1.7","","1.5","","98","","0.1","","2","","11","","","","97.18","","","","","","NA"
"-80.80","46.63","SUDBURY CLIMATE","6068145","2020-12-11 14:00","2020","12","11","14:00","1.4","","0.5","","94","","0.0","","1","","16","","","","97.23","","","","","","NA"
"-80.80","46.63","SUDBURY CLIMATE","6068145","2020-12-11 15:00","2020","12","11","15:00","1.2","","-0.2","","90","","0.0","","1","","16","","","","97.31","","","","","","NA"
"-80.80","46.63","SUDBURY CLIMATE","6068145","2020-12-11 16:00","2020","12","11","16:00","1.7","","-0.8","","83","","0.0","","2","","21","","","","97.39","","","","","","NA"
"-80.80","46.63","SUDBURY CLIMATE","6068145","2020-12-11 17:00","2020","12","11","17:00","1.5","","-1.1","","83","","0.0","","1","","15","","","","97.44","","","","","","NA"
"-80.80","46.63","SUDBURY CLIMATE","6068145","2020-12-11 18:00","2020","12","11","18:00","1.4","","-1.1","","83","","0.0","","2","","15","","","","97.44","","","","","","NA"
"-80.80","46.63","SUDBURY CLIMATE","6068145","2020-12-11 19:00","2020","12","11","19:00","1.1","","-1.7","","81","","0.0","","2","","19","","","","97.48","","","","","","NA"
"-80.80","46.63","SUDBURY CLIMATE","6068145","2020-12-11 20:00","2020","12","11","20:00","1.0","","-2.4","","78","","0.0","","3","","15","","","","97.57","","","","","","NA"
"-80.80","46.63","SUDBURY CLIMATE","6068145","2020-12-11 21:00","2020","12","11","21:00","0.3","","-2.5","","82","","0.0","","2","","15","","","","97.65","","","","","","NA"
"-80.80","46.63","SUDBURY CLIMATE","6068145","2020-12-11 22:00","2020","12","11","22:00","-0.6","","-3.1","","83","","0.0","","1","","16","","","","97.75","","","","-5","","NA"
"-80.80","46.63","SUDBURY CLIMATE","6068145","2020-12-11 23:00","2020","12","11","23:00","-1.0","","-4.0","","81","","0.0","","3","","18","","","","97.81","","","","-6","","NA"
"-80.80","46.63","SUDBURY CLIMATE","6068145","2020-12-12 00:00","2020","12","12","00:00","-1.9","","-5.0","","79","","0.0","","2","","19","","","","97.87","","","","-7","","NA"
"-80.80","46.63","SUDBURY CLIMATE","6068145","2020-12-12 01:00","2020","12","12","01:00","-2.2","","-5.3","","79","","0.0","","3","","15","","","","97.95","","","","-7","","NA"
"-80.80","46.63","SUDBURY CLIMATE","6068145","2020-12-12 02:00","2020","12","12","02:00","-2.7","","-6.1","","78","","0.0","","4","","18","","","","97.97","","","","-8","","NA"
"-80.80","46.63","SUDBURY CLIMATE","6068145","2020-12-12 03:00","2020","12","12","03:00","-3.0","","-6.1","","79","","0.0","","4","","16","","","","98.00","","","","-8","","NA"
"-80.80","46.63","SUDBURY CLIMATE","6068145","2020-12-12 04:00","2020","12","12","04:00","-3.9","","-7.4","","76","","0.0","","4","","22","","","","98.01","","","","-10","","NA"
"-80.80","46.63","SUDBURY CLIMATE","6068145","2020-12-12 05:00","2020","12","12","05:00","-4.8","","-7.6","","81","","0.0","","5","","23","","","","98.02","","","","-12","","NA"
"-80.80","46.63","SUDBURY CLIMATE","6068145","2020-12-12 06:00","2020","12","12","06:00","-5.0","","-7.3","","84","","0.0","","4","","20","","","","98.05","","","","-12","","NA"
"-80.80","46.63","SUDBURY CLIMATE","6068145","2020-12-12 07:00","2020","12","12","07:00","-5.3","","-7.3","","86","","0.0","","4","","24","","","","97.99","","","","-13","","NA"
"-80.80","46.63","SUDBURY CLIMATE","6068145","2020-12-12 08:00","2020","12","12","08:00","-5.4","","-7.3","","87","","0.0","","4","","23","","","","98.06","","","","-13","","NA"
"-80.80","46.63","SUDBURY CLIMATE","6068145","2020-12-12 09:00","2020","12","12","09:00","-5.7","","-7.6","","87","","0.0","","4","","24","","","","97.97","","","","-13","","NA"
"-80.80","46.63","SUDBURY CLIMATE","6068145","2020-12-12 10:00","2020","12","12","10:00","-5.8","","-7.6","","88","","0.0","","4","","26","","","","97.93","","","","-14","","NA"
"-80.80","46.63","SUDBURY CLIMATE","6068145","2020-12-12 11:00","2020","12","12","11:00","-5.6","","-7.5","","87","","0.0","","5","","27","","","","97.90","","","","-13","","NA"
"-80.80","46.63","SUDBURY CLIMATE","6068145","2020-12-12 12:00","2020","12","12","12:00","-5.6","","-7.5","","86","","0.0","","5","","26","","","","97.88","","","","-13","","NA"
"-80.80","46.63","SUDBURY CLIMATE","6068145","2020-12-12 13:00","2020","12","12","13:00","-5.9","","-7.6","","88","","0.0","","4","","25","","","","97.79","","","","-13","","NA"
"-80.80","46.63","SUDBURY CLIMATE","6068145","2020-12-12 14:00","2020","12","12","14:00","-5.9","","-7.4","","89","","0.0","","5","","26","","","","97.71","","","","-14","","NA"
"-80.80","46.63","SUDBURY CLIMATE","6068145","2020-12-12 15:00","2020","12","12","15:00","-5.8","","-7.3","","89","","0.0","","4","","26","","","","97.65","","","","-14","","NA"
"-80.80","46.63","SUDBURY CLIMATE","6068145","2020-12-12 16:00","2020","12","12","16:00","-5.7","","-6.9","","91","","0.0","","4","","29","","","","97.54","","","","-14","","NA"
"-80.80","46.63","SUDBURY CLIMATE","6068145","2020-12-12 17:00","2020","12","12","17:00","-5.5","","-6.7","","91","","0.5","","4","","28","","","","97.35","","","","-13","","NA"
"-80.80","46.63","SUDBURY CLIMATE","6068145","2020-12-12 18:00","2020","12","12","18:00","-5.2","","-6.4","","92","","0.7","","4","","30","","","","97.16","","","","-13","","NA"
"-80.80","46.63","SUDBURY CLIMATE","6068145","2020-12-12 19:00","2020","12","12","19:00","-5.1","","-6.2","","92","","1.0","","4","","31","","","","96.98","","","","-13","","NA"
"-80.80","46.63","SUDBURY CLIMATE","6068145","2020-12-12 20:00","2020","12","12","20:00","-5.2","","-6.3","","92","","0.5","","4","","38","","","","96.78","","","","-14","","NA"
"-80.80","46.63","SUDBURY CLIMATE","6068145","2020-12-12 21:00","2020","12","12","21:00","-5.5","","-6.5","","92","","1.2","","4","","37","","","","96.65","","","","-14","","NA"
"-80.80","46.63","SUDBURY CLIMATE","6068145","2020-12-12 22:00","2020","12","12","22:00","-5.8","","-6.9","","92","","0.6","","4","","37","","","","96.61","","","","-15","","NA"
"-80.80","46.63","SUDBURY CLIMATE","6068145","2020-12-12 23:00","2020","12","12","23:00","-6.4","","-7.5","","92","","1.3","","4","","35","","","","96.57","","","","-15","","NA"
"-80.80","46.63","SUDBURY CLIMATE","6068145","2020-12-13 00:00","2020","12","13","00:00","-6.9","","-8.2","","91","","0.6","","4","","41","","","","96.53","","","","-17","","NA"
"-80.80","46.63","SUDBURY CLIMATE","6068145","2020-12-13 01:00","2020","12","13","01:00","-7.4","","-8.8","","90","","1.0","","4","","36","","","","96.50","","","","-17","","NA"
"-80.80","46.63","SUDBURY CLIMATE","6068145","2020-12-13 02:00","2020","12","13","02:00","-7.6","","-9.0","","90","","0.8","","3","","35","","","","96.44","","","","-17","","NA"
"-80.80","46.63","SUDBURY CLIMATE","6068145","2020-12-13 03:00","2020","12","13","03:00","-8.1","","-9.9","","87","","0.3","","2","","34","","","","96.45","","","","-18","","NA"
"-80.80","46.63","SUDBURY CLIMATE","6068145","2020-12-13 04:00","2020","12","13","04:00","-8.6","","-10.7","","84","","0.0","","2","","31","","","","96.44","","","","-18","","NA"
"-80.80","46.63","SUDBURY CLIMATE","6068145","2020-12-13 05:00","2020","12","13","05:00","-8.8","","-11.2","","82","","0.0","","2","","29","","","","96.45","","","","-18","","NA"
"-80.80","46.63","SUDBURY CLIMATE","6068145","2020-12-13 06:00","2020","12","13","06:00","-8.9","","-11.8","","79","","0.0","","1","","25","","","","96.52","","","","-17","","NA"
"-80.80","46.63","SUDBURY CLIMATE","6068145","2020-12-13 07:00","2020","12","13","07:00","-9.8","","-12.4","","81","","0.0","","35","","16","","","","96.63","","","","-17","","NA"
"-80.80","46.63","SUDBURY CLIMATE","6068145","2020-12-13 08:00","2020","12","13","08:00","-10.2","","-13.0","","80","","0.0","","36","","16","","","","96.69","","","","-17","","NA"
"-80.80","46.63","SUDBURY CLIMATE","6068145","2020-12-13 09:00","2020","12","13","09:00","-9.8","","-12.8","","79","","0.0","","35","","19","","","","96.74","","","","-17","","NA"
"-80.80","46.63","SUDBURY CLIMATE","6068145","2020-12-13 10:00","2020","12","13","10:00","-9.6","","-12.7","","79","","0.0","","35","","18","","","","96.78","","","","-17","","NA"
"-80.80","46.63","SUDBURY CLIMATE","6068145","2020-12-13 11:00","2020","12","13","11:00","-9.8","","-13.0","","78","","0.0","","34","","18","","","","96.91","","","","-17","","NA"
"-80.80","46.63","SUDBURY CLIMATE","6068145","2020-12-13 12:00","2020","12","13","12:00","-10.1","","-13.0","","79","","0.0","","32","","12","","","","97.07","","","","-16","","NA"
"-80.80","46.63","SUDBURY CLIMATE","6068145","2020-12-13 13:00","2020","12","13","13:00","-10.2","","-13.0","","80","","0.0","","33","","10","","","","97.13","","","","-15","","NA"
"-80.80","46.63","SUDBURY CLIMATE","6068145","2020-12-13 14:00","2020","12","13","14:00","-10.3","","-13.3","","79","","0.0","","34","","8","","","","97.17","","","","-15","","NA"
"-80.80","46.63","SUDBURY CLIMATE","6068145","2020-12-13 15:00","2020","12","13","15:00","-10.1","","-13.0","","79","","0.0","","32","","10","","","","97.29","","","","-15","","NA"
"-80.80","46.63","SUDBURY CLIMATE","6068145","2020-12-13 16:00","2020","12","13","16:00","-9.7","","-12.9","","78","","0.0","","30","","11","","","","97.38","","","","-15","","NA"
"-80.80","46.63","SUDBURY CLIMATE","6068145","2020-12-13 17:00","2020","12","13","17:00","-9.1","","-12.8","","75","","0.0","","30","","15","","","","97.32","","","","-16","","NA"
"-80.80","46.63","SUDBURY CLIMATE","6068145","2020-12-13 18:00","2020","12","13","18:00","-8.5","","-12.7","","71","","0.0","","29","","13","","","","97.35","","","","-14","","NA"
"-80.80","46.63","SUDBURY CLIMATE","6068145","2020-12-13 19:00","2020","12","13","19:00","-7.7","","-12.2","","70","","0.0","","28","","8","","","","97.38","","","","-12","","NA"
"-80.80","46.63","SUDBURY CLIMATE","6068145","2020-12-13 20:00","2020","12","13","20:00","-8.1","","-12.1","","72","","0.0","","25","","11","","","","97.42","","","","-13","","NA"
"-80.80","46.63","SUDBURY CLIMATE","6068145","2020-12-13 21:00","2020","12","13","21:00","-8.9","","-12.4","","76","","0.0","","27","","4","","","","97.40","","","","-11","","NA"
"-80.80","46.63","SUDBURY CLIMATE","6068145","2020-12-13 22:00","2020","12","13","22:00","-10.3","","-12.6","","84","","0.0","","23","","4","","","","97.40","","","","-13","","NA"
"-80.80","46.63","SUDBURY CLIMATE","6068145","2020-12-13 23:00","2020","12","13","23:00","-11.1","","-12.5","","90","","0.0","","23","","4","","","","97.45","","","","-14","","NA"
"-80.80","46.63","SUDBURY CLIMATE","6068145","2020-12-14 00:00","2020","12","14","00:00","-10.8","","-12.7","","86","","0.0","","22","","7","","","","97.48","","","","-15","","NA"
"-80.80","46.63","SUDBURY CLIMATE","6068145","2020-12-14 01:00","2020","12","14","01:00","-11.3","","-13.0","","87","","0.0","","21","","5","","","","97.43","","","","-14","","NA"
"-80.80","46.63","SUDBURY CLIMATE","6068145","2020-12-14 02:00","2020","12","14","02:00","-12.3","","-13.7","","89","","0.0","","18","","9","","","","97.41","","","","-18","","NA"
"-80.80","46.63","SUDBURY CLIMATE","6068145","2020-12-14 03:00","2020","12","14","03:00","-12.1","","-13.3","","90","","0.0","","20","","8","","","","97.33","","","","-17","","NA"
"-80.80","46.63","SUDBURY CLIMATE","6068145","2020-12-14 04:00","2020","12","14","04:00","-9.8","","-11.3","","89","","0.0","","20","","9","","","","97.28","","","","-15","","NA"
"-80.80","46.63","SUDBURY CLIMATE","6068145","2020-12-14 05:00","2020","12","14","05:00","-9.2","","-10.7","","89","","0.0","","20","","9","","","","97.23","","","","-14","","NA"
"-80.80","46.63","SUDBURY CLIMATE","6068145","2020-12-14 06:00","2020","12","14","06:00","-8.5","","-9.4","","93","","0.0","","22","","11","","","","97.23","","","","-14","","NA"
"-80.80","46.63","SUDBURY CLIMATE","6068145","2020-12-14 07:00","2020","12","14","07:00","-8.6","","-9.6","","92","","0.0","","18","","8","","","","97.16","","","","-13","","NA"
"-80.80","46.63","SUDBURY CLIMATE","6068145","2020-12-14 08:00","2020","12","14","08:00","-8.4","","-9.4","","93","","0.0","","12","","4","","","","97.03","","","","-11","","NA"
"-80.80","46.63","SUDBURY CLIMATE","6068145","2020-12-14 09:00","2020","12","14","09:00","-9.2","","-10.2","","92","","0.0","","13","","12","","","","96.94","","","","-15","","NA"
"-80.80","46.63","SUDBURY CLIMATE","6068145","2020-12-14 10:00","2020","12","14","10:00","-8.5","","-9.4","","93","","0.0","","13","","12","","","","96.85","","","","-14","","NA"
"-80.80","46.63","SUDBURY CLIMATE","6068145","2020-12-14 11:00","2020","12","14","11:00","-7.9","","-8.8","","93","","0.0","","14","","15","","","","96.84","","","","-14","","NA"
"-80.80","46.63","SUDBURY CLIMATE","6068145","2020-12-14 12:00","2020","12","14","12:00","-6.9","","-7.7","","94","","0.0","","14","","12","","","","96.74","","","","-12","","NA"
"-80.80","46.63","SUDBURY CLIMATE","6068145","2020-12-14 13:00","2020","12","14","13:00","-6.4","","-7.2","","94","","0.2","","16","","10","","","","96.65","","","","-11","","NA"
"-80.80","46.63","SUDBURY CLIMATE","6068145","2020-12-14 14:00","2020","12","14","14:00","-6.2","","-7.0","","94","","0.2","","17","","13","","","","96.60","","","","-12","","NA"
"-80.80","46.63","SUDBURY CLIMATE","6068145","2020-12-14 15:00","2020","12","14","15:00","-5.1","","-5.9","","95","","0.2","","24","","16","","","","96.65","","","","-11","","NA"
"-80.80","46.63","SUDBURY CLIMATE","6068145","2020-12-14 16:00","2020","12","14","16:00","-4.7","","-6.0","","90","","0.0","","27","","14","","","","96.67","","","","-10","","NA"
"-80.80","46.63","SUDBURY CLIMATE","6068145","2020-12-14 17:00","2020","12","14","17:00","-3.1","","-5.9","","81","","0.0","","26","","13","","","","96.66","","","","-8","","NA"
"-80.80","46.63","SUDBURY CLIMATE","6068145","2020-12-14 18:00","2020","12","14","18:00","-2.9","","-9.5","","60","","0.0","","28","","19","","","","96.67","","","","-9","","NA"
"-80.80","46.63","SUDBURY CLIMATE","6068145","2020-12-14 19:00","2020","12","14","19:00","-3.4","","-12.6","","49","","0.0","","30","","21","","","","96.77","","","","-10","","NA"
"-80.80","46.63","SUDBURY CLIMATE","6068145","2020-12-14 20:00","2020","12","14","20:00","-4.2","","-12.1","","54","","0.0","","29","","19","","","","96.86","","","","-10","","NA"
"-80.80","46.63","SUDBURY CLIMATE","6068145","2020-12-14 21:00","2020","12","14","21:00","-5.5","","-13.1","","55","","0.0","","31","","22","","","","96.99","","","","-13","","NA"
"-80.80","46.63","SUDBURY CLIMATE","6068145","2020-12-14 22:00","2020","12","14","22:00","-6.4","","-12.8","","61","","0.0","","32","","16","","","","97.13","","","","-13","","NA"
"-80.80","46.63","SUDBURY CLIMATE","6068145","2020-12-14 23:00","2020","12","14","23:00","-7.3","","-12.5","","66","","0.0","","31","","16","","","","97.24","","","","-14","","NA"
"-80.80","46.63","SUDBURY CLIMATE","6068145","2020-12-15 00:00","2020","12","15","00:00","-8.4","","-15.2","","58","","0.0","","31","","22","","","","97.37","","","","-16","","NA"
"-80.80","46.63","SUDBURY CLIMATE","6068145","2020-12-15 01:00","2020","12","15","01:00","-9.0","","-14.7","","63","","0.0","","32","","16","","","","97.49","","","","-16","","NA"
"-80.80","46.63","SUDBURY CLIMATE","6068145","2020-12-15 02:00","2020","12","15","02:00","-9.9","","-16.0","","61","","0.0","","34","","19","","","","97.61","","","","-18","","NA"
"-80.80","46.63","SUDBURY CLIMATE","6068145","2020-12-15 03:00","2020","12","15","03:00","-11.4","","-16.4","","66","","0.0","","33","","18","","","","97.72","","","","-19","","NA"
"-80.80","46.63","SUDBURY CLIMATE","6068145","2020-12-15 04:00","2020","12","15","04:00","-12.4","","-16.5","","71","","0.0","","35","","10","","","","97.82","","","","-18","","NA"
"-80.80","46.63","SUDBURY CLIMATE","6068145","2020-12-15 05:00","2020","12","15","05:00","-13.1","","-17.5","","70","","0.0","","35","","13","","","","97.90","","","","-20","","NA"
"-80.80","46.63","SUDBURY CLIMATE","6068145","2020-12-15 06:00","2020","12","15","06:00","-13.6","","-17.9","","70","","0.0","","34","","10","","","","97.91","","","","-20","","NA"
"-80.80","46.63","SUDBURY CLIMATE","6068145","2020-12-15 07:00","2020","12","15","07:00","-14.5","","-19.2","","68","","0.0","","31","","8","","","","97.99","","","","-20","","NA"
"-80.80","46.63","SUDBURY CLIMATE","6068145","2020-12-15 08:00","2020","12","15","08:00","-15.3","","-19.5","","71","","0.0","","28","","4","","","","98.11","","","","-18","","NA"
"-80.80","46.63","SUDBURY CLIMATE","6068145","2020-12-15 09:00","2020","12","15","09:00","-15.7","","-19.4","","73","","0.0","","28","","4","","","","98.17","","","","-19","","NA"
"-80.80","46.63","SUDBURY CLIMATE","6068145","2020-12-15 10:00","2020","12","15","10:00","-16.2","","-19.7","","74","","0.0","","29","","3","","","","98.25","","","","-18","","NA"
"-80.80","46.63","SUDBURY CLIMATE","6068145","2020-12-15 11:00","2020","12","15","11:00","-16.1","","-19.7","","73","","0.0","","33","","4","","","","98.34","","","","-19","","NA"
"-80.80","46.63","SUDBURY CLIMATE","6068145","2020-12-15 12:00","2020","12","15","12:00","-16.5","","-20.8","","69","","0.0","","33","","10","","","","98.45","","","","-23","","NA"
"-80.80","46.63","SUDBURY CLIMATE","6068145","2020-12-15 13:00","2020","12","15","13:00","-17.2","","-21.1","","72","","0.0","","35","","9","","","","98.48","","","","-23","","NA"
"-80.80","46.63","SUDBURY CLIMATE","6068145","2020-12-15 14:00","2020","12","15","14:00","-17.1","","-21.3","","69","","0.0","","33","","6","","","","98.55","","","","-22","","NA"
"-80.80","46.63","SUDBURY CLIMATE","6068145","2020-12-15 15:00","2020","12","15","15:00","-16.9","","-21.7","","66","","0.0","","36","","9","","","","98.60","","","","-23","","NA"
"-80.80","46.63","SUDBURY CLIMATE","6068145","2020-12-15 16:00","2020","12","15","16:00","-16.5","","-22.8","","58","","0.0","","34","","9","","","","98.67","","","","-23","","NA"
"-80.80","46.63","SUDBURY CLIMATE","6068145","2020-12-15 17:00","2020","12","15","17:00","-15.6","","-22.9","","54","","0.0","","34","","6","","","","98.68","","","","-20","","NA"
"-80.80","46.63","SUDBURY CLIMATE","6068145","2020-12-15 18:00","2020","12","15","18:00","-14.5","","-22.9","","49","","0.0","","34","","9","","","","98.63","","","","-20","","NA"
"-80.80","46.63","SUDBURY CLIMATE","6068145","2020-12-15 19:00","2020","12","15","19:00","-13.6","","-23.2","","44","","0.0","","31","","2","","","","98.64","","","","-15","","NA"
"-80.80","46.63","SUDBURY CLIMATE","6068145","2020-12-15 20:00","2020","12","15","20:00","-13.8","","-22.3","","49","","0.0","","21","","8","","","","98.67","","","","-19","","NA"
"-80.80","46.63","SUDBURY CLIMATE","6068145","2020-12-15 21:00","2020","12","15","21:00","-14.1","","-21.9","","52","","0.0","","21","","5","","","","98.66","","","","-18","","NA"
"-80.80","46.63","SUDBURY CLIMATE","6068145","2020-12-15 22:00","2020","12","15","22:00","-16.9","","-22.0","","64","","0.0","","20","","2","","","","98.68","","","","-18","","NA"
"-80.80","46.63","SUDBURY CLIMATE","6068145","2020-12-15 23:00","2020","12","15","23:00","-17.7","","-22.4","","67","","0.0","","21","","5","","","","98.79","","","","-22","","NA"
"-80.80","46.63","SUDBURY CLIMATE","6068145","2020-12-16 00:00","2020","12","16","00:00","-18.3","","-21.6","","76","","0.0","","20","","2","","","","98.81","","","","-20","","NA"
"-80.80","46.63","SUDBURY CLIMATE","6068145","2020-12-16 01:00","2020","12","16","01:00","-19.1","","-22.3","","76","","0.0","","26","","3","","","","98.79","","","","-22","","NA"
"-80.80","46.63","SUDBURY CLIMATE","6068145","2020-12-16 02:00","2020","12","16","02:00","-19.5","","-22.8","","75","","0.0","","3","","7","","","","98.75","","","","-25","","NA"
"-80.80","46.63","SUDBURY CLIMATE","6068145","2020-12-16 03:00","2020","12","16","03:00","-19.0","","-21.8","","79","","0.0","","8","","7","","","","98.71","","","","-24","","NA"
"-80.80","46.63","SUDBURY CLIMATE","6068145","2020-12-16 04:00","2020","12","16","04:00","-18.7","","-22.0","","75","","0.0","","6","","10","","","","98.71","","","","-26","","NA"
"-80.80","46.63","SUDBURY CLIMATE","6068145","2020-12-16 05:00","2020","12","16","05:00","-18.0","","-21.6","","73","","0.0","","10","","13","","","","98.74","","","","-26","","NA"
"-80.80","46.63","SUDBURY CLIMATE","6068145","2020-12-16 06:00","2020","12","16","06:00","-18.9","","-22.5","","73","","0.0","","9","","11","","","","98.67","","","","-26","","NA"
"-80.80","46.63","SUDBURY CLIMATE","6068145","2020-12-16 07:00","2020","12","16","07:00","-19.6","","-22.9","","75","","0.0","","12","","10","","","","98.70","","","","-27","","NA"
"-80.80","46.63","SUDBURY CLIMATE","6068145","2020-12-16 08:00","2020","12","16","08:00","-19.3","","-22.8","","74","","0.0","","11","","9","","","","98.76","","","","-26","","NA"
"-80.80","46.63","SUDBURY CLIMATE","6068145","2020-12-16 09:00","2020","12","16","09:00","-19.5","","-22.8","","75","","0.0","","11","","12","","","","98.72","","","","-27","","NA"
"-80.80","46.63","SUDBURY CLIMATE","6068145","2020-12-16 10:00","2020","12","16","10:00","-19.7","","-22.2","","81","","0.0","","10","","12","","","","98.70","","","","-28","","NA"
"-80.80","46.63","SUDBURY CLIMATE","6068145","2020-12-16 11:00","2020","12","16","11:00","-19.8","","-22.1","","81","","0.0","","8","","14","","","","98.66","","","","-29","","NA"
"-80.80","46.63","SUDBURY CLIMATE","6068145","2020-12-16 12:00","2020","12","16","12:00","-19.3","","-21.9","","80","","0.0","","7","","13","","","","98.67","","","","-28","","NA"
"-80.80","46.63","SUDBURY CLIMATE","6068145","2020-12-16 13:00","2020","12","16","13:00","-19.3","","-22.2","","78","","0.0","","8","","16","","","","98.60","","","","-29","","NA"
"-80.80","46.63","SUDBURY CLIMATE","6068145","2020-12-16 14:00","2020","12","16","14:00","-18.9","","-22.2","","75","","0.0","","9","","14","","","","98.61","","","","-27","","NA"
"-80.80","46.63","SUDBURY CLIMATE","6068145","2020-12-16 15:00","2020","12","16","15:00","-18.5","","-21.9","","75","","0.0","","7","","13","","","","98.57","","","","-27","","NA"
"-80.80","46.63","SUDBURY CLIMATE","6068145","2020-12-16 16:00","2020","12","16","16:00","-17.3","","-21.4","","70","","0.0","","7","","13","","","","98.46","","","","-25","","NA"
"-80.80","46.63","SUDBURY CLIMATE","6068145","2020-12-16 17:00","2020","12","16","17:00","-16.0","","-20.9","","66","","0.0","","6","","12","","","","98.38","","","","-23","","NA"
"-80.80","46.63","SUDBURY CLIMATE","6068145","2020-12-16 18:00","2020","12","16","18:00","-14.9","","-20.4","","63","","0.0","","5","","11","","","","98.33","","","","-21","","NA"
"-80.80","46.63","SUDBURY CLIMATE","6068145","2020-12-16 19:00","2020","12","16","19:00","-14.0","","-19.9","","61","","0.0","","9","","10","","","","98.33","","","","-20","","NA"
"-80.80","46.63","SUDBURY CLIMATE","6068145","2020-12-16 20:00","2020","12","16","20:00","-13.5","","-19.6","","60","","0.0","","7","","13","","","","98.28","","","","-20","","NA"
"-80.80","46.63","SUDBURY CLIMATE","6068145","2020-12-16 21:00","2020","12","16","21:00","-13.7","","-19.4","","62","","0.0","","6","","15","","","","98.24","","","","-21","","NA"
"-80.80","46.63","SUDBURY CLIMATE","6068145","2020-12-16 22:00","2020","12","16","22:00","-14.5","","-19.6","","65","","0.0","","5","","17","","","","98.22","","","","-23","","NA"
"-80.80","46.63","SUDBURY CLIMATE","6068145","2020-12-16 23:00","2020","12","16","23:00","-14.8","","-19.4","","68","","0.0","","6","","18","","","","98.21","","","","-23","","NA"
"-80.80","46.63","SUDBURY CLIMATE","6068145","2020-12-17 00:00","2020","12","17","00:00","-15.1","","-19.4","","69","","0.0","","5","","21","","","","98.12","","","","-25","","NA"
"-80.80","46.63","SUDBURY CLIMATE","6068145","2020-12-17 01:00","2020","12","17","01:00","-15.6","","-19.6","","71","","0.0","","6","","18","","","","98.11","","","","-24","","NA"
"-80.80","46.63","SUDBURY CLIMATE","6068145","2020-12-17 02:00","2020","12","17","02:00","-16.4","","-19.8","","75","","0.0","","6","","17","","","","98.06","","","","-25","","NA"
"-80.80","46.63","SUDBURY CLIMATE","6068145","2020-12-17 03:00","2020","12","17","03:00","-17.0","","-19.8","","78","","0.0","","6","","18","","","","98.01","","","","-26","","NA"
"-80.80","46.63","SUDBURY CLIMATE","6068145","2020-12-17 04:00","2020","12","17","04:00","-16.3","","-19.2","","79","","0.0","","6","","20","","","","98.03","","","","-26","","NA"
"-80.80","46.63","SUDBURY CLIMATE","6068145","2020-12-17 05:00","2020","12","17","05:00","-16.6","","-19.2","","80","","0.0","","5","","22","","","","97.99","","","","-27","","NA"
"-80.80","46.63","SUDBURY CLIMATE","6068145","2020-12-17 06:00","2020","12","17","06:00","-16.5","","-19.1","","80","","0.0","","5","","24","","","","97.86","","","","-27","","NA"
"-80.80","46.63","SUDBURY CLIMATE","6068145","2020-12-17 07:00","2020","12","17","07:00","-17.0","","-19.4","","82","","0.0","","5","","21","","","","97.87","","","","-27","","NA"
"-80.80","46.63","SUDBURY CLIMATE","6068145","2020-12-17 08:00","2020","12","17","08:00","-16.8","","-18.9","","84","","0.0","","6","","22","","","","97.88","","","","-27","","NA"
"-80.80","46.63","SUDBURY CLIMATE","6068145","2020-12-17 09:00","2020","12","17","09:00","-17.4","","-19.6","","82","","0.0","","5","","21","","","","97.86","","","","-27","","NA"
"-80.80","46.63","SUDBURY CLIMATE","6068145","2020-12-17 10:00","2020","12","17","10:00","-17.5","","-19.6","","83","","0.0","","5","","22","","","","97.88","","","","-28","","NA"
"-80.80","46.63","SUDBURY CLIMATE","6068145","2020-12-17 11:00","2020","12","17","11:00","-17.9","","-20.0","","83","","0.0","","5","","18","","","","97.94","","","","-27","","NA"
"-80.80","46.63","SUDBURY CLIMATE","6068145","2020-12-17 12:00","2020","12","17","12:00","-17.4","","-19.3","","85","","0.0","","4","","15","","","","97.97","","","","-26","","NA"
"-80.80","46.63","SUDBURY CLIMATE","6068145","2020-12-17 13:00","2020","12","17","13:00","-17.2","","-19.3","","84","","0.0","","4","","16","","","","97.96","","","","-26","","NA"
"-80.80","46.63","SUDBURY CLIMATE","6068145","2020-12-17 14:00","2020","12","17","14:00","-16.9","","-19.6","","80","","0.0","","5","","16","","","","97.98","","","","-26","","NA"
"-80.80","46.63","SUDBURY CLIMATE","6068145","2020-12-17 15:00","2020","12","17","15:00","-16.3","","-20.1","","73","","0.0","","5","","14","","","","98.02","","","","-24","","NA"
"-80.80","46.63","SUDBURY CLIMATE","6068145","2020-12-17 16:00","2020","12","17","16:00","-15.1","","-20.0","","66","","0.0","","5","","13","","","","98.03","","","","-22","","NA"
"-80.80","46.63","SUDBURY CLIMATE","6068145","2020-12-17 17:00","2020","12","17","17:00","-13.0","","-18.0","","66","","0.0","","3","","10","","","","97.96","","","","-19","","NA"
"-80.80","46.63","SUDBURY CLIMATE","6068145","2020-12-17 18:00","2020","12","17","18:00","-11.7","","-16.8","","66","","0.0","","5","","12","","","","97.93","","","","-18","","NA"
"-80.80","46.63","SUDBURY CLIMATE","6068145","2020-12-17 19:00","2020","12","17","19:00","-9.8","","-16.8","","57","","0.0","","3","","12","","","","97.91","","","","-16","","NA"
"-80.80","46.63","SUDBURY CLIMATE","6068145","2020-12-17 20:00","2020","12","17","20:00","-8.9","","-16.4","","54","","0.0","","5","","14","","","","97.90","","","","-15","","NA"
"-80.80","46.63","SUDBURY CLIMATE","6068145","2020-12-17 21:00","2020","12","17","21:00","-9.3","","-16.3","","57","","0.0","","5","","14","","","","97.97","","","","-16","","NA"
"-80.80","46.63","SUDBURY CLIMATE","6068145","2020-12-17 22:00","2020","12","17","22:00","-9.7","","-15.8","","61","","0.0","","5","","11","","","","98.02","","","","-15","","NA"
"-80.80","46.63","SUDBURY CLIMATE","6068145","2020-12-17 23:00","2020","12","17","23:00","-11.6","","-16.2","","68","","0.0","","6","","14","","","","98.08","","","","-18","","NA"
"-80.80","46.63","SUDBURY CLIMATE","6068145","2020-12-18 00:00","2020","12","18","00:00","-11.2","","-16.7","","64","","0.0","","6","","15","","","","98.12","","","","-18","","NA"
"-80.80","46.63","SUDBURY CLIMATE","6068145","2020-12-18 01:00","2020","12","18","01:00","-11.6","","-16.0","","70","","0.0","","6","","15","","","","98.20","","","","-19","","NA"
"-80.80","46.63","SUDBURY CLIMATE","6068145","2020-12-18 02:00","2020","12","18","02:00","-13.4","","-16.8","","75","","0.0","","6","","13","","","","98.23","","","","-20","","NA"
"-80.80","46.63","SUDBURY CLIMATE","6068145","2020-12-18 03:00","2020","12","18","03:00","-12.5","","-16.3","","73","","0.0","","5","","12","","","","98.25","","","","-19","","NA"
"-80.80","46.63","SUDBURY CLIMATE","6068145","2020-12-18 04:00","2020","12","18","04:00","-13.7","","-17.5","","73","","0.0","","6","","11","","","","98.27","","","","-20","","NA"
"-80.80","46.63","SUDBURY CLIMATE","6068145","2020-12-18 05:00","2020","12","18","05:00","-13.2","","-16.8","","74","","0.0","","4","","9","","","","98.30","","","","-19","","NA"
"-80.80","46.63","SUDBURY CLIMATE","6068145","2020-12-18 06:00","2020","12","18","06:00","-13.2","","-15.9","","80","","0.0","","5","","12","","","","98.28","","","","-20","","NA"
"-80.80","46.63","SUDBURY CLIMATE","6068145","2020-12-18 07:00","2020","12","18","07:00","-13.4","","-15.8","","82","","0.0","","6","","11","","","","98.30","","","","-20","","NA"
"-80.80","46.63","SUDBURY CLIMATE","6068145","2020-12-18 08:00","2020","12","18","08:00","-13.3","","-16.2","","79","","0.0","","5","","10","","","","98.36","","","","-19","","NA"
"-80.80","46.63","SUDBURY CLIMATE","6068145","2020-12-18 09:00","2020","12","18","09:00","-14.9","","-17.8","","78","","0.0","","6","","10","","","","98.39","","","","-21","","NA"
"-80.80","46.63","SUDBURY CLIMATE","6068145","2020-12-18 10:00","2020","12","18","10:00","-14.0","","-16.2","","84","","0.0","","5","","9","","","","98.43","","","","-20","","NA"
"-80.80","46.63","SUDBURY CLIMATE","6068145","2020-12-18 11:00","2020","12","18","11:00","-15.9","","-18.3","","81","","0.0","","4","","6","","","","98.46","","","","-20","","NA"
"-80.80","46.63","SUDBURY CLIMATE","6068145","2020-12-18 12:00","2020","12","18","12:00","-14.7","","-15.5","","93","","0.0","","5","","8","","","","98.48","","","","-20","","NA"
"-80.80","46.63","SUDBURY CLIMATE","6068145","2020-12-18 13:00","2020","12","18","13:00","-15.8","","-17.5","","87","","0.0","","8","","5","","","","98.48","","","","-20","","NA"
"-80.80","46.63","SUDBURY CLIMATE","6068145","2020-12-18 14:00","2020","12","18","14:00","-15.6","","-17.7","","84","","0.0","","7","","8","","","","98.53","","","","-21","","NA"
"-80.80","46.63","SUDBURY CLIMATE","6068145","2020-12-18 15:00","2020","12","18","15:00","-12.9","","-15.4","","82","","0.0","","9","","7","","","","98.57","","","","-17","","NA"
"-80.80","46.63","SUDBURY CLIMATE","6068145","2020-12-18 16:00","2020","12","18","16:00","-10.7","","-16.9","","60","","0.0","","13","","5","","","","98.59","","","","-14","","NA"
"-80.80","46.63","SUDBURY CLIMATE","6068145","2020-12-18 17:00","2020","12","18","17:00","-9.0","","-16.1","","57","","0.0","","17","","6","","","","98.55","","","","-12","","NA"
"-80.80","46.63","SUDBURY CLIMATE","6068145","2020-12-18 18:00","2020","12","18","18:00","-7.0","","-16.0","","49","","0.0","","16","","7","","","","98.47","","","","-11","","NA"
"-80.80","46.63","SUDBURY CLIMATE","6068145","2020-12-18 19:00","2020","12","18","19:00","-5.5","","-16.6","","41","","0.0","","17","","10","","","","98.41","","","","-10","","NA"
"-80.80","46.63","SUDBURY CLIMATE","6068145","2020-12-18 20:00","2020","12","18","20:00","-4.5","","-14.7","","45","","0.0","","14","","12","","","","98.36","","","","-9","","NA"
"-80.80","46.63","SUDBURY CLIMATE","6068145","2020-12-18 21:00","2020","12","18","21:00","-5.1","","-14.0","","49","","0.0","","15","","14","","","","98.34","","","","-10","","NA"
"-80.80","46.63","SUDBURY CLIMATE","6068145","2020-12-18 22:00","2020","12","18","22:00","-6.9","","-14.4","","55","","0.0","","15","","13","","","","98.32","","","","-12","","NA"
"-80.80","46.63","SUDBURY CLIMATE","6068145","2020-12-18 23:00","2020","12","18","23:00","-6.2","","-12.9","","59","","0.0","","16","","15","","","","98.28","","","","-12","","NA"
"-80.80","46.63","SUDBURY CLIMATE","6068145","2020-12-19 00:00","2020","12","19","00:00","-5.8","","-12.4","","60","","0.0","","16","","15","","","","98.22","","","","-12","","NA"
"-80.80","46.63","SUDBURY CLIMATE","6068145","2020-12-19 01:00","2020","12","19","01:00","-5.6","","-12.4","","59","","0.0","","16","","23","","","","98.14","","","","-13","","NA"
"-80.80","46.63","SUDBURY CLIMATE","6068145","2020-12-19 02:00","2020","12","19","02:00","-5.3","","-10.8","","65","","0.0","","17","","23","","","","98.10","","","","-12","","NA"
"-80.80","46.63","SUDBURY CLIMATE","6068145","2020-12-19 03:00","2020","12","19","03:00","-5.2","","-9.6","","71","","0.0","","17","","14","","","","98.01","","","","-11","","NA"
"-80.80","46.63","SUDBURY CLIMATE","6068145","2020-12-19 04:00","2020","12","19","04:00","-4.9","","-8.6","","75","","0.0","","16","","18","","","","97.95","","","","-11","","NA"
"-80.80","46.63","SUDBURY CLIMATE","6068145","2020-12-19 05:00","2020","12","19","05:00","-4.5","","-7.5","","79","","0.0","","17","","21","","","","97.89","","","","-11","","NA"
"-80.80","46.63","SUDBURY CLIMATE","6068145","2020-12-19 06:00","2020","12","19","06:00","-4.0","","-6.2","","85","","0.0","","18","","18","","","","97.85","","","","-10","","NA"
"-80.80","46.63","SUDBURY CLIMATE","6068145","2020-12-19 07:00","2020","12","19","07:00","-3.1","","-5.0","","87","","0.0","","18","","18","","","","97.78","","","","-9","","NA"
"-80.80","46.63","SUDBURY CLIMATE","6068145","2020-12-19 08:00","2020","12","19","08:00","-2.5","","-4.3","","87","","0.0","","19","","15","","","","97.78","","","","-7","","NA"
"-80.80","46.63","SUDBURY CLIMATE","6068145","2020-12-19 09:00","2020","12","19","09:00","-2.6","","-4.2","","89","","0.0","","17","","17","","","","97.72","","","","-8","","NA"
"-80.80","46.63","SUDBURY CLIMATE","6068145","2020-12-19 10:00","2020","12","19","10:00","-0.5","","-3.1","","83","","0.0","","21","","25","","","","97.72","","","","-7","","NA"
"-80.80","46.63","SUDBURY CLIMATE","6068145","2020-12-19 11:00","2020","12","19","11:00","-0.7","","-3.1","","84","","0.0","","21","","19","","","","97.69","","","","-6","","NA"
"-80.80","46.63","SUDBURY CLIMATE","6068145","2020-12-19 12:00","2020","12","19","12:00","-0.4","","-2.4","","86","","0.0","","20","","20","","","","97.66","","","","-6","","NA"
"-80.80","46.63","SUDBURY CLIMATE","6068145","2020-12-19 13:00","2020","12","19","13:00","0.1","","-1.5","","89","","0.0","","19","","22","","","","97.61","","","","","","NA"
"-80.80","46.63","SUDBURY CLIMATE","6068145","2020-12-19 14:00","2020","12","19","14:00","-0.1","","-1.2","","92","","0.0","","18","","23","","","","97.64","","","","-6","","NA"
"-80.80","46.63","SUDBURY CLIMATE","6068145","2020-12-19 15:00","2020","12","19","15:00","-0.4","","-1.1","","95","","0.2","","18","","19","","","","97.65","","","","-6","","NA"
"-80.80","46.63","SUDBURY CLIMATE","6068145","2020-12-19 16:00","2020","12","19","16:00","-0.4","","-1.0","","96","","0.4","","17","","18","","","","97.62","","","","-5","","NA"
"-80.80","46.63","SUDBURY CLIMATE","6068145","2020-12-19 17:00","2020","12","19","17:00","-0.4","","-1.1","","95","","0.3","","17","","20","","","","97.50","","","","-6","","NA"
"-80.80","46.63","SUDBURY CLIMATE","6068145","2020-12-19 18:00","2020","12","19","18:00","-0.1","","-1.2","","92","","0.0","","17","","20","","","","97.42","","","","-5","","NA"
"-80.80","46.63","SUDBURY CLIMATE","6068145","2020-12-19 19:00","2020","12","19","19:00","-0.6","","-1.3","","96","","0.2","","16","","15","","","","97.41","","","","-5","","NA"
"-80.80","46.63","SUDBURY CLIMATE","6068145","2020-12-19 20:00","2020","12","19","20:00","-0.8","","-1.3","","97","","0.6","","16","","14","","","","97.39","","","","-5","","NA"
"-80.80","46.63","SUDBURY CLIMATE","6068145","2020-12-19 21:00","2020","12","19","21:00","-1.1","","-1.5","","97","","0.4","","15","","15","","","","97.36","","","","-6","","NA"
"-80.80","46.63","SUDBURY CLIMATE","6068145","2020-12-19 22:00","2020","12","19","22:00","-1.1","","-1.4","","98","","0.1","","15","","15","","","","97.37","","","","-6","","NA"
"-80.80","46.63","SUDBURY CLIMATE","6068145","2020-12-19 23:00","2020","12","19","23:00","-1.1","","-1.2","","99","","0.1","","14","","10","","","","97.39","","","","-5","","NA"
"-80.80","46.63","SUDBURY CLIMATE","6068145","2020-12-20 00:00","2020","12","20","00:00","-1.0","","-1.1","","99","","0.0","","14","","12","","","","97.36","","","","-5","","NA"
"-80.80","46.63","SUDBURY CLIMATE","6068145","2020-12-20 01:00","2020","12","20","01:00","-0.9","","-1.1","","99","","0.1","","14","","14","","","","97.32","","","","-5","","NA"
"-80.80","46.63","SUDBURY CLIMATE","6068145","2020-12-20 02:00","2020","12","20","02:00","-0.7","","-0.8","","99","","0.0","","13","","12","","","","97.28","","","","-5","","NA"
"-80.80","46.63","SUDBURY CLIMATE","6068145","2020-12-20 03:00","2020","12","20","03:00","-0.7","","-0.8","","99","","0.1","","14","","15","","","","97.21","","","","-5","","NA"
"-80.80","46.63","SUDBURY CLIMATE","6068145","2020-12-20 04:00","2020","12","20","04:00","-0.7","","-0.8","","99","","0.0","","15","","13","","","","97.15","","","","-5","","NA"
"-80.80","46.63","SUDBURY CLIMATE","6068145","2020-12-20 05:00","2020","12","20","05:00","-0.6","","-0.7","","99","","0.0","","15","","13","","","","97.12","","","","-5","","NA"
"-80.80","46.63","SUDBURY CLIMATE","6068145","2020-12-20 06:00","2020","12","20","06:00","-0.5","","-0.6","","99","","0.0","","15","","14","","","","97.08","","","","-5","","NA"
"-80.80","46.63","SUDBURY CLIMATE","6068145","2020-12-20 07:00","2020","12","20","07:00","-0.5","","-0.5","","99","","0.0","","15","","13","","","","97.04","","","","-5","","NA"
"-80.80","46.63","SUDBURY CLIMATE","6068145","2020-12-20 08:00","2020","12","20","08:00","-0.5","","-0.5","","99","","0.0","","16","","14","","","","97.01","","","","-5","","NA"
"-80.80","46.63","SUDBURY CLIMATE","6068145","2020-12-20 09:00","2020","12","20","09:00","-0.5","","-0.6","","99","","0.0","","15","","13","","","","96.91","","","","-5","","NA"
"-80.80","46.63","SUDBURY CLIMATE","6068145","2020-12-20 10:00","2020","12","20","10:00","-0.5","","-0.6","","100","","0.0","","15","","13","","","","96.82","","","","-5","","NA"
"-80.80","46.63","SUDBURY CLIMATE","6068145","2020-12-20 11:00","2020","12","20","11:00","-0.5","","-0.5","","100","","0.1","","15","","13","","","","96.76","","","","-5","","NA"
"-80.80","46.63","SUDBURY CLIMATE","6068145","2020-12-20 12:00","2020","12","20","12:00","-0.3","","-0.4","","100","","0.0","","16","","13","","","","96.70","","","","-4","","NA"
"-80.80","46.63","SUDBURY CLIMATE","6068145","2020-12-20 13:00","2020","12","20","13:00","-0.2","","-0.3","","100","","0.2","","16","","13","","","","96.64","","","","-4","","NA"
"-80.80","46.63","SUDBURY CLIMATE","6068145","2020-12-20 14:00","2020","12","20","14:00","-0.1","","-0.2","","100","","0.4","","17","","12","","","","96.63","","","","-4","","NA"
"-80.80","46.63","SUDBURY CLIMATE","6068145","2020-12-20 15:00","2020","12","20","15:00","0.0","","-0.1","","100","","0.3","","17","","13","","","","96.57","","","","-4","","NA"
"-80.80","46.63","SUDBURY CLIMATE","6068145","2020-12-20 16:00","2020","12","20","16:00","0.0","","-0.1","","100","","0.1","","17","","14","","","","96.49","","","","-4","","NA"
"-80.80","46.63","SUDBURY CLIMATE","6068145","2020-12-20 17:00","2020","12","20","17:00","0.1","","0.0","","100","","0.9","","18","","17","","","","96.38","","","","","","NA"
"-80.80","46.63","SUDBURY CLIMATE","6068145","2020-12-20 18:00","2020","12","20","18:00","0.4","","0.4","","99","","0.1","","19","","14","","","","96.25","","","","","","NA"
"-80.80","46.63","SUDBURY CLIMATE","6068145","2020-12-20 19:00","2020","12","20","19:00","0.7","","0.6","","100","","0.0","","21","","18","","","","96.18","","","","","","NA"
"-80.80","46.63","SUDBURY CLIMATE","6068145","2020-12-20 20:00","2020","12","20","20:00","0.8","","0.7","","99","","0.0","","22","","20","","","","96.14","","","","","","NA"
"-80.80","46.63","SUDBURY CLIMATE","6068145","2020-12-20 21:00","2020","12","20","21:00","0.6","","0.5","","99","","0.2","","23","","17","","","","96.15","","","","","","NA"
"-80.80","46.63","SUDBURY CLIMATE","6068145","2020-12-20 22:00","2020","12","20","22:00","0.6","","0.3","","98","","0.0","","22","","19","","","","96.18","","","","","","NA"
"-80.80","46.63","SUDBURY CLIMATE","6068145","2020-12-20 23:00","2020","12","20","23:00","0.6","","-0.2","","94","","0.0","","23","","21","","","","96.21","","","","","","NA"
"-80.80","46.63","SUDBURY CLIMATE","6068145","2020-12-21 00:00","2020","12","21","00:00","0.5","","-0.8","","91","","0.0","","23","","18","","","","96.20","","","","","","NA"
"-80.80","46.63","SUDBURY CLIMATE","6068145","2020-12-21 01:00","2020","12","21","01:00","0.3","","-0.8","","93","","0.0","","22","","16","","","","96.20","","","","","","NA"
"-80.80","46.63","SUDBURY CLIMATE","6068145","2020-12-21 02:00","2020","12","21","02:00","0.1","","-1.1","","92","","0.0","","20","","16","","","","96.17","","","","","","NA"
"-80.80","46.63","SUDBURY CLIMATE","6068145","2020-12-21 03:00","2020","12","21","03:00","-0.2","","-0.8","","95","","0.0","","21","","20","","","","96.18","","","","-5","","NA"
"-80.80","46.63","SUDBURY CLIMATE","6068145","2020-12-21 04:00","2020","12","21","04:00","-0.5","","-1.1","","95","","0.1","","22","","20","","","","96.18","","","","-6","","NA"
"-80.80","46.63","SUDBURY CLIMATE","6068145","2020-12-21 05:00","2020","12","21","05:00","-0.4","","-1.0","","95","","0.1","","21","","20","","","","96.15","","","","-6","","NA"
"-80.80","46.63","SUDBURY CLIMATE","6068145","2020-12-21 06:00","2020","12","21","06:00","-0.3","","-0.7","","97","","0.0","","21","","21","","","","96.14","","","","-6","","NA"
"-80.80","46.63","SUDBURY CLIMATE","6068145","2020-12-21 07:00","2020","12","21","07:00","-0.1","","-0.5","","97","","0.0","","22","","19","","","","96.14","","","","-5","","NA"
"-80.80","46.63","SUDBURY CLIMATE","6068145","2020-12-21 08:00","2020","12","21","08:00","0.0","","-0.3","","98","","0.0","","22","","17","","","","96.17","","","","-5","","NA"
"-80.80","46.63","SUDBURY CLIMATE","6068145","2020-12-21 09:00","2020","12","21","09:00","-0.1","","-0.3","","98","","0.0","","22","","13","","","","96.16","","","","-4","","NA"
"-80.80","46.63","SUDBURY CLIMATE","6068145","2020-12-21 10:00","2020","12","21","10:00","-0.1","","-0.3","","99","","0.0","","22","","13","","","","96.16","","","","-4","","NA"
"-80.80","46.63","SUDBURY CLIMATE","6068145","2020-12-21 11:00","2020","12","21","11:00","-0.1","","-0.2","","99","","0.0","","22","","11","","","","96.16","","","","-4","","NA"
"-80.80","46.63","SUDBURY CLIMATE","6068145","2020-12-21 12:00","2020","12","21","12:00","-0.1","","-0.2","","99","","0.0","","21","","9","","","","96.17","","","","-3","","NA"
"-80.80","46.63","SUDBURY CLIMATE","6068145","2020-12-21 13:00","2020","12","21","13:00","-0.3","","-0.4","","99","","0.0","","21","","8","","","","96.17","","","","-3","","NA"
"-80.80","46.63","SUDBURY CLIMATE","6068145","2020-12-21 14:00","2020","12","21","14:00","-0.5","","-0.6","","99","","0.0","","21","","7","","","","96.19","","","","-3","","NA"
"-80.80","46.63","SUDBURY CLIMATE","6068145","2020-12-21 15:00","2020","12","21","15:00","-0.5","","-0.7","","99","","0.0","","22","","4","","","","96.19","","","","-2","","NA"
"-80.80","46.63","SUDBURY CLIMATE","6068145","2020-12-21 16:00","2020","12","21","16:00","-0.4","","-0.6","","98","","0.0","","24","","3","","","","96.16","","","","-1","","NA"
"-80.80","46.63","SUDBURY CLIMATE","6068145","2020-12-21 17:00","2020","12","21","17:00","-0.4","","-0.8","","97","","0.0","","22","","5","","","","96.10","","","","-2","","NA"
"-80.80","46.63","SUDBURY CLIMATE","6068145","2020-12-21 18:00","2020","12","21","18:00","-0.2","","-1.0","","94","","0.0","","","","0","","","","96.06","","","","","","NA"
"-80.80","46.63","SUDBURY CLIMATE","6068145","2020-12-21 19:00","2020","12","21","19:00","-0.1","","-1.3","","92","","0.1","","","","0","","","","96.06","","","","","","NA"
"-80.80","46.63","SUDBURY CLIMATE","6068145","2020-12-21 20:00","2020","12","21","20:00","-0.3","","-1.1","","94","","0.0","","","","0","","","","96.05","","","","","","NA"
"-80.80","46.63","SUDBURY CLIMATE","6068145","2020-12-21 21:00","2020","12","21","21:00","-0.4","","-1.1","","95","","0.0","","","","0","","","","96.09","","","","","","NA"
"-80.80","46.63","SUDBURY CLIMATE","6068145","2020-12-21 22:00","2020","12","21","22:00","-0.4","","-0.9","","97","","0.0","","21","","4","","","","96.12","","","","-2","","NA"
"-80.80","46.63","SUDBURY CLIMATE","6068145","2020-12-21 23:00","2020","12","21","23:00","-0.6","","-0.9","","98","","0.0","","29","","2","","","","96.16","","","","-1","","NA"
"-80.80","46.63","SUDBURY CLIMATE","6068145","2020-12-22 00:00","2020","12","22","00:00","-0.9","","-1.2","","98","","0.0","","","","0","","","","96.16","","","","","","NA"
"-80.80","46.63","SUDBURY CLIMATE","6068145","2020-12-22 01:00","2020","12","22","01:00","-1.1","","-1.5","","97","","0.0","","28","","3","","","","96.19","","","","-2","","NA"
"-80.80","46.63","SUDBURY CLIMATE","6068145","2020-12-22 02:00","2020","12","22","02:00","-1.5","","-1.9","","97","","0.0","","28","","3","","","","96.19","","","","-3","","NA"
"-80.80","46.63","SUDBURY CLIMATE","6068145","2020-12-22 03:00","2020","12","22","03:00","-1.7","","-2.0","","98","","0.0","","29","","3","","","","96.20","","","","-3","","NA"
"-80.80","46.63","SUDBURY CLIMATE","6068145","2020-12-22 04:00","2020","12","22","04:00","-2.0","","-2.4","","97","","0.0","","30","","2","","","","96.19","","","","-3","","NA"
"-80.80","46.63","SUDBURY CLIMATE","6068145","2020-12-22 05:00","2020","12","22","05:00","-2.1","","-2.7","","96","","0.0","","30","","4","","","","96.22","","","","-4","","NA"
"-80.80","46.63","SUDBURY CLIMATE","6068145","2020-12-22 06:00","2020","12","22","06:00","-1.9","","-2.8","","93","","0.0","","31","","6","","","","96.26","","","","-4","","NA"
"-80.80","46.63","SUDBURY CLIMATE","6068145","2020-12-22 07:00","2020","12","22","07:00","-2.0","","-3.1","","93","","0.0","","30","","3","","","","96.31","","","","-3","","NA"
"-80.80","46.63","SUDBURY CLIMATE","6068145","2020-12-22 08:00","2020","12","22","08:00","-3.4","","-4.4","","93","","0.0","","32","","8","","","","96.36","","","","-7","","NA"
"-80.80","46.63","SUDBURY CLIMATE","6068145","2020-12-22 09:00","2020","12","22","09:00","-5.3","","-6.7","","90","","0.0","","32","","10","","","","96.44","","","","-10","","NA"
"-80.80","46.63","SUDBURY CLIMATE","6068145","2020-12-22 10:00","2020","12","22","10:00","-6.2","","-7.6","","90","","0.0","","33","","10","","","","96.52","","","","-11","","NA"
"-80.80","46.63","SUDBURY CLIMATE","6068145","2020-12-22 11:00","2020","12","22","11:00","-7.8","","-9.5","","87","","0.0","","34","","13","","","","96.63","","","","-14","","NA"
"-80.80","46.63","SUDBURY CLIMATE","6068145","2020-12-22 12:00","2020","12","22","12:00","-8.1","","-10.1","","85","","0.0","","33","","17","","","","96.75","","","","-15","","NA"
"-80.80","46.63","SUDBURY CLIMATE","6068145","2020-12-22 13:00","2020","12","22","13:00","-8.3","","-10.2","","86","","0.0","","33","","11","","","","96.85","","","","-14","","NA"
"-80.80","46.63","SUDBURY CLIMATE","6068145","2020-12-22 14:00","2020","12","22","14:00","-8.9","","-11.2","","83","","0.0","","31","","11","","","","96.94","","","","-14","","NA"
"-80.80","46.63","SUDBURY CLIMATE","6068145","2020-12-22 15:00","2020","12","22","15:00","-9.7","","-13.1","","76","","0.0","","31","","12","","","","97.03","","","","-16","","NA"
"-80.80","46.63","SUDBURY CLIMATE","6068145","2020-12-22 16:00","2020","12","22","16:00","-9.4","","-14.0","","69","","0.0","","31","","15","","","","97.12","","","","-16","","NA"
"-80.80","46.63","SUDBURY CLIMATE","6068145","2020-12-22 17:00","2020","12","22","17:00","-8.9","","-13.3","","70","","0.0","","31","","12","","","","97.17","","","","-15","","NA"
"-80.80","46.63","SUDBURY CLIMATE","6068145","2020-12-22 18:00","2020","12","22","18:00","-8.7","","-13.4","","69","","0.0","","31","","12","","","","97.20","","","","-14","","NA"
"-80.80","46.63","SUDBURY CLIMATE","6068145","2020-12-22 19:00","2020","12","22","19:00","-8.7","","-13.0","","71","","0.0","","31","","12","","","","97.29","","","","-14","","NA"
"-80.80","46.63","SUDBURY CLIMATE","6068145","2020-12-22 20:00","2020","12","22","20:00","-8.6","","-12.6","","73","","0.0","","30","","8","","","","97.38","","","","-13","","NA"
"-80.80","46.63","SUDBURY CLIMATE","6068145","2020-12-22 21:00","2020","12","22","21:00","-8.4","","-12.3","","74","","0.0","","30","","6","","","","97.46","","","","-12","","NA"
"-80.80","46.63","SUDBURY CLIMATE","6068145","2020-12-22 22:00","2020","12","22","22:00","-8.5","","-12.0","","76","","0.0","","29","","4","","","","97.58","","","","-11","","NA"
"-80.80","46.63","SUDBURY CLIMATE","6068145","2020-12-22 23:00","2020","12","22","23:00","-8.6","","-11.7","","79","","0.0","","0","","1","","","","97.64","","","","-9","","NA"
"-80.80","46.63","SUDBURY CLIMATE","6068145","2020-12-23 00:00","2020","12","23","00:00","-8.1","","-11.3","","78","","0.0","","24","","7","","","","97.74","","","","-12","","NA"
"-80.80","46.63","SUDBURY CLIMATE","6068145","2020-12-23 01:00","2020","12","23","01:00","-7.8","","-10.8","","79","","0.0","","","","0","","","","97.72","","","","","","NA"
"-80.80","46.63","SUDBURY CLIMATE","6068145","2020-12-23 02:00","2020","12","23","02:00","-7.8","","-10.3","","83","","0.0","","","","0","","","","97.74","","","","","","NA"
"-80.80","46.63","SUDBURY CLIMATE","6068145","2020-12-23 03:00","2020","12","23","03:00","-7.5","","-10.3","","81","","0.0","","16","","7","","","","97.73","","","","-11","","NA"
"-80.80","46.63","SUDBURY CLIMATE","6068145","2020-12-23 04:00","2020","12","23","04:00","-7.3","","-10.2","","79","","0.0","","16","","8","","","","97.74","","","","-11","","NA"
"-80.80","46.63","SUDBURY CLIMATE","6068145","2020-12-23 05:00","2020","12","23","05:00","-7.4","","-10.1","","81","","0.0","","17","","15","","","","97.77","","","","-14","","NA"
"-80.80","46.63","SUDBURY CLIMATE","6068145","2020-12-23 06:00","2020","12","23","06:00","-7.5","","-9.9","","83","","0.0","","15","","12","","","","97.76","","","","-13","","NA"
"-80.80","46.63","SUDBURY CLIMATE","6068145","2020-12-23 07:00","2020","12","23","07:00","-7.3","","-9.9","","81","","0.0","","15","","18","","","","97.76","","","","-14","","NA"
"-80.80","46.63","SUDBURY CLIMATE","6068145","2020-12-23 08:00","2020","12","23","08:00","-7.1","","-9.8","","81","","0.0","","14","","17","","","","97.77","","","","-14","","NA"
"-80.80","46.63","SUDBURY CLIMATE","6068145","2020-12-23 09:00","2020","12","23","09:00","-7.1","","-9.5","","83","","0.0","","14","","19","","","","97.71","","","","-14","","NA"
"-80.80","46.63","SUDBURY CLIMATE","6068145","2020-12-23 10:00","2020","12","23","10:00","-7.3","","-8.7","","89","","0.1","","15","","23","","","","97.66","","","","-15","","NA"
"-80.80","46.63","SUDBURY CLIMATE","6068145","2020-12-23 11:00","2020","12","23","11:00","-7.1","","-8.2","","91","","0.2","","14","","20","","","","97.59","","","","-14","","NA"
"-80.80","46.63","SUDBURY CLIMATE","6068145","2020-12-23 12:00","2020","12","23","12:00","-6.7","","-7.5","","94","","0.0","","14","","22","","","","97.49","","","","-14","","NA"
"-80.80","46.63","SUDBURY CLIMATE","6068145","2020-12-23 13:00","2020","12","23","13:00","-5.4","","-6.0","","95","","0.0","","15","","27","","","","97.34","","","","-13","","NA"
"-80.80","46.63","SUDBURY CLIMATE","6068145","2020-12-23 14:00","2020","12","23","14:00","-3.9","","-4.4","","96","","0.0","","15","","32","","","","97.17","","","","-12","","NA"
"-80.80","46.63","SUDBURY CLIMATE","6068145","2020-12-23 15:00","2020","12","23","15:00","-2.6","","-3.6","","92","","0.0","","16","","29","","","","97.14","","","","-10","","NA"
"-80.80","46.63","SUDBURY CLIMATE","6068145","2020-12-23 16:00","2020","12","23","16:00","-1.8","","-3.4","","89","","0.0","","16","","29","","","","97.02","","","","-9","","NA"
"-80.80","46.63","SUDBURY CLIMATE","6068145","2020-12-23 17:00","2020","12","23","17:00","-0.2","","-2.6","","84","","0.0","","17","","27","","","","96.85","","","","-6","","NA"
"-80.80","46.63","SUDBURY CLIMATE","6068145","2020-12-23 18:00","2020","12","23","18:00","2.2","","-2.5","","71","","0.0","","18","","39","","","","96.65","","","","","","NA"
"-80.80","46.63","SUDBURY CLIMATE","6068145","2020-12-23 19:00","2020","12","23","19:00","3.2","","-3.0","","64","","0.0","","19","","41","","","","96.55","","","","","","NA"
"-80.80","46.63","SUDBURY CLIMATE","6068145","2020-12-23 20:00","2020","12","23","20:00","3.4","","-3.1","","62","","0.0","","18","","39","","","","96.41","","","","","","NA"
"-80.80","46.63","SUDBURY CLIMATE","6068145","2020-12-23 21:00","2020","12","23","21:00","3.3","","-3.0","","63","","0.0","","18","","39","","","","96.39","","","","","","NA"
"-80.80","46.63","SUDBURY CLIMATE","6068145","2020-12-23 22:00","2020","12","23","22:00","2.9","","-3.1","","65","","0.0","","17","","30","","","","96.28","","","","","","NA"
"-80.80","46.63","SUDBURY CLIMATE","6068145","2020-12-23 23:00","2020","12","23","23:00","2.4","","-2.9","","68","","0.0","","17","","23","","","","96.21","","","","","","NA"
"-80.80","46.63","SUDBURY CLIMATE","6068145","2020-12-24 00:00","2020","12","24","00:00","2.1","","-2.9","","70","","0.0","","17","","24","","","","96.13","","","","","","NA"
"-80.80","46.63","SUDBURY CLIMATE","6068145","2020-12-24 01:00","2020","12","24","01:00","3.1","","-1.4","","72","","0.1","","18","","32","","","","96.08","","","","","","NA"
"-80.80","46.63","SUDBURY CLIMATE","6068145","2020-12-24 02:00","2020","12","24","02:00","3.5","","-1.4","","70","","0.0","","18","","38","","","","95.95","","","","","","NA"
"-80.80","46.63","SUDBURY CLIMATE","6068145","2020-12-24 03:00","2020","12","24","03:00","4.0","","-0.9","","70","","0.0","","19","","40","","","","95.91","","","","","","NA"
"-80.80","46.63","SUDBURY CLIMATE","6068145","2020-12-24 04:00","2020","12","24","04:00","4.1","","-0.2","","74","","0.0","","19","","37","","","","95.87","","","","","","NA"
"-80.80","46.63","SUDBURY CLIMATE","6068145","2020-12-24 05:00","2020","12","24","05:00","4.2","","0.6","","77","","0.0","","18","","33","","","","95.84","","","","","","NA"
"-80.80","46.63","SUDBURY CLIMATE","6068145","2020-12-24 06:00","2020","12","24","06:00","4.3","","1.0","","79","","0.0","","18","","31","","","","95.72","","","","","","NA"
"-80.80","46.63","SUDBURY CLIMATE","6068145","2020-12-24 07:00","2020","12","24","07:00","4.9","","1.7","","80","","0.0","","19","","30","","","","95.69","","","","","","NA"
"-80.80","46.63","SUDBURY CLIMATE","6068145","2020-12-24 08:00","2020","12","24","08:00","4.1","","2.5","","89","","0.2","","18","","33","","","","95.62","","","","","","NA"
"-80.80","46.63","SUDBURY CLIMATE","6068145","2020-12-24 09:00","2020","12","24","09:00","4.1","","2.6","","90","","0.0","","17","","32","","","","95.55","","","","","","NA"
"-80.80","46.63","SUDBURY CLIMATE","6068145","2020-12-24 10:00","2020","12","24","10:00","3.7","","2.6","","92","","0.6","","17","","30","","","","95.41","","","","","","NA"
"-80.80","46.63","SUDBURY CLIMATE","6068145","2020-12-24 11:00","2020","12","24","11:00","3.4","","2.7","","96","","1.0","","17","","29","","","","95.35","","","","","","NA"
"-80.80","46.63","SUDBURY CLIMATE","6068145","2020-12-24 12:00","2020","12","24","12:00","3.6","","3.0","","96","","2.2","","18","","34","","","","95.32","","","","","","NA"
"-80.80","46.63","SUDBURY CLIMATE","6068145","2020-12-24 13:00","2020","12","24","13:00","3.7","","3.3","","97","","1.4","","18","","36","","","","95.29","","","","","","NA"
"-80.80","46.63","SUDBURY CLIMATE","6068145","2020-12-24 14:00","2020","12","24","14:00","4.0","","3.8","","99","","2.3","","18","","28","","","","95.25","","","","","","NA"
"-80.80","46.63","SUDBURY CLIMATE","6068145","2020-12-24 15:00","2020","12","24","15:00","1.2","","0.7","","96","","2.8","","25","","25","","","","95.44","","","","","","NA"
"-80.80","46.63","SUDBURY CLIMATE","6068145","2020-12-24 16:00","2020","12","24","16:00","0.4","","-0.4","","95","","0.5","","22","","37","","","","95.48","","","","","","NA"
"-80.80","46.63","SUDBURY CLIMATE","6068145","2020-12-24 17:00","2020","12","24","17:00","0.2","","-1.7","","87","","0.0","","21","","41","","","","95.62","","","","","","NA"
"-80.80","46.63","SUDBURY CLIMATE","6068145","2020-12-24 18:00","2020","12","24","18:00","-0.8","","-3.6","","82","","0.0","","23","","33","","","","95.72","","","","-8","","NA"
"-80.80","46.63","SUDBURY CLIMATE","6068145","2020-12-24 19:00","2020","12","24","19:00","-1.9","","-6.0","","74","","0.0","","23","","32","","","","95.89","","","","-9","","NA"
"-80.80","46.63","SUDBURY CLIMATE","6068145","2020-12-24 20:00","2020","12","24","20:00","-2.1","","-6.8","","70","","0.0","","23","","18","","","","95.97","","","","-8","","NA"
"-80.80","46.63","SUDBURY CLIMATE","6068145","2020-12-24 21:00","2020","12","24","21:00","-2.2","","-7.3","","68","","0.0","","23","","16","","","","96.08","","","","-7","","NA"
"-80.80","46.63","SUDBURY CLIMATE","6068145","2020-12-24 22:00","2020","12","24","22:00","-2.4","","-7.3","","69","","0.0","","22","","20","","","","96.25","","","","-8","","NA"
"-80.80","46.63","SUDBURY CLIMATE","6068145","2020-12-24 23:00","2020","12","24","23:00","-2.7","","-7.3","","70","","0.0","","22","","16","","","","96.32","","","","-8","","NA"
"-80.80","46.63","SUDBURY CLIMATE","6068145","2020-12-25 00:00","2020","12","25","00:00","-2.8","","-7.3","","71","","0.0","","22","","10","","","","96.34","","","","-7","","NA"
"-80.80","46.63","SUDBURY CLIMATE","6068145","2020-12-25 01:00","2020","12","25","01:00","-2.9","","-6.6","","76","","0.0","","21","","8","","","","96.40","","","","-6","","NA"
"-80.80","46.63","SUDBURY CLIMATE","6068145","2020-12-25 02:00","2020","12","25","02:00","-3.1","","-7.0","","74","","0.0","","19","","4","","","","96.34","","","","-5","","NA"
"-80.80","46.63","SUDBURY CLIMATE","6068145","2020-12-25 03:00","2020","12","25","03:00","-3.4","","-7.1","","76","","0.0","","27","","3","","","","96.36","","","","-5","","NA"
"-80.80","46.63","SUDBURY CLIMATE","6068145","2020-12-25 04:00","2020","12","25","04:00","-3.7","","-6.7","","80","","0.0","","31","","6","","","","96.26","","","","-6","","NA"
"-80.80","46.63","SUDBURY CLIMATE","6068145","2020-12-25 05:00","2020","12","25","05:00","-3.6","","-6.4","","81","","0.0","","33","","4","","","","96.34","","","","-5","","NA"
"-80.80","46.63","SUDBURY CLIMATE","6068145","2020-12-25 06:00","2020","12","25","06:00","-3.8","","-7.4","","76","","0.0","","35","","9","","","","96.28","","","","-8","","NA"
"-80.80","46.63","SUDBURY CLIMATE","6068145","2020-12-25 07:00","2020","12","25","07:00","-3.8","","-7.1","","78","","0.0","","1","","14","","","","96.19","","","","-9","","NA"
"-80.80","46.63","SUDBURY CLIMATE","6068145","2020-12-25 08:00","2020","12","25","08:00","-5.0","","-6.9","","87","","0.0","","1","","21","","","","96.22","","","","-12","","NA"
"-80.80","46.63","SUDBURY CLIMATE","6068145","2020-12-25 09:00","2020","12","25","09:00","-6.2","","-8.9","","81","","0.0","","2","","25","","","","96.09","","","","-14","","NA"
"-80.80","46.63","SUDBURY CLIMATE","6068145","2020-12-25 10:00","2020","12","25","10:00","-7.7","","-10.6","","80","","0.0","","1","","23","","","","96.16","","","","-15","","NA"
"-80.80","46.63","SUDBURY CLIMATE","6068145","2020-12-25 11:00","2020","12","25","11:00","-8.4","","-11.3","","79","","0.0","","1","","18","","","","96.09","","","","-15","","NA"
"-80.80","46.63","SUDBURY CLIMATE","6068145","2020-12-25 12:00","2020","12","25","12:00","-9.7","","-12.7","","79","","0.0","","35","","15","","","","96.10","","","","-16","","NA"
"-80.80","46.63","SUDBURY CLIMATE","6068145","2020-12-25 13:00","2020","12","25","13:00","-10.2","","-13.4","","78","","0.0","","36","","23","","","","96.03","","","","-19","","NA"
"-80.80","46.63","SUDBURY CLIMATE","6068145","2020-12-25 14:00","2020","12","25","14:00","-10.7","","-13.9","","77","","0.0","","36","","21","","","","96.04","","","","-19","","NA"
"-80.80","46.63","SUDBURY CLIMATE","6068145","2020-12-25 15:00","2020","12","25","15:00","-11.5","","-14.2","","80","","0.0","","36","","20","","","","95.97","","","","-20","","NA"
"-80.80","46.63","SUDBURY CLIMATE","6068145","2020-12-25 16:00","2020","12","25","16:00","-12.0","","-15.4","","76","","0.0","","36","","20","","","","95.90","","","","-20","","NA"
"-80.80","46.63","SUDBURY CLIMATE","6068145","2020-12-25 17:00","2020","12","25","17:00","-12.2","","-15.1","","79","","0.2","","35","","19","","","","95.85","","","","-20","","NA"
"-80.80","46.63","SUDBURY CLIMATE","6068145","2020-12-25 18:00","2020","12","25","18:00","-12.3","","-14.6","","82","","0.5","","35","","16","","","","95.79","","","","-20","","NA"
"-80.80","46.63","SUDBURY CLIMATE","6068145","2020-12-25 19:00","2020","12","25","19:00","-12.6","","-14.9","","83","","1.2","","35","","16","","","","95.74","","","","-20","","NA"
"-80.80","46.63","SUDBURY CLIMATE","6068145","2020-12-25 20:00","2020","12","25","20:00","-12.4","","-15.4","","78","","0.2","","34","","19","","","","95.69","","","","-21","","NA"
"-80.80","46.63","SUDBURY CLIMATE","6068145","2020-12-25 21:00","2020","12","25","21:00","-12.4","","-14.8","","83","","0.0","","35","","14","","","","95.72","","","","-19","","NA"
"-80.80","46.63","SUDBURY CLIMATE","6068145","2020-12-25 22:00","2020","12","25","22:00","-12.8","","-14.9","","84","","0.3","","34","","15","","","","95.66","","","","-20","","NA"
"-80.80","46.63","SUDBURY CLIMATE","6068145","2020-12-25 23:00","2020","12","25","23:00","-13.2","","-15.2","","85","","1.0","","35","","15","","","","95.71","","","","-21","","NA"
"-80.80","46.63","SUDBURY CLIMATE","6068145","2020-12-26 00:00","2020","12","26","00:00","-13.1","","-14.9","","86","","0.9","","34","","9","","","","95.66","","","","-19","","NA"
"-80.80","46.63","SUDBURY CLIMATE","6068145","2020-12-26 01:00","2020","12","26","01:00","-13.1","","-15.2","","84","","0.3","","34","","10","","","","95.69","","","","-19","","NA"
"-80.80","46.63","SUDBURY CLIMATE","6068145","2020-12-26 02:00","2020","12","26","02:00","-13.3","","-15.1","","86","","0.7","","32","","7","","","","95.66","","","","-18","","NA"
"-80.80","46.63","SUDBURY CLIMATE","6068145","2020-12-26 03:00","2020","12","26","03:00","-13.6","","-15.6","","85","","0.7","","33","","11","","","","95.66","","","","-20","","NA"
"-80.80","46.63","SUDBURY CLIMATE","6068145","2020-12-26 04:00","2020","12","26","04:00","-14.0","","-16.0","","85","","0.8","","32","","12","","","","95.66","","","","-21","","NA"
"-80.80","46.63","SUDBURY CLIMATE","6068145","2020-12-26 05:00","2020","12","26","05:00","-14.2","","-16.4","","83","","0.4","","33","","12","","","","95.68","","","","-21","","NA"
"-80.80","46.63","SUDBURY CLIMATE","6068145","2020-12-26 06:00","2020","12","26","06:00","-14.3","","-16.4","","84","","0.4","","32","","9","","","","95.68","","","","-20","","NA"
"-80.80","46.63","SUDBURY CLIMATE","6068145","2020-12-26 07:00","2020","12","26","07:00","-14.5","","-16.7","","84","","0.3","","32","","9","","","","95.71","","","","-20","","NA"
"-80.80","46.63","SUDBURY CLIMATE","6068145","2020-12-26 08:00","2020","12","26","08:00","-14.7","","-16.8","","85","","0.1","","30","","7","","","","95.76","","","","-19","","NA"
"-80.80","46.63","SUDBURY CLIMATE","6068145","2020-12-26 09:00","2020","12","26","09:00","-14.7","","-16.6","","85","","0.1","","29","","5","","","","95.77","","","","-18","","NA"
"-80.80","46.63","SUDBURY CLIMATE","6068145","2020-12-26 10:00","2020","12","26","10:00","-14.7","","-16.8","","84","","0.0","","29","","8","","","","95.83","","","","-20","","NA"
"-80.80","46.63","SUDBURY CLIMATE","6068145","2020-12-26 11:00","2020","12","26","11:00","-14.7","","-17.0","","82","","0.0","","29","","9","","","","95.92","","","","-20","","NA"
"-80.80","46.63","SUDBURY CLIMATE","6068145","2020-12-26 12:00","2020","12","26","12:00","-14.7","","-16.9","","83","","0.0","","27","","4","","","","95.99","","","","-18","","NA"
"-80.80","46.63","SUDBURY CLIMATE","6068145","2020-12-26 13:00","2020","12","26","13:00","-14.5","","-16.7","","83","","0.0","","28","","4","","","","96.03","","","","-17","","NA"
"-80.80","46.63","SUDBURY CLIMATE","6068145","2020-12-26 14:00","2020","12","26","14:00","-14.3","","-16.5","","84","","0.0","","29","","3","","","","96.09","","","","-16","","NA"
"-80.80","46.63","SUDBURY CLIMATE","6068145","2020-12-26 15:00","2020","12","26","15:00","-13.6","","-16.3","","80","","0.0","","30","","4","","","","96.19","","","","-16","","NA"
"-80.80","46.63","SUDBURY CLIMATE","6068145","2020-12-26 16:00","2020","12","26","16:00","-12.8","","-16.3","","75","","0.0","","30","","6","","","","96.27","","","","-17","","NA"
"-80.80","46.63","SUDBURY CLIMATE","6068145","2020-12-26 17:00","2020","12","26","17:00","-12.0","","-16.1","","72","","0.0","","29","","6","","","","96.29","","","","-16","","NA"
"-80.80","46.63","SUDBURY CLIMATE","6068145","2020-12-26 18:00","2020","12","26","18:00","-11.6","","-16.0","","70","","0.0","","30","","8","","","","96.29","","","","-16","","NA"
"-80.80","46.63","SUDBURY CLIMATE","6068145","2020-12-26 19:00","2020","12","26","19:00","-11.6","","-16.5","","67","","0.0","","33","","8","","","","96.35","","","","-16","","NA"
"-80.80","46.63","SUDBURY CLIMATE","6068145","2020-12-26 20:00","2020","12","26","20:00","-11.4","","-16.3","","67","","0.0","","31","","5","","","","96.41","","","","-15","","NA"
"-80.80","46.63","SUDBURY CLIMATE","6068145","2020-12-26 21:00","2020","12","26","21:00","-11.4","","-16.7","","65","","0.0","","33","","4","","","","96.51","","","","-14","","NA"
"-80.80","46.63","SUDBURY CLIMATE","6068145","2020-12-26 22:00","2020","12","26","22:00","-12.4","","-16.1","","74","","0.0","","27","","2","","","","96.62","","","","-14","","NA"
"-80.80","46.63","SUDBURY CLIMATE","6068145","2020-12-26 23:00","2020","12","26","23:00","-12.4","","-15.8","","76","","0.0","","31","","2","","","","96.69","","","","-14","","NA"
"-80.80","46.63","SUDBURY CLIMATE","6068145","2020-12-27 00:00","2020","12","27","00:00","-13.0","","-16.1","","77","","0.0","","22","","2","","","","96.72","","","","-14","","NA"
"-80.80","46.63","SUDBURY CLIMATE","6068145","2020-12-27 01:00","2020","12","27","01:00","-14.5","","-16.9","","82","","0.0","","23","","5","","","","96.76","","","","-18","","NA"
"-80.80","46.63","SUDBURY CLIMATE","6068145","2020-12-27 02:00","2020","12","27","02:00","-14.2","","-16.7","","81","","0.0","","23","","4","","","","96.82","","","","-17","","NA"
"-80.80","46.63","SUDBURY CLIMATE","6068145","2020-12-27 03:00","2020","12","27","03:00","-13.1","","-16.1","","78","","0.0","","25","","5","","","","96.85","","","","-16","","NA"
"-80.80","46.63","SUDBURY CLIMATE","6068145","2020-12-27 04:00","2020","12","27","04:00","-13.0","","-15.9","","79","","0.0","","28","","4","","","","96.90","","","","-16","","NA"
"-80.80","46.63","SUDBURY CLIMATE","6068145","2020-12-27 05:00","2020","12","27","05:00","-13.1","","-15.8","","80","","0.0","","30","","4","","","","96.96","","","","-16","","NA"
"-80.80","46.63","SUDBURY CLIMATE","6068145","2020-12-27 06:00","2020","12","27","06:00","-13.2","","-15.6","","82","","0.0","","27","","3","","","","97.01","","","","-15","","NA"
"-80.80","46.63","SUDBURY CLIMATE","6068145","2020-12-27 07:00","2020","12","27","07:00","-13.2","","-15.3","","84","","0.0","","25","","4","","","","97.04","","","","-16","","NA"
"-80.80","46.63","SUDBURY CLIMATE","6068145","2020-12-27 08:00","2020","12","27","08:00","-12.3","","-14.5","","83","","0.0","","20","","6","","","","97.11","","","","-16","","NA"
"-80.80","46.63","SUDBURY CLIMATE","6068145","2020-12-27 09:00","2020","12","27","09:00","-11.9","","-14.7","","79","","0.0","","23","","6","","","","97.16","","","","-16","","NA"
"-80.80","46.63","SUDBURY CLIMATE","6068145","2020-12-27 10:00","2020","12","27","10:00","-12.1","","-14.6","","82","","0.0","","22","","5","","","","97.24","","","","-15","","NA"
"-80.80","46.63","SUDBURY CLIMATE","6068145","2020-12-27 11:00","2020","12","27","11:00","-11.5","","-13.8","","83","","0.0","","22","","6","","","","97.31","","","","-15","","NA"
"-80.80","46.63","SUDBURY CLIMATE","6068145","2020-12-27 12:00","2020","12","27","12:00","-11.3","","-13.5","","84","","0.0","","22","","8","","","","97.34","","","","-16","","NA"
"-80.80","46.63","SUDBURY CLIMATE","6068145","2020-12-27 13:00","2020","12","27","13:00","-11.4","","-13.1","","87","","0.0","","17","","7","","","","97.35","","","","-16","","NA"
"-80.80","46.63","SUDBURY CLIMATE","6068145","2020-12-27 14:00","2020","12","27","14:00","-11.5","","-13.2","","87","","0.0","","17","","13","","","","97.40","","","","-18","","NA"
"-80.80","46.63","SUDBURY CLIMATE","6068145","2020-12-27 15:00","2020","12","27","15:00","-10.5","","-12.6","","85","","0.0","","17","","7","","","","97.46","","","","-15","","NA"
"-80.80","46.63","SUDBURY CLIMATE","6068145","2020-12-27 16:00","2020","12","27","16:00","-9.8","","-12.2","","83","","0.0","","18","","12","","","","97.45","","","","-16","","NA"
"-80.80","46.63","SUDBURY CLIMATE","6068145","2020-12-27 17:00","2020","12","27","17:00","-8.7","","-11.0","","83","","0.0","","16","","15","","","","97.39","","","","-15","","NA"
"-80.80","46.63","SUDBURY CLIMATE","6068145","2020-12-27 18:00","2020","12","27","18:00","-7.7","","-9.8","","85","","0.0","","15","","13","","","","97.33","","","","-13","","NA"
"-80.80","46.63","SUDBURY CLIMATE","6068145","2020-12-27 19:00","2020","12","27","19:00","-7.5","","-9.3","","87","","0.0","","15","","14","","","","97.30","","","","-13","","NA"
"-80.80","46.63","SUDBURY CLIMATE","6068145","2020-12-27 20:00","2020","12","27","20:00","-7.2","","-8.7","","89","","0.0","","14","","16","","","","97.27","","","","-14","","NA"
"-80.80","46.63","SUDBURY CLIMATE","6068145","2020-12-27 21:00","2020","12","27","21:00","-7.2","","-8.5","","90","","0.0","","13","","16","","","","97.25","","","","-14","","NA"
"-80.80","46.63","SUDBURY CLIMATE","6068145","2020-12-27 22:00","2020","12","27","22:00","-7.2","","-8.3","","92","","0.0","","13","","16","","","","97.22","","","","-14","","NA"
"-80.80","46.63","SUDBURY CLIMATE","6068145","2020-12-27 23:00","2020","12","27","23:00","-6.8","","-7.8","","93","","0.0","","12","","15","","","","97.16","","","","-13","","NA"
"-80.80","46.63","SUDBURY CLIMATE","6068145","2020-12-28 00:00","2020","12","28","00:00","-6.0","","-7.0","","92","","0.0","","13","","15","","","","97.12","","","","-12","","NA"
"-80.80","46.63","SUDBURY CLIMATE","6068145","2020-12-28 01:00","2020","12","28","01:00","-5.4","","-6.5","","93","","0.1","","13","","16","","","","97.06","","","","-11","","NA"
"-80.80","46.63","SUDBURY CLIMATE","6068145","2020-12-28 02:00","2020","12","28","02:00","-5.0","","-6.0","","93","","0.1","","13","","17","","","","96.99","","","","-11","","NA"
"-80.80","46.63","SUDBURY CLIMATE","6068145","2020-12-28 03:00","2020","12","28","03:00","-5.0","","-6.1","","92","","0.1","","11","","17","","","","96.87","","","","-11","","NA"
"-80.80","46.63","SUDBURY CLIMATE","6068145","2020-12-28 04:00","2020","12","28","04:00","-5.1","","-6.0","","93","","0.7","","10","","16","","","","96.71","","","","-11","","NA"
"-80.80","46.63","SUDBURY CLIMATE","6068145","2020-12-28 05:00","2020","12","28","05:00","-5.2","","-6.2","","93","","1.0","","7","","15","","","","96.56","","","","-11","","NA"
"-80.80","46.63","SUDBURY CLIMATE","6068145","2020-12-28 06:00","2020","12","28","06:00","-5.3","","-6.2","","94","","1.5","","6","","13","","","","96.46","","","","-10","","NA"
"-80.80","46.63","SUDBURY CLIMATE","6068145","2020-12-28 07:00","2020","12","28","07:00","-5.3","","-6.1","","94","","1.4","","4","","17","","","","96.30","","","","-11","","NA"
"-80.80","46.63","SUDBURY CLIMATE","6068145","2020-12-28 08:00","2020","12","28","08:00","-5.4","","-6.3","","94","","0.9","","4","","19","","","","96.24","","","","-12","","NA"
"-80.80","46.63","SUDBURY CLIMATE","6068145","2020-12-28 09:00","2020","12","28","09:00","-5.4","","-6.3","","93","","1.0","","4","","19","","","","96.15","","","","-12","","NA"
"-80.80","46.63","SUDBURY CLIMATE","6068145","2020-12-28 10:00","2020","12","28","10:00","-5.4","","-6.3","","93","","0.8","","3","","21","","","","96.11","","","","-12","","NA"
"-80.80","46.63","SUDBURY CLIMATE","6068145","2020-12-28 11:00","2020","12","28","11:00","-5.5","","-6.5","","93","","0.7","","2","","22","","","","96.16","","","","-13","","NA"
"-80.80","46.63","SUDBURY CLIMATE","6068145","2020-12-28 12:00","2020","12","28","12:00","-5.7","","-7.0","","91","","0.3","","1","","17","","","","96.25","","","","-12","","NA"
"-80.80","46.63","SUDBURY CLIMATE","6068145","2020-12-28 13:00","2020","12","28","13:00","-5.9","","-7.2","","91","","0.4","","35","","16","","","","96.36","","","","-12","","NA"
"-80.80","46.63","SUDBURY CLIMATE","6068145","2020-12-28 14:00","2020","12","28","14:00","-6.2","","-8.2","","86","","0.2","","36","","14","","","","96.49","","","","-12","","NA"
"-80.80","46.63","SUDBURY CLIMATE","6068145","2020-12-28 15:00","2020","12","28","15:00","-6.6","","-9.6","","79","","0.1","","34","","16","","","","96.64","","","","-13","","NA"
"-80.80","46.63","SUDBURY CLIMATE","6068145","2020-12-28 16:00","2020","12","28","16:00","-7.8","","-11.7","","73","","0.0","","33","","19","","","","96.77","","","","-15","","NA"
"-80.80","46.63","SUDBURY CLIMATE","6068145","2020-12-28 17:00","2020","12","28","17:00","-8.2","","-12.8","","70","","0.0","","32","","16","","","","96.90","","","","-15","","NA"
"-80.80","46.63","SUDBURY CLIMATE","6068145","2020-12-28 18:00","2020","12","28","18:00","-8.3","","-12.3","","72","","0.0","","33","","13","","","","97.03","","","","-14","","NA"
"-80.80","46.63","SUDBURY CLIMATE","6068145","2020-12-28 19:00","2020","12","28","19:00","-9.1","","-12.7","","75","","0.0","","32","","15","","","","97.17","","","","-16","","NA"
"-80.80","46.63","SUDBURY CLIMATE","6068145","2020-12-28 20:00","2020","12","28","20:00","-10.1","","-12.9","","80","","0.0","","32","","12","","","","97.32","","","","-16","","NA"
"-80.80","46.63","SUDBURY CLIMATE","6068145","2020-12-28 21:00","2020","12","28","21:00","-10.5","","-13.7","","78","","0.0","","32","","11","","","","97.47","","","","-16","","NA"
"-80.80","46.63","SUDBURY CLIMATE","6068145","2020-12-28 22:00","2020","12","28","22:00","-11.8","","-15.2","","76","","0.0","","35","","6","","","","97.54","","","","-16","","NA"
"-80.80","46.63","SUDBURY CLIMATE","6068145","2020-12-28 23:00","2020","12","28","23:00","-12.9","","-15.3","","82","","0.0","","32","","5","","","","97.66","","","","-16","","NA"
"-80.80","46.63","SUDBURY CLIMATE","6068145","2020-12-29 00:00","2020","12","29","00:00","-13.8","","-16.0","","84","","0.0","","34","","6","","","","97.71","","","","-18","","NA"
"-80.80","46.63","SUDBURY CLIMATE","6068145","2020-12-29 01:00","2020","12","29","01:00","-13.8","","-15.7","","86","","0.0","","31","","3","","","","97.80","","","","-16","","NA"
"-80.80","46.63","SUDBURY CLIMATE","6068145","2020-12-29 02:00","2020","12","29","02:00","-13.2","","-15.5","","83","","0.0","","36","","5","","","","97.86","","","","-17","","NA"
"-80.80","46.63","SUDBURY CLIMATE","6068145","2020-12-29 03:00","2020","12","29","03:00","-14.0","","-16.3","","83","","0.0","","1","","6","","","","97.90","","","","-18","","NA"
"-80.80","46.63","SUDBURY CLIMATE","6068145","2020-12-29 04:00","2020","12","29","04:00","-14.5","","-16.7","","83","","0.0","","4","","5","","","","97.90","","","","-18","","NA"
"-80.80","46.63","SUDBURY CLIMATE","6068145","2020-12-29 05:00","2020","12","29","05:00","-14.2","","-16.3","","84","","0.0","","28","","4","","","","97.98","","","","-17","","NA"
"-80.80","46.63","SUDBURY CLIMATE","6068145","2020-12-29 06:00","2020","12","29","06:00","-14.1","","-16.2","","84","","0.0","","33","","6","","","","98.01","","","","-18","","NA"
"-80.80","46.63","SUDBURY CLIMATE","6068145","2020-12-29 07:00","2020","12","29","07:00","-13.8","","-15.9","","85","","0.0","","33","","4","","","","98.09","","","","-17","","NA"
"-80.80","46.63","SUDBURY CLIMATE","6068145","2020-12-29 08:00","2020","12","29","08:00","-13.8","","-15.7","","85","","0.0","","31","","2","","","","98.19","","","","-15","","NA"
"-80.80","46.63","SUDBURY CLIMATE","6068145","2020-12-29 09:00","2020","12","29","09:00","-13.9","","-15.7","","86","","0.1","","","","0","","","","98.27","","","","","","NA"
"-80.80","46.63","SUDBURY CLIMATE","6068145","2020-12-29 10:00","2020","12","29","10:00","-13.9","","-15.7","","86","","0.0","","31","","4","","","","98.34","","","","-17","","NA"
"-80.80","46.63","SUDBURY CLIMATE","6068145","2020-12-29 11:00","2020","12","29","11:00","-15.0","","-16.9","","85","","0.0","","0","","1","","","","98.42","","","","-16","","NA"
"-80.80","46.63","SUDBURY CLIMATE","6068145","2020-12-29 12:00","2020","12","29","12:00","-16.5","","-17.7","","90","","0.0","","25","","4","","","","98.51","","","","-20","","NA"
"-80.80","46.63","SUDBURY CLIMATE","6068145","2020-12-29 13:00","2020","12","29","13:00","-15.9","","-17.7","","86","","0.0","","25","","7","","","","98.58","","","","-21","","NA"
"-80.80","46.63","SUDBURY CLIMATE","6068145","2020-12-29 14:00","2020","12","29","14:00","-18.0","","-19.7","","87","","0.0","","22","","9","","","","98.60","","","","-24","","NA"
"-80.80","46.63","SUDBURY CLIMATE","6068145","2020-12-29 15:00","2020","12","29","15:00","-16.8","","-18.9","","84","","0.0","","22","","13","","","","98.63","","","","-25","","NA"
"-80.80","46.63","SUDBURY CLIMATE","6068145","2020-12-29 16:00","2020","12","29","16:00","-12.7","","-15.7","","78","","0.0","","23","","21","","","","98.75","","","","-21","","NA"
"-80.80","46.63","SUDBURY CLIMATE","6068145","2020-12-29 17:00","2020","12","29","17:00","-10.2","","-15.4","","66","","0.0","","24","","18","","","","98.73","","","","-18","","NA"
"-80.80","46.63","SUDBURY CLIMATE","6068145","2020-12-29 18:00","2020","12","29","18:00","-7.9","","-12.5","","69","","0.0","","24","","22","","","","98.61","","","","-16","","NA"
"-80.80","46.63","SUDBURY CLIMATE","6068145","2020-12-29 19:00","2020","12","29","19:00","-7.1","","-11.7","","69","","0.0","","25","","16","","","","98.57","","","","-13","","NA"
"-80.80","46.63","SUDBURY CLIMATE","6068145","2020-12-29 20:00","2020","12","29","20:00","-6.8","","-11.3","","70","","0.0","","24","","17","","","","98.60","","","","-13","","NA"
"-80.80","46.63","SUDBURY CLIMATE","6068145","2020-12-29 21:00","2020","12","29","21:00","-7.3","","-11.6","","71","","0.0","","23","","20","","","","98.60","","","","-14","","NA"
"-80.80","46.63","SUDBURY CLIMATE","6068145","2020-12-29 22:00","2020","12","29","22:00","-9.7","","-12.8","","78","","0.0","","23","","15","","","","98.61","","","","-16","","NA"
"-80.80","46.63","SUDBURY CLIMATE","6068145","2020-12-29 23:00","2020","12","29","23:00","-11.4","","-13.7","","83","","0.0","","24","","12","","","","98.63","","","","-18","","NA"
"-80.80","46.63","SUDBURY CLIMATE","6068145","2020-12-30 00:00","2020","12","30","00:00","-10.5","","-12.1","","88","","0.0","","23","","15","","","","98.62","","","","-17","","NA"
"-80.80","46.63","SUDBURY CLIMATE","6068145","2020-12-30 01:00","2020","12","30","01:00","-11.4","","-12.8","","89","","0.0","","23","","14","","","","98.58","","","","-18","","NA"
"-80.80","46.63","SUDBURY CLIMATE","6068145","2020-12-30 02:00","2020","12","30","02:00","-10.6","","-11.6","","93","","0.0","","23","","13","","","","98.52","","","","-17","","NA"
"-80.80","46.63","SUDBURY CLIMATE","6068145","2020-12-30 03:00","2020","12","30","03:00","-10.7","","-12.2","","89","","0.0","","21","","14","","","","98.47","","","","-17","","NA"
"-80.80","46.63","SUDBURY CLIMATE","6068145","2020-12-30 04:00","2020","12","30","04:00","-8.9","","-10.6","","87","","0.0","","21","","15","","","","98.41","","","","-15","","NA"
"-80.80","46.63","SUDBURY CLIMATE","6068145","2020-12-30 05:00","2020","12","30","05:00","-8.8","","-10.5","","88","","0.0","","20","","11","","","","98.30","","","","-14","","NA"
"-80.80","46.63","SUDBURY CLIMATE","6068145","2020-12-30 06:00","2020","12","30","06:00","-8.4","","-9.9","","89","","0.0","","17","","15","","","","98.23","","","","-15","","NA"
"-80.80","46.63","SUDBURY CLIMATE","6068145","2020-12-30 07:00","2020","12","30","07:00","-7.8","","-9.2","","89","","0.0","","15","","13","","","","98.12","","","","-14","","NA"
"-80.80","46.63","SUDBURY CLIMATE","6068145","2020-12-30 08:00","2020","12","30","08:00","-8.1","","-9.3","","91","","0.0","","14","","14","","","","98.00","","","","-14","","NA"
"-80.80","46.63","SUDBURY CLIMATE","6068145","2020-12-30 09:00","2020","12","30","09:00","-7.3","","-8.3","","93","","0.0","","16","","15","","","","97.88","","","","-13","","NA"
"-80.80","46.63","SUDBURY CLIMATE","6068145","2020-12-30 10:00","2020","12","30","10:00","-6.1","","-7.1","","92","","0.0","","15","","17","","","","97.72","","","","-12","","NA"
"-80.80","46.63","SUDBURY CLIMATE","6068145","2020-12-30 11:00","2020","12","30","11:00","-6.2","","-7.3","","92","","0.0","","14","","24","","","","97.49","","","","-14","","NA"
"-80.80","46.63","SUDBURY CLIMATE","6068145","2020-12-30 12:00","2020","12","30","12:00","-6.7","","-7.9","","91","","0.4","","14","","25","","","","97.32","","","","-15","","NA"
"-80.80","46.63","SUDBURY CLIMATE","6068145","2020-12-30 13:00","2020","12","30","13:00","-6.6","","-7.9","","91","","0.4","","14","","28","","","","97.13","","","","-15","","NA"
"-80.80","46.63","SUDBURY CLIMATE","6068145","2020-12-30 14:00","2020","12","30","14:00","-6.5","","-7.9","","90","","0.3","","13","","29","","","","96.89","","","","-15","","NA"
"-80.80","46.63","SUDBURY CLIMATE","6068145","2020-12-30 15:00","2020","12","30","15:00","-5.9","","-7.3","","90","","0.2","","15","","24","","","","96.74","","","","-13","","NA"
"-80.80","46.63","SUDBURY CLIMATE","6068145","2020-12-30 16:00","2020","12","30","16:00","-5.3","","-6.5","","92","","0.1","","16","","23","","","","96.64","","","","-12","","NA"
"-80.80","46.63","SUDBURY CLIMATE","6068145","2020-12-30 17:00","2020","12","30","17:00","-4.6","","-5.7","","92","","0.3","","15","","24","","","","96.33","","","","-12","","NA"
"-80.80","46.63","SUDBURY CLIMATE","6068145","2020-12-30 18:00","2020","12","30","18:00","-3.7","","-4.6","","93","","0.0","","16","","19","","","","96.14","","","","-10","","NA"
"-80.80","46.63","SUDBURY CLIMATE","6068145","2020-12-30 19:00","2020","12","30","19:00","-3.0","","-3.8","","95","","0.2","","16","","14","","","","96.03","","","","-8","","NA"
"-80.80","46.63","SUDBURY CLIMATE","6068145","2020-12-30 20:00","2020","12","30","20:00","-2.4","","-2.8","","97","","0.1","","16","","12","","","","95.94","","","","-7","","NA"
"-80.80","46.63","SUDBURY CLIMATE","6068145","2020-12-30 21:00","2020","12","30","21:00","-0.4","","-0.9","","97","","0.0","","21","","20","","","","95.89","","","","-6","","NA"
"-80.80","46.63","SUDBURY CLIMATE","6068145","2020-12-30 22:00","2020","12","30","22:00","-0.4","","-0.8","","97","","0.0","","22","","18","","","","95.84","","","","-5","","NA"
"-80.80","46.63","SUDBURY CLIMATE","6068145","2020-12-30 23:00","2020","12","30","23:00","-0.3","","-0.8","","97","","0.4","","23","","20","","","","95.85","","","","-6","","NA"
"-80.80","46.63","SUDBURY CLIMATE","6068145","2020-12-31 00:00","2020","12","31","00:00","-0.3","","-1.5","","92","","0.1","","24","","24","","","","95.82","","","","-6","","NA"
"-80.80","46.63","SUDBURY CLIMATE","6068145","2020-12-31 01:00","2020","12","31","01:00","-1.0","","-4.3","","78","","0.0","","26","","24","","","","95.90","","","","-7","","NA"
"-80.80","46.63","SUDBURY CLIMATE","6068145","2020-12-31 02:00","2020","12","31","02:00","-2.1","","-5.2","","79","","0.0","","26","","22","","","","95.94","","","","-8","","NA"
"-80.80","46.63","SUDBURY CLIMATE","6068145","2020-12-31 03:00","2020","12","31","03:00","-2.6","","-5.6","","80","","0.0","","26","","22","","","","96.01","","","","-9","","NA"
"-80.80","46.63","SUDBURY CLIMATE","6068145","2020-12-31 04:00","2020","12","31","04:00","-2.9","","-5.9","","80","","0.0","","26","","19","","","","96.14","","","","-9","","NA"
"-80.80","46.63","SUDBURY CLIMATE","6068145","2020-12-31 05:00","2020","12","31","05:00","-3.1","","-6.2","","80","","0.0","","25","","19","","","","96.21","","","","-9","","NA"
"-80.80","46.63","SUDBURY CLIMATE","6068145","2020-12-31 06:00","2020","12","31","06:00","-3.2","","-6.2","","80","","0.0","","26","","15","","","","96.34","","","","-8","","NA"
"-80.80","46.63","SUDBURY CLIMATE","6068145","2020-12-31 07:00","2020","12","31","07:00","-3.4","","-6.1","","82","","0.0","","26","","12","","","","96.51","","","","-8","","NA"
"-80.80","46.63","SUDBURY CLIMATE","6068145","2020-12-31 08:00","2020","12","31","08:00","-3.4","","-6.5","","79","","0.0","","31","","12","","","","96.71","","","","-8","","NA"
"-80.80","46.63","SUDBURY CLIMATE","6068145","2020-12-31 09:00","2020","12","31","09:00","-4.1","","-7.9","","75","","0.0","","31","","12","","","","96.86","","","","-9","","NA"
"-80.80","46.63","SUDBURY CLIMATE","6068145","2020-12-31 10:00","2020","12","31","10:00","-4.6","","-8.0","","77","","0.0","","31","","10","","","","96.97","","","","-9","","NA"
"-80.80","46.63","SUDBURY CLIMATE","6068145","2020-12-31 11:00","2020","12","31","11:00","-5.0","","-9.0","","74","","0.0","","31","","12","","","","97.12","","","","-10","","NA"
"-80.80","46.63","SUDBURY CLIMATE","6068145","2020-12-31 12:00","2020","12","31","12:00","-5.1","","-9.1","","74","","0.0","","31","","12","","","","97.26","","","","-10","","NA"
"-80.80","46.63","SUDBURY CLIMATE","6068145","2020-12-31 13:00","2020","12","31","13:00","-5.3","","-8.6","","77","","0.0","","30","","5","","","","97.40","","","","-8","","NA"
"-80.80","46.63","SUDBURY CLIMATE","6068145","2020-12-31 14:00","2020","12","31","14:00","-5.3","","-8.9","","75","","0.0","","28","","8","","","","97.54","","","","-9","","NA"
"-80.80","46.63","SUDBURY CLIMATE","6068145","2020-12-31 15:00","2020","12","31","15:00","-5.1","","-9.2","","73","","0.0","","27","","12","","","","97.70","","","","-10","","NA"
"-80.80","46.63","SUDBURY CLIMATE","6068145","2020-12-31 16:00","2020","12","31","16:00","-5.1","","-10.2","","67","","0.0","","29","","12","","","","97.74","","","","-10","","NA"
"-80.80","46.63","SUDBURY CLIMATE","6068145","2020-12-31 17:00","2020","12","31","17:00","-4.9","","-9.5","","70","","0.0","","29","","13","","","","97.81","","","","-10","","NA"
"-80.80","46.63","SUDBURY CLIMATE","6068145","2020-12-31 18:00","2020","12","31","18:00","-4.7","","-9.0","","72","","0.0","","30","","10","","","","97.85","","","","-9","","NA"
"-80.80","46.63","SUDBURY CLIMATE","6068145","2020-12-31 19:00","2020","12","31","19:00","-4.1","","-9.0","","69","","0.0","","31","","6","","","","97.90","","","","-7","","NA"
"-80.80","46.63","SUDBURY CLIMATE","6068145","2020-12-31 20:00","2020","12","31","20:00","-3.6","","-8.3","","70","","0.0","","25","","6","","","","97.95","","","","-6","","NA"
"-80.80","46.63","SUDBURY CLIMATE","6068145","2020-12-31 21:00","2020","12","31","21:00","-4.1","","-7.5","","77","","0.0","","21","","10","","","","98.01","","","","-8","","NA"
"-80.80","46.63","SUDBURY CLIMATE","6068145","2020-12-31 22:00","2020","12","31","22:00","-4.2","","-7.2","","79","","0.0","","19","","7","","","","98.08","","","","-7","","NA"
"-80.80","46.63","SUDBURY CLIMATE","6068145","2020-12-31 23:00","2020","12","31","23:00","-3.3","","-7.0","","76","","0.0","","23","","10","","","","98.15","","","","-7","","NA"
