"Longitude (x)","Latitude (y)","Station Name","Climate ID","Date/Time (UTC)","Year","Month","Day","Time (UTC)","Temp (°C)","Temp Flag","Dew Point Temp (°C)","Dew Point Temp Flag","Rel Hum (%)","Rel Hum Flag","Precip. Amount (mm)","Precip. Amount Flag","Wind Dir (10s deg)","Wind Dir Flag","Wind Spd (km/h)","Wind Spd Flag","Visibility (km)","Visibility Flag","Stn Press (kPa)","Stn Press Flag","Hmdx","Hmdx Flag","Wind Chill","Wind Chill Flag","Weather"
"-80.80","46.63","SUDBURY CLIMATE","6068145","2020-05-01 00:00","2020","05","01","00:00","4.9","","3.5","","91","","0.0","","35","","16","","","","96.46","","","","","","NA"
"-80.80","46.63","SUDBURY CLIMATE","6068145","2020-05-01 01:00","2020","05","01","01:00","4.2","","3.4","","95","","0.0","","36","","13","","","","96.51","","","","","","NA"
"-80.80","46.63","SUDBURY CLIMATE","6068145","2020-05-01 02:00","2020","05","01","02:00","3.9","","3.1","","94","","0.0","","35","","12","","","","96.57","","","","","","NA"
"-80.80","46.63","SUDBURY CLIMATE","6068145","2020-05-01 03:00","2020","05","01","03:00","3.0","","1.8","","92","","0.0","","35","","20","","","","96.61","","","","","","NA"
"-80.80","46.63","SUDBURY CLIMATE","6068145","2020-05-01 04:00","2020","05","01","04:00","2.6","","1.7","","94","","0.0","","36","","15","","","","96.65","","","","","","NA"
"-80.80","46.63","SUDBURY CLIMATE","6068145","2020-05-01 05:00","2020","05","01","05:00","2.6","","1.8","","94","","0.0","","36","","15","","","","96.69","","","","","","NA"
"-80.80","46.63","SUDBURY CLIMATE","6068145","2020-05-01 06:00","2020","05","01","06:00","2.6","","1.7","","93","","0.0","","36","","19","","","","96.74","","","","","","NA"
"-80.80","46.63","SUDBURY CLIMATE","6068145","2020-05-01 07:00","2020","05","01","07:00","2.7","","1.9","","94","","0.0","","36","","14","","","","96.77","","","","","","NA"
"-80.80","46.63","SUDBURY CLIMATE","6068145","2020-05-01 08:00","2020","05","01","08:00","2.8","","1.7","","92","","0.0","","1","","16","","","","96.83","","","","","","NA"
"-80.80","46.63","SUDBURY CLIMATE","6068145","2020-05-01 09:00","2020","05","01","09:00","2.6","","1.3","","92","","0.0","","36","","13","","","","96.88","","","","","","NA"
"-80.80","46.63","SUDBURY CLIMATE","6068145","2020-05-01 10:00","2020","05","01","10:00","2.3","","1.3","","93","","0.0","","1","","12","","","","96.92","","","","","","NA"
"-80.80","46.63","SUDBURY CLIMATE","6068145","2020-05-01 11:00","2020","05","01","11:00","1.9","","1.2","","95","","0.0","","1","","12","","","","96.98","","","","","","NA"
"-80.80","46.63","SUDBURY CLIMATE","6068145","2020-05-01 12:00","2020","05","01","12:00","2.5","","1.3","","92","","0.0","","1","","13","","","","97.06","","","","","","NA"
"-80.80","46.63","SUDBURY CLIMATE","6068145","2020-05-01 13:00","2020","05","01","13:00","4.0","","1.9","","86","","0.0","","2","","11","","","","97.08","","","","","","NA"
"-80.80","46.63","SUDBURY CLIMATE","6068145","2020-05-01 14:00","2020","05","01","14:00","5.5","","2.2","","79","","0.0","","6","","11","","","","97.14","","","","","","NA"
"-80.80","46.63","SUDBURY CLIMATE","6068145","2020-05-01 15:00","2020","05","01","15:00","9.3","","1.8","","60","","0.0","","2","","7","","","","97.14","","","","","","NA"
"-80.80","46.63","SUDBURY CLIMATE","6068145","2020-05-01 16:00","2020","05","01","16:00","11.5","","1.4","","50","","0.0","","1","","9","","","","97.15","","","","","","NA"
"-80.80","46.63","SUDBURY CLIMATE","6068145","2020-05-01 17:00","2020","05","01","17:00","13.9","","0.7","","40","","0.0","","36","","11","","","","97.11","","","","","","NA"
"-80.80","46.63","SUDBURY CLIMATE","6068145","2020-05-01 18:00","2020","05","01","18:00","15.9","","0.6","","35","","0.0","","30","","11","","","","97.08","","","","","","NA"
"-80.80","46.63","SUDBURY CLIMATE","6068145","2020-05-01 19:00","2020","05","01","19:00","16.1","","0.5","","35","","0.0","","7","","7","","","","97.04","","","","","","NA"
"-80.80","46.63","SUDBURY CLIMATE","6068145","2020-05-01 20:00","2020","05","01","20:00","17.3","","-0.6","","30","","0.0","","30","","14","","","","96.98","","","","","","NA"
"-80.80","46.63","SUDBURY CLIMATE","6068145","2020-05-01 21:00","2020","05","01","21:00","18.2","","1.3","","32","","0.0","","27","","13","","","","96.94","","","","","","NA"
"-80.80","46.63","SUDBURY CLIMATE","6068145","2020-05-01 22:00","2020","05","01","22:00","17.3","","-0.6","","30","","0.0","","28","","14","","","","96.96","","","","","","NA"
"-80.80","46.63","SUDBURY CLIMATE","6068145","2020-05-01 23:00","2020","05","01","23:00","15.4","","2.8","","43","","0.0","","23","","27","","","","96.99","","","","","","NA"
"-80.80","46.63","SUDBURY CLIMATE","6068145","2020-05-02 00:00","2020","05","02","00:00","14.6","","1.5","","41","","0.0","","23","","21","","","","97.03","","","","","","NA"
"-80.80","46.63","SUDBURY CLIMATE","6068145","2020-05-02 01:00","2020","05","02","01:00","11.7","","1.2","","49","","0.0","","23","","13","","","","97.07","","","","","","NA"
"-80.80","46.63","SUDBURY CLIMATE","6068145","2020-05-02 02:00","2020","05","02","02:00","10.5","","0.6","","50","","0.0","","24","","7","","","","97.12","","","","","","NA"
"-80.80","46.63","SUDBURY CLIMATE","6068145","2020-05-02 03:00","2020","05","02","03:00","9.7","","0.3","","52","","0.0","","25","","10","","","","97.14","","","","","","NA"
"-80.80","46.63","SUDBURY CLIMATE","6068145","2020-05-02 04:00","2020","05","02","04:00","8.5","","0.6","","58","","0.0","","25","","11","","","","97.16","","","","","","NA"
"-80.80","46.63","SUDBURY CLIMATE","6068145","2020-05-02 05:00","2020","05","02","05:00","8.3","","0.6","","58","","0.0","","26","","9","","","","97.18","","","","","","NA"
"-80.80","46.63","SUDBURY CLIMATE","6068145","2020-05-02 06:00","2020","05","02","06:00","7.4","","0.6","","62","","0.0","","26","","8","","","","97.18","","","","","","NA"
"-80.80","46.63","SUDBURY CLIMATE","6068145","2020-05-02 07:00","2020","05","02","07:00","7.4","","0.3","","61","","0.0","","28","","7","","","","97.13","","","","","","NA"
"-80.80","46.63","SUDBURY CLIMATE","6068145","2020-05-02 08:00","2020","05","02","08:00","5.6","","0.2","","68","","0.0","","32","","7","","","","97.16","","","","","","NA"
"-80.80","46.63","SUDBURY CLIMATE","6068145","2020-05-02 09:00","2020","05","02","09:00","6.1","","0.2","","66","","0.0","","25","","6","","","","97.19","","","","","","NA"
"-80.80","46.63","SUDBURY CLIMATE","6068145","2020-05-02 10:00","2020","05","02","10:00","4.8","","0.3","","73","","0.0","","23","","13","","","","97.19","","","","","","NA"
"-80.80","46.63","SUDBURY CLIMATE","6068145","2020-05-02 11:00","2020","05","02","11:00","5.9","","1.0","","71","","0.0","","24","","7","","","","97.22","","","","","","NA"
"-80.80","46.63","SUDBURY CLIMATE","6068145","2020-05-02 12:00","2020","05","02","12:00","8.0","","1.2","","62","","0.0","","25","","6","","","","97.19","","","","","","NA"
"-80.80","46.63","SUDBURY CLIMATE","6068145","2020-05-02 13:00","2020","05","02","13:00","11.2","","1.2","","50","","0.0","","24","","8","","","","97.17","","","","","","NA"
"-80.80","46.63","SUDBURY CLIMATE","6068145","2020-05-02 14:00","2020","05","02","14:00","13.0","","1.5","","45","","0.0","","24","","5","","","","97.11","","","","","","NA"
"-80.80","46.63","SUDBURY CLIMATE","6068145","2020-05-02 15:00","2020","05","02","15:00","12.7","","2.6","","50","","0.0","","22","","18","","","","97.09","","","","","","NA"
"-80.80","46.63","SUDBURY CLIMATE","6068145","2020-05-02 16:00","2020","05","02","16:00","12.4","","3.3","","54","","0.0","","19","","11","","","","97.04","","","","","","NA"
"-80.80","46.63","SUDBURY CLIMATE","6068145","2020-05-02 17:00","2020","05","02","17:00","13.0","","2.2","","48","","0.0","","16","","13","","","","96.93","","","","","","NA"
"-80.80","46.63","SUDBURY CLIMATE","6068145","2020-05-02 18:00","2020","05","02","18:00","12.3","","0.9","","46","","0.0","","17","","20","","","","96.90","","","","","","NA"
"-80.80","46.63","SUDBURY CLIMATE","6068145","2020-05-02 19:00","2020","05","02","19:00","11.3","","1.9","","52","","0.0","","18","","23","","","","96.82","","","","","","NA"
"-80.80","46.63","SUDBURY CLIMATE","6068145","2020-05-02 20:00","2020","05","02","20:00","8.5","","5.8","","83","","0.8","","15","","16","","","","96.72","","","","","","NA"
"-80.80","46.63","SUDBURY CLIMATE","6068145","2020-05-02 21:00","2020","05","02","21:00","8.9","","5.8","","80","","0.0","","13","","19","","","","96.63","","","","","","NA"
"-80.80","46.63","SUDBURY CLIMATE","6068145","2020-05-02 22:00","2020","05","02","22:00","8.7","","6.1","","84","","0.0","","11","","12","","","","96.59","","","","","","NA"
"-80.80","46.63","SUDBURY CLIMATE","6068145","2020-05-02 23:00","2020","05","02","23:00","8.3","","6.4","","88","","0.4","","10","","13","","","","96.52","","","","","","NA"
"-80.80","46.63","SUDBURY CLIMATE","6068145","2020-05-03 00:00","2020","05","03","00:00","8.1","","6.1","","87","","0.0","","12","","9","","","","96.44","","","","","","NA"
"-80.80","46.63","SUDBURY CLIMATE","6068145","2020-05-03 01:00","2020","05","03","01:00","7.9","","6.2","","89","","0.0","","13","","3","","","","96.45","","","","","","NA"
"-80.80","46.63","SUDBURY CLIMATE","6068145","2020-05-03 02:00","2020","05","03","02:00","7.8","","6.0","","88","","0.0","","13","","6","","","","96.47","","","","","","NA"
"-80.80","46.63","SUDBURY CLIMATE","6068145","2020-05-03 03:00","2020","05","03","03:00","6.3","","5.2","","93","","0.0","","20","","12","","","","96.44","","","","","","NA"
"-80.80","46.63","SUDBURY CLIMATE","6068145","2020-05-03 04:00","2020","05","03","04:00","5.4","","4.3","","93","","0.0","","22","","10","","","","96.39","","","","","","NA"
"-80.80","46.63","SUDBURY CLIMATE","6068145","2020-05-03 05:00","2020","05","03","05:00","4.8","","4.3","","97","","0.0","","22","","9","","","","96.31","","","","","","NA"
"-80.80","46.63","SUDBURY CLIMATE","6068145","2020-05-03 06:00","2020","05","03","06:00","2.8","","2.4","","97","","0.0","","23","","10","","","","96.33","","","","","","NA"
"-80.80","46.63","SUDBURY CLIMATE","6068145","2020-05-03 07:00","2020","05","03","07:00","3.4","","3.1","","98","","0.0","","23","","15","","","","96.32","","","","","","NA"
"-80.80","46.63","SUDBURY CLIMATE","6068145","2020-05-03 08:00","2020","05","03","08:00","3.7","","3.5","","99","","0.0","","25","","9","","","","96.31","","","","","","NA"
"-80.80","46.63","SUDBURY CLIMATE","6068145","2020-05-03 09:00","2020","05","03","09:00","3.0","","2.8","","99","","0.0","","23","","9","","","","96.28","","","","","","NA"
"-80.80","46.63","SUDBURY CLIMATE","6068145","2020-05-03 10:00","2020","05","03","10:00","3.6","","3.4","","99","","0.0","","24","","8","","","","96.27","","","","","","NA"
"-80.80","46.63","SUDBURY CLIMATE","6068145","2020-05-03 11:00","2020","05","03","11:00","4.7","","4.2","","97","","0.0","","24","","11","","","","96.28","","","","","","NA"
"-80.80","46.63","SUDBURY CLIMATE","6068145","2020-05-03 12:00","2020","05","03","12:00","6.2","","5.2","","93","","0.0","","27","","15","","","","96.31","","","","","","NA"
"-80.80","46.63","SUDBURY CLIMATE","6068145","2020-05-03 13:00","2020","05","03","13:00","7.9","","5.7","","86","","0.0","","27","","15","","","","96.33","","","","","","NA"
"-80.80","46.63","SUDBURY CLIMATE","6068145","2020-05-03 14:00","2020","05","03","14:00","8.1","","4.4","","78","","0.0","","29","","18","","","","96.34","","","","","","NA"
"-80.80","46.63","SUDBURY CLIMATE","6068145","2020-05-03 15:00","2020","05","03","15:00","9.8","","4.7","","70","","0.0","","28","","19","","","","96.34","","","","","","NA"
"-80.80","46.63","SUDBURY CLIMATE","6068145","2020-05-03 16:00","2020","05","03","16:00","10.3","","3.5","","63","","0.0","","29","","15","","","","96.35","","","","","","NA"
"-80.80","46.63","SUDBURY CLIMATE","6068145","2020-05-03 17:00","2020","05","03","17:00","10.3","","2.9","","60","","0.0","","28","","15","","","","96.39","","","","","","NA"
"-80.80","46.63","SUDBURY CLIMATE","6068145","2020-05-03 18:00","2020","05","03","18:00","9.7","","2.2","","59","","0.0","","29","","17","","","","96.44","","","","","","NA"
"-80.80","46.63","SUDBURY CLIMATE","6068145","2020-05-03 19:00","2020","05","03","19:00","9.6","","2.6","","62","","0.0","","31","","16","","","","96.49","","","","","","NA"
"-80.80","46.63","SUDBURY CLIMATE","6068145","2020-05-03 20:00","2020","05","03","20:00","9.9","","1.7","","57","","0.0","","31","","18","","","","96.53","","","","","","NA"
"-80.80","46.63","SUDBURY CLIMATE","6068145","2020-05-03 21:00","2020","05","03","21:00","8.8","","0.2","","55","","0.0","","31","","21","","","","96.60","","","","","","NA"
"-80.80","46.63","SUDBURY CLIMATE","6068145","2020-05-03 22:00","2020","05","03","22:00","8.4","","1.8","","63","","0.0","","34","","17","","","","96.67","","","","","","NA"
"-80.80","46.63","SUDBURY CLIMATE","6068145","2020-05-03 23:00","2020","05","03","23:00","7.9","","1.2","","62","","0.0","","32","","16","","","","96.74","","","","","","NA"
"-80.80","46.63","SUDBURY CLIMATE","6068145","2020-05-04 00:00","2020","05","04","00:00","4.7","","0.1","","72","","0.0","","35","","16","","","","96.83","","","","","","NA"
"-80.80","46.63","SUDBURY CLIMATE","6068145","2020-05-04 01:00","2020","05","04","01:00","3.7","","0.3","","79","","0.0","","35","","19","","","","96.86","","","","","","NA"
"-80.80","46.63","SUDBURY CLIMATE","6068145","2020-05-04 02:00","2020","05","04","02:00","3.2","","0.2","","81","","0.0","","36","","22","","","","96.93","","","","","","NA"
"-80.80","46.63","SUDBURY CLIMATE","6068145","2020-05-04 03:00","2020","05","04","03:00","2.2","","-0.4","","83","","0.0","","36","","23","","","","96.99","","","","","","NA"
"-80.80","46.63","SUDBURY CLIMATE","6068145","2020-05-04 04:00","2020","05","04","04:00","1.4","","-1.4","","82","","0.0","","1","","24","","","","97.04","","","","","","NA"
"-80.80","46.63","SUDBURY CLIMATE","6068145","2020-05-04 05:00","2020","05","04","05:00","1.1","","-2.3","","78","","0.0","","1","","23","","","","97.09","","","","","","NA"
"-80.80","46.63","SUDBURY CLIMATE","6068145","2020-05-04 06:00","2020","05","04","06:00","0.5","","-2.0","","83","","0.0","","36","","19","","","","97.15","","","","","","NA"
"-80.80","46.63","SUDBURY CLIMATE","6068145","2020-05-04 07:00","2020","05","04","07:00","-0.2","","-3.3","","79","","0.0","","36","","21","","","","97.17","","","","-6","","NA"
"-80.80","46.63","SUDBURY CLIMATE","6068145","2020-05-04 08:00","2020","05","04","08:00","-1.0","","-3.6","","82","","0.0","","35","","22","","","","97.22","","","","-7","","NA"
"-80.80","46.63","SUDBURY CLIMATE","6068145","2020-05-04 09:00","2020","05","04","09:00","-1.8","","-4.4","","82","","0.0","","35","","16","","","","97.30","","","","-7","","NA"
"-80.80","46.63","SUDBURY CLIMATE","6068145","2020-05-04 10:00","2020","05","04","10:00","-2.9","","-5.9","","80","","0.0","","34","","20","","","","97.39","","","","-9","","NA"
"-80.80","46.63","SUDBURY CLIMATE","6068145","2020-05-04 11:00","2020","05","04","11:00","-3.4","","-6.8","","78","","0.0","","34","","19","","","","97.49","","","","-9","","NA"
"-80.80","46.63","SUDBURY CLIMATE","6068145","2020-05-04 12:00","2020","05","04","12:00","-3.2","","-6.7","","77","","0.0","","34","","15","","","","97.55","","","","-8","","NA"
"-80.80","46.63","SUDBURY CLIMATE","6068145","2020-05-04 13:00","2020","05","04","13:00","-2.3","","-6.7","","72","","0.0","","1","","23","","","","97.61","","","","-9","","NA"
"-80.80","46.63","SUDBURY CLIMATE","6068145","2020-05-04 14:00","2020","05","04","14:00","-1.7","","-6.9","","68","","0.0","","34","","18","","","","97.64","","","","-7","","NA"
"-80.80","46.63","SUDBURY CLIMATE","6068145","2020-05-04 15:00","2020","05","04","15:00","-1.4","","-7.9","","61","","0.0","","1","","22","","","","97.66","","","","-7","","NA"
"-80.80","46.63","SUDBURY CLIMATE","6068145","2020-05-04 16:00","2020","05","04","16:00","0.3","","-8.2","","53","","0.0","","36","","20","","","","97.69","","","","","","NA"
"-80.80","46.63","SUDBURY CLIMATE","6068145","2020-05-04 17:00","2020","05","04","17:00","2.1","","-8.2","","46","","0.0","","2","","21","","","","97.68","","","","","","NA"
"-80.80","46.63","SUDBURY CLIMATE","6068145","2020-05-04 18:00","2020","05","04","18:00","3.6","","-9.0","","39","","0.0","","1","","18","","","","97.69","","","","","","NA"
"-80.80","46.63","SUDBURY CLIMATE","6068145","2020-05-04 19:00","2020","05","04","19:00","4.9","","-8.0","","39","","0.0","","2","","19","","","","97.69","","","","","","NA"
"-80.80","46.63","SUDBURY CLIMATE","6068145","2020-05-04 20:00","2020","05","04","20:00","5.9","","-9.2","","33","","0.0","","3","","20","","","","97.66","","","","","","NA"
"-80.80","46.63","SUDBURY CLIMATE","6068145","2020-05-04 21:00","2020","05","04","21:00","6.3","","-10.3","","29","","0.0","","1","","21","","","","97.62","","","","","","NA"
"-80.80","46.63","SUDBURY CLIMATE","6068145","2020-05-04 22:00","2020","05","04","22:00","6.6","","-9.9","","30","","0.0","","34","","17","","","","97.64","","","","","","NA"
"-80.80","46.63","SUDBURY CLIMATE","6068145","2020-05-04 23:00","2020","05","04","23:00","5.5","","-10.5","","30","","0.0","","35","","18","","","","97.62","","","","","","NA"
"-80.80","46.63","SUDBURY CLIMATE","6068145","2020-05-05 00:00","2020","05","05","00:00","4.3","","-10.3","","34","","0.0","","36","","15","","","","97.68","","","","","","NA"
"-80.80","46.63","SUDBURY CLIMATE","6068145","2020-05-05 01:00","2020","05","05","01:00","2.9","","-10.0","","38","","0.0","","35","","12","","","","97.76","","","","","","NA"
"-80.80","46.63","SUDBURY CLIMATE","6068145","2020-05-05 02:00","2020","05","05","02:00","1.4","","-10.1","","42","","0.0","","35","","9","","","","97.82","","","","","","NA"
"-80.80","46.63","SUDBURY CLIMATE","6068145","2020-05-05 03:00","2020","05","05","03:00","0.5","","-9.5","","47","","0.0","","36","","12","","","","97.83","","","","","","NA"
"-80.80","46.63","SUDBURY CLIMATE","6068145","2020-05-05 04:00","2020","05","05","04:00","-0.7","","-8.9","","54","","0.0","","36","","12","","","","97.84","","","","-5","","NA"
"-80.80","46.63","SUDBURY CLIMATE","6068145","2020-05-05 05:00","2020","05","05","05:00","-1.6","","-8.3","","60","","0.0","","1","","10","","","","97.85","","","","-5","","NA"
"-80.80","46.63","SUDBURY CLIMATE","6068145","2020-05-05 06:00","2020","05","05","06:00","-2.3","","-9.1","","60","","0.0","","36","","10","","","","97.85","","","","-6","","NA"
"-80.80","46.63","SUDBURY CLIMATE","6068145","2020-05-05 07:00","2020","05","05","07:00","-2.5","","-9.3","","60","","0.0","","1","","16","","","","97.81","","","","-8","","NA"
"-80.80","46.63","SUDBURY CLIMATE","6068145","2020-05-05 08:00","2020","05","05","08:00","-3.1","","-10.1","","59","","0.0","","36","","15","","","","97.86","","","","-8","","NA"
"-80.80","46.63","SUDBURY CLIMATE","6068145","2020-05-05 09:00","2020","05","05","09:00","-3.8","","-9.7","","64","","0.0","","36","","17","","","","97.83","","","","-10","","NA"
"-80.80","46.63","SUDBURY CLIMATE","6068145","2020-05-05 10:00","2020","05","05","10:00","-4.5","","-9.5","","68","","0.0","","1","","12","","","","97.81","","","","-9","","NA"
"-80.80","46.63","SUDBURY CLIMATE","6068145","2020-05-05 11:00","2020","05","05","11:00","-4.1","","-10.1","","63","","0.0","","2","","18","","","","97.82","","","","-10","","NA"
"-80.80","46.63","SUDBURY CLIMATE","6068145","2020-05-05 12:00","2020","05","05","12:00","-3.2","","-9.5","","62","","0.0","","2","","17","","","","97.84","","","","-9","","NA"
"-80.80","46.63","SUDBURY CLIMATE","6068145","2020-05-05 13:00","2020","05","05","13:00","-2.1","","-10.0","","55","","0.0","","3","","19","","","","97.80","","","","-8","","NA"
"-80.80","46.63","SUDBURY CLIMATE","6068145","2020-05-05 14:00","2020","05","05","14:00","-0.4","","-11.0","","45","","0.0","","2","","15","","","","97.77","","","","-5","","NA"
"-80.80","46.63","SUDBURY CLIMATE","6068145","2020-05-05 15:00","2020","05","05","15:00","0.8","","-12.7","","36","","0.0","","36","","11","","","","97.77","","","","","","NA"
"-80.80","46.63","SUDBURY CLIMATE","6068145","2020-05-05 16:00","2020","05","05","16:00","3.4","","-13.4","","28","","0.0","","36","","15","","","","97.72","","","","","","NA"
"-80.80","46.63","SUDBURY CLIMATE","6068145","2020-05-05 17:00","2020","05","05","17:00","5.3","","-13.6","","24","","0.0","","4","","19","","","","97.64","","","","","","NA"
"-80.80","46.63","SUDBURY CLIMATE","6068145","2020-05-05 18:00","2020","05","05","18:00","7.3","","-12.7","","23","","0.0","","4","","16","","","","97.60","","","","","","NA"
"-80.80","46.63","SUDBURY CLIMATE","6068145","2020-05-05 19:00","2020","05","05","19:00","7.3","","-15.4","","18","","0.0","","5","","21","","","","97.56","","","","","","NA"
"-80.80","46.63","SUDBURY CLIMATE","6068145","2020-05-05 20:00","2020","05","05","20:00","8.6","","-13.5","","19","","0.0","","5","","17","","","","97.50","","","","","","NA"
"-80.80","46.63","SUDBURY CLIMATE","6068145","2020-05-05 21:00","2020","05","05","21:00","9.0","","-14.2","","18","","0.0","","5","","17","","","","97.46","","","","","","NA"
"-80.80","46.63","SUDBURY CLIMATE","6068145","2020-05-05 22:00","2020","05","05","22:00","9.2","","-13.6","","18","","0.0","","5","","16","","","","97.44","","","","","","NA"
"-80.80","46.63","SUDBURY CLIMATE","6068145","2020-05-05 23:00","2020","05","05","23:00","8.9","","-14.7","","17","","0.0","","4","","11","","","","97.41","","","","","","NA"
"-80.80","46.63","SUDBURY CLIMATE","6068145","2020-05-06 00:00","2020","05","06","00:00","8.0","","-13.7","","20","","0.0","","3","","7","","","","97.41","","","","","","NA"
"-80.80","46.63","SUDBURY CLIMATE","6068145","2020-05-06 01:00","2020","05","06","01:00","5.0","","-13.9","","24","","0.0","","4","","6","","","","97.43","","","","","","NA"
"-80.80","46.63","SUDBURY CLIMATE","6068145","2020-05-06 02:00","2020","05","06","02:00","3.7","","-11.0","","33","","0.0","","6","","8","","","","97.48","","","","","","NA"
"-80.80","46.63","SUDBURY CLIMATE","6068145","2020-05-06 03:00","2020","05","06","03:00","2.1","","-12.7","","32","","0.0","","6","","5","","","","97.46","","","","","","NA"
"-80.80","46.63","SUDBURY CLIMATE","6068145","2020-05-06 04:00","2020","05","06","04:00","1.4","","-9.5","","44","","0.0","","5","","8","","","","97.45","","","","","","NA"
"-80.80","46.63","SUDBURY CLIMATE","6068145","2020-05-06 05:00","2020","05","06","05:00","0.6","","-9.8","","46","","0.0","","5","","6","","","","97.46","","","","","","NA"
"-80.80","46.63","SUDBURY CLIMATE","6068145","2020-05-06 06:00","2020","05","06","06:00","-0.9","","-9.0","","54","","0.0","","3","","5","","","","97.46","","","","-3","","NA"
"-80.80","46.63","SUDBURY CLIMATE","6068145","2020-05-06 07:00","2020","05","06","07:00","-1.8","","-9.0","","58","","0.0","","3","","5","","","","97.44","","","","-4","","NA"
"-80.80","46.63","SUDBURY CLIMATE","6068145","2020-05-06 08:00","2020","05","06","08:00","-2.0","","-6.2","","73","","0.0","","4","","2","","","","97.45","","","","-3","","NA"
"-80.80","46.63","SUDBURY CLIMATE","6068145","2020-05-06 09:00","2020","05","06","09:00","-3.5","","-9.1","","65","","0.0","","3","","2","","","","97.45","","","","-4","","NA"
"-80.80","46.63","SUDBURY CLIMATE","6068145","2020-05-06 10:00","2020","05","06","10:00","-2.9","","-5.9","","80","","0.0","","3","","3","","","","97.45","","","","-4","","NA"
"-80.80","46.63","SUDBURY CLIMATE","6068145","2020-05-06 11:00","2020","05","06","11:00","-0.9","","-3.8","","80","","0.0","","2","","5","","","","97.48","","","","-3","","NA"
"-80.80","46.63","SUDBURY CLIMATE","6068145","2020-05-06 12:00","2020","05","06","12:00","3.6","","-6.5","","48","","0.0","","2","","1","","","","97.48","","","","","","NA"
"-80.80","46.63","SUDBURY CLIMATE","6068145","2020-05-06 13:00","2020","05","06","13:00","5.5","","-7.2","","39","","0.0","","25","","6","","","","97.45","","","","","","NA"
"-80.80","46.63","SUDBURY CLIMATE","6068145","2020-05-06 14:00","2020","05","06","14:00","8.1","","-8.4","","30","","0.0","","26","","10","","","","97.42","","","","","","NA"
"-80.80","46.63","SUDBURY CLIMATE","6068145","2020-05-06 15:00","2020","05","06","15:00","10.2","","-7.9","","27","","0.0","","23","","9","","","","97.36","","","","","","NA"
"-80.80","46.63","SUDBURY CLIMATE","6068145","2020-05-06 16:00","2020","05","06","16:00","11.3","","-8.3","","24","","0.0","","32","","9","","","","97.29","","","","","","NA"
"-80.80","46.63","SUDBURY CLIMATE","6068145","2020-05-06 17:00","2020","05","06","17:00","11.9","","-8.6","","23","","0.0","","29","","12","","","","97.21","","","","","","NA"
"-80.80","46.63","SUDBURY CLIMATE","6068145","2020-05-06 18:00","2020","05","06","18:00","12.5","","-8.9","","22","","0.0","","33","","15","","","","97.17","","","","","","NA"
"-80.80","46.63","SUDBURY CLIMATE","6068145","2020-05-06 19:00","2020","05","06","19:00","12.9","","-8.2","","22","","0.0","","33","","10","","","","97.12","","","","","","NA"
"-80.80","46.63","SUDBURY CLIMATE","6068145","2020-05-06 20:00","2020","05","06","20:00","14.2","","-4.8","","26","","0.0","","32","","13","","","","97.06","","","","","","NA"
"-80.80","46.63","SUDBURY CLIMATE","6068145","2020-05-06 21:00","2020","05","06","21:00","13.0","","-5.2","","28","","0.0","","36","","11","","","","97.00","","","","","","NA"
"-80.80","46.63","SUDBURY CLIMATE","6068145","2020-05-06 22:00","2020","05","06","22:00","12.6","","-6.1","","27","","0.0","","8","","4","","","","96.99","","","","","","NA"
"-80.80","46.63","SUDBURY CLIMATE","6068145","2020-05-06 23:00","2020","05","06","23:00","11.3","","-4.9","","32","","0.0","","4","","10","","","","96.95","","","","","","NA"
"-80.80","46.63","SUDBURY CLIMATE","6068145","2020-05-07 00:00","2020","05","07","00:00","9.8","","-1.9","","44","","0.0","","34","","12","","","","97.01","","","","","","NA"
"-80.80","46.63","SUDBURY CLIMATE","6068145","2020-05-07 01:00","2020","05","07","01:00","8.4","","-1.5","","50","","0.0","","2","","11","","","","96.99","","","","","","NA"
"-80.80","46.63","SUDBURY CLIMATE","6068145","2020-05-07 02:00","2020","05","07","02:00","7.5","","-0.6","","57","","0.0","","3","","14","","","","96.98","","","","","","NA"
"-80.80","46.63","SUDBURY CLIMATE","6068145","2020-05-07 03:00","2020","05","07","03:00","6.1","","-0.1","","65","","0.0","","3","","18","","","","96.91","","","","","","NA"
"-80.80","46.63","SUDBURY CLIMATE","6068145","2020-05-07 04:00","2020","05","07","04:00","5.1","","-0.3","","68","","0.0","","1","","15","","","","96.90","","","","","","NA"
"-80.80","46.63","SUDBURY CLIMATE","6068145","2020-05-07 05:00","2020","05","07","05:00","3.2","","-1.7","","70","","0.0","","2","","28","","","","96.89","","","","","","NA"
"-80.80","46.63","SUDBURY CLIMATE","6068145","2020-05-07 06:00","2020","05","07","06:00","1.6","","-2.0","","77","","0.0","","3","","31","","","","96.87","","","","","","NA"
"-80.80","46.63","SUDBURY CLIMATE","6068145","2020-05-07 07:00","2020","05","07","07:00","-0.2","","-1.3","","93","","0.0","","2","","18","","","","96.93","","","","-5","","NA"
"-80.80","46.63","SUDBURY CLIMATE","6068145","2020-05-07 08:00","2020","05","07","08:00","-1.8","","-2.2","","97","","1.1","","4","","27","","","","96.88","","","","-8","","NA"
"-80.80","46.63","SUDBURY CLIMATE","6068145","2020-05-07 09:00","2020","05","07","09:00","-1.7","","-3.3","","89","","0.0","","2","","17","","","","96.87","","","","-7","","NA"
"-80.80","46.63","SUDBURY CLIMATE","6068145","2020-05-07 10:00","2020","05","07","10:00","-2.5","","-4.3","","88","","0.0","","4","","12","","","","96.82","","","","-7","","NA"
"-80.80","46.63","SUDBURY CLIMATE","6068145","2020-05-07 11:00","2020","05","07","11:00","-2.2","","-4.6","","84","","0.0","","3","","18","","","","96.84","","","","-8","","NA"
"-80.80","46.63","SUDBURY CLIMATE","6068145","2020-05-07 12:00","2020","05","07","12:00","-2.2","","-4.8","","82","","0.0","","2","","20","","","","96.89","","","","-8","","NA"
"-80.80","46.63","SUDBURY CLIMATE","6068145","2020-05-07 13:00","2020","05","07","13:00","-1.7","","-5.1","","77","","0.0","","2","","20","","","","96.94","","","","-7","","NA"
"-80.80","46.63","SUDBURY CLIMATE","6068145","2020-05-07 14:00","2020","05","07","14:00","-2.7","","-4.4","","88","","0.0","","1","","21","","","","96.92","","","","-9","","NA"
"-80.80","46.63","SUDBURY CLIMATE","6068145","2020-05-07 15:00","2020","05","07","15:00","-2.4","","-4.6","","85","","0.0","","2","","16","","","","96.90","","","","-8","","NA"
"-80.80","46.63","SUDBURY CLIMATE","6068145","2020-05-07 16:00","2020","05","07","16:00","-0.8","","-3.7","","80","","0.0","","4","","11","","","","96.87","","","","-5","","NA"
"-80.80","46.63","SUDBURY CLIMATE","6068145","2020-05-07 17:00","2020","05","07","17:00","0.6","","-5.7","","63","","0.0","","3","","11","","","","96.82","","","","","","NA"
"-80.80","46.63","SUDBURY CLIMATE","6068145","2020-05-07 18:00","2020","05","07","18:00","2.6","","-7.2","","49","","0.0","","1","","12","","","","96.79","","","","","","NA"
"-80.80","46.63","SUDBURY CLIMATE","6068145","2020-05-07 19:00","2020","05","07","19:00","2.8","","-6.7","","49","","0.0","","2","","14","","","","96.76","","","","","","NA"
"-80.80","46.63","SUDBURY CLIMATE","6068145","2020-05-07 20:00","2020","05","07","20:00","2.8","","-7.5","","47","","0.0","","1","","10","","","","96.75","","","","","","NA"
"-80.80","46.63","SUDBURY CLIMATE","6068145","2020-05-07 21:00","2020","05","07","21:00","4.5","","-6.5","","44","","0.0","","36","","10","","","","96.68","","","","","","NA"
"-80.80","46.63","SUDBURY CLIMATE","6068145","2020-05-07 22:00","2020","05","07","22:00","3.3","","-9.2","","39","","0.0","","5","","10","","","","96.67","","","","","","NA"
"-80.80","46.63","SUDBURY CLIMATE","6068145","2020-05-07 23:00","2020","05","07","23:00","2.5","","-7.7","","47","","0.0","","1","","10","","","","96.67","","","","","","NA"
"-80.80","46.63","SUDBURY CLIMATE","6068145","2020-05-08 00:00","2020","05","08","00:00","1.5","","-6.3","","56","","0.0","","30","","10","","","","96.70","","","","","","NA"
"-80.80","46.63","SUDBURY CLIMATE","6068145","2020-05-08 01:00","2020","05","08","01:00","-0.7","","-2.8","","85","","0.0","","34","","12","","","","96.72","","","","-5","","NA"
"-80.80","46.63","SUDBURY CLIMATE","6068145","2020-05-08 02:00","2020","05","08","02:00","-1.4","","-2.0","","96","","0.6","","1","","12","","","","96.73","","","","-5","","NA"
"-80.80","46.63","SUDBURY CLIMATE","6068145","2020-05-08 03:00","2020","05","08","03:00","-1.9","","-2.4","","96","","0.7","","36","","15","","","","96.74","","","","-7","","NA"
"-80.80","46.63","SUDBURY CLIMATE","6068145","2020-05-08 04:00","2020","05","08","04:00","-2.1","","-2.6","","96","","1.1","","35","","13","","","","96.76","","","","-7","","NA"
"-80.80","46.63","SUDBURY CLIMATE","6068145","2020-05-08 05:00","2020","05","08","05:00","-3.3","","-4.0","","95","","1.8","","33","","20","","","","96.77","","","","-9","","NA"
"-80.80","46.63","SUDBURY CLIMATE","6068145","2020-05-08 06:00","2020","05","08","06:00","-3.7","","-4.6","","94","","0.6","","33","","11","","","","96.76","","","","-8","","NA"
"-80.80","46.63","SUDBURY CLIMATE","6068145","2020-05-08 07:00","2020","05","08","07:00","-4.1","","-5.1","","93","","0.6","","33","","18","","","","96.75","","","","-10","","NA"
"-80.80","46.63","SUDBURY CLIMATE","6068145","2020-05-08 08:00","2020","05","08","08:00","-4.1","","-5.1","","93","","0.5","","33","","16","","","","96.75","","","","-10","","NA"
"-80.80","46.63","SUDBURY CLIMATE","6068145","2020-05-08 09:00","2020","05","08","09:00","-4.2","","-5.0","","94","","0.7","","32","","14","","","","96.77","","","","-9","","NA"
"-80.80","46.63","SUDBURY CLIMATE","6068145","2020-05-08 10:00","2020","05","08","10:00","-4.2","","-5.2","","93","","0.2","","36","","13","","","","96.83","","","","-9","","NA"
"-80.80","46.63","SUDBURY CLIMATE","6068145","2020-05-08 11:00","2020","05","08","11:00","-5.0","","-6.2","","91","","0.2","","2","","20","","","","96.90","","","","-12","","NA"
"-80.80","46.63","SUDBURY CLIMATE","6068145","2020-05-08 12:00","2020","05","08","12:00","-5.5","","-7.2","","88","","0.4","","1","","21","","","","96.95","","","","-12","","NA"
"-80.80","46.63","SUDBURY CLIMATE","6068145","2020-05-08 13:00","2020","05","08","13:00","-5.7","","-7.6","","87","","0.2","","1","","23","","","","96.99","","","","-13","","NA"
"-80.80","46.63","SUDBURY CLIMATE","6068145","2020-05-08 14:00","2020","05","08","14:00","-5.4","","-8.3","","80","","0.0","","35","","19","","","","97.03","","","","-12","","NA"
"-80.80","46.63","SUDBURY CLIMATE","6068145","2020-05-08 15:00","2020","05","08","15:00","-4.4","","-9.7","","66","","0.0","","1","","18","","","","97.06","","","","-10","","NA"
"-80.80","46.63","SUDBURY CLIMATE","6068145","2020-05-08 16:00","2020","05","08","16:00","-4.2","","-10.9","","60","","0.0","","34","","14","","","","97.09","","","","-9","","NA"
"-80.80","46.63","SUDBURY CLIMATE","6068145","2020-05-08 17:00","2020","05","08","17:00","-4.0","","-11.0","","58","","0.0","","35","","16","","","","97.06","","","","-10","","NA"
"-80.80","46.63","SUDBURY CLIMATE","6068145","2020-05-08 18:00","2020","05","08","18:00","-3.5","","-10.5","","58","","0.0","","35","","15","","","","97.06","","","","-9","","NA"
"-80.80","46.63","SUDBURY CLIMATE","6068145","2020-05-08 19:00","2020","05","08","19:00","-3.0","","-11.3","","53","","0.0","","30","","15","","","","97.03","","","","-8","","NA"
"-80.80","46.63","SUDBURY CLIMATE","6068145","2020-05-08 20:00","2020","05","08","20:00","-1.8","","-10.3","","53","","0.2","","32","","11","","","","96.99","","","","-6","","NA"
"-80.80","46.63","SUDBURY CLIMATE","6068145","2020-05-08 21:00","2020","05","08","21:00","-1.8","","-12.7","","43","","0.0","","32","","13","","","","96.99","","","","-6","","NA"
"-80.80","46.63","SUDBURY CLIMATE","6068145","2020-05-08 22:00","2020","05","08","22:00","-3.9","","-6.2","","84","","0.0","","31","","17","","","","97.02","","","","-10","","NA"
"-80.80","46.63","SUDBURY CLIMATE","6068145","2020-05-08 23:00","2020","05","08","23:00","-3.3","","-7.7","","71","","0.4","","35","","13","","","","97.03","","","","-8","","NA"
"-80.80","46.63","SUDBURY CLIMATE","6068145","2020-05-09 00:00","2020","05","09","00:00","-3.5","","-8.1","","70","","0.0","","33","","12","","","","97.06","","","","-8","","NA"
"-80.80","46.63","SUDBURY CLIMATE","6068145","2020-05-09 01:00","2020","05","09","01:00","-3.7","","-8.1","","72","","0.0","","31","","8","","","","97.09","","","","-7","","NA"
"-80.80","46.63","SUDBURY CLIMATE","6068145","2020-05-09 02:00","2020","05","09","02:00","-4.2","","-6.9","","81","","0.0","","31","","6","","","","97.10","","","","-7","","NA"
"-80.80","46.63","SUDBURY CLIMATE","6068145","2020-05-09 03:00","2020","05","09","03:00","-4.2","","-6.4","","84","","0.0","","31","","5","","","","97.10","","","","-6","","NA"
"-80.80","46.63","SUDBURY CLIMATE","6068145","2020-05-09 04:00","2020","05","09","04:00","-4.2","","-6.1","","86","","0.0","","30","","6","","","","97.10","","","","-7","","NA"
"-80.80","46.63","SUDBURY CLIMATE","6068145","2020-05-09 05:00","2020","05","09","05:00","-4.1","","-6.1","","86","","0.2","","30","","5","","","","97.09","","","","-6","","NA"
"-80.80","46.63","SUDBURY CLIMATE","6068145","2020-05-09 06:00","2020","05","09","06:00","-3.8","","-7.2","","77","","0.0","","31","","9","","","","97.05","","","","-8","","NA"
"-80.80","46.63","SUDBURY CLIMATE","6068145","2020-05-09 07:00","2020","05","09","07:00","-3.8","","-9.1","","67","","0.0","","31","","10","","","","97.02","","","","-8","","NA"
"-80.80","46.63","SUDBURY CLIMATE","6068145","2020-05-09 08:00","2020","05","09","08:00","-4.0","","-9.9","","64","","0.0","","32","","10","","","","96.99","","","","-8","","NA"
"-80.80","46.63","SUDBURY CLIMATE","6068145","2020-05-09 09:00","2020","05","09","09:00","-4.3","","-9.5","","67","","0.0","","31","","9","","","","96.97","","","","-8","","NA"
"-80.80","46.63","SUDBURY CLIMATE","6068145","2020-05-09 10:00","2020","05","09","10:00","-4.5","","-9.3","","69","","0.0","","30","","6","","","","96.97","","","","-7","","NA"
"-80.80","46.63","SUDBURY CLIMATE","6068145","2020-05-09 11:00","2020","05","09","11:00","-4.2","","-9.2","","68","","0.0","","32","","6","","","","96.98","","","","-7","","NA"
"-80.80","46.63","SUDBURY CLIMATE","6068145","2020-05-09 12:00","2020","05","09","12:00","-4.0","","-9.1","","68","","0.0","","32","","18","","","","97.00","","","","-10","","NA"
"-80.80","46.63","SUDBURY CLIMATE","6068145","2020-05-09 13:00","2020","05","09","13:00","-3.3","","-10.3","","58","","0.0","","33","","18","","","","97.00","","","","-9","","NA"
"-80.80","46.63","SUDBURY CLIMATE","6068145","2020-05-09 14:00","2020","05","09","14:00","-2.9","","-10.6","","56","","0.0","","29","","14","","","","97.01","","","","-8","","NA"
"-80.80","46.63","SUDBURY CLIMATE","6068145","2020-05-09 15:00","2020","05","09","15:00","-2.5","","-9.9","","57","","0.0","","30","","18","","","","97.03","","","","-8","","NA"
"-80.80","46.63","SUDBURY CLIMATE","6068145","2020-05-09 16:00","2020","05","09","16:00","-1.0","","-11.2","","46","","0.0","","31","","11","","","","97.02","","","","-5","","NA"
"-80.80","46.63","SUDBURY CLIMATE","6068145","2020-05-09 17:00","2020","05","09","17:00","-0.5","","-10.8","","46","","0.0","","30","","15","","","","97.01","","","","-5","","NA"
"-80.80","46.63","SUDBURY CLIMATE","6068145","2020-05-09 18:00","2020","05","09","18:00","0.6","","-9.5","","47","","0.0","","29","","15","","","","96.98","","","","","","NA"
"-80.80","46.63","SUDBURY CLIMATE","6068145","2020-05-09 19:00","2020","05","09","19:00","1.1","","-9.4","","45","","0.0","","30","","14","","","","96.96","","","","","","NA"
"-80.80","46.63","SUDBURY CLIMATE","6068145","2020-05-09 20:00","2020","05","09","20:00","2.0","","-8.9","","44","","0.0","","30","","16","","","","96.93","","","","","","NA"
"-80.80","46.63","SUDBURY CLIMATE","6068145","2020-05-09 21:00","2020","05","09","21:00","2.5","","-8.1","","46","","0.0","","30","","13","","","","96.92","","","","","","NA"
"-80.80","46.63","SUDBURY CLIMATE","6068145","2020-05-09 22:00","2020","05","09","22:00","2.2","","-8.2","","46","","0.0","","29","","13","","","","96.94","","","","","","NA"
"-80.80","46.63","SUDBURY CLIMATE","6068145","2020-05-09 23:00","2020","05","09","23:00","2.2","","-7.5","","49","","0.0","","29","","13","","","","96.94","","","","","","NA"
"-80.80","46.63","SUDBURY CLIMATE","6068145","2020-05-10 00:00","2020","05","10","00:00","1.9","","-7.0","","51","","0.0","","30","","10","","","","96.96","","","","","","NA"
"-80.80","46.63","SUDBURY CLIMATE","6068145","2020-05-10 01:00","2020","05","10","01:00","1.3","","-6.4","","57","","0.0","","32","","8","","","","97.01","","","","","","NA"
"-80.80","46.63","SUDBURY CLIMATE","6068145","2020-05-10 02:00","2020","05","10","02:00","0.8","","-5.9","","60","","0.0","","31","","12","","","","97.07","","","","","","NA"
"-80.80","46.63","SUDBURY CLIMATE","6068145","2020-05-10 03:00","2020","05","10","03:00","0.1","","-4.7","","70","","0.0","","31","","11","","","","97.11","","","","","","NA"
"-80.80","46.63","SUDBURY CLIMATE","6068145","2020-05-10 04:00","2020","05","10","04:00","-0.6","","-4.6","","74","","0.0","","31","","6","","","","97.11","","","","-3","","NA"
"-80.80","46.63","SUDBURY CLIMATE","6068145","2020-05-10 05:00","2020","05","10","05:00","-1.0","","-5.5","","71","","0.0","","31","","8","","","","97.13","","","","-4","","NA"
"-80.80","46.63","SUDBURY CLIMATE","6068145","2020-05-10 06:00","2020","05","10","06:00","-1.7","","-5.7","","74","","0.0","","26","","6","","","","97.14","","","","-4","","NA"
"-80.80","46.63","SUDBURY CLIMATE","6068145","2020-05-10 07:00","2020","05","10","07:00","-2.2","","-5.9","","76","","0.0","","27","","6","","","","97.13","","","","-5","","NA"
"-80.80","46.63","SUDBURY CLIMATE","6068145","2020-05-10 08:00","2020","05","10","08:00","-2.6","","-5.8","","78","","0.0","","27","","7","","","","97.11","","","","-5","","NA"
"-80.80","46.63","SUDBURY CLIMATE","6068145","2020-05-10 09:00","2020","05","10","09:00","-1.8","","-6.0","","73","","0.0","","28","","8","","","","97.11","","","","-5","","NA"
"-80.80","46.63","SUDBURY CLIMATE","6068145","2020-05-10 10:00","2020","05","10","10:00","-1.5","","-5.7","","73","","0.0","","26","","5","","","","97.12","","","","-3","","NA"
"-80.80","46.63","SUDBURY CLIMATE","6068145","2020-05-10 11:00","2020","05","10","11:00","-1.1","","-5.2","","73","","0.0","","28","","4","","","","97.14","","","","-2","","NA"
"-80.80","46.63","SUDBURY CLIMATE","6068145","2020-05-10 12:00","2020","05","10","12:00","0.2","","-5.8","","64","","0.0","","27","","9","","","","97.12","","","","","","NA"
"-80.80","46.63","SUDBURY CLIMATE","6068145","2020-05-10 13:00","2020","05","10","13:00","0.7","","-6.2","","60","","0.0","","28","","12","","","","97.13","","","","","","NA"
"-80.80","46.63","SUDBURY CLIMATE","6068145","2020-05-10 14:00","2020","05","10","14:00","1.2","","-6.6","","56","","0.0","","31","","12","","","","97.12","","","","","","NA"
"-80.80","46.63","SUDBURY CLIMATE","6068145","2020-05-10 15:00","2020","05","10","15:00","1.5","","-6.1","","57","","0.0","","30","","16","","","","97.13","","","","","","NA"
"-80.80","46.63","SUDBURY CLIMATE","6068145","2020-05-10 16:00","2020","05","10","16:00","2.1","","-4.8","","60","","0.0","","32","","13","","","","97.14","","","","","","NA"
"-80.80","46.63","SUDBURY CLIMATE","6068145","2020-05-10 17:00","2020","05","10","17:00","2.7","","-4.8","","58","","0.0","","32","","10","","","","97.14","","","","","","NA"
"-80.80","46.63","SUDBURY CLIMATE","6068145","2020-05-10 18:00","2020","05","10","18:00","3.5","","-5.3","","52","","0.0","","31","","11","","","","97.12","","","","","","NA"
"-80.80","46.63","SUDBURY CLIMATE","6068145","2020-05-10 19:00","2020","05","10","19:00","4.4","","-5.4","","49","","0.0","","32","","11","","","","97.09","","","","","","NA"
"-80.80","46.63","SUDBURY CLIMATE","6068145","2020-05-10 20:00","2020","05","10","20:00","5.1","","-5.2","","47","","0.0","","32","","13","","","","97.07","","","","","","NA"
"-80.80","46.63","SUDBURY CLIMATE","6068145","2020-05-10 21:00","2020","05","10","21:00","5.2","","-4.4","","50","","0.0","","31","","14","","","","97.08","","","","","","NA"
"-80.80","46.63","SUDBURY CLIMATE","6068145","2020-05-10 22:00","2020","05","10","22:00","4.9","","-4.1","","52","","0.0","","33","","13","","","","97.10","","","","","","NA"
"-80.80","46.63","SUDBURY CLIMATE","6068145","2020-05-10 23:00","2020","05","10","23:00","4.6","","-4.2","","53","","0.0","","33","","13","","","","97.12","","","","","","NA"
"-80.80","46.63","SUDBURY CLIMATE","6068145","2020-05-11 00:00","2020","05","11","00:00","3.8","","-4.6","","54","","0.0","","35","","13","","","","97.15","","","","","","NA"
"-80.80","46.63","SUDBURY CLIMATE","6068145","2020-05-11 01:00","2020","05","11","01:00","2.7","","-5.0","","57","","0.0","","36","","16","","","","97.18","","","","","","NA"
"-80.80","46.63","SUDBURY CLIMATE","6068145","2020-05-11 02:00","2020","05","11","02:00","1.3","","-5.1","","62","","0.0","","1","","15","","","","97.24","","","","","","NA"
"-80.80","46.63","SUDBURY CLIMATE","6068145","2020-05-11 03:00","2020","05","11","03:00","0.1","","-5.7","","65","","0.0","","36","","15","","","","97.27","","","","","","NA"
"-80.80","46.63","SUDBURY CLIMATE","6068145","2020-05-11 04:00","2020","05","11","04:00","-0.7","","-6.3","","66","","0.0","","1","","21","","","","97.29","","","","-6","","NA"
"-80.80","46.63","SUDBURY CLIMATE","6068145","2020-05-11 05:00","2020","05","11","05:00","-1.0","","-7.1","","64","","0.0","","36","","17","","","","97.32","","","","-6","","NA"
"-80.80","46.63","SUDBURY CLIMATE","6068145","2020-05-11 06:00","2020","05","11","06:00","-1.6","","-6.3","","70","","0.0","","35","","16","","","","97.33","","","","-7","","NA"
"-80.80","46.63","SUDBURY CLIMATE","6068145","2020-05-11 07:00","2020","05","11","07:00","-2.1","","-6.3","","73","","0.0","","36","","15","","","","97.32","","","","-7","","NA"
"-80.80","46.63","SUDBURY CLIMATE","6068145","2020-05-11 08:00","2020","05","11","08:00","-2.7","","-7.4","","70","","0.0","","35","","16","","","","97.33","","","","-8","","NA"
"-80.80","46.63","SUDBURY CLIMATE","6068145","2020-05-11 09:00","2020","05","11","09:00","-3.2","","-7.7","","71","","0.0","","36","","14","","","","97.33","","","","-8","","NA"
"-80.80","46.63","SUDBURY CLIMATE","6068145","2020-05-11 10:00","2020","05","11","10:00","-3.6","","-8.0","","71","","0.0","","1","","18","","","","97.33","","","","-9","","NA"
"-80.80","46.63","SUDBURY CLIMATE","6068145","2020-05-11 11:00","2020","05","11","11:00","-3.5","","-7.9","","71","","0.0","","1","","15","","","","97.35","","","","-9","","NA"
"-80.80","46.63","SUDBURY CLIMATE","6068145","2020-05-11 12:00","2020","05","11","12:00","-3.4","","-8.6","","67","","0.0","","1","","18","","","","97.39","","","","-9","","NA"
"-80.80","46.63","SUDBURY CLIMATE","6068145","2020-05-11 13:00","2020","05","11","13:00","-3.4","","-8.6","","67","","0.0","","36","","16","","","","97.42","","","","-9","","NA"
"-80.80","46.63","SUDBURY CLIMATE","6068145","2020-05-11 14:00","2020","05","11","14:00","-3.2","","-8.5","","67","","0.0","","2","","16","","","","97.44","","","","-9","","NA"
"-80.80","46.63","SUDBURY CLIMATE","6068145","2020-05-11 15:00","2020","05","11","15:00","-2.6","","-8.5","","64","","0.0","","1","","15","","","","97.46","","","","-8","","NA"
"-80.80","46.63","SUDBURY CLIMATE","6068145","2020-05-11 16:00","2020","05","11","16:00","-1.3","","-8.9","","56","","0.0","","33","","11","","","","97.44","","","","-5","","NA"
"-80.80","46.63","SUDBURY CLIMATE","6068145","2020-05-11 17:00","2020","05","11","17:00","0.2","","-7.8","","55","","0.0","","4","","13","","","","97.39","","","","","","NA"
"-80.80","46.63","SUDBURY CLIMATE","6068145","2020-05-11 18:00","2020","05","11","18:00","1.4","","-9.7","","44","","0.0","","6","","7","","","","97.36","","","","","","NA"
"-80.80","46.63","SUDBURY CLIMATE","6068145","2020-05-11 19:00","2020","05","11","19:00","3.1","","-12.8","","30","","0.0","","32","","13","","","","97.35","","","","","","NA"
"-80.80","46.63","SUDBURY CLIMATE","6068145","2020-05-11 20:00","2020","05","11","20:00","4.1","","-13.2","","27","","0.0","","32","","14","","","","97.30","","","","","","NA"
"-80.80","46.63","SUDBURY CLIMATE","6068145","2020-05-11 21:00","2020","05","11","21:00","4.5","","-13.6","","25","","0.0","","32","","15","","","","97.28","","","","","","NA"
"-80.80","46.63","SUDBURY CLIMATE","6068145","2020-05-11 22:00","2020","05","11","22:00","5.0","","-14.1","","24","","0.0","","32","","9","","","","97.26","","","","","","NA"
"-80.80","46.63","SUDBURY CLIMATE","6068145","2020-05-11 23:00","2020","05","11","23:00","5.0","","-15.3","","22","","0.0","","32","","10","","","","97.25","","","","","","NA"
"-80.80","46.63","SUDBURY CLIMATE","6068145","2020-05-12 00:00","2020","05","12","00:00","4.2","","-16.3","","21","","0.0","","32","","8","","","","97.27","","","","","","NA"
"-80.80","46.63","SUDBURY CLIMATE","6068145","2020-05-12 01:00","2020","05","12","01:00","1.6","","-16.4","","25","","0.0","","33","","5","","","","97.28","","","","","","NA"
"-80.80","46.63","SUDBURY CLIMATE","6068145","2020-05-12 02:00","2020","05","12","02:00","-0.6","","-15.5","","32","","0.0","","36","","6","","","","97.30","","","","-3","","NA"
"-80.80","46.63","SUDBURY CLIMATE","6068145","2020-05-12 03:00","2020","05","12","03:00","-1.4","","-15.1","","34","","0.0","","1","","7","","","","97.30","","","","-4","","NA"
"-80.80","46.63","SUDBURY CLIMATE","6068145","2020-05-12 04:00","2020","05","12","04:00","-1.5","","-16.2","","32","","0.0","","1","","3","","","","97.30","","","","-3","","NA"
"-80.80","46.63","SUDBURY CLIMATE","6068145","2020-05-12 05:00","2020","05","12","05:00","-3.5","","-15.7","","38","","0.0","","36","","4","","","","97.29","","","","-5","","NA"
"-80.80","46.63","SUDBURY CLIMATE","6068145","2020-05-12 06:00","2020","05","12","06:00","-3.9","","-10.1","","62","","0.0","","30","","5","","","","97.31","","","","-6","","NA"
"-80.80","46.63","SUDBURY CLIMATE","6068145","2020-05-12 07:00","2020","05","12","07:00","-3.4","","-10.3","","59","","0.0","","32","","9","","","","97.30","","","","-7","","NA"
"-80.80","46.63","SUDBURY CLIMATE","6068145","2020-05-12 08:00","2020","05","12","08:00","-1.8","","-9.7","","55","","0.0","","32","","13","","","","97.30","","","","-6","","NA"
"-80.80","46.63","SUDBURY CLIMATE","6068145","2020-05-12 09:00","2020","05","12","09:00","-2.0","","-8.6","","60","","0.0","","32","","13","","","","97.34","","","","-6","","NA"
"-80.80","46.63","SUDBURY CLIMATE","6068145","2020-05-12 10:00","2020","05","12","10:00","-1.9","","-7.6","","65","","0.0","","32","","7","","","","97.37","","","","-5","","NA"
"-80.80","46.63","SUDBURY CLIMATE","6068145","2020-05-12 11:00","2020","05","12","11:00","-1.5","","-6.9","","66","","0.0","","31","","7","","","","97.41","","","","-4","","NA"
"-80.80","46.63","SUDBURY CLIMATE","6068145","2020-05-12 12:00","2020","05","12","12:00","-0.9","","-5.9","","69","","0.0","","30","","12","","","","97.47","","","","-5","","NA"
"-80.80","46.63","SUDBURY CLIMATE","6068145","2020-05-12 13:00","2020","05","12","13:00","0.9","","-5.7","","61","","0.0","","31","","11","","","","97.50","","","","","","NA"
"-80.80","46.63","SUDBURY CLIMATE","6068145","2020-05-12 14:00","2020","05","12","14:00","2.5","","-7.5","","48","","0.0","","1","","7","","","","97.51","","","","","","NA"
"-80.80","46.63","SUDBURY CLIMATE","6068145","2020-05-12 15:00","2020","05","12","15:00","1.8","","-7.4","","50","","0.0","","25","","12","","","","97.53","","","","","","NA"
"-80.80","46.63","SUDBURY CLIMATE","6068145","2020-05-12 16:00","2020","05","12","16:00","3.8","","-8.0","","42","","0.0","","16","","6","","","","97.54","","","","","","NA"
"-80.80","46.63","SUDBURY CLIMATE","6068145","2020-05-12 17:00","2020","05","12","17:00","3.6","","-8.8","","40","","0.0","","33","","11","","","","97.56","","","","","","NA"
"-80.80","46.63","SUDBURY CLIMATE","6068145","2020-05-12 18:00","2020","05","12","18:00","4.4","","-9.0","","37","","0.0","","36","","10","","","","97.59","","","","","","NA"
"-80.80","46.63","SUDBURY CLIMATE","6068145","2020-05-12 19:00","2020","05","12","19:00","4.7","","-10.6","","32","","0.0","","10","","5","","","","97.60","","","","","","NA"
"-80.80","46.63","SUDBURY CLIMATE","6068145","2020-05-12 20:00","2020","05","12","20:00","5.9","","-8.5","","35","","0.0","","3","","16","","","","97.61","","","","","","NA"
"-80.80","46.63","SUDBURY CLIMATE","6068145","2020-05-12 21:00","2020","05","12","21:00","6.4","","-12.4","","25","","0.0","","33","","7","","","","97.62","","","","","","NA"
"-80.80","46.63","SUDBURY CLIMATE","6068145","2020-05-12 22:00","2020","05","12","22:00","7.1","","-12.3","","24","","0.0","","30","","12","","","","97.65","","","","","","NA"
"-80.80","46.63","SUDBURY CLIMATE","6068145","2020-05-12 23:00","2020","05","12","23:00","7.3","","-11.8","","24","","0.0","","30","","11","","","","97.69","","","","","","NA"
"-80.80","46.63","SUDBURY CLIMATE","6068145","2020-05-13 00:00","2020","05","13","00:00","6.2","","-12.2","","25","","0.0","","32","","11","","","","97.74","","","","","","NA"
"-80.80","46.63","SUDBURY CLIMATE","6068145","2020-05-13 01:00","2020","05","13","01:00","4.2","","-11.5","","31","","0.0","","33","","7","","","","97.78","","","","","","NA"
"-80.80","46.63","SUDBURY CLIMATE","6068145","2020-05-13 02:00","2020","05","13","02:00","2.7","","-10.3","","38","","0.0","","34","","7","","","","97.86","","","","","","NA"
"-80.80","46.63","SUDBURY CLIMATE","6068145","2020-05-13 03:00","2020","05","13","03:00","2.1","","-9.6","","42","","0.0","","34","","8","","","","97.90","","","","","","NA"
"-80.80","46.63","SUDBURY CLIMATE","6068145","2020-05-13 04:00","2020","05","13","04:00","0.4","","-10.0","","46","","0.0","","29","","6","","","","97.95","","","","","","NA"
"-80.80","46.63","SUDBURY CLIMATE","6068145","2020-05-13 05:00","2020","05","13","05:00","-0.5","","-9.0","","53","","0.0","","30","","7","","","","98.01","","","","-3","","NA"
"-80.80","46.63","SUDBURY CLIMATE","6068145","2020-05-13 06:00","2020","05","13","06:00","-2.1","","-8.8","","60","","0.0","","28","","6","","","","98.06","","","","-4","","NA"
"-80.80","46.63","SUDBURY CLIMATE","6068145","2020-05-13 07:00","2020","05","13","07:00","-3.1","","-9.2","","63","","0.0","","29","","6","","","","98.10","","","","-6","","NA"
"-80.80","46.63","SUDBURY CLIMATE","6068145","2020-05-13 08:00","2020","05","13","08:00","-2.2","","-8.0","","64","","0.0","","28","","8","","","","98.16","","","","-5","","NA"
"-80.80","46.63","SUDBURY CLIMATE","6068145","2020-05-13 09:00","2020","05","13","09:00","-3.0","","-8.3","","67","","0.0","","29","","7","","","","98.20","","","","-6","","NA"
"-80.80","46.63","SUDBURY CLIMATE","6068145","2020-05-13 10:00","2020","05","13","10:00","-3.3","","-7.9","","71","","0.0","","30","","7","","","","98.27","","","","-6","","NA"
"-80.80","46.63","SUDBURY CLIMATE","6068145","2020-05-13 11:00","2020","05","13","11:00","-1.6","","-7.2","","65","","0.0","","30","","6","","","","98.34","","","","-4","","NA"
"-80.80","46.63","SUDBURY CLIMATE","6068145","2020-05-13 12:00","2020","05","13","12:00","0.9","","-5.8","","61","","0.0","","29","","7","","","","98.39","","","","","","NA"
"-80.80","46.63","SUDBURY CLIMATE","6068145","2020-05-13 13:00","2020","05","13","13:00","3.9","","-5.2","","51","","0.0","","26","","5","","","","98.42","","","","","","NA"
"-80.80","46.63","SUDBURY CLIMATE","6068145","2020-05-13 14:00","2020","05","13","14:00","7.0","","-8.0","","34","","0.0","","27","","10","","","","98.42","","","","","","NA"
"-80.80","46.63","SUDBURY CLIMATE","6068145","2020-05-13 15:00","2020","05","13","15:00","8.5","","-9.3","","27","","0.0","","31","","7","","","","98.43","","","","","","NA"
"-80.80","46.63","SUDBURY CLIMATE","6068145","2020-05-13 16:00","2020","05","13","16:00","9.9","","-6.9","","30","","0.0","","22","","12","","","","98.42","","","","","","NA"
"-80.80","46.63","SUDBURY CLIMATE","6068145","2020-05-13 17:00","2020","05","13","17:00","10.0","","-10.4","","23","","0.0","","26","","12","","","","98.37","","","","","","NA"
"-80.80","46.63","SUDBURY CLIMATE","6068145","2020-05-13 18:00","2020","05","13","18:00","11.0","","-9.1","","23","","0.0","","28","","10","","","","98.29","","","","","","NA"
"-80.80","46.63","SUDBURY CLIMATE","6068145","2020-05-13 19:00","2020","05","13","19:00","11.6","","-11.1","","19","","0.0","","23","","19","","","","98.25","","","","","","NA"
"-80.80","46.63","SUDBURY CLIMATE","6068145","2020-05-13 20:00","2020","05","13","20:00","12.5","","-10.0","","20","","0.0","","28","","8","","","","98.19","","","","","","NA"
"-80.80","46.63","SUDBURY CLIMATE","6068145","2020-05-13 21:00","2020","05","13","21:00","13.3","","-7.5","","23","","0.0","","21","","19","","","","98.18","","","","","","NA"
"-80.80","46.63","SUDBURY CLIMATE","6068145","2020-05-13 22:00","2020","05","13","22:00","12.2","","-5.9","","28","","0.0","","21","","28","","","","98.15","","","","","","NA"
"-80.80","46.63","SUDBURY CLIMATE","6068145","2020-05-13 23:00","2020","05","13","23:00","10.9","","-5.4","","31","","0.0","","22","","26","","","","98.18","","","","","","NA"
"-80.80","46.63","SUDBURY CLIMATE","6068145","2020-05-14 00:00","2020","05","14","00:00","9.1","","-5.4","","35","","0.0","","22","","24","","","","98.20","","","","","","NA"
"-80.80","46.63","SUDBURY CLIMATE","6068145","2020-05-14 01:00","2020","05","14","01:00","6.7","","-4.5","","45","","0.0","","23","","15","","","","98.20","","","","","","NA"
"-80.80","46.63","SUDBURY CLIMATE","6068145","2020-05-14 02:00","2020","05","14","02:00","5.1","","-4.5","","50","","0.0","","23","","14","","","","98.23","","","","","","NA"
"-80.80","46.63","SUDBURY CLIMATE","6068145","2020-05-14 03:00","2020","05","14","03:00","5.0","","-5.3","","47","","0.0","","24","","11","","","","98.20","","","","","","NA"
"-80.80","46.63","SUDBURY CLIMATE","6068145","2020-05-14 04:00","2020","05","14","04:00","3.2","","-4.9","","55","","0.0","","23","","13","","","","98.19","","","","","","NA"
"-80.80","46.63","SUDBURY CLIMATE","6068145","2020-05-14 05:00","2020","05","14","05:00","1.1","","-5.1","","63","","0.0","","22","","12","","","","98.13","","","","","","NA"
"-80.80","46.63","SUDBURY CLIMATE","6068145","2020-05-14 06:00","2020","05","14","06:00","0.2","","-5.3","","66","","0.0","","23","","12","","","","98.15","","","","","","NA"
"-80.80","46.63","SUDBURY CLIMATE","6068145","2020-05-14 07:00","2020","05","14","07:00","0.1","","-4.4","","71","","0.0","","23","","8","","","","98.14","","","","","","NA"
"-80.80","46.63","SUDBURY CLIMATE","6068145","2020-05-14 08:00","2020","05","14","08:00","-0.4","","-4.2","","75","","0.0","","18","","7","","","","98.10","","","","-3","","NA"
"-80.80","46.63","SUDBURY CLIMATE","6068145","2020-05-14 09:00","2020","05","14","09:00","0.2","","-4.0","","73","","0.0","","15","","8","","","","98.07","","","","","","NA"
"-80.80","46.63","SUDBURY CLIMATE","6068145","2020-05-14 10:00","2020","05","14","10:00","0.7","","-4.5","","68","","0.0","","14","","7","","","","98.06","","","","","","NA"
"-80.80","46.63","SUDBURY CLIMATE","6068145","2020-05-14 11:00","2020","05","14","11:00","1.4","","-5.0","","62","","0.0","","14","","9","","","","98.03","","","","","","NA"
"-80.80","46.63","SUDBURY CLIMATE","6068145","2020-05-14 12:00","2020","05","14","12:00","1.9","","-4.2","","64","","0.0","","16","","9","","","","98.04","","","","","","NA"
"-80.80","46.63","SUDBURY CLIMATE","6068145","2020-05-14 13:00","2020","05","14","13:00","3.6","","-2.7","","64","","0.0","","18","","12","","","","98.02","","","","","","NA"
"-80.80","46.63","SUDBURY CLIMATE","6068145","2020-05-14 14:00","2020","05","14","14:00","4.9","","-3.2","","56","","0.0","","14","","8","","","","97.95","","","","","","NA"
"-80.80","46.63","SUDBURY CLIMATE","6068145","2020-05-14 15:00","2020","05","14","15:00","6.7","","-3.4","","48","","0.0","","17","","14","","","","97.83","","","","","","NA"
"-80.80","46.63","SUDBURY CLIMATE","6068145","2020-05-14 16:00","2020","05","14","16:00","8.6","","-3.2","","43","","0.0","","16","","16","","","","97.72","","","","","","NA"
"-80.80","46.63","SUDBURY CLIMATE","6068145","2020-05-14 17:00","2020","05","14","17:00","9.7","","-4.7","","36","","0.0","","13","","14","","","","97.60","","","","","","NA"
"-80.80","46.63","SUDBURY CLIMATE","6068145","2020-05-14 18:00","2020","05","14","18:00","10.5","","-4.0","","36","","0.0","","14","","21","","","","97.46","","","","","","NA"
"-80.80","46.63","SUDBURY CLIMATE","6068145","2020-05-14 19:00","2020","05","14","19:00","10.0","","-2.4","","42","","0.0","","14","","18","","","","97.36","","","","","","NA"
"-80.80","46.63","SUDBURY CLIMATE","6068145","2020-05-14 20:00","2020","05","14","20:00","10.0","","-2.2","","42","","0.0","","11","","15","","","","97.25","","","","","","NA"
"-80.80","46.63","SUDBURY CLIMATE","6068145","2020-05-14 21:00","2020","05","14","21:00","10.7","","-1.6","","42","","0.0","","10","","16","","","","97.16","","","","","","NA"
"-80.80","46.63","SUDBURY CLIMATE","6068145","2020-05-14 22:00","2020","05","14","22:00","10.8","","-2.0","","41","","0.0","","10","","14","","","","97.07","","","","","","NA"
"-80.80","46.63","SUDBURY CLIMATE","6068145","2020-05-14 23:00","2020","05","14","23:00","10.4","","-0.1","","48","","0.0","","12","","11","","","","97.01","","","","","","NA"
"-80.80","46.63","SUDBURY CLIMATE","6068145","2020-05-15 00:00","2020","05","15","00:00","7.9","","6.5","","91","","0.0","","19","","10","","","","97.04","","","","","","NA"
"-80.80","46.63","SUDBURY CLIMATE","6068145","2020-05-15 01:00","2020","05","15","01:00","7.4","","6.9","","97","","1.7","","14","","15","","","","96.99","","","","","","NA"
"-80.80","46.63","SUDBURY CLIMATE","6068145","2020-05-15 02:00","2020","05","15","02:00","7.3","","7.0","","97","","0.2","","13","","14","","","","96.99","","","","","","NA"
"-80.80","46.63","SUDBURY CLIMATE","6068145","2020-05-15 03:00","2020","05","15","03:00","7.3","","7.1","","99","","0.0","","15","","12","","","","96.93","","","","","","NA"
"-80.80","46.63","SUDBURY CLIMATE","6068145","2020-05-15 04:00","2020","05","15","04:00","7.4","","7.3","","99","","0.2","","16","","12","","","","96.91","","","","","","NA"
"-80.80","46.63","SUDBURY CLIMATE","6068145","2020-05-15 05:00","2020","05","15","05:00","7.1","","7.0","","99","","0.0","","22","","11","","","","96.89","","","","","","NA"
"-80.80","46.63","SUDBURY CLIMATE","6068145","2020-05-15 06:00","2020","05","15","06:00","6.8","","6.8","","100","","0.0","","23","","8","","","","96.84","","","","","","NA"
"-80.80","46.63","SUDBURY CLIMATE","6068145","2020-05-15 07:00","2020","05","15","07:00","6.6","","6.6","","100","","0.0","","25","","6","","","","96.81","","","","","","NA"
"-80.80","46.63","SUDBURY CLIMATE","6068145","2020-05-15 08:00","2020","05","15","08:00","6.4","","6.4","","100","","0.0","","27","","7","","","","96.85","","","","","","NA"
"-80.80","46.63","SUDBURY CLIMATE","6068145","2020-05-15 09:00","2020","05","15","09:00","6.3","","6.3","","100","","0.0","","29","","4","","","","96.83","","","","","","NA"
"-80.80","46.63","SUDBURY CLIMATE","6068145","2020-05-15 10:00","2020","05","15","10:00","6.3","","6.3","","100","","0.0","","25","","4","","","","96.89","","","","","","NA"
"-80.80","46.63","SUDBURY CLIMATE","6068145","2020-05-15 11:00","2020","05","15","11:00","6.4","","6.4","","100","","0.0","","27","","3","","","","96.89","","","","","","NA"
"-80.80","46.63","SUDBURY CLIMATE","6068145","2020-05-15 12:00","2020","05","15","12:00","6.6","","6.5","","100","","0.0","","30","","3","","","","96.91","","","","","","NA"
"-80.80","46.63","SUDBURY CLIMATE","6068145","2020-05-15 13:00","2020","05","15","13:00","6.9","","6.1","","95","","0.0","","27","","3","","","","96.95","","","","","","NA"
"-80.80","46.63","SUDBURY CLIMATE","6068145","2020-05-15 14:00","2020","05","15","14:00","7.1","","6.3","","94","","0.0","","5","","2","","","","96.89","","","","","","NA"
"-80.80","46.63","SUDBURY CLIMATE","6068145","2020-05-15 15:00","2020","05","15","15:00","7.3","","6.3","","93","","0.0","","2","","4","","","","96.93","","","","","","NA"
"-80.80","46.63","SUDBURY CLIMATE","6068145","2020-05-15 16:00","2020","05","15","16:00","7.8","","6.6","","92","","0.0","","5","","1","","","","96.93","","","","","","NA"
"-80.80","46.63","SUDBURY CLIMATE","6068145","2020-05-15 17:00","2020","05","15","17:00","9.8","","6.8","","81","","0.0","","32","","3","","","","96.90","","","","","","NA"
"-80.80","46.63","SUDBURY CLIMATE","6068145","2020-05-15 18:00","2020","05","15","18:00","12.9","","7.3","","69","","0.0","","26","","7","","","","96.86","","","","","","NA"
"-80.80","46.63","SUDBURY CLIMATE","6068145","2020-05-15 19:00","2020","05","15","19:00","14.1","","7.9","","66","","0.0","","27","","6","","","","96.87","","","","","","NA"
"-80.80","46.63","SUDBURY CLIMATE","6068145","2020-05-15 20:00","2020","05","15","20:00","14.4","","8.1","","66","","0.0","","6","","7","","","","96.91","","","","","","NA"
"-80.80","46.63","SUDBURY CLIMATE","6068145","2020-05-15 21:00","2020","05","15","21:00","15.0","","7.2","","59","","0.0","","30","","13","","","","96.96","","","","","","NA"
"-80.80","46.63","SUDBURY CLIMATE","6068145","2020-05-15 22:00","2020","05","15","22:00","14.6","","7.3","","62","","0.0","","33","","19","","","","97.03","","","","","","NA"
"-80.80","46.63","SUDBURY CLIMATE","6068145","2020-05-15 23:00","2020","05","15","23:00","13.7","","6.6","","62","","0.0","","34","","17","","","","97.10","","","","","","NA"
"-80.80","46.63","SUDBURY CLIMATE","6068145","2020-05-16 00:00","2020","05","16","00:00","12.6","","6.1","","65","","0.0","","33","","13","","","","97.20","","","","","","NA"
"-80.80","46.63","SUDBURY CLIMATE","6068145","2020-05-16 01:00","2020","05","16","01:00","11.1","","6.3","","72","","0.0","","33","","11","","","","97.31","","","","","","NA"
"-80.80","46.63","SUDBURY CLIMATE","6068145","2020-05-16 02:00","2020","05","16","02:00","10.8","","6.4","","74","","0.0","","34","","13","","","","97.42","","","","","","NA"
"-80.80","46.63","SUDBURY CLIMATE","6068145","2020-05-16 03:00","2020","05","16","03:00","9.8","","5.9","","77","","0.0","","35","","14","","","","97.52","","","","","","NA"
"-80.80","46.63","SUDBURY CLIMATE","6068145","2020-05-16 04:00","2020","05","16","04:00","8.7","","5.0","","78","","0.0","","1","","20","","","","97.54","","","","","","NA"
"-80.80","46.63","SUDBURY CLIMATE","6068145","2020-05-16 05:00","2020","05","16","05:00","8.2","","5.1","","80","","0.0","","34","","12","","","","97.64","","","","","","NA"
"-80.80","46.63","SUDBURY CLIMATE","6068145","2020-05-16 06:00","2020","05","16","06:00","7.5","","4.8","","83","","0.0","","36","","14","","","","97.70","","","","","","NA"
"-80.80","46.63","SUDBURY CLIMATE","6068145","2020-05-16 07:00","2020","05","16","07:00","7.3","","4.8","","85","","0.0","","34","","9","","","","97.78","","","","","","NA"
"-80.80","46.63","SUDBURY CLIMATE","6068145","2020-05-16 08:00","2020","05","16","08:00","7.1","","4.3","","82","","0.0","","34","","9","","","","97.89","","","","","","NA"
"-80.80","46.63","SUDBURY CLIMATE","6068145","2020-05-16 09:00","2020","05","16","09:00","5.7","","5.0","","95","","0.0","","1","","10","","","","97.92","","","","","","NA"
"-80.80","46.63","SUDBURY CLIMATE","6068145","2020-05-16 10:00","2020","05","16","10:00","5.6","","4.4","","92","","0.0","","36","","11","","","","97.98","","","","","","NA"
"-80.80","46.63","SUDBURY CLIMATE","6068145","2020-05-16 11:00","2020","05","16","11:00","5.7","","3.3","","84","","0.0","","36","","9","","","","98.06","","","","","","NA"
"-80.80","46.63","SUDBURY CLIMATE","6068145","2020-05-16 12:00","2020","05","16","12:00","5.6","","3.1","","84","","0.0","","1","","14","","","","98.16","","","","","","NA"
"-80.80","46.63","SUDBURY CLIMATE","6068145","2020-05-16 13:00","2020","05","16","13:00","5.7","","3.2","","84","","0.0","","1","","13","","","","98.21","","","","","","NA"
"-80.80","46.63","SUDBURY CLIMATE","6068145","2020-05-16 14:00","2020","05","16","14:00","5.9","","3.3","","83","","0.0","","2","","13","","","","98.26","","","","","","NA"
"-80.80","46.63","SUDBURY CLIMATE","6068145","2020-05-16 15:00","2020","05","16","15:00","6.5","","2.7","","77","","0.0","","2","","13","","","","98.32","","","","","","NA"
"-80.80","46.63","SUDBURY CLIMATE","6068145","2020-05-16 16:00","2020","05","16","16:00","7.2","","2.6","","73","","0.0","","2","","15","","","","98.36","","","","","","NA"
"-80.80","46.63","SUDBURY CLIMATE","6068145","2020-05-16 17:00","2020","05","16","17:00","7.7","","3.2","","73","","0.0","","4","","11","","","","98.39","","","","","","NA"
"-80.80","46.63","SUDBURY CLIMATE","6068145","2020-05-16 18:00","2020","05","16","18:00","8.1","","3.2","","71","","0.0","","3","","14","","","","98.37","","","","","","NA"
"-80.80","46.63","SUDBURY CLIMATE","6068145","2020-05-16 19:00","2020","05","16","19:00","8.6","","3.5","","70","","0.0","","3","","14","","","","98.36","","","","","","NA"
"-80.80","46.63","SUDBURY CLIMATE","6068145","2020-05-16 20:00","2020","05","16","20:00","9.9","","3.1","","63","","0.0","","3","","12","","","","98.32","","","","","","NA"
"-80.80","46.63","SUDBURY CLIMATE","6068145","2020-05-16 21:00","2020","05","16","21:00","11.2","","3.7","","60","","0.0","","1","","15","","","","98.27","","","","","","NA"
"-80.80","46.63","SUDBURY CLIMATE","6068145","2020-05-16 22:00","2020","05","16","22:00","11.6","","3.3","","57","","0.0","","3","","15","","","","98.28","","","","","","NA"
"-80.80","46.63","SUDBURY CLIMATE","6068145","2020-05-16 23:00","2020","05","16","23:00","12.1","","3.6","","56","","0.0","","3","","12","","","","98.28","","","","","","NA"
"-80.80","46.63","SUDBURY CLIMATE","6068145","2020-05-17 00:00","2020","05","17","00:00","11.6","","3.3","","57","","0.0","","6","","14","","","","98.24","","","","","","NA"
"-80.80","46.63","SUDBURY CLIMATE","6068145","2020-05-17 01:00","2020","05","17","01:00","9.4","","3.1","","65","","0.0","","11","","7","","","","98.29","","","","","","NA"
"-80.80","46.63","SUDBURY CLIMATE","6068145","2020-05-17 02:00","2020","05","17","02:00","8.0","","3.2","","72","","0.0","","10","","10","","","","98.33","","","","","","NA"
"-80.80","46.63","SUDBURY CLIMATE","6068145","2020-05-17 03:00","2020","05","17","03:00","7.7","","2.9","","72","","0.0","","11","","8","","","","98.35","","","","","","NA"
"-80.80","46.63","SUDBURY CLIMATE","6068145","2020-05-17 04:00","2020","05","17","04:00","7.1","","3.0","","75","","0.0","","10","","7","","","","98.37","","","","","","NA"
"-80.80","46.63","SUDBURY CLIMATE","6068145","2020-05-17 05:00","2020","05","17","05:00","5.0","","3.1","","87","","0.0","","4","","11","","","","98.34","","","","","","NA"
"-80.80","46.63","SUDBURY CLIMATE","6068145","2020-05-17 06:00","2020","05","17","06:00","4.0","","2.7","","91","","0.0","","3","","10","","","","98.33","","","","","","NA"
"-80.80","46.63","SUDBURY CLIMATE","6068145","2020-05-17 07:00","2020","05","17","07:00","4.0","","2.8","","92","","0.0","","8","","10","","","","98.32","","","","","","NA"
"-80.80","46.63","SUDBURY CLIMATE","6068145","2020-05-17 08:00","2020","05","17","08:00","3.6","","2.5","","92","","0.0","","3","","10","","","","98.35","","","","","","NA"
"-80.80","46.63","SUDBURY CLIMATE","6068145","2020-05-17 09:00","2020","05","17","09:00","2.9","","2.3","","96","","0.0","","4","","9","","","","98.37","","","","","","NA"
"-80.80","46.63","SUDBURY CLIMATE","6068145","2020-05-17 10:00","2020","05","17","10:00","3.1","","2.6","","97","","0.0","","3","","8","","","","98.41","","","","","","NA"
"-80.80","46.63","SUDBURY CLIMATE","6068145","2020-05-17 11:00","2020","05","17","11:00","4.3","","3.5","","95","","0.0","","5","","9","","","","98.42","","","","","","NA"
"-80.80","46.63","SUDBURY CLIMATE","6068145","2020-05-17 12:00","2020","05","17","12:00","5.4","","3.8","","90","","0.0","","4","","12","","","","98.44","","","","","","NA"
"-80.80","46.63","SUDBURY CLIMATE","6068145","2020-05-17 13:00","2020","05","17","13:00","8.7","","4.2","","73","","0.0","","3","","12","","","","98.44","","","","","","NA"
"-80.80","46.63","SUDBURY CLIMATE","6068145","2020-05-17 14:00","2020","05","17","14:00","12.7","","4.5","","57","","0.0","","8","","16","","","","98.39","","","","","","NA"
"-80.80","46.63","SUDBURY CLIMATE","6068145","2020-05-17 15:00","2020","05","17","15:00","14.4","","4.7","","52","","0.0","","8","","9","","","","98.38","","","","","","NA"
"-80.80","46.63","SUDBURY CLIMATE","6068145","2020-05-17 16:00","2020","05","17","16:00","15.7","","4.0","","46","","0.0","","4","","13","","","","98.34","","","","","","NA"
"-80.80","46.63","SUDBURY CLIMATE","6068145","2020-05-17 17:00","2020","05","17","17:00","17.6","","3.5","","39","","0.0","","3","","14","","","","98.29","","","","","","NA"
"-80.80","46.63","SUDBURY CLIMATE","6068145","2020-05-17 18:00","2020","05","17","18:00","18.1","","2.7","","36","","0.0","","2","","16","","","","98.25","","","","","","NA"
"-80.80","46.63","SUDBURY CLIMATE","6068145","2020-05-17 19:00","2020","05","17","19:00","19.2","","4.2","","37","","0.0","","5","","15","","","","98.19","","","","","","NA"
"-80.80","46.63","SUDBURY CLIMATE","6068145","2020-05-17 20:00","2020","05","17","20:00","19.3","","2.8","","33","","0.0","","5","","19","","","","98.17","","","","","","NA"
"-80.80","46.63","SUDBURY CLIMATE","6068145","2020-05-17 21:00","2020","05","17","21:00","18.9","","3.0","","35","","0.0","","4","","18","","","","98.14","","","","","","NA"
"-80.80","46.63","SUDBURY CLIMATE","6068145","2020-05-17 22:00","2020","05","17","22:00","17.9","","3.0","","37","","0.0","","3","","18","","","","98.10","","","","","","NA"
"-80.80","46.63","SUDBURY CLIMATE","6068145","2020-05-17 23:00","2020","05","17","23:00","17.2","","3.3","","39","","0.0","","4","","18","","","","98.08","","","","","","NA"
"-80.80","46.63","SUDBURY CLIMATE","6068145","2020-05-18 00:00","2020","05","18","00:00","16.4","","3.2","","41","","0.0","","5","","15","","","","98.11","","","","","","NA"
"-80.80","46.63","SUDBURY CLIMATE","6068145","2020-05-18 01:00","2020","05","18","01:00","14.9","","3.4","","46","","0.0","","5","","12","","","","98.12","","","","","","NA"
"-80.80","46.63","SUDBURY CLIMATE","6068145","2020-05-18 02:00","2020","05","18","02:00","14.7","","3.4","","47","","0.0","","5","","14","","","","98.14","","","","","","NA"
"-80.80","46.63","SUDBURY CLIMATE","6068145","2020-05-18 03:00","2020","05","18","03:00","13.5","","3.5","","51","","0.0","","4","","13","","","","98.15","","","","","","NA"
"-80.80","46.63","SUDBURY CLIMATE","6068145","2020-05-18 04:00","2020","05","18","04:00","12.9","","3.8","","54","","0.0","","4","","14","","","","98.17","","","","","","NA"
"-80.80","46.63","SUDBURY CLIMATE","6068145","2020-05-18 05:00","2020","05","18","05:00","12.1","","4.3","","59","","0.0","","4","","16","","","","98.17","","","","","","NA"
"-80.80","46.63","SUDBURY CLIMATE","6068145","2020-05-18 06:00","2020","05","18","06:00","11.8","","3.9","","58","","0.0","","6","","20","","","","98.17","","","","","","NA"
"-80.80","46.63","SUDBURY CLIMATE","6068145","2020-05-18 07:00","2020","05","18","07:00","10.5","","3.5","","62","","0.0","","4","","17","","","","98.17","","","","","","NA"
"-80.80","46.63","SUDBURY CLIMATE","6068145","2020-05-18 08:00","2020","05","18","08:00","9.2","","2.5","","63","","0.0","","3","","15","","","","98.16","","","","","","NA"
"-80.80","46.63","SUDBURY CLIMATE","6068145","2020-05-18 09:00","2020","05","18","09:00","8.5","","0.9","","59","","0.0","","3","","18","","","","98.18","","","","","","NA"
"-80.80","46.63","SUDBURY CLIMATE","6068145","2020-05-18 10:00","2020","05","18","10:00","8.2","","-1.3","","51","","0.0","","3","","21","","","","98.23","","","","","","NA"
"-80.80","46.63","SUDBURY CLIMATE","6068145","2020-05-18 11:00","2020","05","18","11:00","8.1","","-2.5","","47","","0.0","","4","","20","","","","98.27","","","","","","NA"
"-80.80","46.63","SUDBURY CLIMATE","6068145","2020-05-18 12:00","2020","05","18","12:00","9.0","","-3.1","","42","","0.0","","4","","22","","","","98.29","","","","","","NA"
"-80.80","46.63","SUDBURY CLIMATE","6068145","2020-05-18 13:00","2020","05","18","13:00","10.5","","-3.5","","37","","0.0","","4","","23","","","","98.31","","","","","","NA"
"-80.80","46.63","SUDBURY CLIMATE","6068145","2020-05-18 14:00","2020","05","18","14:00","12.4","","-3.3","","33","","0.0","","3","","21","","","","98.34","","","","","","NA"
"-80.80","46.63","SUDBURY CLIMATE","6068145","2020-05-18 15:00","2020","05","18","15:00","12.5","","-3.1","","34","","0.0","","4","","23","","","","98.33","","","","","","NA"
"-80.80","46.63","SUDBURY CLIMATE","6068145","2020-05-18 16:00","2020","05","18","16:00","13.0","","-5.4","","27","","0.0","","3","","25","","","","98.31","","","","","","NA"
"-80.80","46.63","SUDBURY CLIMATE","6068145","2020-05-18 17:00","2020","05","18","17:00","13.7","","-6.9","","23","","0.0","","4","","29","","","","98.28","","","","","","NA"
"-80.80","46.63","SUDBURY CLIMATE","6068145","2020-05-18 18:00","2020","05","18","18:00","15.1","","-6.0","","23","","0.0","","4","","28","","","","98.26","","","","","","NA"
"-80.80","46.63","SUDBURY CLIMATE","6068145","2020-05-18 19:00","2020","05","18","19:00","16.4","","-5.9","","21","","0.0","","5","","32","","","","98.21","","","","","","NA"
"-80.80","46.63","SUDBURY CLIMATE","6068145","2020-05-18 20:00","2020","05","18","20:00","16.2","","-6.0","","21","","0.0","","4","","26","","","","98.19","","","","","","NA"
"-80.80","46.63","SUDBURY CLIMATE","6068145","2020-05-18 21:00","2020","05","18","21:00","16.4","","-5.9","","21","","0.0","","5","","28","","","","98.20","","","","","","NA"
"-80.80","46.63","SUDBURY CLIMATE","6068145","2020-05-18 22:00","2020","05","18","22:00","16.4","","-7.5","","19","","0.0","","5","","26","","","","98.21","","","","","","NA"
"-80.80","46.63","SUDBURY CLIMATE","6068145","2020-05-18 23:00","2020","05","18","23:00","16.0","","-7.8","","19","","0.0","","6","","29","","","","98.24","","","","","","NA"
"-80.80","46.63","SUDBURY CLIMATE","6068145","2020-05-19 00:00","2020","05","19","00:00","14.9","","-7.8","","20","","0.0","","6","","27","","","","98.24","","","","","","NA"
"-80.80","46.63","SUDBURY CLIMATE","6068145","2020-05-19 01:00","2020","05","19","01:00","12.9","","-4.8","","29","","0.0","","4","","18","","","","98.25","","","","","","NA"
"-80.80","46.63","SUDBURY CLIMATE","6068145","2020-05-19 02:00","2020","05","19","02:00","11.4","","-3.7","","35","","0.0","","4","","16","","","","98.31","","","","","","NA"
"-80.80","46.63","SUDBURY CLIMATE","6068145","2020-05-19 03:00","2020","05","19","03:00","10.2","","-2.6","","41","","0.0","","4","","18","","","","98.33","","","","","","NA"
"-80.80","46.63","SUDBURY CLIMATE","6068145","2020-05-19 04:00","2020","05","19","04:00","11.0","","-4.5","","34","","0.0","","5","","20","","","","98.36","","","","","","NA"
"-80.80","46.63","SUDBURY CLIMATE","6068145","2020-05-19 05:00","2020","05","19","05:00","10.7","","-4.7","","34","","0.0","","5","","21","","","","98.38","","","","","","NA"
"-80.80","46.63","SUDBURY CLIMATE","6068145","2020-05-19 06:00","2020","05","19","06:00","10.1","","-5.4","","33","","0.0","","6","","20","","","","98.39","","","","","","NA"
"-80.80","46.63","SUDBURY CLIMATE","6068145","2020-05-19 07:00","2020","05","19","07:00","9.3","","-5.3","","35","","0.0","","6","","20","","","","98.39","","","","","","NA"
"-80.80","46.63","SUDBURY CLIMATE","6068145","2020-05-19 08:00","2020","05","19","08:00","8.5","","-5.3","","37","","0.0","","5","","20","","","","98.41","","","","","","NA"
"-80.80","46.63","SUDBURY CLIMATE","6068145","2020-05-19 09:00","2020","05","19","09:00","8.0","","-5.2","","39","","0.0","","5","","20","","","","98.43","","","","","","NA"
"-80.80","46.63","SUDBURY CLIMATE","6068145","2020-05-19 10:00","2020","05","19","10:00","7.5","","-5.2","","40","","0.0","","5","","21","","","","98.47","","","","","","NA"
"-80.80","46.63","SUDBURY CLIMATE","6068145","2020-05-19 11:00","2020","05","19","11:00","7.9","","-5.4","","39","","0.0","","5","","23","","","","98.52","","","","","","NA"
"-80.80","46.63","SUDBURY CLIMATE","6068145","2020-05-19 12:00","2020","05","19","12:00","8.4","","-5.6","","37","","0.0","","6","","23","","","","98.54","","","","","","NA"
"-80.80","46.63","SUDBURY CLIMATE","6068145","2020-05-19 13:00","2020","05","19","13:00","9.7","","-5.1","","35","","0.0","","7","","18","","","","98.59","","","","","","NA"
"-80.80","46.63","SUDBURY CLIMATE","6068145","2020-05-19 14:00","2020","05","19","14:00","11.6","","-4.8","","31","","0.0","","8","","20","","","","98.60","","","","","","NA"
"-80.80","46.63","SUDBURY CLIMATE","6068145","2020-05-19 15:00","2020","05","19","15:00","12.9","","-4.4","","30","","0.0","","8","","23","","","","98.58","","","","","","NA"
"-80.80","46.63","SUDBURY CLIMATE","6068145","2020-05-19 16:00","2020","05","19","16:00","14.4","","-4.0","","28","","0.0","","9","","18","","","","98.58","","","","","","NA"
"-80.80","46.63","SUDBURY CLIMATE","6068145","2020-05-19 17:00","2020","05","19","17:00","15.0","","-3.5","","28","","0.0","","3","","19","","","","98.56","","","","","","NA"
"-80.80","46.63","SUDBURY CLIMATE","6068145","2020-05-19 18:00","2020","05","19","18:00","16.0","","-3.8","","25","","0.0","","5","","23","","","","98.54","","","","","","NA"
"-80.80","46.63","SUDBURY CLIMATE","6068145","2020-05-19 19:00","2020","05","19","19:00","17.2","","-5.1","","21","","0.0","","7","","21","","","","98.50","","","","","","NA"
"-80.80","46.63","SUDBURY CLIMATE","6068145","2020-05-19 20:00","2020","05","19","20:00","17.3","","-5.3","","21","","0.0","","6","","17","","","","98.46","","","","","","NA"
"-80.80","46.63","SUDBURY CLIMATE","6068145","2020-05-19 21:00","2020","05","19","21:00","18.2","","-3.4","","23","","0.0","","9","","14","","","","98.41","","","","","","NA"
"-80.80","46.63","SUDBURY CLIMATE","6068145","2020-05-19 22:00","2020","05","19","22:00","18.0","","-4.8","","21","","0.0","","6","","17","","","","98.39","","","","","","NA"
"-80.80","46.63","SUDBURY CLIMATE","6068145","2020-05-19 23:00","2020","05","19","23:00","18.1","","-6.2","","19","","0.0","","9","","14","","","","98.41","","","","","","NA"
"-80.80","46.63","SUDBURY CLIMATE","6068145","2020-05-20 00:00","2020","05","20","00:00","17.2","","-6.1","","20","","0.0","","9","","11","","","","98.46","","","","","","NA"
"-80.80","46.63","SUDBURY CLIMATE","6068145","2020-05-20 01:00","2020","05","20","01:00","14.4","","-5.6","","25","","0.0","","9","","8","","","","98.48","","","","","","NA"
"-80.80","46.63","SUDBURY CLIMATE","6068145","2020-05-20 02:00","2020","05","20","02:00","11.1","","-6.2","","29","","0.0","","7","","8","","","","98.51","","","","","","NA"
"-80.80","46.63","SUDBURY CLIMATE","6068145","2020-05-20 03:00","2020","05","20","03:00","11.4","","-4.4","","33","","0.0","","8","","10","","","","98.49","","","","","","NA"
"-80.80","46.63","SUDBURY CLIMATE","6068145","2020-05-20 04:00","2020","05","20","04:00","8.9","","-3.4","","42","","0.0","","5","","12","","","","98.51","","","","","","NA"
"-80.80","46.63","SUDBURY CLIMATE","6068145","2020-05-20 05:00","2020","05","20","05:00","9.0","","-2.8","","43","","0.0","","7","","11","","","","98.51","","","","","","NA"
"-80.80","46.63","SUDBURY CLIMATE","6068145","2020-05-20 06:00","2020","05","20","06:00","7.8","","-3.5","","45","","0.0","","8","","11","","","","98.48","","","","","","NA"
"-80.80","46.63","SUDBURY CLIMATE","6068145","2020-05-20 07:00","2020","05","20","07:00","7.3","","-3.7","","45","","0.0","","8","","11","","","","98.48","","","","","","NA"
"-80.80","46.63","SUDBURY CLIMATE","6068145","2020-05-20 08:00","2020","05","20","08:00","7.9","","-3.6","","44","","0.0","","9","","10","","","","98.49","","","","","","NA"
"-80.80","46.63","SUDBURY CLIMATE","6068145","2020-05-20 09:00","2020","05","20","09:00","5.9","","-2.3","","56","","0.0","","9","","11","","","","98.51","","","","","","NA"
"-80.80","46.63","SUDBURY CLIMATE","6068145","2020-05-20 10:00","2020","05","20","10:00","5.5","","-2.6","","56","","0.0","","8","","12","","","","98.54","","","","","","NA"
"-80.80","46.63","SUDBURY CLIMATE","6068145","2020-05-20 11:00","2020","05","20","11:00","7.8","","1.0","","62","","0.0","","8","","11","","","","98.58","","","","","","NA"
"-80.80","46.63","SUDBURY CLIMATE","6068145","2020-05-20 12:00","2020","05","20","12:00","11.0","","1.2","","51","","0.0","","7","","10","","","","98.61","","","","","","NA"
"-80.80","46.63","SUDBURY CLIMATE","6068145","2020-05-20 13:00","2020","05","20","13:00","14.5","","1.2","","40","","0.0","","15","","8","","","","98.67","","","","","","NA"
"-80.80","46.63","SUDBURY CLIMATE","6068145","2020-05-20 14:00","2020","05","20","14:00","16.3","","1.3","","36","","0.0","","16","","8","","","","98.66","","","","","","NA"
"-80.80","46.63","SUDBURY CLIMATE","6068145","2020-05-20 15:00","2020","05","20","15:00","19.7","","1.8","","30","","0.0","","16","","8","","","","98.63","","","","","","NA"
"-80.80","46.63","SUDBURY CLIMATE","6068145","2020-05-20 16:00","2020","05","20","16:00","20.4","","1.6","","29","","0.0","","16","","8","","","","98.62","","","","","","NA"
"-80.80","46.63","SUDBURY CLIMATE","6068145","2020-05-20 17:00","2020","05","20","17:00","21.9","","2.8","","28","","0.0","","16","","14","","","","98.59","","","","","","NA"
"-80.80","46.63","SUDBURY CLIMATE","6068145","2020-05-20 18:00","2020","05","20","18:00","22.7","","3.4","","28","","0.0","","21","","20","","","","98.56","","","","","","NA"
"-80.80","46.63","SUDBURY CLIMATE","6068145","2020-05-20 19:00","2020","05","20","19:00","22.4","","2.4","","27","","0.0","","19","","19","","","","98.51","","","","","","NA"
"-80.80","46.63","SUDBURY CLIMATE","6068145","2020-05-20 20:00","2020","05","20","20:00","22.1","","1.9","","26","","0.0","","21","","22","","","","98.46","","","","","","NA"
"-80.80","46.63","SUDBURY CLIMATE","6068145","2020-05-20 21:00","2020","05","20","21:00","22.5","","2.0","","26","","0.0","","19","","20","","","","98.43","","","","","","NA"
"-80.80","46.63","SUDBURY CLIMATE","6068145","2020-05-20 22:00","2020","05","20","22:00","22.4","","2.0","","26","","0.0","","22","","18","","","","98.37","","","","","","NA"
"-80.80","46.63","SUDBURY CLIMATE","6068145","2020-05-20 23:00","2020","05","20","23:00","21.5","","1.8","","27","","0.0","","22","","18","","","","98.33","","","","","","NA"
"-80.80","46.63","SUDBURY CLIMATE","6068145","2020-05-21 00:00","2020","05","21","00:00","20.0","","1.1","","28","","0.0","","20","","19","","","","98.33","","","","","","NA"
"-80.80","46.63","SUDBURY CLIMATE","6068145","2020-05-21 01:00","2020","05","21","01:00","16.6","","1.2","","35","","0.0","","23","","11","","","","98.35","","","","","","NA"
"-80.80","46.63","SUDBURY CLIMATE","6068145","2020-05-21 02:00","2020","05","21","02:00","13.3","","0.9","","43","","0.0","","22","","12","","","","98.36","","","","","","NA"
"-80.80","46.63","SUDBURY CLIMATE","6068145","2020-05-21 03:00","2020","05","21","03:00","11.8","","0.2","","45","","0.0","","23","","9","","","","98.38","","","","","","NA"
"-80.80","46.63","SUDBURY CLIMATE","6068145","2020-05-21 04:00","2020","05","21","04:00","9.9","","-1.8","","44","","0.0","","23","","7","","","","98.38","","","","","","NA"
"-80.80","46.63","SUDBURY CLIMATE","6068145","2020-05-21 05:00","2020","05","21","05:00","10.1","","-1.5","","44","","0.0","","21","","10","","","","98.38","","","","","","NA"
"-80.80","46.63","SUDBURY CLIMATE","6068145","2020-05-21 06:00","2020","05","21","06:00","10.0","","-2.7","","41","","0.0","","21","","10","","","","98.34","","","","","","NA"
"-80.80","46.63","SUDBURY CLIMATE","6068145","2020-05-21 07:00","2020","05","21","07:00","8.4","","-0.5","","53","","0.0","","20","","14","","","","98.34","","","","","","NA"
"-80.80","46.63","SUDBURY CLIMATE","6068145","2020-05-21 08:00","2020","05","21","08:00","8.4","","-0.8","","52","","0.0","","18","","9","","","","98.32","","","","","","NA"
"-80.80","46.63","SUDBURY CLIMATE","6068145","2020-05-21 09:00","2020","05","21","09:00","7.0","","0.2","","62","","0.0","","19","","10","","","","98.29","","","","","","NA"
"-80.80","46.63","SUDBURY CLIMATE","6068145","2020-05-21 10:00","2020","05","21","10:00","6.3","","0.5","","66","","0.0","","18","","7","","","","98.31","","","","","","NA"
"-80.80","46.63","SUDBURY CLIMATE","6068145","2020-05-21 11:00","2020","05","21","11:00","8.9","","1.8","","61","","0.0","","19","","5","","","","98.34","","","","","","NA"
"-80.80","46.63","SUDBURY CLIMATE","6068145","2020-05-21 12:00","2020","05","21","12:00","14.4","","2.1","","43","","0.0","","24","","7","","","","98.36","","","","","","NA"
"-80.80","46.63","SUDBURY CLIMATE","6068145","2020-05-21 13:00","2020","05","21","13:00","16.5","","3.1","","41","","0.0","","21","","13","","","","98.38","","","","","","NA"
"-80.80","46.63","SUDBURY CLIMATE","6068145","2020-05-21 14:00","2020","05","21","14:00","18.2","","2.5","","35","","0.0","","23","","16","","","","98.37","","","","","","NA"
"-80.80","46.63","SUDBURY CLIMATE","6068145","2020-05-21 15:00","2020","05","21","15:00","19.7","","0.8","","28","","0.0","","21","","16","","","","98.33","","","","","","NA"
"-80.80","46.63","SUDBURY CLIMATE","6068145","2020-05-21 16:00","2020","05","21","16:00","21.9","","1.8","","26","","0.0","","22","","18","","","","98.27","","","","","","NA"
"-80.80","46.63","SUDBURY CLIMATE","6068145","2020-05-21 17:00","2020","05","21","17:00","22.2","","-0.5","","22","","0.0","","22","","21","","","","98.19","","","","","","NA"
"-80.80","46.63","SUDBURY CLIMATE","6068145","2020-05-21 18:00","2020","05","21","18:00","23.2","","-0.9","","20","","0.0","","22","","25","","","","98.11","","","","","","NA"
"-80.80","46.63","SUDBURY CLIMATE","6068145","2020-05-21 19:00","2020","05","21","19:00","25.0","","1.1","","21","","0.0","","22","","23","","","","98.06","","","","","","NA"
"-80.80","46.63","SUDBURY CLIMATE","6068145","2020-05-21 20:00","2020","05","21","20:00","24.9","","-0.4","","19","","0.0","","21","","20","","","","97.97","","","","","","NA"
"-80.80","46.63","SUDBURY CLIMATE","6068145","2020-05-21 21:00","2020","05","21","21:00","25.0","","-2.1","","17","","0.0","","23","","22","","","","97.91","","","","","","NA"
"-80.80","46.63","SUDBURY CLIMATE","6068145","2020-05-21 22:00","2020","05","21","22:00","24.3","","-3.0","","16","","0.0","","21","","22","","","","97.88","","","","","","NA"
"-80.80","46.63","SUDBURY CLIMATE","6068145","2020-05-21 23:00","2020","05","21","23:00","22.5","","-4.3","","16","","0.0","","21","","20","","","","97.86","","","","","","NA"
"-80.80","46.63","SUDBURY CLIMATE","6068145","2020-05-22 00:00","2020","05","22","00:00","20.4","","-6.4","","16","","0.0","","20","","21","","","","97.86","","","","","","NA"
"-80.80","46.63","SUDBURY CLIMATE","6068145","2020-05-22 01:00","2020","05","22","01:00","16.0","","-4.3","","25","","0.0","","20","","17","","","","97.84","","","","","","NA"
"-80.80","46.63","SUDBURY CLIMATE","6068145","2020-05-22 02:00","2020","05","22","02:00","14.6","","-1.6","","33","","0.0","","22","","17","","","","97.89","","","","","","NA"
"-80.80","46.63","SUDBURY CLIMATE","6068145","2020-05-22 03:00","2020","05","22","03:00","11.8","","0.0","","44","","0.0","","22","","16","","","","97.87","","","","","","NA"
"-80.80","46.63","SUDBURY CLIMATE","6068145","2020-05-22 04:00","2020","05","22","04:00","12.3","","0.7","","45","","0.0","","24","","10","","","","97.88","","","","","","NA"
"-80.80","46.63","SUDBURY CLIMATE","6068145","2020-05-22 05:00","2020","05","22","05:00","11.7","","0.9","","48","","0.0","","24","","9","","","","97.88","","","","","","NA"
"-80.80","46.63","SUDBURY CLIMATE","6068145","2020-05-22 06:00","2020","05","22","06:00","10.5","","0.5","","50","","0.0","","27","","7","","","","97.85","","","","","","NA"
"-80.80","46.63","SUDBURY CLIMATE","6068145","2020-05-22 07:00","2020","05","22","07:00","7.0","","0.9","","65","","0.0","","28","","4","","","","97.82","","","","","","NA"
"-80.80","46.63","SUDBURY CLIMATE","6068145","2020-05-22 08:00","2020","05","22","08:00","7.0","","1.3","","67","","0.0","","24","","7","","","","97.82","","","","","","NA"
"-80.80","46.63","SUDBURY CLIMATE","6068145","2020-05-22 09:00","2020","05","22","09:00","7.8","","1.0","","62","","0.0","","24","","11","","","","97.81","","","","","","NA"
"-80.80","46.63","SUDBURY CLIMATE","6068145","2020-05-22 10:00","2020","05","22","10:00","7.6","","1.6","","66","","0.0","","27","","10","","","","97.77","","","","","","NA"
"-80.80","46.63","SUDBURY CLIMATE","6068145","2020-05-22 11:00","2020","05","22","11:00","9.7","","1.5","","57","","0.0","","27","","8","","","","97.81","","","","","","NA"
"-80.80","46.63","SUDBURY CLIMATE","6068145","2020-05-22 12:00","2020","05","22","12:00","12.5","","1.6","","47","","0.0","","28","","8","","","","97.80","","","","","","NA"
"-80.80","46.63","SUDBURY CLIMATE","6068145","2020-05-22 13:00","2020","05","22","13:00","16.3","","1.9","","38","","0.0","","24","","8","","","","97.79","","","","","","NA"
"-80.80","46.63","SUDBURY CLIMATE","6068145","2020-05-22 14:00","2020","05","22","14:00","20.8","","2.0","","29","","0.0","","14","","4","","","","97.76","","","","","","NA"
"-80.80","46.63","SUDBURY CLIMATE","6068145","2020-05-22 15:00","2020","05","22","15:00","23.1","","1.0","","23","","0.0","","17","","5","","","","97.75","","","","","","NA"
"-80.80","46.63","SUDBURY CLIMATE","6068145","2020-05-22 16:00","2020","05","22","16:00","24.4","","1.4","","22","","0.0","","7","","13","","","","97.67","","","","","","NA"
"-80.80","46.63","SUDBURY CLIMATE","6068145","2020-05-22 17:00","2020","05","22","17:00","26.1","","3.1","","23","","0.0","","3","","8","","","","97.62","","25","","","","NA"
"-80.80","46.63","SUDBURY CLIMATE","6068145","2020-05-22 18:00","2020","05","22","18:00","27.5","","2.7","","20","","0.0","","2","","7","","","","97.57","","26","","","","NA"
"-80.80","46.63","SUDBURY CLIMATE","6068145","2020-05-22 19:00","2020","05","22","19:00","27.9","","3.0","","20","","0.0","","6","","12","","","","97.51","","27","","","","NA"
"-80.80","46.63","SUDBURY CLIMATE","6068145","2020-05-22 20:00","2020","05","22","20:00","28.3","","2.4","","19","","0.0","","5","","11","","","","97.47","","27","","","","NA"
"-80.80","46.63","SUDBURY CLIMATE","6068145","2020-05-22 21:00","2020","05","22","21:00","28.2","","2.3","","19","","0.0","","14","","6","","","","97.45","","27","","","","NA"
"-80.80","46.63","SUDBURY CLIMATE","6068145","2020-05-22 22:00","2020","05","22","22:00","28.3","","3.1","","20","","0.0","","20","","9","","","","97.44","","27","","","","NA"
"-80.80","46.63","SUDBURY CLIMATE","6068145","2020-05-22 23:00","2020","05","22","23:00","27.3","","4.2","","23","","0.0","","21","","11","","","","97.42","","26","","","","NA"
"-80.80","46.63","SUDBURY CLIMATE","6068145","2020-05-23 00:00","2020","05","23","00:00","25.4","","5.1","","27","","0.0","","21","","15","","","","97.41","","25","","","","NA"
"-80.80","46.63","SUDBURY CLIMATE","6068145","2020-05-23 01:00","2020","05","23","01:00","22.2","","4.8","","32","","0.0","","24","","10","","","","97.42","","","","","","NA"
"-80.80","46.63","SUDBURY CLIMATE","6068145","2020-05-23 02:00","2020","05","23","02:00","17.7","","4.9","","43","","0.0","","22","","17","","","","97.49","","","","","","NA"
"-80.80","46.63","SUDBURY CLIMATE","6068145","2020-05-23 03:00","2020","05","23","03:00","16.2","","3.4","","42","","0.0","","32","","3","","","","97.56","","","","","","NA"
"-80.80","46.63","SUDBURY CLIMATE","6068145","2020-05-23 04:00","2020","05","23","04:00","15.0","","2.2","","42","","0.0","","28","","6","","","","97.57","","","","","","NA"
"-80.80","46.63","SUDBURY CLIMATE","6068145","2020-05-23 05:00","2020","05","23","05:00","15.7","","2.8","","42","","0.0","","29","","8","","","","97.56","","","","","","NA"
"-80.80","46.63","SUDBURY CLIMATE","6068145","2020-05-23 06:00","2020","05","23","06:00","13.9","","6.2","","60","","0.0","","1","","11","","","","97.56","","","","","","NA"
"-80.80","46.63","SUDBURY CLIMATE","6068145","2020-05-23 07:00","2020","05","23","07:00","13.3","","7.8","","69","","0.0","","3","","12","","","","97.59","","","","","","NA"
"-80.80","46.63","SUDBURY CLIMATE","6068145","2020-05-23 08:00","2020","05","23","08:00","12.6","","7.9","","73","","0.0","","5","","13","","","","97.61","","","","","","NA"
"-80.80","46.63","SUDBURY CLIMATE","6068145","2020-05-23 09:00","2020","05","23","09:00","12.0","","7.4","","73","","0.0","","4","","14","","","","97.64","","","","","","NA"
"-80.80","46.63","SUDBURY CLIMATE","6068145","2020-05-23 10:00","2020","05","23","10:00","12.0","","7.2","","73","","0.0","","4","","16","","","","97.66","","","","","","NA"
"-80.80","46.63","SUDBURY CLIMATE","6068145","2020-05-23 11:00","2020","05","23","11:00","13.5","","6.4","","62","","0.0","","4","","18","","","","97.73","","","","","","NA"
"-80.80","46.63","SUDBURY CLIMATE","6068145","2020-05-23 12:00","2020","05","23","12:00","15.1","","5.1","","51","","0.0","","4","","16","","","","97.75","","","","","","NA"
"-80.80","46.63","SUDBURY CLIMATE","6068145","2020-05-23 13:00","2020","05","23","13:00","17.2","","4.5","","43","","0.0","","4","","15","","","","97.77","","","","","","NA"
"-80.80","46.63","SUDBURY CLIMATE","6068145","2020-05-23 14:00","2020","05","23","14:00","21.0","","4.7","","34","","0.0","","5","","13","","","","97.77","","","","","","NA"
"-80.80","46.63","SUDBURY CLIMATE","6068145","2020-05-23 15:00","2020","05","23","15:00","22.5","","4.3","","30","","0.0","","4","","8","","","","97.78","","","","","","NA"
"-80.80","46.63","SUDBURY CLIMATE","6068145","2020-05-23 16:00","2020","05","23","16:00","25.1","","5.3","","28","","0.0","","9","","12","","","","97.78","","","","","","NA"
"-80.80","46.63","SUDBURY CLIMATE","6068145","2020-05-23 17:00","2020","05","23","17:00","26.7","","6.6","","28","","0.0","","7","","11","","","","97.72","","27","","","","NA"
"-80.80","46.63","SUDBURY CLIMATE","6068145","2020-05-23 18:00","2020","05","23","18:00","27.5","","6.2","","26","","0.0","","4","","13","","","","97.66","","27","","","","NA"
"-80.80","46.63","SUDBURY CLIMATE","6068145","2020-05-23 19:00","2020","05","23","19:00","28.6","","6.3","","24","","0.0","","7","","8","","","","97.59","","28","","","","NA"
"-80.80","46.63","SUDBURY CLIMATE","6068145","2020-05-23 20:00","2020","05","23","20:00","29.7","","4.8","","21","","0.0","","15","","15","","","","97.57","","29","","","","NA"
"-80.80","46.63","SUDBURY CLIMATE","6068145","2020-05-23 21:00","2020","05","23","21:00","29.5","","4.4","","20","","0.0","","15","","15","","","","97.53","","29","","","","NA"
"-80.80","46.63","SUDBURY CLIMATE","6068145","2020-05-23 22:00","2020","05","23","22:00","29.4","","4.8","","21","","0.0","","15","","10","","","","97.51","","29","","","","NA"
"-80.80","46.63","SUDBURY CLIMATE","6068145","2020-05-23 23:00","2020","05","23","23:00","28.5","","5.0","","22","","0.0","","14","","6","","","","97.47","","28","","","","NA"
"-80.80","46.63","SUDBURY CLIMATE","6068145","2020-05-24 00:00","2020","05","24","00:00","25.8","","5.7","","28","","0.0","","21","","23","","","","97.49","","25","","","","NA"
"-80.80","46.63","SUDBURY CLIMATE","6068145","2020-05-24 01:00","2020","05","24","01:00","22.3","","5.9","","35","","0.0","","22","","13","","","","97.52","","","","","","NA"
"-80.80","46.63","SUDBURY CLIMATE","6068145","2020-05-24 02:00","2020","05","24","02:00","20.0","","6.9","","42","","0.0","","22","","11","","","","97.56","","","","","","NA"
"-80.80","46.63","SUDBURY CLIMATE","6068145","2020-05-24 03:00","2020","05","24","03:00","19.1","","6.5","","44","","0.0","","22","","8","","","","97.59","","","","","","NA"
"-80.80","46.63","SUDBURY CLIMATE","6068145","2020-05-24 04:00","2020","05","24","04:00","18.7","","6.3","","44","","0.0","","23","","9","","","","97.58","","","","","","NA"
"-80.80","46.63","SUDBURY CLIMATE","6068145","2020-05-24 05:00","2020","05","24","05:00","18.4","","6.4","","45","","0.0","","23","","5","","","","97.60","","","","","","NA"
"-80.80","46.63","SUDBURY CLIMATE","6068145","2020-05-24 06:00","2020","05","24","06:00","16.6","","7.0","","53","","0.0","","13","","8","","","","97.61","","","","","","NA"
"-80.80","46.63","SUDBURY CLIMATE","6068145","2020-05-24 07:00","2020","05","24","07:00","16.9","","6.9","","52","","0.0","","14","","13","","","","97.62","","","","","","NA"
"-80.80","46.63","SUDBURY CLIMATE","6068145","2020-05-24 08:00","2020","05","24","08:00","16.7","","6.8","","52","","0.0","","14","","13","","","","97.60","","","","","","NA"
"-80.80","46.63","SUDBURY CLIMATE","6068145","2020-05-24 09:00","2020","05","24","09:00","15.8","","7.6","","58","","0.0","","14","","14","","","","97.61","","","","","","NA"
"-80.80","46.63","SUDBURY CLIMATE","6068145","2020-05-24 10:00","2020","05","24","10:00","15.5","","9.8","","69","","0.0","","15","","16","","","","97.62","","","","","","NA"
"-80.80","46.63","SUDBURY CLIMATE","6068145","2020-05-24 11:00","2020","05","24","11:00","15.9","","11.0","","73","","0.0","","14","","15","","","","97.62","","","","","","NA"
"-80.80","46.63","SUDBURY CLIMATE","6068145","2020-05-24 12:00","2020","05","24","12:00","17.3","","10.8","","66","","0.0","","16","","18","","","","97.62","","","","","","NA"
"-80.80","46.63","SUDBURY CLIMATE","6068145","2020-05-24 13:00","2020","05","24","13:00","18.4","","10.3","","59","","0.0","","15","","19","","","","97.61","","","","","","NA"
"-80.80","46.63","SUDBURY CLIMATE","6068145","2020-05-24 14:00","2020","05","24","14:00","20.1","","10.9","","55","","0.0","","14","","17","","","","97.57","","","","","","NA"
"-80.80","46.63","SUDBURY CLIMATE","6068145","2020-05-24 15:00","2020","05","24","15:00","20.3","","10.8","","54","","0.0","","19","","26","","","","97.56","","","","","","NA"
"-80.80","46.63","SUDBURY CLIMATE","6068145","2020-05-24 16:00","2020","05","24","16:00","19.6","","11.2","","58","","0.0","","19","","21","","","","97.53","","","","","","NA"
"-80.80","46.63","SUDBURY CLIMATE","6068145","2020-05-24 17:00","2020","05","24","17:00","19.5","","12.1","","62","","0.0","","18","","18","","","","97.48","","","","","","NA"
"-80.80","46.63","SUDBURY CLIMATE","6068145","2020-05-24 18:00","2020","05","24","18:00","19.4","","13.7","","70","","0.0","","17","","19","","","","97.42","","","","","","NA"
"-80.80","46.63","SUDBURY CLIMATE","6068145","2020-05-24 19:00","2020","05","24","19:00","17.5","","15.1","","86","","0.0","","16","","15","","","","97.42","","","","","","NA"
"-80.80","46.63","SUDBURY CLIMATE","6068145","2020-05-24 20:00","2020","05","24","20:00","16.1","","15.4","","95","","3.4","","12","","14","","","","97.39","","","","","","NA"
"-80.80","46.63","SUDBURY CLIMATE","6068145","2020-05-24 21:00","2020","05","24","21:00","15.8","","15.2","","96","","5.6","","10","","15","","","","97.33","","","","","","NA"
"-80.80","46.63","SUDBURY CLIMATE","6068145","2020-05-24 22:00","2020","05","24","22:00","15.7","","15.2","","97","","0.3","","3","","8","","","","97.29","","","","","","NA"
"-80.80","46.63","SUDBURY CLIMATE","6068145","2020-05-24 23:00","2020","05","24","23:00","16.0","","15.7","","98","","0.3","","5","","10","","","","97.23","","","","","","NA"
"-80.80","46.63","SUDBURY CLIMATE","6068145","2020-05-25 00:00","2020","05","25","00:00","16.4","","15.8","","97","","0.0","","10","","10","","","","97.20","","","","","","NA"
"-80.80","46.63","SUDBURY CLIMATE","6068145","2020-05-25 01:00","2020","05","25","01:00","16.2","","15.8","","97","","0.0","","10","","5","","","","97.21","","","","","","NA"
"-80.80","46.63","SUDBURY CLIMATE","6068145","2020-05-25 02:00","2020","05","25","02:00","15.6","","15.4","","99","","0.0","","6","","5","","","","97.21","","","","","","NA"
"-80.80","46.63","SUDBURY CLIMATE","6068145","2020-05-25 03:00","2020","05","25","03:00","16.0","","15.9","","99","","0.0","","12","","7","","","","97.23","","","","","","NA"
"-80.80","46.63","SUDBURY CLIMATE","6068145","2020-05-25 04:00","2020","05","25","04:00","16.0","","15.9","","99","","0.0","","18","","7","","","","97.23","","","","","","NA"
"-80.80","46.63","SUDBURY CLIMATE","6068145","2020-05-25 05:00","2020","05","25","05:00","15.9","","15.9","","100","","0.0","","21","","6","","","","97.21","","","","","","NA"
"-80.80","46.63","SUDBURY CLIMATE","6068145","2020-05-25 06:00","2020","05","25","06:00","16.0","","16.0","","100","","0.0","","22","","2","","","","97.22","","","","","","NA"
"-80.80","46.63","SUDBURY CLIMATE","6068145","2020-05-25 07:00","2020","05","25","07:00","16.0","","16.0","","100","","0.0","","26","","4","","","","97.23","","","","","","NA"
"-80.80","46.63","SUDBURY CLIMATE","6068145","2020-05-25 08:00","2020","05","25","08:00","15.6","","15.6","","100","","0.0","","29","","6","","","","97.25","","","","","","NA"
"-80.80","46.63","SUDBURY CLIMATE","6068145","2020-05-25 09:00","2020","05","25","09:00","15.5","","15.5","","100","","0.0","","27","","4","","","","97.29","","","","","","NA"
"-80.80","46.63","SUDBURY CLIMATE","6068145","2020-05-25 10:00","2020","05","25","10:00","15.4","","15.4","","100","","0.0","","26","","2","","","","97.35","","","","","","NA"
"-80.80","46.63","SUDBURY CLIMATE","6068145","2020-05-25 11:00","2020","05","25","11:00","15.3","","15.3","","100","","0.0","","32","","7","","","","97.41","","","","","","NA"
"-80.80","46.63","SUDBURY CLIMATE","6068145","2020-05-25 12:00","2020","05","25","12:00","15.8","","15.2","","96","","0.0","","32","","6","","","","97.48","","","","","","NA"
"-80.80","46.63","SUDBURY CLIMATE","6068145","2020-05-25 13:00","2020","05","25","13:00","16.8","","15.0","","89","","0.0","","35","","4","","","","97.50","","","","","","NA"
"-80.80","46.63","SUDBURY CLIMATE","6068145","2020-05-25 14:00","2020","05","25","14:00","17.4","","15.1","","86","","0.0","","26","","3","","","","97.56","","","","","","NA"
"-80.80","46.63","SUDBURY CLIMATE","6068145","2020-05-25 15:00","2020","05","25","15:00","19.8","","15.7","","77","","0.0","","18","","5","","","","97.56","","","","","","NA"
"-80.80","46.63","SUDBURY CLIMATE","6068145","2020-05-25 16:00","2020","05","25","16:00","20.9","","16.3","","75","","0.0","","19","","9","","","","97.58","","26","","","","NA"
"-80.80","46.63","SUDBURY CLIMATE","6068145","2020-05-25 17:00","2020","05","25","17:00","22.8","","17.2","","71","","0.0","","21","","16","","","","97.57","","28","","","","NA"
"-80.80","46.63","SUDBURY CLIMATE","6068145","2020-05-25 18:00","2020","05","25","18:00","23.7","","16.8","","65","","0.0","","21","","13","","","","97.57","","29","","","","NA"
"-80.80","46.63","SUDBURY CLIMATE","6068145","2020-05-25 19:00","2020","05","25","19:00","24.3","","16.4","","61","","0.0","","21","","18","","","","97.57","","29","","","","NA"
"-80.80","46.63","SUDBURY CLIMATE","6068145","2020-05-25 20:00","2020","05","25","20:00","25.1","","17.0","","61","","0.0","","21","","17","","","","97.50","","30","","","","NA"
"-80.80","46.63","SUDBURY CLIMATE","6068145","2020-05-25 21:00","2020","05","25","21:00","25.4","","17.1","","60","","0.0","","20","","19","","","","97.48","","31","","","","NA"
"-80.80","46.63","SUDBURY CLIMATE","6068145","2020-05-25 22:00","2020","05","25","22:00","25.6","","16.6","","58","","0.0","","21","","23","","","","97.46","","31","","","","NA"
"-80.80","46.63","SUDBURY CLIMATE","6068145","2020-05-25 23:00","2020","05","25","23:00","24.9","","16.3","","59","","0.0","","20","","19","","","","97.43","","30","","","","NA"
"-80.80","46.63","SUDBURY CLIMATE","6068145","2020-05-26 00:00","2020","05","26","00:00","23.7","","16.3","","63","","0.0","","21","","19","","","","97.49","","29","","","","NA"
"-80.80","46.63","SUDBURY CLIMATE","6068145","2020-05-26 01:00","2020","05","26","01:00","21.0","","16.9","","77","","0.0","","21","","14","","","","97.50","","26","","","","NA"
"-80.80","46.63","SUDBURY CLIMATE","6068145","2020-05-26 02:00","2020","05","26","02:00","19.8","","16.9","","83","","0.0","","20","","15","","","","97.53","","","","","","NA"
"-80.80","46.63","SUDBURY CLIMATE","6068145","2020-05-26 03:00","2020","05","26","03:00","18.5","","16.3","","87","","0.0","","21","","13","","","","97.57","","","","","","NA"
"-80.80","46.63","SUDBURY CLIMATE","6068145","2020-05-26 04:00","2020","05","26","04:00","18.2","","16.5","","90","","0.0","","21","","10","","","","97.58","","","","","","NA"
"-80.80","46.63","SUDBURY CLIMATE","6068145","2020-05-26 05:00","2020","05","26","05:00","17.9","","16.2","","90","","0.0","","19","","13","","","","97.61","","","","","","NA"
"-80.80","46.63","SUDBURY CLIMATE","6068145","2020-05-26 06:00","2020","05","26","06:00","17.3","","15.9","","91","","0.0","","20","","13","","","","97.62","","","","","","NA"
"-80.80","46.63","SUDBURY CLIMATE","6068145","2020-05-26 07:00","2020","05","26","07:00","17.2","","15.7","","91","","0.0","","19","","12","","","","97.61","","","","","","NA"
"-80.80","46.63","SUDBURY CLIMATE","6068145","2020-05-26 08:00","2020","05","26","08:00","17.2","","15.9","","92","","0.0","","20","","7","","","","97.60","","","","","","NA"
"-80.80","46.63","SUDBURY CLIMATE","6068145","2020-05-26 09:00","2020","05","26","09:00","17.0","","15.7","","92","","0.0","","16","","8","","","","97.59","","","","","","NA"
"-80.80","46.63","SUDBURY CLIMATE","6068145","2020-05-26 10:00","2020","05","26","10:00","17.0","","15.6","","91","","0.0","","17","","13","","","","97.60","","","","","","NA"
"-80.80","46.63","SUDBURY CLIMATE","6068145","2020-05-26 11:00","2020","05","26","11:00","17.4","","15.6","","89","","0.0","","17","","13","","","","97.63","","","","","","NA"
"-80.80","46.63","SUDBURY CLIMATE","6068145","2020-05-26 12:00","2020","05","26","12:00","19.2","","15.9","","82","","0.0","","18","","7","","","","97.67","","","","","","NA"
"-80.80","46.63","SUDBURY CLIMATE","6068145","2020-05-26 13:00","2020","05","26","13:00","20.8","","16.5","","76","","0.0","","18","","11","","","","97.68","","26","","","","NA"
"-80.80","46.63","SUDBURY CLIMATE","6068145","2020-05-26 14:00","2020","05","26","14:00","24.0","","18.1","","70","","0.0","","19","","12","","","","97.67","","30","","","","NA"
"-80.80","46.63","SUDBURY CLIMATE","6068145","2020-05-26 15:00","2020","05","26","15:00","26.6","","17.5","","58","","0.0","","21","","16","","","","97.65","","32","","","","NA"
"-80.80","46.63","SUDBURY CLIMATE","6068145","2020-05-26 16:00","2020","05","26","16:00","28.0","","17.1","","52","","0.0","","22","","26","","","","97.64","","33","","","","NA"
"-80.80","46.63","SUDBURY CLIMATE","6068145","2020-05-26 17:00","2020","05","26","17:00","29.4","","17.2","","48","","0.0","","21","","28","","","","97.63","","35","","","","NA"
"-80.80","46.63","SUDBURY CLIMATE","6068145","2020-05-26 18:00","2020","05","26","18:00","30.2","","16.9","","45","","0.0","","23","","25","","","","97.59","","35","","","","NA"
"-80.80","46.63","SUDBURY CLIMATE","6068145","2020-05-26 19:00","2020","05","26","19:00","29.9","","14.6","","39","","0.0","","22","","31","","","","97.59","","34","","","","NA"
"-80.80","46.63","SUDBURY CLIMATE","6068145","2020-05-26 20:00","2020","05","26","20:00","29.6","","16.3","","45","","0.0","","22","","33","","","","97.55","","34","","","","NA"
"-80.80","46.63","SUDBURY CLIMATE","6068145","2020-05-26 21:00","2020","05","26","21:00","29.4","","17.4","","49","","0.0","","21","","30","","","","97.50","","35","","","","NA"
"-80.80","46.63","SUDBURY CLIMATE","6068145","2020-05-26 22:00","2020","05","26","22:00","29.0","","17.5","","50","","0.0","","21","","26","","","","97.50","","35","","","","NA"
"-80.80","46.63","SUDBURY CLIMATE","6068145","2020-05-26 23:00","2020","05","26","23:00","28.1","","16.8","","50","","0.0","","21","","24","","","","97.54","","33","","","","NA"
"-80.80","46.63","SUDBURY CLIMATE","6068145","2020-05-27 00:00","2020","05","27","00:00","26.6","","16.9","","55","","0.0","","19","","17","","","","97.59","","32","","","","NA"
"-80.80","46.63","SUDBURY CLIMATE","6068145","2020-05-27 01:00","2020","05","27","01:00","24.1","","15.6","","59","","0.0","","19","","14","","","","97.58","","28","","","","NA"
"-80.80","46.63","SUDBURY CLIMATE","6068145","2020-05-27 02:00","2020","05","27","02:00","23.1","","15.8","","63","","0.0","","19","","18","","","","97.64","","28","","","","NA"
"-80.80","46.63","SUDBURY CLIMATE","6068145","2020-05-27 03:00","2020","05","27","03:00","20.4","","15.7","","75","","0.0","","20","","15","","","","97.66","","25","","","","NA"
"-80.80","46.63","SUDBURY CLIMATE","6068145","2020-05-27 04:00","2020","05","27","04:00","19.2","","16.0","","82","","0.0","","21","","14","","","","97.65","","","","","","NA"
"-80.80","46.63","SUDBURY CLIMATE","6068145","2020-05-27 05:00","2020","05","27","05:00","18.7","","15.9","","83","","0.0","","20","","15","","","","97.63","","","","","","NA"
"-80.80","46.63","SUDBURY CLIMATE","6068145","2020-05-27 06:00","2020","05","27","06:00","17.5","","15.4","","87","","0.0","","21","","12","","","","97.61","","","","","","NA"
"-80.80","46.63","SUDBURY CLIMATE","6068145","2020-05-27 07:00","2020","05","27","07:00","16.6","","15.2","","91","","0.0","","21","","10","","","","97.61","","","","","","NA"
"-80.80","46.63","SUDBURY CLIMATE","6068145","2020-05-27 08:00","2020","05","27","08:00","17.2","","15.9","","92","","0.0","","19","","10","","","","97.57","","","","","","NA"
"-80.80","46.63","SUDBURY CLIMATE","6068145","2020-05-27 09:00","2020","05","27","09:00","17.2","","15.9","","92","","0.0","","18","","7","","","","97.56","","","","","","NA"
"-80.80","46.63","SUDBURY CLIMATE","6068145","2020-05-27 10:00","2020","05","27","10:00","17.5","","16.5","","94","","0.0","","17","","10","","","","97.57","","","","","","NA"
"-80.80","46.63","SUDBURY CLIMATE","6068145","2020-05-27 11:00","2020","05","27","11:00","18.0","","16.9","","93","","0.0","","18","","14","","","","97.59","","","","","","NA"
"-80.80","46.63","SUDBURY CLIMATE","6068145","2020-05-27 12:00","2020","05","27","12:00","20.7","","17.6","","83","","0.0","","18","","15","","","","97.62","","26","","","","NA"
"-80.80","46.63","SUDBURY CLIMATE","6068145","2020-05-27 13:00","2020","05","27","13:00","23.0","","17.7","","72","","0.0","","18","","18","","","","97.60","","29","","","","NA"
"-80.80","46.63","SUDBURY CLIMATE","6068145","2020-05-27 14:00","2020","05","27","14:00","25.0","","18.0","","65","","0.0","","18","","24","","","","97.59","","31","","","","NA"
"-80.80","46.63","SUDBURY CLIMATE","6068145","2020-05-27 15:00","2020","05","27","15:00","27.7","","18.8","","58","","0.0","","20","","23","","","","97.56","","34","","","","NA"
"-80.80","46.63","SUDBURY CLIMATE","6068145","2020-05-27 16:00","2020","05","27","16:00","29.4","","18.6","","52","","0.0","","22","","22","","","","97.54","","36","","","","NA"
"-80.80","46.63","SUDBURY CLIMATE","6068145","2020-05-27 17:00","2020","05","27","17:00","31.1","","18.6","","47","","0.0","","23","","26","","","","97.51","","38","","","","NA"
"-80.80","46.63","SUDBURY CLIMATE","6068145","2020-05-27 18:00","2020","05","27","18:00","31.3","","16.2","","40","","0.0","","21","","26","","","","97.47","","36","","","","NA"
"-80.80","46.63","SUDBURY CLIMATE","6068145","2020-05-27 19:00","2020","05","27","19:00","31.6","","15.0","","37","","0.0","","21","","32","","","","97.43","","36","","","","NA"
"-80.80","46.63","SUDBURY CLIMATE","6068145","2020-05-27 20:00","2020","05","27","20:00","31.4","","14.1","","35","","0.0","","19","","34","","","","97.40","","35","","","","NA"
"-80.80","46.63","SUDBURY CLIMATE","6068145","2020-05-27 21:00","2020","05","27","21:00","31.1","","14.4","","36","","0.0","","22","","31","","","","97.36","","35","","","","NA"
"-80.80","46.63","SUDBURY CLIMATE","6068145","2020-05-27 22:00","2020","05","27","22:00","29.1","","14.2","","40","","0.0","","20","","31","","","","97.38","","33","","","","NA"
"-80.80","46.63","SUDBURY CLIMATE","6068145","2020-05-27 23:00","2020","05","27","23:00","27.0","","14.3","","46","","0.0","","21","","28","","","","97.39","","31","","","","NA"
"-80.80","46.63","SUDBURY CLIMATE","6068145","2020-05-28 00:00","2020","05","28","00:00","24.4","","15.2","","56","","0.0","","21","","12","","","","97.41","","28","","","","NA"
"-80.80","46.63","SUDBURY CLIMATE","6068145","2020-05-28 01:00","2020","05","28","01:00","22.3","","15.4","","65","","0.0","","22","","15","","","","97.41","","27","","","","NA"
"-80.80","46.63","SUDBURY CLIMATE","6068145","2020-05-28 02:00","2020","05","28","02:00","20.0","","15.1","","74","","0.0","","21","","13","","","","97.42","","","","","","NA"
"-80.80","46.63","SUDBURY CLIMATE","6068145","2020-05-28 03:00","2020","05","28","03:00","19.7","","15.4","","76","","0.0","","21","","14","","","","97.43","","","","","","NA"
"-80.80","46.63","SUDBURY CLIMATE","6068145","2020-05-28 04:00","2020","05","28","04:00","18.6","","15.1","","80","","0.0","","21","","13","","","","97.40","","","","","","NA"
"-80.80","46.63","SUDBURY CLIMATE","6068145","2020-05-28 05:00","2020","05","28","05:00","16.4","","14.5","","88","","0.0","","21","","11","","","","97.41","","","","","","NA"
"-80.80","46.63","SUDBURY CLIMATE","6068145","2020-05-28 06:00","2020","05","28","06:00","18.2","","15.3","","83","","0.0","","19","","13","","","","97.36","","","","","","NA"
"-80.80","46.63","SUDBURY CLIMATE","6068145","2020-05-28 07:00","2020","05","28","07:00","17.7","","15.0","","85","","0.0","","20","","11","","","","97.33","","","","","","NA"
"-80.80","46.63","SUDBURY CLIMATE","6068145","2020-05-28 08:00","2020","05","28","08:00","17.6","","15.1","","85","","0.0","","19","","10","","","","97.32","","","","","","NA"
"-80.80","46.63","SUDBURY CLIMATE","6068145","2020-05-28 09:00","2020","05","28","09:00","17.5","","15.2","","86","","0.0","","18","","14","","","","97.30","","","","","","NA"
"-80.80","46.63","SUDBURY CLIMATE","6068145","2020-05-28 10:00","2020","05","28","10:00","17.7","","14.7","","83","","0.0","","18","","18","","","","97.29","","","","","","NA"
"-80.80","46.63","SUDBURY CLIMATE","6068145","2020-05-28 11:00","2020","05","28","11:00","18.1","","14.7","","80","","0.0","","18","","17","","","","97.28","","","","","","NA"
"-80.80","46.63","SUDBURY CLIMATE","6068145","2020-05-28 12:00","2020","05","28","12:00","18.7","","14.9","","78","","0.0","","18","","11","","","","97.26","","","","","","NA"
"-80.80","46.63","SUDBURY CLIMATE","6068145","2020-05-28 13:00","2020","05","28","13:00","20.9","","15.7","","72","","0.0","","18","","19","","","","97.25","","25","","","","NA"
"-80.80","46.63","SUDBURY CLIMATE","6068145","2020-05-28 14:00","2020","05","28","14:00","22.3","","16.5","","70","","0.0","","20","","19","","","","97.20","","27","","","","NA"
"-80.80","46.63","SUDBURY CLIMATE","6068145","2020-05-28 15:00","2020","05","28","15:00","24.6","","17.4","","64","","0.0","","20","","20","","","","97.15","","30","","","","NA"
"-80.80","46.63","SUDBURY CLIMATE","6068145","2020-05-28 16:00","2020","05","28","16:00","22.9","","16.6","","68","","0.0","","18","","23","","","","97.14","","28","","","","NA"
"-80.80","46.63","SUDBURY CLIMATE","6068145","2020-05-28 17:00","2020","05","28","17:00","24.6","","17.4","","64","","0.0","","20","","22","","","","97.09","","30","","","","NA"
"-80.80","46.63","SUDBURY CLIMATE","6068145","2020-05-28 18:00","2020","05","28","18:00","23.1","","17.4","","70","","0.0","","19","","20","","","","97.03","","29","","","","NA"
"-80.80","46.63","SUDBURY CLIMATE","6068145","2020-05-28 19:00","2020","05","28","19:00","21.0","","18.3","","84","","0.0","","17","","22","","","","96.99","","27","","","","NA"
"-80.80","46.63","SUDBURY CLIMATE","6068145","2020-05-28 20:00","2020","05","28","20:00","20.6","","17.5","","83","","0.0","","19","","24","","","","96.95","","26","","","","NA"
"-80.80","46.63","SUDBURY CLIMATE","6068145","2020-05-28 21:00","2020","05","28","21:00","20.4","","17.4","","83","","0.0","","18","","18","","","","96.88","","26","","","","NA"
"-80.80","46.63","SUDBURY CLIMATE","6068145","2020-05-28 22:00","2020","05","28","22:00","20.2","","17.4","","84","","0.0","","19","","26","","","","96.85","","26","","","","NA"
"-80.80","46.63","SUDBURY CLIMATE","6068145","2020-05-28 23:00","2020","05","28","23:00","20.5","","17.2","","81","","0.0","","19","","24","","","","96.77","","26","","","","NA"
"-80.80","46.63","SUDBURY CLIMATE","6068145","2020-05-29 00:00","2020","05","29","00:00","19.5","","16.4","","83","","0.0","","19","","27","","","","96.74","","","","","","NA"
"-80.80","46.63","SUDBURY CLIMATE","6068145","2020-05-29 01:00","2020","05","29","01:00","18.2","","17.0","","92","","0.0","","20","","25","","","","96.68","","","","","","NA"
"-80.80","46.63","SUDBURY CLIMATE","6068145","2020-05-29 02:00","2020","05","29","02:00","17.8","","16.6","","93","","0.0","","17","","18","","","","96.64","","","","","","NA"
"-80.80","46.63","SUDBURY CLIMATE","6068145","2020-05-29 03:00","2020","05","29","03:00","17.5","","16.9","","96","","0.0","","19","","26","","","","96.61","","","","","","NA"
"-80.80","46.63","SUDBURY CLIMATE","6068145","2020-05-29 04:00","2020","05","29","04:00","17.6","","17.1","","97","","0.7","","19","","27","","","","96.55","","","","","","NA"
"-80.80","46.63","SUDBURY CLIMATE","6068145","2020-05-29 05:00","2020","05","29","05:00","17.3","","16.8","","97","","0.0","","20","","26","","","","96.51","","","","","","NA"
"-80.80","46.63","SUDBURY CLIMATE","6068145","2020-05-29 06:00","2020","05","29","06:00","16.9","","16.6","","98","","0.5","","21","","21","","","","96.48","","","","","","NA"
"-80.80","46.63","SUDBURY CLIMATE","6068145","2020-05-29 07:00","2020","05","29","07:00","16.7","","16.5","","99","","0.3","","23","","10","","","","96.46","","","","","","NA"
"-80.80","46.63","SUDBURY CLIMATE","6068145","2020-05-29 08:00","2020","05","29","08:00","16.7","","16.4","","98","","0.0","","26","","3","","","","96.45","","","","","","NA"
"-80.80","46.63","SUDBURY CLIMATE","6068145","2020-05-29 09:00","2020","05","29","09:00","16.2","","15.8","","98","","0.3","","28","","7","","","","96.53","","","","","","NA"
"-80.80","46.63","SUDBURY CLIMATE","6068145","2020-05-29 10:00","2020","05","29","10:00","15.7","","15.3","","98","","0.0","","30","","5","","","","96.56","","","","","","NA"
"-80.80","46.63","SUDBURY CLIMATE","6068145","2020-05-29 11:00","2020","05","29","11:00","15.6","","15.2","","97","","0.0","","30","","5","","","","96.61","","","","","","NA"
"-80.80","46.63","SUDBURY CLIMATE","6068145","2020-05-29 12:00","2020","05","29","12:00","15.7","","15.4","","98","","0.3","","29","","5","","","","96.66","","","","","","NA"
"-80.80","46.63","SUDBURY CLIMATE","6068145","2020-05-29 13:00","2020","05","29","13:00","14.8","","13.8","","94","","0.0","","31","","9","","","","96.75","","","","","","NA"
"-80.80","46.63","SUDBURY CLIMATE","6068145","2020-05-29 14:00","2020","05","29","14:00","14.4","","13.4","","93","","0.5","","32","","7","","","","96.75","","","","","","NA"
"-80.80","46.63","SUDBURY CLIMATE","6068145","2020-05-29 15:00","2020","05","29","15:00","14.4","","13.3","","93","","0.2","","32","","9","","","","96.79","","","","","","NA"
"-80.80","46.63","SUDBURY CLIMATE","6068145","2020-05-29 16:00","2020","05","29","16:00","13.7","","12.3","","91","","0.0","","34","","12","","","","96.82","","","","","","NA"
"-80.80","46.63","SUDBURY CLIMATE","6068145","2020-05-29 17:00","2020","05","29","17:00","13.9","","12.0","","88","","0.0","","35","","12","","","","96.80","","","","","","NA"
"-80.80","46.63","SUDBURY CLIMATE","6068145","2020-05-29 18:00","2020","05","29","18:00","13.8","","11.7","","87","","0.0","","35","","13","","","","96.81","","","","","","NA"
"-80.80","46.63","SUDBURY CLIMATE","6068145","2020-05-29 19:00","2020","05","29","19:00","13.5","","12.4","","93","","1.0","","36","","11","","","","96.83","","","","","","NA"
"-80.80","46.63","SUDBURY CLIMATE","6068145","2020-05-29 20:00","2020","05","29","20:00","13.2","","12.1","","93","","0.9","","36","","15","","","","96.81","","","","","","NA"
"-80.80","46.63","SUDBURY CLIMATE","6068145","2020-05-29 21:00","2020","05","29","21:00","13.2","","12.1","","93","","0.3","","36","","13","","","","96.85","","","","","","NA"
"-80.80","46.63","SUDBURY CLIMATE","6068145","2020-05-29 22:00","2020","05","29","22:00","13.2","","11.7","","91","","0.0","","36","","13","","","","96.87","","","","","","NA"
"-80.80","46.63","SUDBURY CLIMATE","6068145","2020-05-29 23:00","2020","05","29","23:00","13.0","","10.9","","87","","0.0","","2","","11","","","","97.01","","","","","","NA"
"-80.80","46.63","SUDBURY CLIMATE","6068145","2020-05-30 00:00","2020","05","30","00:00","13.0","","10.6","","85","","0.0","","1","","10","","","","97.06","","","","","","NA"
"-80.80","46.63","SUDBURY CLIMATE","6068145","2020-05-30 01:00","2020","05","30","01:00","12.1","","10.3","","89","","0.0","","36","","4","","","","97.08","","","","","","NA"
"-80.80","46.63","SUDBURY CLIMATE","6068145","2020-05-30 02:00","2020","05","30","02:00","9.5","","8.8","","95","","0.0","","31","","5","","","","97.10","","","","","","NA"
"-80.80","46.63","SUDBURY CLIMATE","6068145","2020-05-30 03:00","2020","05","30","03:00","9.6","","9.4","","99","","0.0","","27","","6","","","","97.12","","","","","","NA"
"-80.80","46.63","SUDBURY CLIMATE","6068145","2020-05-30 04:00","2020","05","30","04:00","8.6","","8.4","","99","","0.0","","26","","2","","","","97.12","","","","","","NA"
"-80.80","46.63","SUDBURY CLIMATE","6068145","2020-05-30 05:00","2020","05","30","05:00","9.9","","9.8","","99","","0.0","","27","","5","","","","97.13","","","","","","NA"
"-80.80","46.63","SUDBURY CLIMATE","6068145","2020-05-30 06:00","2020","05","30","06:00","10.1","","10.0","","99","","0.0","","26","","6","","","","97.12","","","","","","NA"
"-80.80","46.63","SUDBURY CLIMATE","6068145","2020-05-30 07:00","2020","05","30","07:00","10.6","","10.4","","99","","0.0","","21","","7","","","","97.04","","","","","","NA"
"-80.80","46.63","SUDBURY CLIMATE","6068145","2020-05-30 08:00","2020","05","30","08:00","10.5","","10.4","","99","","0.0","","24","","6","","","","97.05","","","","","","NA"
"-80.80","46.63","SUDBURY CLIMATE","6068145","2020-05-30 09:00","2020","05","30","09:00","10.0","","9.8","","99","","0.2","","29","","5","","","","97.08","","","","","","NA"
"-80.80","46.63","SUDBURY CLIMATE","6068145","2020-05-30 10:00","2020","05","30","10:00","10.4","","10.3","","99","","0.0","","1","","4","","","","97.05","","","","","","NA"
"-80.80","46.63","SUDBURY CLIMATE","6068145","2020-05-30 11:00","2020","05","30","11:00","10.2","","9.9","","98","","2.3","","36","","11","","","","97.09","","","","","","NA"
"-80.80","46.63","SUDBURY CLIMATE","6068145","2020-05-30 12:00","2020","05","30","12:00","8.1","","7.6","","97","","0.2","","36","","17","","","","97.16","","","","","","NA"
"-80.80","46.63","SUDBURY CLIMATE","6068145","2020-05-30 13:00","2020","05","30","13:00","7.9","","7.3","","96","","1.0","","35","","16","","","","97.23","","","","","","NA"
"-80.80","46.63","SUDBURY CLIMATE","6068145","2020-05-30 14:00","2020","05","30","14:00","7.2","","6.3","","94","","0.0","","35","","19","","","","97.27","","","","","","NA"
"-80.80","46.63","SUDBURY CLIMATE","6068145","2020-05-30 15:00","2020","05","30","15:00","6.6","","5.2","","91","","0.0","","35","","17","","","","97.34","","","","","","NA"
"-80.80","46.63","SUDBURY CLIMATE","6068145","2020-05-30 16:00","2020","05","30","16:00","6.0","","5.4","","96","","0.4","","2","","17","","","","97.38","","","","","","NA"
"-80.80","46.63","SUDBURY CLIMATE","6068145","2020-05-30 17:00","2020","05","30","17:00","7.2","","5.8","","90","","0.2","","1","","17","","","","97.42","","","","","","NA"
"-80.80","46.63","SUDBURY CLIMATE","6068145","2020-05-30 18:00","2020","05","30","18:00","9.2","","5.3","","76","","0.0","","3","","14","","","","97.44","","","","","","NA"
"-80.80","46.63","SUDBURY CLIMATE","6068145","2020-05-30 19:00","2020","05","30","19:00","8.8","","5.1","","78","","1.3","","36","","11","","","","97.48","","","","","","NA"
"-80.80","46.63","SUDBURY CLIMATE","6068145","2020-05-30 20:00","2020","05","30","20:00","9.1","","4.8","","74","","0.0","","3","","14","","","","97.48","","","","","","NA"
"-80.80","46.63","SUDBURY CLIMATE","6068145","2020-05-30 21:00","2020","05","30","21:00","9.8","","2.4","","60","","0.9","","32","","13","","","","97.53","","","","","","NA"
"-80.80","46.63","SUDBURY CLIMATE","6068145","2020-05-30 22:00","2020","05","30","22:00","10.8","","1.2","","51","","0.0","","33","","18","","","","97.55","","","","","","NA"
"-80.80","46.63","SUDBURY CLIMATE","6068145","2020-05-30 23:00","2020","05","30","23:00","9.4","","2.8","","64","","0.0","","35","","12","","","","97.60","","","","","","NA"
"-80.80","46.63","SUDBURY CLIMATE","6068145","2020-05-31 00:00","2020","05","31","00:00","6.9","","4.3","","84","","0.3","","2","","12","","","","97.69","","","","","","NA"
"-80.80","46.63","SUDBURY CLIMATE","6068145","2020-05-31 01:00","2020","05","31","01:00","6.4","","2.9","","78","","0.0","","36","","12","","","","97.76","","","","","","NA"
"-80.80","46.63","SUDBURY CLIMATE","6068145","2020-05-31 02:00","2020","05","31","02:00","5.8","","1.1","","72","","0.0","","1","","12","","","","97.82","","","","","","NA"
"-80.80","46.63","SUDBURY CLIMATE","6068145","2020-05-31 03:00","2020","05","31","03:00","3.1","","0.7","","84","","0.0","","36","","7","","","","97.87","","","","","","NA"
"-80.80","46.63","SUDBURY CLIMATE","6068145","2020-05-31 04:00","2020","05","31","04:00","1.6","","0.9","","95","","0.0","","36","","3","","","","97.89","","","","","","NA"
"-80.80","46.63","SUDBURY CLIMATE","6068145","2020-05-31 05:00","2020","05","31","05:00","2.9","","1.4","","90","","0.0","","28","","6","","","","97.91","","","","","","NA"
"-80.80","46.63","SUDBURY CLIMATE","6068145","2020-05-31 06:00","2020","05","31","06:00","3.0","","1.7","","91","","0.0","","27","","5","","","","97.93","","","","","","NA"
"-80.80","46.63","SUDBURY CLIMATE","6068145","2020-05-31 07:00","2020","05","31","07:00","3.3","","1.5","","88","","0.0","","29","","5","","","","97.94","","","","","","NA"
"-80.80","46.63","SUDBURY CLIMATE","6068145","2020-05-31 08:00","2020","05","31","08:00","2.5","","0.3","","85","","0.0","","29","","4","","","","97.94","","","","","","NA"
"-80.80","46.63","SUDBURY CLIMATE","6068145","2020-05-31 09:00","2020","05","31","09:00","3.1","","0.8","","85","","0.0","","30","","7","","","","97.98","","","","","","NA"
"-80.80","46.63","SUDBURY CLIMATE","6068145","2020-05-31 10:00","2020","05","31","10:00","1.6","","0.1","","90","","0.0","","31","","7","","","","98.03","","","","","","NA"
"-80.80","46.63","SUDBURY CLIMATE","6068145","2020-05-31 11:00","2020","05","31","11:00","3.2","","0.4","","82","","0.0","","32","","11","","","","98.11","","","","","","NA"
"-80.80","46.63","SUDBURY CLIMATE","6068145","2020-05-31 12:00","2020","05","31","12:00","4.2","","0.0","","75","","0.0","","29","","10","","","","98.17","","","","","","NA"
"-80.80","46.63","SUDBURY CLIMATE","6068145","2020-05-31 13:00","2020","05","31","13:00","5.9","","-2.0","","57","","0.0","","31","","11","","","","98.17","","","","","","NA"
"-80.80","46.63","SUDBURY CLIMATE","6068145","2020-05-31 14:00","2020","05","31","14:00","7.0","","-3.4","","47","","0.0","","33","","12","","","","98.18","","","","","","NA"
"-80.80","46.63","SUDBURY CLIMATE","6068145","2020-05-31 15:00","2020","05","31","15:00","8.7","","-2.8","","44","","0.0","","30","","10","","","","98.11","","","","","","NA"
"-80.80","46.63","SUDBURY CLIMATE","6068145","2020-05-31 16:00","2020","05","31","16:00","9.8","","0.2","","51","","0.0","","25","","13","","","","98.08","","","","","","NA"
"-80.80","46.63","SUDBURY CLIMATE","6068145","2020-05-31 17:00","2020","05","31","17:00","7.7","","2.2","","68","","0.0","","26","","11","","","","98.07","","","","","","NA"
"-80.80","46.63","SUDBURY CLIMATE","6068145","2020-05-31 18:00","2020","05","31","18:00","7.4","","4.0","","79","","0.8","","27","","10","","","","98.05","","","","","","NA"
"-80.80","46.63","SUDBURY CLIMATE","6068145","2020-05-31 19:00","2020","05","31","19:00","7.5","","4.4","","81","","0.0","","25","","13","","","","98.04","","","","","","NA"
"-80.80","46.63","SUDBURY CLIMATE","6068145","2020-05-31 20:00","2020","05","31","20:00","8.5","","4.0","","74","","0.0","","25","","11","","","","97.98","","","","","","NA"
"-80.80","46.63","SUDBURY CLIMATE","6068145","2020-05-31 21:00","2020","05","31","21:00","9.8","","4.0","","67","","0.0","","32","","7","","","","97.94","","","","","","NA"
"-80.80","46.63","SUDBURY CLIMATE","6068145","2020-05-31 22:00","2020","05","31","22:00","10.4","","4.4","","66","","0.0","","25","","4","","","","97.93","","","","","","NA"
"-80.80","46.63","SUDBURY CLIMATE","6068145","2020-05-31 23:00","2020","05","31","23:00","9.7","","5.2","","74","","0.0","","24","","13","","","","97.92","","","","","","NA"
