"Longitude (x)","Latitude (y)","Station Name","Climate ID","Date/Time (UTC)","Year","Month","Day","Time (UTC)","Temp (°C)","Temp Flag","Dew Point Temp (°C)","Dew Point Temp Flag","Rel Hum (%)","Rel Hum Flag","Precip. Amount (mm)","Precip. Amount Flag","Wind Dir (10s deg)","Wind Dir Flag","Wind Spd (km/h)","Wind Spd Flag","Visibility (km)","Visibility Flag","Stn Press (kPa)","Stn Press Flag","Hmdx","Hmdx Flag","Wind Chill","Wind Chill Flag","Weather"
"-80.80","46.63","SUDBURY CLIMATE","6068145","2020-01-01 00:00","2020","01","01","00:00","-2.6","","-2.9","","98","","0.0","","31","","2","","","","95.47","","","","-3","","NA"
"-80.80","46.63","SUDBURY CLIMATE","6068145","2020-01-01 01:00","2020","01","01","01:00","-3.8","","-4.1","","98","","0.0","","0","","1","","","","95.49","","","","-4","","NA"
"-80.80","46.63","SUDBURY CLIMATE","6068145","2020-01-01 02:00","2020","01","01","02:00","-2.5","","-2.8","","98","","0.0","","23","","8","","","","95.52","","","","-6","","NA"
"-80.80","46.63","SUDBURY CLIMATE","6068145","2020-01-01 03:00","2020","01","01","03:00","-2.4","","-2.7","","98","","0.0","","26","","4","","","","95.51","","","","-4","","NA"
"-80.80","46.63","SUDBURY CLIMATE","6068145","2020-01-01 04:00","2020","01","01","04:00","-2.3","","-2.6","","98","","0.0","","29","","5","","","","95.53","","","","-4","","NA"
"-80.80","46.63","SUDBURY CLIMATE","6068145","2020-01-01 05:00","2020","01","01","05:00","-2.7","","-3.0","","98","","0.0","","26","","5","","","","95.53","","","","-5","","NA"
"-80.80","46.63","SUDBURY CLIMATE","6068145","2020-01-01 06:00","2020","01","01","06:00","-2.7","","-3.1","","97","","0.0","","29","","5","","","","95.55","","","","-5","","NA"
"-80.80","46.63","SUDBURY CLIMATE","6068145","2020-01-01 07:00","2020","01","01","07:00","-2.9","","-3.3","","97","","0.0","","27","","5","","","","95.57","","","","-5","","NA"
"-80.80","46.63","SUDBURY CLIMATE","6068145","2020-01-01 08:00","2020","01","01","08:00","-3.4","","-3.8","","97","","0.0","","26","","4","","","","95.60","","","","-5","","NA"
"-80.80","46.63","SUDBURY CLIMATE","6068145","2020-01-01 09:00","2020","01","01","09:00","-2.8","","-3.3","","97","","0.0","","25","","5","","","","95.63","","","","-5","","NA"
"-80.80","46.63","SUDBURY CLIMATE","6068145","2020-01-01 10:00","2020","01","01","10:00","-2.9","","-3.3","","97","","0.2","","27","","8","","","","95.62","","","","-6","","NA"
"-80.80","46.63","SUDBURY CLIMATE","6068145","2020-01-01 11:00","2020","01","01","11:00","-3.1","","-3.6","","96","","0.0","","26","","10","","","","95.67","","","","-7","","NA"
"-80.80","46.63","SUDBURY CLIMATE","6068145","2020-01-01 12:00","2020","01","01","12:00","-4.4","","-5.4","","93","","0.0","","30","","9","","","","95.76","","","","-8","","NA"
"-80.80","46.63","SUDBURY CLIMATE","6068145","2020-01-01 13:00","2020","01","01","13:00","-5.2","","-6.4","","91","","0.0","","30","","8","","","","95.82","","","","-9","","NA"
"-80.80","46.63","SUDBURY CLIMATE","6068145","2020-01-01 14:00","2020","01","01","14:00","-5.2","","-6.5","","91","","0.0","","31","","7","","","","95.89","","","","-8","","NA"
"-80.80","46.63","SUDBURY CLIMATE","6068145","2020-01-01 15:00","2020","01","01","15:00","-4.8","","-6.0","","91","","0.0","","29","","7","","","","95.95","","","","-8","","NA"
"-80.80","46.63","SUDBURY CLIMATE","6068145","2020-01-01 16:00","2020","01","01","16:00","-4.4","","-5.3","","93","","0.0","","27","","6","","","","95.97","","","","-7","","NA"
"-80.80","46.63","SUDBURY CLIMATE","6068145","2020-01-01 17:00","2020","01","01","17:00","-4.5","","-6.3","","88","","0.0","","24","","15","","","","95.94","","","","-10","","NA"
"-80.80","46.63","SUDBURY CLIMATE","6068145","2020-01-01 18:00","2020","01","01","18:00","-5.1","","-7.0","","86","","0.0","","25","","12","","","","95.93","","","","-10","","NA"
"-80.80","46.63","SUDBURY CLIMATE","6068145","2020-01-01 19:00","2020","01","01","19:00","-5.7","","-8.1","","84","","0.0","","25","","14","","","","95.96","","","","-11","","NA"
"-80.80","46.63","SUDBURY CLIMATE","6068145","2020-01-01 20:00","2020","01","01","20:00","-5.5","","-7.9","","83","","0.0","","24","","21","","","","95.99","","","","-12","","NA"
"-80.80","46.63","SUDBURY CLIMATE","6068145","2020-01-01 21:00","2020","01","01","21:00","-4.9","","-7.1","","84","","0.0","","25","","14","","","","96.03","","","","-10","","NA"
"-80.80","46.63","SUDBURY CLIMATE","6068145","2020-01-01 22:00","2020","01","01","22:00","-4.7","","-6.7","","86","","0.0","","24","","14","","","","96.06","","","","-10","","NA"
"-80.80","46.63","SUDBURY CLIMATE","6068145","2020-01-01 23:00","2020","01","01","23:00","-6.0","","-7.8","","87","","0.0","","21","","9","","","","96.03","","","","-10","","NA"
"-80.80","46.63","SUDBURY CLIMATE","6068145","2020-01-02 00:00","2020","01","02","00:00","-5.5","","-6.6","","92","","0.0","","17","","13","","","","96.02","","","","-11","","NA"
"-80.80","46.63","SUDBURY CLIMATE","6068145","2020-01-02 01:00","2020","01","02","01:00","-5.7","","-6.8","","92","","0.0","","18","","16","","","","96.02","","","","-12","","NA"
"-80.80","46.63","SUDBURY CLIMATE","6068145","2020-01-02 02:00","2020","01","02","02:00","-6.1","","-6.8","","94","","0.0","","16","","11","","","","95.97","","","","-11","","NA"
"-80.80","46.63","SUDBURY CLIMATE","6068145","2020-01-02 03:00","2020","01","02","03:00","-5.9","","-6.7","","94","","0.0","","15","","15","","","","95.91","","","","-12","","NA"
"-80.80","46.63","SUDBURY CLIMATE","6068145","2020-01-02 04:00","2020","01","02","04:00","-5.6","","-6.3","","94","","0.0","","16","","19","","","","95.91","","","","-12","","NA"
"-80.80","46.63","SUDBURY CLIMATE","6068145","2020-01-02 05:00","2020","01","02","05:00","-4.7","","-5.3","","95","","0.0","","16","","18","","","","95.87","","","","-11","","NA"
"-80.80","46.63","SUDBURY CLIMATE","6068145","2020-01-02 06:00","2020","01","02","06:00","-3.8","","-4.4","","95","","0.0","","17","","16","","","","95.83","","","","-9","","NA"
"-80.80","46.63","SUDBURY CLIMATE","6068145","2020-01-02 07:00","2020","01","02","07:00","-3.6","","-4.0","","96","","0.0","","16","","18","","","","95.80","","","","-9","","NA"
"-80.80","46.63","SUDBURY CLIMATE","6068145","2020-01-02 08:00","2020","01","02","08:00","-2.7","","-3.2","","97","","0.0","","16","","14","","","","95.80","","","","-8","","NA"
"-80.80","46.63","SUDBURY CLIMATE","6068145","2020-01-02 09:00","2020","01","02","09:00","-1.8","","-2.6","","95","","0.0","","18","","16","","","","95.79","","","","-7","","NA"
"-80.80","46.63","SUDBURY CLIMATE","6068145","2020-01-02 10:00","2020","01","02","10:00","-1.7","","-2.4","","95","","0.0","","17","","18","","","","95.75","","","","-7","","NA"
"-80.80","46.63","SUDBURY CLIMATE","6068145","2020-01-02 11:00","2020","01","02","11:00","-0.6","","-1.5","","94","","0.0","","18","","18","","","","95.76","","","","-6","","NA"
"-80.80","46.63","SUDBURY CLIMATE","6068145","2020-01-02 12:00","2020","01","02","12:00","-0.7","","-1.5","","94","","0.0","","18","","20","","","","95.75","","","","-6","","NA"
"-80.80","46.63","SUDBURY CLIMATE","6068145","2020-01-02 13:00","2020","01","02","13:00","-0.8","","-1.3","","97","","0.0","","18","","15","","","","95.75","","","","-5","","NA"
"-80.80","46.63","SUDBURY CLIMATE","6068145","2020-01-02 14:00","2020","01","02","14:00","-0.3","","-1.1","","94","","0.0","","18","","17","","","","95.74","","","","-5","","NA"
"-80.80","46.63","SUDBURY CLIMATE","6068145","2020-01-02 15:00","2020","01","02","15:00","-0.1","","-0.6","","96","","0.0","","17","","16","","","","95.75","","","","-5","","NA"
"-80.80","46.63","SUDBURY CLIMATE","6068145","2020-01-02 16:00","2020","01","02","16:00","0.1","","-0.2","","98","","0.0","","15","","17","","","","95.66","","","","","","NA"
"-80.80","46.63","SUDBURY CLIMATE","6068145","2020-01-02 17:00","2020","01","02","17:00","0.9","","-0.2","","92","","0.0","","18","","22","","","","95.59","","","","","","NA"
"-80.80","46.63","SUDBURY CLIMATE","6068145","2020-01-02 18:00","2020","01","02","18:00","1.6","","0.1","","90","","0.0","","19","","20","","","","95.54","","","","","","NA"
"-80.80","46.63","SUDBURY CLIMATE","6068145","2020-01-02 19:00","2020","01","02","19:00","2.0","","0.0","","86","","0.0","","20","","22","","","","95.51","","","","","","NA"
"-80.80","46.63","SUDBURY CLIMATE","6068145","2020-01-02 20:00","2020","01","02","20:00","1.8","","0.1","","89","","0.0","","20","","21","","","","95.49","","","","","","NA"
"-80.80","46.63","SUDBURY CLIMATE","6068145","2020-01-02 21:00","2020","01","02","21:00","1.2","","0.3","","94","","0.0","","20","","22","","","","95.54","","","","","","NA"
"-80.80","46.63","SUDBURY CLIMATE","6068145","2020-01-02 22:00","2020","01","02","22:00","1.2","","0.1","","92","","0.0","","21","","21","","","","95.60","","","","","","NA"
"-80.80","46.63","SUDBURY CLIMATE","6068145","2020-01-02 23:00","2020","01","02","23:00","0.9","","-0.1","","93","","0.0","","20","","18","","","","95.64","","","","","","NA"
"-80.80","46.63","SUDBURY CLIMATE","6068145","2020-01-03 00:00","2020","01","03","00:00","1.0","","-0.1","","93","","0.0","","20","","17","","","","95.68","","","","","","NA"
"-80.80","46.63","SUDBURY CLIMATE","6068145","2020-01-03 01:00","2020","01","03","01:00","1.0","","0.0","","93","","0.0","","21","","16","","","","95.71","","","","","","NA"
"-80.80","46.63","SUDBURY CLIMATE","6068145","2020-01-03 02:00","2020","01","03","02:00","1.1","","-0.1","","92","","0.0","","21","","17","","","","95.72","","","","","","NA"
"-80.80","46.63","SUDBURY CLIMATE","6068145","2020-01-03 03:00","2020","01","03","03:00","1.1","","0.2","","93","","0.0","","21","","16","","","","95.69","","","","","","NA"
"-80.80","46.63","SUDBURY CLIMATE","6068145","2020-01-03 04:00","2020","01","03","04:00","1.2","","0.1","","92","","0.0","","21","","15","","","","95.71","","","","","","NA"
"-80.80","46.63","SUDBURY CLIMATE","6068145","2020-01-03 05:00","2020","01","03","05:00","1.7","","0.7","","93","","0.0","","23","","20","","","","95.72","","","","","","NA"
"-80.80","46.63","SUDBURY CLIMATE","6068145","2020-01-03 06:00","2020","01","03","06:00","2.0","","1.1","","93","","0.0","","24","","18","","","","95.74","","","","","","NA"
"-80.80","46.63","SUDBURY CLIMATE","6068145","2020-01-03 07:00","2020","01","03","07:00","1.7","","0.5","","92","","0.0","","24","","16","","","","95.78","","","","","","NA"
"-80.80","46.63","SUDBURY CLIMATE","6068145","2020-01-03 08:00","2020","01","03","08:00","1.5","","0.3","","92","","0.0","","24","","21","","","","95.90","","","","","","NA"
"-80.80","46.63","SUDBURY CLIMATE","6068145","2020-01-03 09:00","2020","01","03","09:00","1.1","","0.3","","94","","0.0","","22","","19","","","","95.93","","","","","","NA"
"-80.80","46.63","SUDBURY CLIMATE","6068145","2020-01-03 10:00","2020","01","03","10:00","1.2","","0.2","","93","","0.0","","24","","15","","","","95.97","","","","","","NA"
"-80.80","46.63","SUDBURY CLIMATE","6068145","2020-01-03 11:00","2020","01","03","11:00","1.1","","0.1","","94","","0.0","","24","","13","","","","96.03","","","","","","NA"
"-80.80","46.63","SUDBURY CLIMATE","6068145","2020-01-03 12:00","2020","01","03","12:00","0.8","","0.0","","95","","0.0","","22","","15","","","","96.05","","","","","","NA"
"-80.80","46.63","SUDBURY CLIMATE","6068145","2020-01-03 13:00","2020","01","03","13:00","0.8","","-0.5","","91","","0.0","","23","","18","","","","96.08","","","","","","NA"
"-80.80","46.63","SUDBURY CLIMATE","6068145","2020-01-03 14:00","2020","01","03","14:00","1.1","","-2.6","","76","","0.0","","26","","19","","","","96.15","","","","","","NA"
"-80.80","46.63","SUDBURY CLIMATE","6068145","2020-01-03 15:00","2020","01","03","15:00","1.2","","-3.0","","74","","0.0","","26","","17","","","","96.24","","","","","","NA"
"-80.80","46.63","SUDBURY CLIMATE","6068145","2020-01-03 16:00","2020","01","03","16:00","1.1","","-3.0","","74","","0.0","","26","","14","","","","96.28","","","","","","NA"
"-80.80","46.63","SUDBURY CLIMATE","6068145","2020-01-03 17:00","2020","01","03","17:00","0.7","","-3.9","","71","","0.0","","26","","19","","","","96.28","","","","","","NA"
"-80.80","46.63","SUDBURY CLIMATE","6068145","2020-01-03 18:00","2020","01","03","18:00","0.8","","-4.5","","68","","0.0","","27","","12","","","","96.28","","","","","","NA"
"-80.80","46.63","SUDBURY CLIMATE","6068145","2020-01-03 19:00","2020","01","03","19:00","0.3","","-4.7","","69","","0.0","","28","","10","","","","96.32","","","","","","NA"
"-80.80","46.63","SUDBURY CLIMATE","6068145","2020-01-03 20:00","2020","01","03","20:00","-0.2","","-4.0","","76","","0.0","","27","","10","","","","96.41","","","","-4","","NA"
"-80.80","46.63","SUDBURY CLIMATE","6068145","2020-01-03 21:00","2020","01","03","21:00","-0.4","","-4.6","","74","","0.0","","27","","10","","","","96.51","","","","-4","","NA"
"-80.80","46.63","SUDBURY CLIMATE","6068145","2020-01-03 22:00","2020","01","03","22:00","-0.6","","-5.0","","72","","0.0","","29","","8","","","","96.61","","","","-3","","NA"
"-80.80","46.63","SUDBURY CLIMATE","6068145","2020-01-03 23:00","2020","01","03","23:00","-0.9","","-4.4","","77","","0.0","","29","","7","","","","96.67","","","","-3","","NA"
"-80.80","46.63","SUDBURY CLIMATE","6068145","2020-01-04 00:00","2020","01","04","00:00","-1.5","","-3.1","","89","","0.0","","29","","6","","","","96.75","","","","-4","","NA"
"-80.80","46.63","SUDBURY CLIMATE","6068145","2020-01-04 01:00","2020","01","04","01:00","-1.4","","-3.4","","86","","0.0","","36","","7","","","","96.78","","","","-4","","NA"
"-80.80","46.63","SUDBURY CLIMATE","6068145","2020-01-04 02:00","2020","01","04","02:00","-1.7","","-4.1","","84","","0.0","","36","","6","","","","96.80","","","","-4","","NA"
"-80.80","46.63","SUDBURY CLIMATE","6068145","2020-01-04 03:00","2020","01","04","03:00","-1.8","","-5.2","","77","","0.0","","35","","8","","","","96.83","","","","-5","","NA"
"-80.80","46.63","SUDBURY CLIMATE","6068145","2020-01-04 04:00","2020","01","04","04:00","-1.8","","-5.3","","77","","0.0","","35","","5","","","","96.85","","","","-4","","NA"
"-80.80","46.63","SUDBURY CLIMATE","6068145","2020-01-04 05:00","2020","01","04","05:00","-2.0","","-4.9","","81","","0.0","","1","","8","","","","96.82","","","","-5","","NA"
"-80.80","46.63","SUDBURY CLIMATE","6068145","2020-01-04 06:00","2020","01","04","06:00","-2.6","","-5.6","","79","","0.0","","1","","10","","","","96.80","","","","-6","","NA"
"-80.80","46.63","SUDBURY CLIMATE","6068145","2020-01-04 07:00","2020","01","04","07:00","-2.8","","-6.3","","77","","0.0","","2","","9","","","","96.76","","","","-6","","NA"
"-80.80","46.63","SUDBURY CLIMATE","6068145","2020-01-04 08:00","2020","01","04","08:00","-2.9","","-6.3","","77","","0.0","","1","","7","","","","96.79","","","","-6","","NA"
"-80.80","46.63","SUDBURY CLIMATE","6068145","2020-01-04 09:00","2020","01","04","09:00","-3.0","","-5.8","","81","","0.0","","1","","7","","","","96.82","","","","-6","","NA"
"-80.80","46.63","SUDBURY CLIMATE","6068145","2020-01-04 10:00","2020","01","04","10:00","-3.6","","-5.7","","85","","0.0","","1","","11","","","","96.81","","","","-8","","NA"
"-80.80","46.63","SUDBURY CLIMATE","6068145","2020-01-04 11:00","2020","01","04","11:00","-3.8","","-5.3","","89","","0.0","","2","","12","","","","96.72","","","","-8","","NA"
"-80.80","46.63","SUDBURY CLIMATE","6068145","2020-01-04 12:00","2020","01","04","12:00","-4.2","","-6.4","","85","","0.0","","2","","12","","","","96.76","","","","-9","","NA"
"-80.80","46.63","SUDBURY CLIMATE","6068145","2020-01-04 13:00","2020","01","04","13:00","-4.7","","-5.9","","91","","0.0","","2","","13","","","","96.76","","","","-10","","NA"
"-80.80","46.63","SUDBURY CLIMATE","6068145","2020-01-04 14:00","2020","01","04","14:00","-4.9","","-5.7","","94","","0.0","","2","","13","","","","96.78","","","","-10","","NA"
"-80.80","46.63","SUDBURY CLIMATE","6068145","2020-01-04 15:00","2020","01","04","15:00","-5.4","","-6.5","","92","","0.0","","4","","18","","","","96.81","","","","-12","","NA"
"-80.80","46.63","SUDBURY CLIMATE","6068145","2020-01-04 16:00","2020","01","04","16:00","-5.7","","-7.4","","88","","0.0","","4","","18","","","","96.80","","","","-12","","NA"
"-80.80","46.63","SUDBURY CLIMATE","6068145","2020-01-04 17:00","2020","01","04","17:00","-5.6","","-7.7","","85","","0.0","","3","","13","","","","96.70","","","","-11","","NA"
"-80.80","46.63","SUDBURY CLIMATE","6068145","2020-01-04 18:00","2020","01","04","18:00","-5.7","","-8.1","","83","","0.0","","3","","12","","","","96.62","","","","-11","","NA"
"-80.80","46.63","SUDBURY CLIMATE","6068145","2020-01-04 19:00","2020","01","04","19:00","-5.4","","-8.6","","78","","0.0","","2","","11","","","","96.57","","","","-10","","NA"
"-80.80","46.63","SUDBURY CLIMATE","6068145","2020-01-04 20:00","2020","01","04","20:00","-5.5","","-8.5","","79","","0.0","","2","","11","","","","96.59","","","","-10","","NA"
"-80.80","46.63","SUDBURY CLIMATE","6068145","2020-01-04 21:00","2020","01","04","21:00","-5.6","","-8.4","","81","","0.0","","2","","11","","","","96.64","","","","-10","","NA"
"-80.80","46.63","SUDBURY CLIMATE","6068145","2020-01-04 22:00","2020","01","04","22:00","-6.0","","-8.4","","83","","0.0","","35","","9","","","","96.71","","","","-10","","NA"
"-80.80","46.63","SUDBURY CLIMATE","6068145","2020-01-04 23:00","2020","01","04","23:00","-6.3","","-8.9","","82","","0.0","","33","","8","","","","96.77","","","","-10","","NA"
"-80.80","46.63","SUDBURY CLIMATE","6068145","2020-01-05 00:00","2020","01","05","00:00","-6.7","","-10.0","","77","","0.0","","35","","11","","","","96.79","","","","-12","","NA"
"-80.80","46.63","SUDBURY CLIMATE","6068145","2020-01-05 01:00","2020","01","05","01:00","-7.1","","-10.2","","78","","0.0","","34","","8","","","","96.84","","","","-11","","NA"
"-80.80","46.63","SUDBURY CLIMATE","6068145","2020-01-05 02:00","2020","01","05","02:00","-7.3","","-9.5","","85","","0.0","","1","","8","","","","96.86","","","","-11","","NA"
"-80.80","46.63","SUDBURY CLIMATE","6068145","2020-01-05 03:00","2020","01","05","03:00","-7.6","","-10.0","","83","","0.0","","36","","8","","","","96.88","","","","-12","","NA"
"-80.80","46.63","SUDBURY CLIMATE","6068145","2020-01-05 04:00","2020","01","05","04:00","-7.9","","-11.0","","78","","0.0","","36","","12","","","","96.88","","","","-13","","NA"
"-80.80","46.63","SUDBURY CLIMATE","6068145","2020-01-05 05:00","2020","01","05","05:00","-8.2","","-11.4","","77","","0.0","","33","","8","","","","96.93","","","","-12","","NA"
"-80.80","46.63","SUDBURY CLIMATE","6068145","2020-01-05 06:00","2020","01","05","06:00","-8.3","","-11.3","","79","","0.0","","32","","6","","","","96.94","","","","-12","","NA"
"-80.80","46.63","SUDBURY CLIMATE","6068145","2020-01-05 07:00","2020","01","05","07:00","-8.3","","-11.2","","80","","0.0","","31","","5","","","","96.96","","","","-11","","NA"
"-80.80","46.63","SUDBURY CLIMATE","6068145","2020-01-05 08:00","2020","01","05","08:00","-8.5","","-11.2","","81","","0.0","","30","","8","","","","97.07","","","","-13","","NA"
"-80.80","46.63","SUDBURY CLIMATE","6068145","2020-01-05 09:00","2020","01","05","09:00","-8.9","","-12.0","","78","","0.0","","33","","12","","","","97.12","","","","-15","","NA"
"-80.80","46.63","SUDBURY CLIMATE","6068145","2020-01-05 10:00","2020","01","05","10:00","-9.4","","-12.5","","78","","0.0","","34","","12","","","","97.16","","","","-15","","NA"
"-80.80","46.63","SUDBURY CLIMATE","6068145","2020-01-05 11:00","2020","01","05","11:00","-10.6","","-13.1","","82","","0.0","","34","","6","","","","97.17","","","","-14","","NA"
"-80.80","46.63","SUDBURY CLIMATE","6068145","2020-01-05 12:00","2020","01","05","12:00","-13.0","","-14.3","","90","","0.0","","32","","1","","","","97.24","","","","-14","","NA"
"-80.80","46.63","SUDBURY CLIMATE","6068145","2020-01-05 13:00","2020","01","05","13:00","-11.4","","-12.7","","90","","0.0","","32","","8","","","","97.28","","","","-16","","NA"
"-80.80","46.63","SUDBURY CLIMATE","6068145","2020-01-05 14:00","2020","01","05","14:00","-11.0","","-13.0","","85","","0.0","","32","","4","","","","97.30","","","","-13","","NA"
"-80.80","46.63","SUDBURY CLIMATE","6068145","2020-01-05 15:00","2020","01","05","15:00","-9.6","","-12.4","","80","","0.0","","29","","3","","","","97.33","","","","-11","","NA"
"-80.80","46.63","SUDBURY CLIMATE","6068145","2020-01-05 16:00","2020","01","05","16:00","-9.0","","-12.9","","73","","0.0","","5","","7","","","","97.26","","","","-13","","NA"
"-80.80","46.63","SUDBURY CLIMATE","6068145","2020-01-05 17:00","2020","01","05","17:00","-7.9","","-13.1","","66","","0.0","","4","","2","","","","97.18","","","","-9","","NA"
"-80.80","46.63","SUDBURY CLIMATE","6068145","2020-01-05 18:00","2020","01","05","18:00","-7.8","","-12.3","","70","","0.0","","18","","6","","","","97.11","","","","-11","","NA"
"-80.80","46.63","SUDBURY CLIMATE","6068145","2020-01-05 19:00","2020","01","05","19:00","-7.6","","-11.8","","72","","0.0","","10","","1","","","","97.02","","","","-8","","NA"
"-80.80","46.63","SUDBURY CLIMATE","6068145","2020-01-05 20:00","2020","01","05","20:00","-7.4","","-10.8","","76","","0.0","","18","","6","","","","96.97","","","","-11","","NA"
"-80.80","46.63","SUDBURY CLIMATE","6068145","2020-01-05 21:00","2020","01","05","21:00","-7.2","","-10.6","","76","","0.0","","13","","8","","","","96.89","","","","-11","","NA"
"-80.80","46.63","SUDBURY CLIMATE","6068145","2020-01-05 22:00","2020","01","05","22:00","-7.0","","-10.2","","78","","0.0","","12","","6","","","","96.85","","","","-10","","NA"
"-80.80","46.63","SUDBURY CLIMATE","6068145","2020-01-05 23:00","2020","01","05","23:00","-6.9","","-10.0","","78","","0.0","","13","","8","","","","96.84","","","","-11","","NA"
"-80.80","46.63","SUDBURY CLIMATE","6068145","2020-01-06 00:00","2020","01","06","00:00","-7.1","","-10.4","","77","","0.0","","12","","13","","","","96.76","","","","-13","","NA"
"-80.80","46.63","SUDBURY CLIMATE","6068145","2020-01-06 01:00","2020","01","06","01:00","-7.7","","-9.6","","86","","0.0","","11","","13","","","","96.64","","","","-13","","NA"
"-80.80","46.63","SUDBURY CLIMATE","6068145","2020-01-06 02:00","2020","01","06","02:00","-7.7","","-9.0","","90","","0.2","","11","","18","","","","96.55","","","","-15","","NA"
"-80.80","46.63","SUDBURY CLIMATE","6068145","2020-01-06 03:00","2020","01","06","03:00","-7.5","","-8.8","","91","","0.2","","11","","18","","","","96.46","","","","-14","","NA"
"-80.80","46.63","SUDBURY CLIMATE","6068145","2020-01-06 04:00","2020","01","06","04:00","-7.0","","-8.2","","91","","0.2","","11","","19","","","","96.37","","","","-14","","NA"
"-80.80","46.63","SUDBURY CLIMATE","6068145","2020-01-06 05:00","2020","01","06","05:00","-6.5","","-7.6","","92","","0.2","","11","","17","","","","96.27","","","","-13","","NA"
"-80.80","46.63","SUDBURY CLIMATE","6068145","2020-01-06 06:00","2020","01","06","06:00","-6.1","","-7.2","","92","","0.2","","11","","19","","","","96.15","","","","-13","","NA"
"-80.80","46.63","SUDBURY CLIMATE","6068145","2020-01-06 07:00","2020","01","06","07:00","-5.9","","-6.9","","92","","0.3","","11","","18","","","","96.10","","","","-12","","NA"
"-80.80","46.63","SUDBURY CLIMATE","6068145","2020-01-06 08:00","2020","01","06","08:00","-5.7","","-6.7","","93","","0.2","","11","","14","","","","96.09","","","","-11","","NA"
"-80.80","46.63","SUDBURY CLIMATE","6068145","2020-01-06 09:00","2020","01","06","09:00","-5.6","","-6.6","","93","","0.0","","13","","14","","","","96.05","","","","-11","","NA"
"-80.80","46.63","SUDBURY CLIMATE","6068145","2020-01-06 10:00","2020","01","06","10:00","-5.8","","-6.7","","93","","0.2","","14","","7","","","","96.04","","","","-9","","NA"
"-80.80","46.63","SUDBURY CLIMATE","6068145","2020-01-06 11:00","2020","01","06","11:00","-6.0","","-6.9","","93","","0.4","","19","","9","","","","96.03","","","","-10","","NA"
"-80.80","46.63","SUDBURY CLIMATE","6068145","2020-01-06 12:00","2020","01","06","12:00","-6.2","","-6.9","","94","","0.0","","23","","8","","","","96.05","","","","-10","","NA"
"-80.80","46.63","SUDBURY CLIMATE","6068145","2020-01-06 13:00","2020","01","06","13:00","-5.2","","-6.1","","93","","0.2","","26","","10","","","","96.11","","","","-10","","NA"
"-80.80","46.63","SUDBURY CLIMATE","6068145","2020-01-06 14:00","2020","01","06","14:00","-4.4","","-6.0","","89","","0.0","","25","","13","","","","96.21","","","","-9","","NA"
"-80.80","46.63","SUDBURY CLIMATE","6068145","2020-01-06 15:00","2020","01","06","15:00","-3.6","","-7.3","","76","","0.0","","26","","20","","","","96.26","","","","-10","","NA"
"-80.80","46.63","SUDBURY CLIMATE","6068145","2020-01-06 16:00","2020","01","06","16:00","-3.4","","-9.2","","64","","0.0","","27","","11","","","","96.26","","","","-8","","NA"
"-80.80","46.63","SUDBURY CLIMATE","6068145","2020-01-06 17:00","2020","01","06","17:00","-3.9","","-8.1","","72","","0.0","","25","","16","","","","96.29","","","","-9","","NA"
"-80.80","46.63","SUDBURY CLIMATE","6068145","2020-01-06 18:00","2020","01","06","18:00","-4.5","","-5.9","","90","","0.2","","24","","6","","","","96.20","","","","-7","","NA"
"-80.80","46.63","SUDBURY CLIMATE","6068145","2020-01-06 19:00","2020","01","06","19:00","-4.0","","-5.3","","91","","0.2","","22","","11","","","","96.15","","","","-8","","NA"
"-80.80","46.63","SUDBURY CLIMATE","6068145","2020-01-06 20:00","2020","01","06","20:00","-5.1","","-6.3","","92","","1.3","","30","","11","","","","96.25","","","","-10","","NA"
"-80.80","46.63","SUDBURY CLIMATE","6068145","2020-01-06 21:00","2020","01","06","21:00","-5.4","","-8.9","","76","","0.0","","28","","9","","","","96.34","","","","-9","","NA"
"-80.80","46.63","SUDBURY CLIMATE","6068145","2020-01-06 22:00","2020","01","06","22:00","-6.4","","-9.9","","76","","0.0","","28","","8","","","","96.45","","","","-10","","NA"
"-80.80","46.63","SUDBURY CLIMATE","6068145","2020-01-06 23:00","2020","01","06","23:00","-7.3","","-9.1","","87","","0.0","","27","","10","","","","96.55","","","","-12","","NA"
"-80.80","46.63","SUDBURY CLIMATE","6068145","2020-01-07 00:00","2020","01","07","00:00","-7.7","","-9.8","","85","","0.0","","28","","7","","","","96.64","","","","-11","","NA"
"-80.80","46.63","SUDBURY CLIMATE","6068145","2020-01-07 01:00","2020","01","07","01:00","-7.5","","-9.6","","85","","0.2","","30","","7","","","","96.69","","","","-11","","NA"
"-80.80","46.63","SUDBURY CLIMATE","6068145","2020-01-07 02:00","2020","01","07","02:00","-7.5","","-9.1","","88","","0.0","","29","","7","","","","96.72","","","","-11","","NA"
"-80.80","46.63","SUDBURY CLIMATE","6068145","2020-01-07 03:00","2020","01","07","03:00","-7.7","","-9.7","","86","","0.0","","27","","7","","","","96.76","","","","-11","","NA"
"-80.80","46.63","SUDBURY CLIMATE","6068145","2020-01-07 04:00","2020","01","07","04:00","-7.2","","-10.6","","77","","0.0","","27","","10","","","","96.79","","","","-12","","NA"
"-80.80","46.63","SUDBURY CLIMATE","6068145","2020-01-07 05:00","2020","01","07","05:00","-7.4","","-10.6","","78","","0.0","","30","","7","","","","96.86","","","","-11","","NA"
"-80.80","46.63","SUDBURY CLIMATE","6068145","2020-01-07 06:00","2020","01","07","06:00","-7.8","","-10.6","","80","","0.0","","27","","4","","","","96.87","","","","-10","","NA"
"-80.80","46.63","SUDBURY CLIMATE","6068145","2020-01-07 07:00","2020","01","07","07:00","-7.9","","-10.7","","80","","0.0","","26","","4","","","","96.90","","","","-10","","NA"
"-80.80","46.63","SUDBURY CLIMATE","6068145","2020-01-07 08:00","2020","01","07","08:00","-10.5","","-11.9","","89","","0.0","","23","","3","","","","96.91","","","","-12","","NA"
"-80.80","46.63","SUDBURY CLIMATE","6068145","2020-01-07 09:00","2020","01","07","09:00","-9.3","","-11.5","","84","","0.0","","19","","13","","","","96.85","","","","-15","","NA"
"-80.80","46.63","SUDBURY CLIMATE","6068145","2020-01-07 10:00","2020","01","07","10:00","-11.6","","-13.2","","87","","0.0","","18","","15","","","","96.81","","","","-19","","NA"
"-80.80","46.63","SUDBURY CLIMATE","6068145","2020-01-07 11:00","2020","01","07","11:00","-11.3","","-13.0","","87","","0.0","","19","","15","","","","96.73","","","","-18","","NA"
"-80.80","46.63","SUDBURY CLIMATE","6068145","2020-01-07 12:00","2020","01","07","12:00","-10.2","","-11.4","","91","","0.0","","18","","13","","","","96.71","","","","-16","","NA"
"-80.80","46.63","SUDBURY CLIMATE","6068145","2020-01-07 13:00","2020","01","07","13:00","-8.5","","-9.8","","90","","0.0","","17","","23","","","","96.64","","","","-17","","NA"
"-80.80","46.63","SUDBURY CLIMATE","6068145","2020-01-07 14:00","2020","01","07","14:00","-8.5","","-9.7","","91","","0.0","","17","","19","","","","96.62","","","","-16","","NA"
"-80.80","46.63","SUDBURY CLIMATE","6068145","2020-01-07 15:00","2020","01","07","15:00","-7.6","","-9.0","","90","","0.0","","18","","16","","","","96.59","","","","-14","","NA"
"-80.80","46.63","SUDBURY CLIMATE","6068145","2020-01-07 16:00","2020","01","07","16:00","-6.0","","-6.9","","93","","0.0","","17","","16","","","","96.56","","","","-12","","NA"
"-80.80","46.63","SUDBURY CLIMATE","6068145","2020-01-07 17:00","2020","01","07","17:00","-4.3","","-5.2","","94","","0.0","","18","","14","","","","96.45","","","","-9","","NA"
"-80.80","46.63","SUDBURY CLIMATE","6068145","2020-01-07 18:00","2020","01","07","18:00","-1.8","","-3.0","","92","","0.0","","18","","18","","","","96.36","","","","-7","","NA"
"-80.80","46.63","SUDBURY CLIMATE","6068145","2020-01-07 19:00","2020","01","07","19:00","-0.2","","-2.0","","88","","0.0","","18","","23","","","","96.26","","","","-6","","NA"
"-80.80","46.63","SUDBURY CLIMATE","6068145","2020-01-07 20:00","2020","01","07","20:00","0.5","","-2.4","","81","","0.0","","21","","27","","","","96.21","","","","","","NA"
"-80.80","46.63","SUDBURY CLIMATE","6068145","2020-01-07 21:00","2020","01","07","21:00","-1.0","","-1.6","","96","","1.5","","24","","20","","","","96.22","","","","-7","","NA"
"-80.80","46.63","SUDBURY CLIMATE","6068145","2020-01-07 22:00","2020","01","07","22:00","-2.1","","-2.8","","95","","0.0","","22","","15","","","","96.24","","","","-7","","NA"
"-80.80","46.63","SUDBURY CLIMATE","6068145","2020-01-07 23:00","2020","01","07","23:00","-3.4","","-4.5","","92","","0.0","","23","","14","","","","96.25","","","","-8","","NA"
"-80.80","46.63","SUDBURY CLIMATE","6068145","2020-01-08 00:00","2020","01","08","00:00","-4.8","","-5.7","","94","","0.0","","22","","14","","","","96.24","","","","-10","","NA"
"-80.80","46.63","SUDBURY CLIMATE","6068145","2020-01-08 01:00","2020","01","08","01:00","-6.6","","-6.9","","98","","0.0","","22","","14","","","","96.23","","","","-12","","NA"
"-80.80","46.63","SUDBURY CLIMATE","6068145","2020-01-08 02:00","2020","01","08","02:00","-4.6","","-5.1","","96","","0.0","","25","","9","","","","96.27","","","","-8","","NA"
"-80.80","46.63","SUDBURY CLIMATE","6068145","2020-01-08 03:00","2020","01","08","03:00","-5.0","","-6.0","","93","","0.0","","28","","6","","","","96.28","","","","-8","","NA"
"-80.80","46.63","SUDBURY CLIMATE","6068145","2020-01-08 04:00","2020","01","08","04:00","-6.3","","-7.1","","94","","0.0","","27","","5","","","","96.28","","","","-9","","NA"
"-80.80","46.63","SUDBURY CLIMATE","6068145","2020-01-08 05:00","2020","01","08","05:00","-6.8","","-7.9","","92","","0.0","","25","","6","","","","96.29","","","","-10","","NA"
"-80.80","46.63","SUDBURY CLIMATE","6068145","2020-01-08 06:00","2020","01","08","06:00","-7.0","","-8.5","","89","","0.0","","27","","6","","","","96.29","","","","-10","","NA"
"-80.80","46.63","SUDBURY CLIMATE","6068145","2020-01-08 07:00","2020","01","08","07:00","-7.2","","-10.5","","77","","0.0","","31","","15","","","","96.38","","","","-13","","NA"
"-80.80","46.63","SUDBURY CLIMATE","6068145","2020-01-08 08:00","2020","01","08","08:00","-7.8","","-11.9","","73","","0.0","","31","","14","","","","96.47","","","","-14","","NA"
"-80.80","46.63","SUDBURY CLIMATE","6068145","2020-01-08 09:00","2020","01","08","09:00","-8.8","","-13.4","","70","","0.0","","30","","13","","","","96.54","","","","-15","","NA"
"-80.80","46.63","SUDBURY CLIMATE","6068145","2020-01-08 10:00","2020","01","08","10:00","-10.1","","-13.6","","76","","0.0","","29","","10","","","","96.64","","","","-15","","NA"
"-80.80","46.63","SUDBURY CLIMATE","6068145","2020-01-08 11:00","2020","01","08","11:00","-11.3","","-14.5","","77","","0.0","","32","","15","","","","96.74","","","","-18","","NA"
"-80.80","46.63","SUDBURY CLIMATE","6068145","2020-01-08 12:00","2020","01","08","12:00","-13.6","","-17.8","","71","","0.0","","32","","19","","","","96.90","","","","-22","","NA"
"-80.80","46.63","SUDBURY CLIMATE","6068145","2020-01-08 13:00","2020","01","08","13:00","-15.4","","-19.4","","72","","0.0","","34","","18","","","","97.08","","","","-24","","NA"
"-80.80","46.63","SUDBURY CLIMATE","6068145","2020-01-08 14:00","2020","01","08","14:00","-15.7","","-19.4","","73","","0.0","","34","","12","","","","97.23","","","","-23","","NA"
"-80.80","46.63","SUDBURY CLIMATE","6068145","2020-01-08 15:00","2020","01","08","15:00","-15.5","","-19.5","","71","","0.0","","32","","17","","","","97.42","","","","-24","","NA"
"-80.80","46.63","SUDBURY CLIMATE","6068145","2020-01-08 16:00","2020","01","08","16:00","-15.8","","-21.4","","62","","0.0","","34","","19","","","","97.56","","","","-25","","NA"
"-80.80","46.63","SUDBURY CLIMATE","6068145","2020-01-08 17:00","2020","01","08","17:00","-15.6","","-20.9","","64","","0.0","","32","","17","","","","97.63","","","","-24","","NA"
"-80.80","46.63","SUDBURY CLIMATE","6068145","2020-01-08 18:00","2020","01","08","18:00","-15.1","","-21.3","","59","","0.0","","31","","14","","","","97.74","","","","-23","","NA"
"-80.80","46.63","SUDBURY CLIMATE","6068145","2020-01-08 19:00","2020","01","08","19:00","-15.2","","-21.5","","59","","0.0","","32","","18","","","","97.87","","","","-24","","NA"
"-80.80","46.63","SUDBURY CLIMATE","6068145","2020-01-08 20:00","2020","01","08","20:00","-15.0","","-21.2","","59","","0.0","","31","","16","","","","98.03","","","","-23","","NA"
"-80.80","46.63","SUDBURY CLIMATE","6068145","2020-01-08 21:00","2020","01","08","21:00","-15.5","","-21.6","","60","","0.0","","33","","12","","","","98.22","","","","-23","","NA"
"-80.80","46.63","SUDBURY CLIMATE","6068145","2020-01-08 22:00","2020","01","08","22:00","-16.6","","-21.7","","64","","0.0","","32","","11","","","","98.36","","","","-24","","NA"
"-80.80","46.63","SUDBURY CLIMATE","6068145","2020-01-08 23:00","2020","01","08","23:00","-17.8","","-21.9","","70","","0.0","","31","","10","","","","98.50","","","","-25","","NA"
"-80.80","46.63","SUDBURY CLIMATE","6068145","2020-01-09 00:00","2020","01","09","00:00","-19.3","","-22.8","","74","","0.0","","32","","6","","","","98.61","","","","-24","","NA"
"-80.80","46.63","SUDBURY CLIMATE","6068145","2020-01-09 01:00","2020","01","09","01:00","-19.6","","-22.7","","76","","0.0","","31","","9","","","","98.70","","","","-26","","NA"
"-80.80","46.63","SUDBURY CLIMATE","6068145","2020-01-09 02:00","2020","01","09","02:00","-20.1","","-23.0","","77","","0.0","","32","","8","","","","98.80","","","","-26","","NA"
"-80.80","46.63","SUDBURY CLIMATE","6068145","2020-01-09 03:00","2020","01","09","03:00","-21.3","","-23.5","","83","","0.0","","31","","5","","","","98.88","","","","-26","","NA"
"-80.80","46.63","SUDBURY CLIMATE","6068145","2020-01-09 04:00","2020","01","09","04:00","-22.7","","-24.8","","83","","0.0","","29","","6","","","","98.96","","","","-28","","NA"
"-80.80","46.63","SUDBURY CLIMATE","6068145","2020-01-09 05:00","2020","01","09","05:00","-23.0","","-25.1","","83","","0.0","","28","","6","","","","99.03","","","","-28","","NA"
"-80.80","46.63","SUDBURY CLIMATE","6068145","2020-01-09 06:00","2020","01","09","06:00","-24.2","","-26.3","","83","","0.0","","30","","2","","","","99.02","","","","-26","","NA"
"-80.80","46.63","SUDBURY CLIMATE","6068145","2020-01-09 07:00","2020","01","09","07:00","-23.9","","-25.9","","84","","0.0","","36","","3","","","","99.09","","","","-27","","NA"
"-80.80","46.63","SUDBURY CLIMATE","6068145","2020-01-09 08:00","2020","01","09","08:00","-23.7","","-25.6","","85","","0.2","","1","","3","","","","99.19","","","","-27","","NA"
"-80.80","46.63","SUDBURY CLIMATE","6068145","2020-01-09 09:00","2020","01","09","09:00","-24.2","","-26.0","","85","","0.0","","5","","8","","","","99.20","","","","-31","","NA"
"-80.80","46.63","SUDBURY CLIMATE","6068145","2020-01-09 10:00","2020","01","09","10:00","-23.6","","-25.8","","82","","0.0","","5","","6","","","","99.22","","","","-29","","NA"
"-80.80","46.63","SUDBURY CLIMATE","6068145","2020-01-09 11:00","2020","01","09","11:00","-21.1","","-23.6","","80","","0.0","","11","","14","","","","99.26","","","","-30","","NA"
"-80.80","46.63","SUDBURY CLIMATE","6068145","2020-01-09 12:00","2020","01","09","12:00","-21.7","","-24.2","","80","","0.0","","11","","13","","","","99.27","","","","-30","","NA"
"-80.80","46.63","SUDBURY CLIMATE","6068145","2020-01-09 13:00","2020","01","09","13:00","-21.0","","-23.6","","79","","0.0","","10","","14","","","","99.20","","","","-30","","NA"
"-80.80","46.63","SUDBURY CLIMATE","6068145","2020-01-09 14:00","2020","01","09","14:00","-21.0","","-23.6","","80","","0.0","","11","","16","","","","99.12","","","","-31","","NA"
"-80.80","46.63","SUDBURY CLIMATE","6068145","2020-01-09 15:00","2020","01","09","15:00","-19.4","","-22.2","","79","","0.0","","12","","17","","","","99.08","","","","-29","","NA"
"-80.80","46.63","SUDBURY CLIMATE","6068145","2020-01-09 16:00","2020","01","09","16:00","-18.1","","-21.8","","73","","0.0","","13","","15","","","","99.06","","","","-27","","NA"
"-80.80","46.63","SUDBURY CLIMATE","6068145","2020-01-09 17:00","2020","01","09","17:00","-16.6","","-21.1","","68","","0.0","","12","","15","","","","98.80","","","","-25","","NA"
"-80.80","46.63","SUDBURY CLIMATE","6068145","2020-01-09 18:00","2020","01","09","18:00","-14.9","","-19.2","","70","","0.0","","13","","16","","","","98.66","","","","-23","","NA"
"-80.80","46.63","SUDBURY CLIMATE","6068145","2020-01-09 19:00","2020","01","09","19:00","-13.7","","-17.5","","73","","0.0","","11","","23","","","","98.32","","","","-23","","NA"
"-80.80","46.63","SUDBURY CLIMATE","6068145","2020-01-09 20:00","2020","01","09","20:00","-13.9","","-17.4","","75","","0.0","","12","","17","","","","98.27","","","","-22","","NA"
"-80.80","46.63","SUDBURY CLIMATE","6068145","2020-01-09 21:00","2020","01","09","21:00","-13.4","","-16.8","","75","","0.0","","12","","20","","","","98.10","","","","-22","","NA"
"-80.80","46.63","SUDBURY CLIMATE","6068145","2020-01-09 22:00","2020","01","09","22:00","-12.1","","-15.5","","76","","0.0","","11","","18","","","","97.97","","","","-20","","NA"
"-80.80","46.63","SUDBURY CLIMATE","6068145","2020-01-09 23:00","2020","01","09","23:00","-11.0","","-14.6","","75","","0.0","","14","","20","","","","97.79","","","","-19","","NA"
"-80.80","46.63","SUDBURY CLIMATE","6068145","2020-01-10 00:00","2020","01","10","00:00","-10.2","","-12.4","","84","","0.0","","15","","28","","","","97.65","","","","-19","","NA"
"-80.80","46.63","SUDBURY CLIMATE","6068145","2020-01-10 01:00","2020","01","10","01:00","-9.0","","-11.2","","84","","0.0","","16","","24","","","","97.59","","","","-17","","NA"
"-80.80","46.63","SUDBURY CLIMATE","6068145","2020-01-10 02:00","2020","01","10","02:00","-8.4","","-9.9","","89","","0.0","","16","","20","","","","97.51","","","","-16","","NA"
"-80.80","46.63","SUDBURY CLIMATE","6068145","2020-01-10 03:00","2020","01","10","03:00","-7.4","","-8.9","","89","","0.0","","16","","22","","","","97.37","","","","-15","","NA"
"-80.80","46.63","SUDBURY CLIMATE","6068145","2020-01-10 04:00","2020","01","10","04:00","-6.3","","-7.7","","90","","0.0","","16","","24","","","","97.26","","","","-14","","NA"
"-80.80","46.63","SUDBURY CLIMATE","6068145","2020-01-10 05:00","2020","01","10","05:00","-5.7","","-6.9","","92","","0.0","","16","","18","","","","97.12","","","","-12","","NA"
"-80.80","46.63","SUDBURY CLIMATE","6068145","2020-01-10 06:00","2020","01","10","06:00","-4.9","","-5.8","","94","","0.2","","15","","17","","","","97.02","","","","-11","","NA"
"-80.80","46.63","SUDBURY CLIMATE","6068145","2020-01-10 07:00","2020","01","10","07:00","-4.2","","-4.9","","94","","0.0","","15","","18","","","","96.97","","","","-10","","NA"
"-80.80","46.63","SUDBURY CLIMATE","6068145","2020-01-10 08:00","2020","01","10","08:00","-3.3","","-4.1","","94","","0.0","","16","","16","","","","96.95","","","","-9","","NA"
"-80.80","46.63","SUDBURY CLIMATE","6068145","2020-01-10 09:00","2020","01","10","09:00","0.8","","0.1","","95","","0.0","","20","","21","","","","96.99","","","","","","NA"
"-80.80","46.63","SUDBURY CLIMATE","6068145","2020-01-10 10:00","2020","01","10","10:00","2.1","","0.5","","89","","0.0","","21","","22","","","","97.05","","","","","","NA"
"-80.80","46.63","SUDBURY CLIMATE","6068145","2020-01-10 11:00","2020","01","10","11:00","2.7","","1.1","","89","","0.0","","22","","20","","","","97.11","","","","","","NA"
"-80.80","46.63","SUDBURY CLIMATE","6068145","2020-01-10 12:00","2020","01","10","12:00","3.0","","1.6","","91","","0.0","","23","","17","","","","97.17","","","","","","NA"
"-80.80","46.63","SUDBURY CLIMATE","6068145","2020-01-10 13:00","2020","01","10","13:00","3.0","","2.0","","93","","0.0","","23","","16","","","","97.23","","","","","","NA"
"-80.80","46.63","SUDBURY CLIMATE","6068145","2020-01-10 14:00","2020","01","10","14:00","2.3","","1.9","","97","","0.0","","22","","14","","","","97.34","","","","","","NA"
"-80.80","46.63","SUDBURY CLIMATE","6068145","2020-01-10 15:00","2020","01","10","15:00","2.4","","2.1","","98","","0.0","","23","","18","","","","97.42","","","","","","NA"
"-80.80","46.63","SUDBURY CLIMATE","6068145","2020-01-10 16:00","2020","01","10","16:00","2.6","","1.8","","95","","0.0","","23","","18","","","","97.50","","","","","","NA"
"-80.80","46.63","SUDBURY CLIMATE","6068145","2020-01-10 17:00","2020","01","10","17:00","3.1","","0.5","","83","","0.0","","25","","16","","","","97.49","","","","","","NA"
"-80.80","46.63","SUDBURY CLIMATE","6068145","2020-01-10 18:00","2020","01","10","18:00","2.6","","-0.6","","79","","0.0","","24","","19","","","","97.52","","","","","","NA"
"-80.80","46.63","SUDBURY CLIMATE","6068145","2020-01-10 19:00","2020","01","10","19:00","2.3","","-1.2","","78","","0.0","","26","","14","","","","97.55","","","","","","NA"
"-80.80","46.63","SUDBURY CLIMATE","6068145","2020-01-10 20:00","2020","01","10","20:00","2.0","","-1.3","","79","","0.0","","26","","13","","","","97.68","","","","","","NA"
"-80.80","46.63","SUDBURY CLIMATE","6068145","2020-01-10 21:00","2020","01","10","21:00","1.8","","-1.4","","79","","0.0","","26","","11","","","","97.72","","","","","","NA"
"-80.80","46.63","SUDBURY CLIMATE","6068145","2020-01-10 22:00","2020","01","10","22:00","1.0","","-2.1","","80","","0.0","","23","","10","","","","97.79","","","","","","NA"
"-80.80","46.63","SUDBURY CLIMATE","6068145","2020-01-10 23:00","2020","01","10","23:00","-0.5","","-2.5","","87","","0.0","","23","","9","","","","97.80","","","","-4","","NA"
"-80.80","46.63","SUDBURY CLIMATE","6068145","2020-01-11 00:00","2020","01","11","00:00","-1.6","","-3.3","","88","","0.0","","24","","5","","","","97.89","","","","-3","","NA"
"-80.80","46.63","SUDBURY CLIMATE","6068145","2020-01-11 01:00","2020","01","11","01:00","-2.5","","-3.7","","92","","0.0","","22","","6","","","","97.94","","","","-5","","NA"
"-80.80","46.63","SUDBURY CLIMATE","6068145","2020-01-11 02:00","2020","01","11","02:00","-2.3","","-3.5","","92","","0.0","","29","","4","","","","97.92","","","","-4","","NA"
"-80.80","46.63","SUDBURY CLIMATE","6068145","2020-01-11 03:00","2020","01","11","03:00","-2.9","","-4.1","","92","","0.0","","24","","5","","","","97.94","","","","-5","","NA"
"-80.80","46.63","SUDBURY CLIMATE","6068145","2020-01-11 04:00","2020","01","11","04:00","-3.0","","-3.8","","94","","0.0","","20","","4","","","","97.83","","","","-5","","NA"
"-80.80","46.63","SUDBURY CLIMATE","6068145","2020-01-11 05:00","2020","01","11","05:00","-3.4","","-3.9","","96","","0.0","","","","0","","","","97.74","","","","","","NA"
"-80.80","46.63","SUDBURY CLIMATE","6068145","2020-01-11 06:00","2020","01","11","06:00","-3.1","","-3.5","","97","","0.0","","31","","1","","","","97.66","","","","-4","","NA"
"-80.80","46.63","SUDBURY CLIMATE","6068145","2020-01-11 07:00","2020","01","11","07:00","-2.8","","-3.4","","96","","0.0","","1","","6","","","","97.64","","","","-5","","NA"
"-80.80","46.63","SUDBURY CLIMATE","6068145","2020-01-11 08:00","2020","01","11","08:00","-2.8","","-3.3","","96","","0.0","","1","","11","","","","97.46","","","","-7","","NA"
"-80.80","46.63","SUDBURY CLIMATE","6068145","2020-01-11 09:00","2020","01","11","09:00","-2.4","","-3.8","","90","","0.0","","2","","13","","","","97.46","","","","-7","","NA"
"-80.80","46.63","SUDBURY CLIMATE","6068145","2020-01-11 10:00","2020","01","11","10:00","-2.8","","-4.1","","91","","0.0","","36","","17","","","","97.40","","","","-8","","NA"
"-80.80","46.63","SUDBURY CLIMATE","6068145","2020-01-11 11:00","2020","01","11","11:00","-3.4","","-4.3","","93","","0.6","","1","","24","","","","97.29","","","","-10","","NA"
"-80.80","46.63","SUDBURY CLIMATE","6068145","2020-01-11 12:00","2020","01","11","12:00","-3.8","","-4.8","","93","","0.7","","1","","25","","","","97.26","","","","-11","","NA"
"-80.80","46.63","SUDBURY CLIMATE","6068145","2020-01-11 13:00","2020","01","11","13:00","-4.2","","-5.1","","93","","0.8","","1","","25","","","","97.35","","","","-11","","NA"
"-80.80","46.63","SUDBURY CLIMATE","6068145","2020-01-11 14:00","2020","01","11","14:00","-4.9","","-6.4","","90","","0.3","","2","","27","","","","97.35","","","","-12","","NA"
"-80.80","46.63","SUDBURY CLIMATE","6068145","2020-01-11 15:00","2020","01","11","15:00","-5.6","","-7.2","","89","","0.5","","2","","25","","","","97.45","","","","-13","","NA"
"-80.80","46.63","SUDBURY CLIMATE","6068145","2020-01-11 16:00","2020","01","11","16:00","-6.6","","-9.3","","81","","0.0","","1","","27","","","","97.57","","","","-15","","NA"
"-80.80","46.63","SUDBURY CLIMATE","6068145","2020-01-11 17:00","2020","01","11","17:00","-8.3","","-11.6","","77","","0.0","","36","","26","","","","97.59","","","","-17","","NA"
"-80.80","46.63","SUDBURY CLIMATE","6068145","2020-01-11 18:00","2020","01","11","18:00","-9.0","","-13.3","","71","","0.0","","1","","28","","","","97.57","","","","-18","","NA"
"-80.80","46.63","SUDBURY CLIMATE","6068145","2020-01-11 19:00","2020","01","11","19:00","-10.0","","-14.1","","72","","0.0","","1","","29","","","","97.64","","","","-19","","NA"
"-80.80","46.63","SUDBURY CLIMATE","6068145","2020-01-11 20:00","2020","01","11","20:00","-10.6","","-14.9","","71","","0.0","","1","","27","","","","97.65","","","","-20","","NA"
"-80.80","46.63","SUDBURY CLIMATE","6068145","2020-01-11 21:00","2020","01","11","21:00","-12.0","","-16.0","","72","","0.0","","2","","27","","","","97.73","","","","-22","","NA"
"-80.80","46.63","SUDBURY CLIMATE","6068145","2020-01-11 22:00","2020","01","11","22:00","-13.3","","-16.8","","75","","0.0","","1","","28","","","","97.82","","","","-24","","NA"
"-80.80","46.63","SUDBURY CLIMATE","6068145","2020-01-11 23:00","2020","01","11","23:00","-14.2","","-18.3","","71","","0.0","","2","","30","","","","97.78","","","","-25","","NA"
"-80.80","46.63","SUDBURY CLIMATE","6068145","2020-01-12 00:00","2020","01","12","00:00","-14.9","","-19.1","","70","","0.0","","2","","32","","","","97.79","","","","-26","","NA"
"-80.80","46.63","SUDBURY CLIMATE","6068145","2020-01-12 01:00","2020","01","12","01:00","-15.2","","-19.6","","69","","0.2","","3","","33","","","","97.80","","","","-27","","NA"
"-80.80","46.63","SUDBURY CLIMATE","6068145","2020-01-12 02:00","2020","01","12","02:00","-16.0","","-20.2","","70","","0.0","","3","","37","","","","97.70","","","","-28","","NA"
"-80.80","46.63","SUDBURY CLIMATE","6068145","2020-01-12 03:00","2020","01","12","03:00","-16.3","","-20.4","","71","","0.0","","3","","33","","","","97.67","","","","-28","","NA"
"-80.80","46.63","SUDBURY CLIMATE","6068145","2020-01-12 04:00","2020","01","12","04:00","-16.3","","-20.6","","69","","0.0","","3","","33","","","","97.72","","","","-28","","NA"
"-80.80","46.63","SUDBURY CLIMATE","6068145","2020-01-12 05:00","2020","01","12","05:00","-16.8","","-20.9","","70","","0.0","","2","","36","","","","97.63","","","","-29","","NA"
"-80.80","46.63","SUDBURY CLIMATE","6068145","2020-01-12 06:00","2020","01","12","06:00","-17.4","","-20.1","","79","","0.2","","2","","33","","","","97.57","","","","-30","","NA"
"-80.80","46.63","SUDBURY CLIMATE","6068145","2020-01-12 07:00","2020","01","12","07:00","-18.0","","-20.3","","82","","0.7","","3","","38","","","","97.50","","","","-31","","NA"
"-80.80","46.63","SUDBURY CLIMATE","6068145","2020-01-12 08:00","2020","01","12","08:00","-18.3","","-20.6","","82","","0.3","","2","","40","","","","97.29","","","","-32","","NA"
"-80.80","46.63","SUDBURY CLIMATE","6068145","2020-01-12 09:00","2020","01","12","09:00","-18.1","","-20.7","","80","","0.2","","2","","35","","","","97.33","","","","-31","","NA"
"-80.80","46.63","SUDBURY CLIMATE","6068145","2020-01-12 10:00","2020","01","12","10:00","-18.2","","-21.1","","78","","0.2","","2","","34","","","","97.42","","","","-31","","NA"
"-80.80","46.63","SUDBURY CLIMATE","6068145","2020-01-12 11:00","2020","01","12","11:00","-17.9","","-20.9","","78","","0.0","","1","","28","","","","97.63","","","","-29","","NA"
"-80.80","46.63","SUDBURY CLIMATE","6068145","2020-01-12 12:00","2020","01","12","12:00","-17.8","","-20.5","","79","","0.5","","1","","28","","","","97.82","","","","-29","","NA"
"-80.80","46.63","SUDBURY CLIMATE","6068145","2020-01-12 13:00","2020","01","12","13:00","-18.0","","-21.1","","76","","0.3","","1","","33","","","","97.86","","","","-30","","NA"
"-80.80","46.63","SUDBURY CLIMATE","6068145","2020-01-12 14:00","2020","01","12","14:00","-17.6","","-20.5","","78","","0.2","","2","","31","","","","97.90","","","","-30","","NA"
"-80.80","46.63","SUDBURY CLIMATE","6068145","2020-01-12 15:00","2020","01","12","15:00","-16.9","","-20.4","","74","","0.0","","1","","25","","","","98.18","","","","-28","","NA"
"-80.80","46.63","SUDBURY CLIMATE","6068145","2020-01-12 16:00","2020","01","12","16:00","-16.0","","-20.4","","69","","0.0","","1","","23","","","","98.30","","","","-26","","NA"
"-80.80","46.63","SUDBURY CLIMATE","6068145","2020-01-12 17:00","2020","01","12","17:00","-15.3","","-20.0","","67","","0.0","","1","","23","","","","98.34","","","","-25","","NA"
"-80.80","46.63","SUDBURY CLIMATE","6068145","2020-01-12 18:00","2020","01","12","18:00","-14.8","","-20.2","","64","","0.0","","2","","18","","","","98.43","","","","-23","","NA"
"-80.80","46.63","SUDBURY CLIMATE","6068145","2020-01-12 19:00","2020","01","12","19:00","-14.0","","-19.9","","61","","0.0","","3","","19","","","","98.51","","","","-23","","NA"
"-80.80","46.63","SUDBURY CLIMATE","6068145","2020-01-12 20:00","2020","01","12","20:00","-13.7","","-19.5","","62","","0.0","","2","","15","","","","98.60","","","","-21","","NA"
"-80.80","46.63","SUDBURY CLIMATE","6068145","2020-01-12 21:00","2020","01","12","21:00","-13.6","","-19.1","","63","","0.0","","2","","11","","","","98.71","","","","-20","","NA"
"-80.80","46.63","SUDBURY CLIMATE","6068145","2020-01-12 22:00","2020","01","12","22:00","-15.3","","-19.7","","69","","0.0","","6","","9","","","","98.78","","","","-21","","NA"
"-80.80","46.63","SUDBURY CLIMATE","6068145","2020-01-12 23:00","2020","01","12","23:00","-16.0","","-20.1","","71","","0.0","","6","","15","","","","98.76","","","","-24","","NA"
"-80.80","46.63","SUDBURY CLIMATE","6068145","2020-01-13 00:00","2020","01","13","00:00","-16.2","","-20.5","","70","","0.0","","6","","18","","","","98.78","","","","-25","","NA"
"-80.80","46.63","SUDBURY CLIMATE","6068145","2020-01-13 01:00","2020","01","13","01:00","-17.3","","-20.9","","74","","0.0","","8","","8","","","","98.88","","","","-23","","NA"
"-80.80","46.63","SUDBURY CLIMATE","6068145","2020-01-13 02:00","2020","01","13","02:00","-17.7","","-20.8","","77","","0.0","","6","","13","","","","98.82","","","","-26","","NA"
"-80.80","46.63","SUDBURY CLIMATE","6068145","2020-01-13 03:00","2020","01","13","03:00","-17.9","","-20.9","","77","","0.0","","5","","9","","","","98.84","","","","-24","","NA"
"-80.80","46.63","SUDBURY CLIMATE","6068145","2020-01-13 04:00","2020","01","13","04:00","-18.3","","-20.6","","82","","0.0","","4","","15","","","","98.70","","","","-27","","NA"
"-80.80","46.63","SUDBURY CLIMATE","6068145","2020-01-13 05:00","2020","01","13","05:00","-18.9","","-21.3","","81","","0.0","","1","","3","","","","98.83","","","","-21","","NA"
"-80.80","46.63","SUDBURY CLIMATE","6068145","2020-01-13 06:00","2020","01","13","06:00","-18.9","","-21.1","","83","","0.0","","4","","17","","","","98.58","","","","-28","","NA"
"-80.80","46.63","SUDBURY CLIMATE","6068145","2020-01-13 07:00","2020","01","13","07:00","-18.0","","-20.4","","81","","0.0","","4","","11","","","","98.61","","","","-25","","NA"
"-80.80","46.63","SUDBURY CLIMATE","6068145","2020-01-13 08:00","2020","01","13","08:00","-18.2","","-20.6","","81","","0.0","","5","","12","","","","98.61","","","","-26","","NA"
"-80.80","46.63","SUDBURY CLIMATE","6068145","2020-01-13 09:00","2020","01","13","09:00","-17.8","","-20.0","","83","","0.0","","4","","9","","","","98.61","","","","-24","","NA"
"-80.80","46.63","SUDBURY CLIMATE","6068145","2020-01-13 10:00","2020","01","13","10:00","-17.4","","-19.6","","83","","0.0","","4","","16","","","","98.46","","","","-26","","NA"
"-80.80","46.63","SUDBURY CLIMATE","6068145","2020-01-13 11:00","2020","01","13","11:00","-17.3","","-19.1","","86","","0.0","","2","","12","","","","98.44","","","","-25","","NA"
"-80.80","46.63","SUDBURY CLIMATE","6068145","2020-01-13 12:00","2020","01","13","12:00","-17.1","","-18.7","","87","","0.0","","4","","12","","","","98.41","","","","-25","","NA"
"-80.80","46.63","SUDBURY CLIMATE","6068145","2020-01-13 13:00","2020","01","13","13:00","-17.0","","-18.5","","88","","0.0","","4","","13","","","","98.34","","","","-25","","NA"
"-80.80","46.63","SUDBURY CLIMATE","6068145","2020-01-13 14:00","2020","01","13","14:00","-16.8","","-18.6","","86","","0.0","","4","","8","","","","98.37","","","","-22","","NA"
"-80.80","46.63","SUDBURY CLIMATE","6068145","2020-01-13 15:00","2020","01","13","15:00","-15.9","","-18.0","","84","","0.0","","3","","8","","","","98.39","","","","-21","","NA"
"-80.80","46.63","SUDBURY CLIMATE","6068145","2020-01-13 16:00","2020","01","13","16:00","-15.0","","-17.7","","80","","0.0","","1","","7","","","","98.44","","","","-20","","NA"
"-80.80","46.63","SUDBURY CLIMATE","6068145","2020-01-13 17:00","2020","01","13","17:00","-14.3","","-18.1","","73","","0.0","","5","","5","","","","98.40","","","","-18","","NA"
"-80.80","46.63","SUDBURY CLIMATE","6068145","2020-01-13 18:00","2020","01","13","18:00","-13.5","","-17.8","","70","","0.0","","5","","9","","","","98.34","","","","-19","","NA"
"-80.80","46.63","SUDBURY CLIMATE","6068145","2020-01-13 19:00","2020","01","13","19:00","-11.9","","-17.0","","65","","0.0","","6","","4","","","","98.33","","","","-14","","NA"
"-80.80","46.63","SUDBURY CLIMATE","6068145","2020-01-13 20:00","2020","01","13","20:00","-10.9","","-15.9","","67","","0.0","","5","","6","","","","98.36","","","","-15","","NA"
"-80.80","46.63","SUDBURY CLIMATE","6068145","2020-01-13 21:00","2020","01","13","21:00","-10.2","","-16.3","","61","","0.0","","5","","2","","","","98.42","","","","-11","","NA"
"-80.80","46.63","SUDBURY CLIMATE","6068145","2020-01-13 22:00","2020","01","13","22:00","-11.5","","-15.5","","72","","0.0","","","","0","","","","98.50","","","","","","NA"
"-80.80","46.63","SUDBURY CLIMATE","6068145","2020-01-13 23:00","2020","01","13","23:00","-13.3","","-16.0","","80","","0.0","","17","","5","","","","98.57","","","","-17","","NA"
"-80.80","46.63","SUDBURY CLIMATE","6068145","2020-01-14 00:00","2020","01","14","00:00","-14.3","","-16.9","","80","","0.0","","19","","4","","","","98.56","","","","-17","","NA"
"-80.80","46.63","SUDBURY CLIMATE","6068145","2020-01-14 01:00","2020","01","14","01:00","-14.8","","-16.8","","85","","0.0","","22","","3","","","","98.57","","","","-17","","NA"
"-80.80","46.63","SUDBURY CLIMATE","6068145","2020-01-14 02:00","2020","01","14","02:00","-14.7","","-16.6","","86","","0.0","","21","","2","","","","98.59","","","","-16","","NA"
"-80.80","46.63","SUDBURY CLIMATE","6068145","2020-01-14 03:00","2020","01","14","03:00","-14.3","","-16.4","","84","","0.0","","21","","9","","","","98.69","","","","-20","","NA"
"-80.80","46.63","SUDBURY CLIMATE","6068145","2020-01-14 04:00","2020","01","14","04:00","-15.6","","-18.1","","81","","0.0","","21","","2","","","","98.64","","","","-17","","NA"
"-80.80","46.63","SUDBURY CLIMATE","6068145","2020-01-14 05:00","2020","01","14","05:00","-16.2","","-17.6","","89","","0.0","","5","","7","","","","98.59","","","","-21","","NA"
"-80.80","46.63","SUDBURY CLIMATE","6068145","2020-01-14 06:00","2020","01","14","06:00","-16.4","","-17.9","","88","","0.0","","5","","9","","","","98.51","","","","-22","","NA"
"-80.80","46.63","SUDBURY CLIMATE","6068145","2020-01-14 07:00","2020","01","14","07:00","-17.6","","-19.4","","86","","0.0","","5","","9","","","","98.50","","","","-24","","NA"
"-80.80","46.63","SUDBURY CLIMATE","6068145","2020-01-14 08:00","2020","01","14","08:00","-17.4","","-19.1","","87","","0.0","","7","","7","","","","98.47","","","","-23","","NA"
"-80.80","46.63","SUDBURY CLIMATE","6068145","2020-01-14 09:00","2020","01","14","09:00","-15.9","","-17.2","","90","","0.0","","11","","10","","","","98.41","","","","-22","","NA"
"-80.80","46.63","SUDBURY CLIMATE","6068145","2020-01-14 10:00","2020","01","14","10:00","-17.9","","-19.8","","85","","0.0","","7","","6","","","","98.29","","","","-23","","NA"
"-80.80","46.63","SUDBURY CLIMATE","6068145","2020-01-14 11:00","2020","01","14","11:00","-16.8","","-18.1","","89","","0.0","","7","","11","","","","98.13","","","","-24","","NA"
"-80.80","46.63","SUDBURY CLIMATE","6068145","2020-01-14 12:00","2020","01","14","12:00","-14.7","","-16.2","","88","","0.0","","10","","8","","","","98.17","","","","-20","","NA"
"-80.80","46.63","SUDBURY CLIMATE","6068145","2020-01-14 13:00","2020","01","14","13:00","-14.2","","-15.8","","88","","0.0","","9","","12","","","","98.06","","","","-21","","NA"
"-80.80","46.63","SUDBURY CLIMATE","6068145","2020-01-14 14:00","2020","01","14","14:00","-15.0","","-16.7","","87","","0.0","","5","","11","","","","97.91","","","","-22","","NA"
"-80.80","46.63","SUDBURY CLIMATE","6068145","2020-01-14 15:00","2020","01","14","15:00","-12.9","","-14.5","","88","","0.0","","10","","6","","","","97.92","","","","-17","","NA"
"-80.80","46.63","SUDBURY CLIMATE","6068145","2020-01-14 16:00","2020","01","14","16:00","-11.5","","-13.1","","88","","0.0","","10","","9","","","","97.86","","","","-17","","NA"
"-80.80","46.63","SUDBURY CLIMATE","6068145","2020-01-14 17:00","2020","01","14","17:00","-10.7","","-12.3","","88","","0.0","","8","","12","","","","97.65","","","","-17","","NA"
"-80.80","46.63","SUDBURY CLIMATE","6068145","2020-01-14 18:00","2020","01","14","18:00","-9.1","","-10.9","","87","","0.0","","11","","17","","","","97.43","","","","-16","","NA"
"-80.80","46.63","SUDBURY CLIMATE","6068145","2020-01-14 19:00","2020","01","14","19:00","-8.4","","-10.2","","86","","0.0","","12","","13","","","","97.33","","","","-14","","NA"
"-80.80","46.63","SUDBURY CLIMATE","6068145","2020-01-14 20:00","2020","01","14","20:00","-8.1","","-9.2","","91","","0.0","","12","","12","","","","97.26","","","","-14","","NA"
"-80.80","46.63","SUDBURY CLIMATE","6068145","2020-01-14 21:00","2020","01","14","21:00","-7.7","","-8.6","","93","","0.0","","13","","12","","","","97.24","","","","-13","","NA"
"-80.80","46.63","SUDBURY CLIMATE","6068145","2020-01-14 22:00","2020","01","14","22:00","-7.6","","-8.5","","93","","0.0","","7","","6","","","","97.20","","","","-11","","NA"
"-80.80","46.63","SUDBURY CLIMATE","6068145","2020-01-14 23:00","2020","01","14","23:00","-7.3","","-8.2","","94","","0.0","","11","","7","","","","97.19","","","","-11","","NA"
"-80.80","46.63","SUDBURY CLIMATE","6068145","2020-01-15 00:00","2020","01","15","00:00","-7.1","","-8.0","","93","","0.0","","0","","1","","","","97.21","","","","-8","","NA"
"-80.80","46.63","SUDBURY CLIMATE","6068145","2020-01-15 01:00","2020","01","15","01:00","-6.8","","-7.7","","93","","0.0","","17","","4","","","","97.19","","","","-9","","NA"
"-80.80","46.63","SUDBURY CLIMATE","6068145","2020-01-15 02:00","2020","01","15","02:00","-6.5","","-7.3","","94","","0.0","","16","","9","","","","97.16","","","","-11","","NA"
"-80.80","46.63","SUDBURY CLIMATE","6068145","2020-01-15 03:00","2020","01","15","03:00","-5.9","","-6.6","","95","","0.0","","19","","8","","","","97.18","","","","-10","","NA"
"-80.80","46.63","SUDBURY CLIMATE","6068145","2020-01-15 04:00","2020","01","15","04:00","-5.9","","-6.6","","95","","0.0","","24","","7","","","","97.23","","","","-9","","NA"
"-80.80","46.63","SUDBURY CLIMATE","6068145","2020-01-15 05:00","2020","01","15","05:00","-5.7","","-6.4","","95","","0.0","","24","","8","","","","97.27","","","","-9","","NA"
"-80.80","46.63","SUDBURY CLIMATE","6068145","2020-01-15 06:00","2020","01","15","06:00","-5.6","","-6.3","","95","","0.0","","26","","5","","","","97.29","","","","-8","","NA"
"-80.80","46.63","SUDBURY CLIMATE","6068145","2020-01-15 07:00","2020","01","15","07:00","-5.1","","-5.7","","95","","0.0","","26","","4","","","","97.33","","","","-7","","NA"
"-80.80","46.63","SUDBURY CLIMATE","6068145","2020-01-15 08:00","2020","01","15","08:00","-4.0","","-4.6","","96","","0.0","","24","","5","","","","97.38","","","","-6","","NA"
"-80.80","46.63","SUDBURY CLIMATE","6068145","2020-01-15 09:00","2020","01","15","09:00","-2.6","","-3.1","","96","","0.0","","25","","12","","","","97.50","","","","-7","","NA"
"-80.80","46.63","SUDBURY CLIMATE","6068145","2020-01-15 10:00","2020","01","15","10:00","-2.5","","-3.0","","96","","0.0","","24","","11","","","","97.54","","","","-7","","NA"
"-80.80","46.63","SUDBURY CLIMATE","6068145","2020-01-15 11:00","2020","01","15","11:00","-2.6","","-3.1","","96","","0.0","","25","","7","","","","97.58","","","","-5","","NA"
"-80.80","46.63","SUDBURY CLIMATE","6068145","2020-01-15 12:00","2020","01","15","12:00","-2.4","","-2.9","","97","","0.0","","25","","6","","","","97.62","","","","-5","","NA"
"-80.80","46.63","SUDBURY CLIMATE","6068145","2020-01-15 13:00","2020","01","15","13:00","-2.5","","-3.0","","97","","0.0","","26","","5","","","","97.63","","","","-4","","NA"
"-80.80","46.63","SUDBURY CLIMATE","6068145","2020-01-15 14:00","2020","01","15","14:00","-3.0","","-3.5","","96","","0.0","","23","","3","","","","97.65","","","","-4","","NA"
"-80.80","46.63","SUDBURY CLIMATE","6068145","2020-01-15 15:00","2020","01","15","15:00","-2.3","","-3.8","","89","","0.0","","32","","9","","","","97.66","","","","-6","","NA"
"-80.80","46.63","SUDBURY CLIMATE","6068145","2020-01-15 16:00","2020","01","15","16:00","-2.6","","-4.0","","90","","0.0","","25","","5","","","","97.77","","","","-5","","NA"
"-80.80","46.63","SUDBURY CLIMATE","6068145","2020-01-15 17:00","2020","01","15","17:00","-2.5","","-4.1","","89","","0.0","","24","","5","","","","97.72","","","","-4","","NA"
"-80.80","46.63","SUDBURY CLIMATE","6068145","2020-01-15 18:00","2020","01","15","18:00","-2.5","","-3.8","","90","","0.0","","24","","6","","","","97.65","","","","-5","","NA"
"-80.80","46.63","SUDBURY CLIMATE","6068145","2020-01-15 19:00","2020","01","15","19:00","-2.4","","-3.8","","90","","0.0","","25","","8","","","","97.60","","","","-6","","NA"
"-80.80","46.63","SUDBURY CLIMATE","6068145","2020-01-15 20:00","2020","01","15","20:00","-2.5","","-3.8","","91","","0.0","","26","","5","","","","97.62","","","","-4","","NA"
"-80.80","46.63","SUDBURY CLIMATE","6068145","2020-01-15 21:00","2020","01","15","21:00","-2.6","","-3.5","","94","","0.2","","","","0","","","","97.59","","","","","","NA"
"-80.80","46.63","SUDBURY CLIMATE","6068145","2020-01-15 22:00","2020","01","15","22:00","-3.0","","-3.6","","96","","0.0","","0","","1","","","","97.55","","","","-3","","NA"
"-80.80","46.63","SUDBURY CLIMATE","6068145","2020-01-15 23:00","2020","01","15","23:00","-3.1","","-3.7","","96","","0.0","","24","","3","","","","97.50","","","","-4","","NA"
"-80.80","46.63","SUDBURY CLIMATE","6068145","2020-01-16 00:00","2020","01","16","00:00","-3.4","","-3.9","","97","","0.0","","","","0","","","","97.47","","","","","","NA"
"-80.80","46.63","SUDBURY CLIMATE","6068145","2020-01-16 01:00","2020","01","16","01:00","-3.6","","-4.0","","97","","0.0","","","","0","","","","97.45","","","","","","NA"
"-80.80","46.63","SUDBURY CLIMATE","6068145","2020-01-16 02:00","2020","01","16","02:00","-3.5","","-4.0","","97","","0.0","","30","","5","","","","97.47","","","","-6","","NA"
"-80.80","46.63","SUDBURY CLIMATE","6068145","2020-01-16 03:00","2020","01","16","03:00","-3.8","","-4.5","","95","","0.0","","2","","10","","","","97.40","","","","-8","","NA"
"-80.80","46.63","SUDBURY CLIMATE","6068145","2020-01-16 04:00","2020","01","16","04:00","-3.7","","-4.1","","97","","0.0","","2","","9","","","","97.38","","","","-7","","NA"
"-80.80","46.63","SUDBURY CLIMATE","6068145","2020-01-16 05:00","2020","01","16","05:00","-4.2","","-4.9","","95","","0.3","","1","","10","","","","97.36","","","","-8","","NA"
"-80.80","46.63","SUDBURY CLIMATE","6068145","2020-01-16 06:00","2020","01","16","06:00","-4.4","","-5.1","","95","","0.5","","1","","10","","","","97.34","","","","-9","","NA"
"-80.80","46.63","SUDBURY CLIMATE","6068145","2020-01-16 07:00","2020","01","16","07:00","-5.0","","-5.9","","93","","0.5","","1","","14","","","","97.35","","","","-10","","NA"
"-80.80","46.63","SUDBURY CLIMATE","6068145","2020-01-16 08:00","2020","01","16","08:00","-5.6","","-6.5","","93","","0.0","","36","","12","","","","97.41","","","","-11","","NA"
"-80.80","46.63","SUDBURY CLIMATE","6068145","2020-01-16 09:00","2020","01","16","09:00","-7.0","","-8.4","","90","","0.2","","36","","11","","","","97.48","","","","-12","","NA"
"-80.80","46.63","SUDBURY CLIMATE","6068145","2020-01-16 10:00","2020","01","16","10:00","-8.4","","-10.2","","87","","0.0","","34","","12","","","","97.58","","","","-14","","NA"
"-80.80","46.63","SUDBURY CLIMATE","6068145","2020-01-16 11:00","2020","01","16","11:00","-9.5","","-11.2","","87","","0.0","","36","","8","","","","97.67","","","","-14","","NA"
"-80.80","46.63","SUDBURY CLIMATE","6068145","2020-01-16 12:00","2020","01","16","12:00","-10.6","","-12.5","","86","","0.0","","1","","14","","","","97.76","","","","-17","","NA"
"-80.80","46.63","SUDBURY CLIMATE","6068145","2020-01-16 13:00","2020","01","16","13:00","-11.9","","-14.7","","80","","0.0","","35","","14","","","","97.87","","","","-19","","NA"
"-80.80","46.63","SUDBURY CLIMATE","6068145","2020-01-16 14:00","2020","01","16","14:00","-12.9","","-15.7","","79","","0.0","","34","","15","","","","97.98","","","","-20","","NA"
"-80.80","46.63","SUDBURY CLIMATE","6068145","2020-01-16 15:00","2020","01","16","15:00","-14.0","","-17.3","","76","","0.0","","34","","17","","","","98.11","","","","-22","","NA"
"-80.80","46.63","SUDBURY CLIMATE","6068145","2020-01-16 16:00","2020","01","16","16:00","-14.1","","-17.2","","77","","0.0","","35","","17","","","","98.22","","","","-22","","NA"
"-80.80","46.63","SUDBURY CLIMATE","6068145","2020-01-16 17:00","2020","01","16","17:00","-14.1","","-17.5","","75","","0.0","","34","","15","","","","98.26","","","","-22","","NA"
"-80.80","46.63","SUDBURY CLIMATE","6068145","2020-01-16 18:00","2020","01","16","18:00","-13.6","","-17.4","","73","","0.0","","35","","15","","","","98.34","","","","-21","","NA"
"-80.80","46.63","SUDBURY CLIMATE","6068145","2020-01-16 19:00","2020","01","16","19:00","-14.0","","-18.2","","70","","0.0","","36","","17","","","","98.40","","","","-22","","NA"
"-80.80","46.63","SUDBURY CLIMATE","6068145","2020-01-16 20:00","2020","01","16","20:00","-14.0","","-18.7","","68","","0.0","","1","","16","","","","98.47","","","","-22","","NA"
"-80.80","46.63","SUDBURY CLIMATE","6068145","2020-01-16 21:00","2020","01","16","21:00","-14.4","","-20.2","","61","","0.0","","33","","16","","","","98.61","","","","-22","","NA"
"-80.80","46.63","SUDBURY CLIMATE","6068145","2020-01-16 22:00","2020","01","16","22:00","-15.4","","-19.8","","69","","0.0","","33","","11","","","","98.76","","","","-22","","NA"
"-80.80","46.63","SUDBURY CLIMATE","6068145","2020-01-16 23:00","2020","01","16","23:00","-16.2","","-20.5","","69","","0.0","","32","","9","","","","98.92","","","","-22","","NA"
"-80.80","46.63","SUDBURY CLIMATE","6068145","2020-01-17 00:00","2020","01","17","00:00","-17.2","","-21.1","","72","","0.0","","33","","8","","","","99.03","","","","-23","","NA"
"-80.80","46.63","SUDBURY CLIMATE","6068145","2020-01-17 01:00","2020","01","17","01:00","-18.2","","-21.3","","76","","0.2","","33","","8","","","","99.12","","","","-24","","NA"
"-80.80","46.63","SUDBURY CLIMATE","6068145","2020-01-17 02:00","2020","01","17","02:00","-18.8","","-21.9","","77","","0.0","","34","","8","","","","99.20","","","","-25","","NA"
"-80.80","46.63","SUDBURY CLIMATE","6068145","2020-01-17 03:00","2020","01","17","03:00","-19.1","","-22.1","","77","","0.0","","33","","9","","","","99.30","","","","-26","","NA"
"-80.80","46.63","SUDBURY CLIMATE","6068145","2020-01-17 04:00","2020","01","17","04:00","-20.1","","-22.9","","78","","0.0","","34","","6","","","","99.41","","","","-25","","NA"
"-80.80","46.63","SUDBURY CLIMATE","6068145","2020-01-17 05:00","2020","01","17","05:00","-20.7","","-23.4","","79","","0.0","","31","","8","","","","99.52","","","","-27","","NA"
"-80.80","46.63","SUDBURY CLIMATE","6068145","2020-01-17 06:00","2020","01","17","06:00","-20.8","","-23.4","","79","","0.0","","33","","9","","","","99.55","","","","-28","","NA"
"-80.80","46.63","SUDBURY CLIMATE","6068145","2020-01-17 07:00","2020","01","17","07:00","-21.9","","-24.2","","81","","0.0","","30","","7","","","","99.64","","","","-28","","NA"
"-80.80","46.63","SUDBURY CLIMATE","6068145","2020-01-17 08:00","2020","01","17","08:00","-21.8","","-24.3","","80","","0.0","","33","","7","","","","99.72","","","","-28","","NA"
"-80.80","46.63","SUDBURY CLIMATE","6068145","2020-01-17 09:00","2020","01","17","09:00","-22.9","","-25.1","","82","","0.0","","32","","6","","","","99.76","","","","-28","","NA"
"-80.80","46.63","SUDBURY CLIMATE","6068145","2020-01-17 10:00","2020","01","17","10:00","-23.1","","-25.5","","80","","0.0","","30","","8","","","","99.83","","","","-30","","NA"
"-80.80","46.63","SUDBURY CLIMATE","6068145","2020-01-17 11:00","2020","01","17","11:00","-24.9","","-27.4","","80","","0.0","","30","","8","","","","99.85","","","","-32","","NA"
"-80.80","46.63","SUDBURY CLIMATE","6068145","2020-01-17 12:00","2020","01","17","12:00","-25.9","","-28.5","","79","","0.0","","28","","7","","","","99.93","","","","-33","","NA"
"-80.80","46.63","SUDBURY CLIMATE","6068145","2020-01-17 13:00","2020","01","17","13:00","-24.9","","-27.1","","82","","0.0","","28","","8","","","","99.96","","","","-32","","NA"
"-80.80","46.63","SUDBURY CLIMATE","6068145","2020-01-17 14:00","2020","01","17","14:00","-23.7","","-26.4","","78","","0.0","","28","","5","","","","100.01","","","","-28","","NA"
"-80.80","46.63","SUDBURY CLIMATE","6068145","2020-01-17 15:00","2020","01","17","15:00","-21.3","","-24.6","","75","","0.0","","31","","5","","","","100.03","","","","-26","","NA"
"-80.80","46.63","SUDBURY CLIMATE","6068145","2020-01-17 16:00","2020","01","17","16:00","-20.9","","-24.5","","73","","0.0","","","","0","","","","100.04","","","","","","NA"
"-80.80","46.63","SUDBURY CLIMATE","6068145","2020-01-17 17:00","2020","01","17","17:00","-18.1","","-23.5","","63","","0.0","","23","","4","","","","99.96","","","","-21","","NA"
"-80.80","46.63","SUDBURY CLIMATE","6068145","2020-01-17 18:00","2020","01","17","18:00","-16.8","","-22.9","","59","","0.0","","22","","10","","","","99.86","","","","-23","","NA"
"-80.80","46.63","SUDBURY CLIMATE","6068145","2020-01-17 19:00","2020","01","17","19:00","-16.3","","-23.0","","56","","0.0","","23","","10","","","","99.79","","","","-23","","NA"
"-80.80","46.63","SUDBURY CLIMATE","6068145","2020-01-17 20:00","2020","01","17","20:00","-15.9","","-22.9","","55","","0.0","","23","","9","","","","99.74","","","","-22","","NA"
"-80.80","46.63","SUDBURY CLIMATE","6068145","2020-01-17 21:00","2020","01","17","21:00","-16.5","","-22.3","","61","","0.0","","22","","5","","","","99.70","","","","-20","","NA"
"-80.80","46.63","SUDBURY CLIMATE","6068145","2020-01-17 22:00","2020","01","17","22:00","-17.6","","-21.8","","70","","0.0","","","","0","","","","99.63","","","","","","NA"
"-80.80","46.63","SUDBURY CLIMATE","6068145","2020-01-17 23:00","2020","01","17","23:00","-19.0","","-22.4","","75","","0.0","","0","","1","","","","99.60","","","","-20","","NA"
"-80.80","46.63","SUDBURY CLIMATE","6068145","2020-01-18 00:00","2020","01","18","00:00","-18.5","","-22.2","","72","","0.0","","19","","9","","","","99.66","","","","-25","","NA"
"-80.80","46.63","SUDBURY CLIMATE","6068145","2020-01-18 01:00","2020","01","18","01:00","-17.8","","-21.7","","71","","0.0","","16","","3","","","","99.66","","","","-20","","NA"
"-80.80","46.63","SUDBURY CLIMATE","6068145","2020-01-18 02:00","2020","01","18","02:00","-17.0","","-21.7","","67","","0.0","","14","","9","","","","99.61","","","","-23","","NA"
"-80.80","46.63","SUDBURY CLIMATE","6068145","2020-01-18 03:00","2020","01","18","03:00","-17.1","","-20.9","","72","","0.0","","14","","9","","","","99.48","","","","-23","","NA"
"-80.80","46.63","SUDBURY CLIMATE","6068145","2020-01-18 04:00","2020","01","18","04:00","-17.5","","-20.7","","76","","0.0","","16","","5","","","","99.44","","","","-21","","NA"
"-80.80","46.63","SUDBURY CLIMATE","6068145","2020-01-18 05:00","2020","01","18","05:00","-16.9","","-20.0","","77","","0.0","","13","","10","","","","99.34","","","","-24","","NA"
"-80.80","46.63","SUDBURY CLIMATE","6068145","2020-01-18 06:00","2020","01","18","06:00","-17.2","","-20.0","","79","","0.0","","13","","11","","","","99.23","","","","-24","","NA"
"-80.80","46.63","SUDBURY CLIMATE","6068145","2020-01-18 07:00","2020","01","18","07:00","-17.1","","-19.9","","79","","0.0","","12","","12","","","","99.06","","","","-25","","NA"
"-80.80","46.63","SUDBURY CLIMATE","6068145","2020-01-18 08:00","2020","01","18","08:00","-17.3","","-20.3","","78","","0.0","","12","","17","","","","98.93","","","","-26","","NA"
"-80.80","46.63","SUDBURY CLIMATE","6068145","2020-01-18 09:00","2020","01","18","09:00","-17.2","","-20.1","","78","","0.0","","10","","12","","","","98.76","","","","-25","","NA"
"-80.80","46.63","SUDBURY CLIMATE","6068145","2020-01-18 10:00","2020","01","18","10:00","-16.8","","-20.1","","76","","0.0","","9","","16","","","","98.60","","","","-25","","NA"
"-80.80","46.63","SUDBURY CLIMATE","6068145","2020-01-18 11:00","2020","01","18","11:00","-16.2","","-19.6","","75","","0.0","","8","","13","","","","98.40","","","","-24","","NA"
"-80.80","46.63","SUDBURY CLIMATE","6068145","2020-01-18 12:00","2020","01","18","12:00","-16.0","","-19.4","","75","","0.0","","7","","13","","","","98.33","","","","-24","","NA"
"-80.80","46.63","SUDBURY CLIMATE","6068145","2020-01-18 13:00","2020","01","18","13:00","-15.5","","-19.2","","73","","0.0","","6","","16","","","","98.08","","","","-24","","NA"
"-80.80","46.63","SUDBURY CLIMATE","6068145","2020-01-18 14:00","2020","01","18","14:00","-14.4","","-19.7","","64","","0.0","","9","","17","","","","97.91","","","","-23","","NA"
"-80.80","46.63","SUDBURY CLIMATE","6068145","2020-01-18 15:00","2020","01","18","15:00","-13.7","","-19.6","","61","","0.0","","9","","19","","","","97.76","","","","-22","","NA"
"-80.80","46.63","SUDBURY CLIMATE","6068145","2020-01-18 16:00","2020","01","18","16:00","-13.0","","-19.4","","59","","0.0","","9","","20","","","","97.52","","","","-22","","NA"
"-80.80","46.63","SUDBURY CLIMATE","6068145","2020-01-18 17:00","2020","01","18","17:00","-13.5","","-15.8","","83","","0.0","","8","","22","","","","97.23","","","","-23","","NA"
"-80.80","46.63","SUDBURY CLIMATE","6068145","2020-01-18 18:00","2020","01","18","18:00","-12.6","","-14.7","","84","","1.2","","8","","23","","","","96.99","","","","-22","","NA"
"-80.80","46.63","SUDBURY CLIMATE","6068145","2020-01-18 19:00","2020","01","18","19:00","-12.2","","-14.3","","84","","0.6","","7","","28","","","","96.61","","","","-22","","NA"
"-80.80","46.63","SUDBURY CLIMATE","6068145","2020-01-18 20:00","2020","01","18","20:00","-12.1","","-14.2","","84","","0.7","","6","","24","","","","96.47","","","","-21","","NA"
"-80.80","46.63","SUDBURY CLIMATE","6068145","2020-01-18 21:00","2020","01","18","21:00","-12.2","","-14.0","","86","","1.2","","6","","23","","","","96.34","","","","-21","","NA"
"-80.80","46.63","SUDBURY CLIMATE","6068145","2020-01-18 22:00","2020","01","18","22:00","-12.6","","-14.5","","86","","0.6","","6","","27","","","","96.17","","","","-22","","NA"
"-80.80","46.63","SUDBURY CLIMATE","6068145","2020-01-18 23:00","2020","01","18","23:00","-12.8","","-14.7","","86","","0.6","","7","","29","","","","96.05","","","","-23","","NA"
"-80.80","46.63","SUDBURY CLIMATE","6068145","2020-01-19 00:00","2020","01","19","00:00","-12.8","","-15.1","","83","","0.2","","6","","26","","","","95.99","","","","-23","","NA"
"-80.80","46.63","SUDBURY CLIMATE","6068145","2020-01-19 01:00","2020","01","19","01:00","-13.1","","-15.1","","85","","0.2","","5","","24","","","","95.93","","","","-23","","NA"
"-80.80","46.63","SUDBURY CLIMATE","6068145","2020-01-19 02:00","2020","01","19","02:00","-13.4","","-15.4","","85","","0.2","","5","","23","","","","95.88","","","","-23","","NA"
"-80.80","46.63","SUDBURY CLIMATE","6068145","2020-01-19 03:00","2020","01","19","03:00","-13.3","","-15.5","","83","","0.0","","4","","25","","","","95.86","","","","-23","","NA"
"-80.80","46.63","SUDBURY CLIMATE","6068145","2020-01-19 04:00","2020","01","19","04:00","-13.3","","-15.5","","83","","0.0","","4","","21","","","","95.91","","","","-22","","NA"
"-80.80","46.63","SUDBURY CLIMATE","6068145","2020-01-19 05:00","2020","01","19","05:00","-13.4","","-15.6","","84","","0.0","","3","","20","","","","95.95","","","","-22","","NA"
"-80.80","46.63","SUDBURY CLIMATE","6068145","2020-01-19 06:00","2020","01","19","06:00","-13.5","","-15.8","","83","","0.2","","2","","19","","","","96.00","","","","-22","","NA"
"-80.80","46.63","SUDBURY CLIMATE","6068145","2020-01-19 07:00","2020","01","19","07:00","-14.2","","-16.8","","81","","0.0","","1","","20","","","","96.10","","","","-23","","NA"
"-80.80","46.63","SUDBURY CLIMATE","6068145","2020-01-19 08:00","2020","01","19","08:00","-14.1","","-16.5","","82","","0.0","","1","","18","","","","96.21","","","","-23","","NA"
"-80.80","46.63","SUDBURY CLIMATE","6068145","2020-01-19 09:00","2020","01","19","09:00","-14.1","","-16.3","","83","","0.0","","1","","19","","","","96.28","","","","-23","","NA"
"-80.80","46.63","SUDBURY CLIMATE","6068145","2020-01-19 10:00","2020","01","19","10:00","-14.0","","-16.5","","81","","0.0","","36","","17","","","","96.44","","","","-22","","NA"
"-80.80","46.63","SUDBURY CLIMATE","6068145","2020-01-19 11:00","2020","01","19","11:00","-14.0","","-16.5","","81","","0.0","","36","","16","","","","96.59","","","","-22","","NA"
"-80.80","46.63","SUDBURY CLIMATE","6068145","2020-01-19 12:00","2020","01","19","12:00","-14.2","","-16.9","","80","","0.0","","1","","21","","","","96.71","","","","-23","","NA"
"-80.80","46.63","SUDBURY CLIMATE","6068145","2020-01-19 13:00","2020","01","19","13:00","-14.7","","-17.2","","81","","0.0","","1","","20","","","","96.86","","","","-24","","NA"
"-80.80","46.63","SUDBURY CLIMATE","6068145","2020-01-19 14:00","2020","01","19","14:00","-13.7","","-16.7","","78","","0.0","","36","","20","","","","97.00","","","","-23","","NA"
"-80.80","46.63","SUDBURY CLIMATE","6068145","2020-01-19 15:00","2020","01","19","15:00","-13.6","","-16.8","","77","","0.0","","35","","20","","","","97.14","","","","-22","","NA"
"-80.80","46.63","SUDBURY CLIMATE","6068145","2020-01-19 16:00","2020","01","19","16:00","-12.6","","-16.6","","72","","0.0","","36","","24","","","","97.26","","","","-22","","NA"
"-80.80","46.63","SUDBURY CLIMATE","6068145","2020-01-19 17:00","2020","01","19","17:00","-11.5","","-16.6","","66","","0.0","","36","","24","","","","97.32","","","","-21","","NA"
"-80.80","46.63","SUDBURY CLIMATE","6068145","2020-01-19 18:00","2020","01","19","18:00","-10.9","","-17.0","","61","","0.0","","35","","20","","","","97.39","","","","-19","","NA"
"-80.80","46.63","SUDBURY CLIMATE","6068145","2020-01-19 19:00","2020","01","19","19:00","-10.4","","-17.1","","58","","0.0","","36","","21","","","","97.48","","","","-19","","NA"
"-80.80","46.63","SUDBURY CLIMATE","6068145","2020-01-19 20:00","2020","01","19","20:00","-10.5","","-17.4","","57","","0.0","","1","","23","","","","97.59","","","","-19","","NA"
"-80.80","46.63","SUDBURY CLIMATE","6068145","2020-01-19 21:00","2020","01","19","21:00","-10.4","","-17.0","","58","","0.0","","34","","17","","","","97.73","","","","-18","","NA"
"-80.80","46.63","SUDBURY CLIMATE","6068145","2020-01-19 22:00","2020","01","19","22:00","-11.7","","-16.6","","67","","0.0","","35","","11","","","","97.85","","","","-18","","NA"
"-80.80","46.63","SUDBURY CLIMATE","6068145","2020-01-19 23:00","2020","01","19","23:00","-13.3","","-17.2","","72","","0.0","","34","","9","","","","98.00","","","","-19","","NA"
"-80.80","46.63","SUDBURY CLIMATE","6068145","2020-01-20 00:00","2020","01","20","00:00","-14.1","","-17.7","","74","","0.0","","35","","11","","","","98.11","","","","-21","","NA"
"-80.80","46.63","SUDBURY CLIMATE","6068145","2020-01-20 01:00","2020","01","20","01:00","-15.1","","-19.1","","71","","0.0","","34","","13","","","","98.21","","","","-22","","NA"
"-80.80","46.63","SUDBURY CLIMATE","6068145","2020-01-20 02:00","2020","01","20","02:00","-16.5","","-19.5","","77","","0.0","","34","","12","","","","98.26","","","","-24","","NA"
"-80.80","46.63","SUDBURY CLIMATE","6068145","2020-01-20 03:00","2020","01","20","03:00","-17.0","","-20.2","","76","","0.0","","33","","11","","","","98.33","","","","-24","","NA"
"-80.80","46.63","SUDBURY CLIMATE","6068145","2020-01-20 04:00","2020","01","20","04:00","-19.3","","-21.5","","83","","0.0","","30","","6","","","","98.37","","","","-24","","NA"
"-80.80","46.63","SUDBURY CLIMATE","6068145","2020-01-20 05:00","2020","01","20","05:00","-18.4","","-20.8","","81","","0.0","","32","","9","","","","98.38","","","","-25","","NA"
"-80.80","46.63","SUDBURY CLIMATE","6068145","2020-01-20 06:00","2020","01","20","06:00","-20.0","","-22.1","","83","","0.0","","29","","7","","","","98.40","","","","-26","","NA"
"-80.80","46.63","SUDBURY CLIMATE","6068145","2020-01-20 07:00","2020","01","20","07:00","-19.7","","-21.7","","84","","0.0","","30","","4","","","","98.43","","","","-23","","NA"
"-80.80","46.63","SUDBURY CLIMATE","6068145","2020-01-20 08:00","2020","01","20","08:00","-20.7","","-22.6","","84","","0.0","","29","","6","","","","98.38","","","","-26","","NA"
"-80.80","46.63","SUDBURY CLIMATE","6068145","2020-01-20 09:00","2020","01","20","09:00","-20.0","","-22.3","","82","","0.0","","28","","10","","","","98.37","","","","-27","","NA"
"-80.80","46.63","SUDBURY CLIMATE","6068145","2020-01-20 10:00","2020","01","20","10:00","-21.0","","-23.2","","83","","0.0","","27","","9","","","","98.40","","","","-28","","NA"
"-80.80","46.63","SUDBURY CLIMATE","6068145","2020-01-20 11:00","2020","01","20","11:00","-21.8","","-24.0","","82","","0.0","","28","","5","","","","98.45","","","","-26","","NA"
"-80.80","46.63","SUDBURY CLIMATE","6068145","2020-01-20 12:00","2020","01","20","12:00","-21.6","","-23.7","","83","","0.0","","28","","6","","","","98.49","","","","-27","","NA"
"-80.80","46.63","SUDBURY CLIMATE","6068145","2020-01-20 13:00","2020","01","20","13:00","-20.8","","-23.2","","81","","0.0","","28","","8","","","","98.52","","","","-27","","NA"
"-80.80","46.63","SUDBURY CLIMATE","6068145","2020-01-20 14:00","2020","01","20","14:00","-21.2","","-23.4","","82","","0.0","","24","","8","","","","98.57","","","","-28","","NA"
"-80.80","46.63","SUDBURY CLIMATE","6068145","2020-01-20 15:00","2020","01","20","15:00","-18.2","","-21.7","","74","","0.0","","27","","8","","","","98.62","","","","-24","","NA"
"-80.80","46.63","SUDBURY CLIMATE","6068145","2020-01-20 16:00","2020","01","20","16:00","-16.4","","-21.2","","67","","0.0","","27","","8","","","","98.65","","","","-22","","NA"
"-80.80","46.63","SUDBURY CLIMATE","6068145","2020-01-20 17:00","2020","01","20","17:00","-14.5","","-20.5","","60","","0.0","","26","","9","","","","98.60","","","","-20","","NA"
"-80.80","46.63","SUDBURY CLIMATE","6068145","2020-01-20 18:00","2020","01","20","18:00","-12.5","","-20.3","","52","","0.0","","25","","10","","","","98.53","","","","-18","","NA"
"-80.80","46.63","SUDBURY CLIMATE","6068145","2020-01-20 19:00","2020","01","20","19:00","-10.4","","-19.5","","47","","0.0","","26","","9","","","","98.51","","","","-15","","NA"
"-80.80","46.63","SUDBURY CLIMATE","6068145","2020-01-20 20:00","2020","01","20","20:00","-9.2","","-19.2","","44","","0.0","","28","","11","","","","98.52","","","","-15","","NA"
"-80.80","46.63","SUDBURY CLIMATE","6068145","2020-01-20 21:00","2020","01","20","21:00","-9.0","","-18.8","","45","","0.0","","29","","10","","","","98.53","","","","-14","","NA"
"-80.80","46.63","SUDBURY CLIMATE","6068145","2020-01-20 22:00","2020","01","20","22:00","-10.4","","-18.3","","52","","0.0","","29","","10","","","","98.57","","","","-16","","NA"
"-80.80","46.63","SUDBURY CLIMATE","6068145","2020-01-20 23:00","2020","01","20","23:00","-12.4","","-18.6","","60","","0.0","","29","","5","","","","98.60","","","","-16","","NA"
"-80.80","46.63","SUDBURY CLIMATE","6068145","2020-01-21 00:00","2020","01","21","00:00","-12.8","","-18.4","","63","","0.0","","27","","7","","","","98.64","","","","-17","","NA"
"-80.80","46.63","SUDBURY CLIMATE","6068145","2020-01-21 01:00","2020","01","21","01:00","-13.7","","-18.1","","69","","0.0","","27","","9","","","","98.65","","","","-19","","NA"
"-80.80","46.63","SUDBURY CLIMATE","6068145","2020-01-21 02:00","2020","01","21","02:00","-13.8","","-18.0","","71","","0.0","","28","","8","","","","98.68","","","","-19","","NA"
"-80.80","46.63","SUDBURY CLIMATE","6068145","2020-01-21 03:00","2020","01","21","03:00","-14.6","","-18.1","","74","","0.0","","29","","8","","","","98.67","","","","-20","","NA"
"-80.80","46.63","SUDBURY CLIMATE","6068145","2020-01-21 04:00","2020","01","21","04:00","-15.8","","-18.7","","79","","0.0","","29","","6","","","","98.65","","","","-20","","NA"
"-80.80","46.63","SUDBURY CLIMATE","6068145","2020-01-21 05:00","2020","01","21","05:00","-16.1","","-18.1","","84","","0.0","","28","","8","","","","98.61","","","","-22","","NA"
"-80.80","46.63","SUDBURY CLIMATE","6068145","2020-01-21 06:00","2020","01","21","06:00","-16.8","","-18.5","","87","","0.0","","27","","7","","","","98.56","","","","-22","","NA"
"-80.80","46.63","SUDBURY CLIMATE","6068145","2020-01-21 07:00","2020","01","21","07:00","-16.4","","-18.3","","85","","0.0","","28","","7","","","","98.53","","","","-21","","NA"
"-80.80","46.63","SUDBURY CLIMATE","6068145","2020-01-21 08:00","2020","01","21","08:00","-16.9","","-18.7","","86","","0.0","","24","","8","","","","98.54","","","","-23","","NA"
"-80.80","46.63","SUDBURY CLIMATE","6068145","2020-01-21 09:00","2020","01","21","09:00","-15.9","","-17.9","","85","","0.0","","22","","13","","","","98.54","","","","-23","","NA"
"-80.80","46.63","SUDBURY CLIMATE","6068145","2020-01-21 10:00","2020","01","21","10:00","-15.6","","-17.2","","87","","0.0","","22","","16","","","","98.47","","","","-24","","NA"
"-80.80","46.63","SUDBURY CLIMATE","6068145","2020-01-21 11:00","2020","01","21","11:00","-15.0","","-16.7","","87","","0.0","","23","","14","","","","98.44","","","","-23","","NA"
"-80.80","46.63","SUDBURY CLIMATE","6068145","2020-01-21 12:00","2020","01","21","12:00","-14.3","","-16.0","","87","","0.0","","22","","10","","","","98.42","","","","-20","","NA"
"-80.80","46.63","SUDBURY CLIMATE","6068145","2020-01-21 13:00","2020","01","21","13:00","-14.4","","-16.0","","87","","0.0","","22","","12","","","","98.39","","","","-21","","NA"
"-80.80","46.63","SUDBURY CLIMATE","6068145","2020-01-21 14:00","2020","01","21","14:00","-12.4","","-14.0","","88","","0.0","","22","","21","","","","98.31","","","","-21","","NA"
"-80.80","46.63","SUDBURY CLIMATE","6068145","2020-01-21 15:00","2020","01","21","15:00","-8.9","","-10.8","","86","","0.0","","23","","26","","","","98.27","","","","-18","","NA"
"-80.80","46.63","SUDBURY CLIMATE","6068145","2020-01-21 16:00","2020","01","21","16:00","-7.0","","-11.2","","72","","0.0","","23","","28","","","","98.20","","","","-15","","NA"
"-80.80","46.63","SUDBURY CLIMATE","6068145","2020-01-21 17:00","2020","01","21","17:00","-5.5","","-10.1","","70","","0.0","","24","","28","","","","98.11","","","","-13","","NA"
"-80.80","46.63","SUDBURY CLIMATE","6068145","2020-01-21 18:00","2020","01","21","18:00","-4.3","","-8.8","","71","","0.0","","23","","27","","","","98.04","","","","-12","","NA"
"-80.80","46.63","SUDBURY CLIMATE","6068145","2020-01-21 19:00","2020","01","21","19:00","-3.4","","-7.9","","71","","0.0","","23","","29","","","","97.94","","","","-11","","NA"
"-80.80","46.63","SUDBURY CLIMATE","6068145","2020-01-21 20:00","2020","01","21","20:00","-3.0","","-7.4","","72","","0.0","","23","","25","","","","97.91","","","","-10","","NA"
"-80.80","46.63","SUDBURY CLIMATE","6068145","2020-01-21 21:00","2020","01","21","21:00","-3.2","","-7.0","","75","","0.0","","23","","26","","","","97.91","","","","-10","","NA"
"-80.80","46.63","SUDBURY CLIMATE","6068145","2020-01-21 22:00","2020","01","21","22:00","-3.4","","-7.4","","74","","0.0","","22","","29","","","","97.91","","","","-11","","NA"
"-80.80","46.63","SUDBURY CLIMATE","6068145","2020-01-21 23:00","2020","01","21","23:00","-3.7","","-6.8","","79","","0.0","","22","","27","","","","97.92","","","","-11","","NA"
"-80.80","46.63","SUDBURY CLIMATE","6068145","2020-01-22 00:00","2020","01","22","00:00","-3.9","","-7.2","","78","","0.0","","24","","31","","","","97.93","","","","-12","","NA"
"-80.80","46.63","SUDBURY CLIMATE","6068145","2020-01-22 01:00","2020","01","22","01:00","-3.5","","-6.2","","81","","0.0","","23","","27","","","","97.91","","","","-11","","NA"
"-80.80","46.63","SUDBURY CLIMATE","6068145","2020-01-22 02:00","2020","01","22","02:00","-3.2","","-6.1","","80","","0.0","","23","","26","","","","97.86","","","","-10","","NA"
"-80.80","46.63","SUDBURY CLIMATE","6068145","2020-01-22 03:00","2020","01","22","03:00","-3.4","","-6.4","","80","","0.0","","23","","26","","","","97.83","","","","-10","","NA"
"-80.80","46.63","SUDBURY CLIMATE","6068145","2020-01-22 04:00","2020","01","22","04:00","-3.7","","-6.9","","78","","0.0","","23","","29","","","","97.77","","","","-11","","NA"
"-80.80","46.63","SUDBURY CLIMATE","6068145","2020-01-22 05:00","2020","01","22","05:00","-3.8","","-7.0","","79","","0.0","","23","","26","","","","97.73","","","","-11","","NA"
"-80.80","46.63","SUDBURY CLIMATE","6068145","2020-01-22 06:00","2020","01","22","06:00","-4.2","","-7.1","","80","","0.0","","23","","26","","","","97.69","","","","-11","","NA"
"-80.80","46.63","SUDBURY CLIMATE","6068145","2020-01-22 07:00","2020","01","22","07:00","-4.2","","-7.0","","81","","0.0","","23","","30","","","","97.68","","","","-12","","NA"
"-80.80","46.63","SUDBURY CLIMATE","6068145","2020-01-22 08:00","2020","01","22","08:00","-3.9","","-6.7","","81","","0.0","","22","","28","","","","97.67","","","","-11","","NA"
"-80.80","46.63","SUDBURY CLIMATE","6068145","2020-01-22 09:00","2020","01","22","09:00","-4.0","","-6.5","","83","","0.0","","22","","30","","","","97.63","","","","-12","","NA"
"-80.80","46.63","SUDBURY CLIMATE","6068145","2020-01-22 10:00","2020","01","22","10:00","-4.0","","-6.3","","84","","0.0","","21","","33","","","","97.61","","","","-12","","NA"
"-80.80","46.63","SUDBURY CLIMATE","6068145","2020-01-22 11:00","2020","01","22","11:00","-4.0","","-6.2","","85","","0.0","","21","","29","","","","97.58","","","","-12","","NA"
"-80.80","46.63","SUDBURY CLIMATE","6068145","2020-01-22 12:00","2020","01","22","12:00","-3.5","","-5.7","","85","","0.0","","21","","31","","","","97.53","","","","-11","","NA"
"-80.80","46.63","SUDBURY CLIMATE","6068145","2020-01-22 13:00","2020","01","22","13:00","-3.3","","-5.4","","85","","0.0","","21","","33","","","","97.51","","","","-11","","NA"
"-80.80","46.63","SUDBURY CLIMATE","6068145","2020-01-22 14:00","2020","01","22","14:00","-3.0","","-5.1","","85","","0.0","","22","","37","","","","97.47","","","","-11","","NA"
"-80.80","46.63","SUDBURY CLIMATE","6068145","2020-01-22 15:00","2020","01","22","15:00","-2.9","","-5.1","","84","","0.0","","22","","36","","","","97.52","","","","-11","","NA"
"-80.80","46.63","SUDBURY CLIMATE","6068145","2020-01-22 16:00","2020","01","22","16:00","-2.7","","-4.9","","84","","0.0","","22","","34","","","","97.53","","","","-10","","NA"
"-80.80","46.63","SUDBURY CLIMATE","6068145","2020-01-22 17:00","2020","01","22","17:00","-2.1","","-4.9","","81","","0.0","","21","","36","","","","97.48","","","","-10","","NA"
"-80.80","46.63","SUDBURY CLIMATE","6068145","2020-01-22 18:00","2020","01","22","18:00","-1.6","","-4.8","","78","","0.0","","22","","36","","","","97.42","","","","-9","","NA"
"-80.80","46.63","SUDBURY CLIMATE","6068145","2020-01-22 19:00","2020","01","22","19:00","-0.7","","-4.5","","76","","0.0","","21","","40","","","","97.37","","","","-8","","NA"
"-80.80","46.63","SUDBURY CLIMATE","6068145","2020-01-22 20:00","2020","01","22","20:00","-0.6","","-3.9","","78","","0.0","","21","","38","","","","97.34","","","","-8","","NA"
"-80.80","46.63","SUDBURY CLIMATE","6068145","2020-01-22 21:00","2020","01","22","21:00","-0.9","","-3.2","","84","","0.0","","21","","35","","","","97.35","","","","-8","","NA"
"-80.80","46.63","SUDBURY CLIMATE","6068145","2020-01-22 22:00","2020","01","22","22:00","-1.0","","-3.3","","85","","0.0","","21","","36","","","","97.41","","","","-8","","NA"
"-80.80","46.63","SUDBURY CLIMATE","6068145","2020-01-22 23:00","2020","01","22","23:00","-1.3","","-3.4","","86","","0.0","","21","","33","","","","97.45","","","","-8","","NA"
"-80.80","46.63","SUDBURY CLIMATE","6068145","2020-01-23 00:00","2020","01","23","00:00","-1.3","","-3.3","","86","","0.0","","22","","26","","","","97.48","","","","-8","","NA"
"-80.80","46.63","SUDBURY CLIMATE","6068145","2020-01-23 01:00","2020","01","23","01:00","-1.2","","-3.3","","86","","0.0","","22","","27","","","","97.53","","","","-8","","NA"
"-80.80","46.63","SUDBURY CLIMATE","6068145","2020-01-23 02:00","2020","01","23","02:00","-1.2","","-3.1","","87","","0.0","","22","","30","","","","97.57","","","","-8","","NA"
"-80.80","46.63","SUDBURY CLIMATE","6068145","2020-01-23 03:00","2020","01","23","03:00","-1.4","","-2.5","","92","","0.0","","21","","27","","","","97.59","","","","-8","","NA"
"-80.80","46.63","SUDBURY CLIMATE","6068145","2020-01-23 04:00","2020","01","23","04:00","-0.8","","-2.7","","87","","0.0","","22","","29","","","","97.63","","","","-7","","NA"
"-80.80","46.63","SUDBURY CLIMATE","6068145","2020-01-23 05:00","2020","01","23","05:00","-0.5","","-2.9","","84","","0.0","","22","","26","","","","97.65","","","","-7","","NA"
"-80.80","46.63","SUDBURY CLIMATE","6068145","2020-01-23 06:00","2020","01","23","06:00","-0.7","","-3.0","","84","","0.0","","22","","20","","","","97.68","","","","-6","","NA"
"-80.80","46.63","SUDBURY CLIMATE","6068145","2020-01-23 07:00","2020","01","23","07:00","-0.7","","-3.0","","84","","0.0","","22","","16","","","","97.70","","","","-5","","NA"
"-80.80","46.63","SUDBURY CLIMATE","6068145","2020-01-23 08:00","2020","01","23","08:00","-1.0","","-3.0","","86","","0.0","","20","","19","","","","97.79","","","","-6","","NA"
"-80.80","46.63","SUDBURY CLIMATE","6068145","2020-01-23 09:00","2020","01","23","09:00","-0.8","","-3.0","","85","","0.0","","21","","18","","","","97.79","","","","-6","","NA"
"-80.80","46.63","SUDBURY CLIMATE","6068145","2020-01-23 10:00","2020","01","23","10:00","-1.0","","-3.0","","86","","0.0","","21","","14","","","","97.82","","","","-5","","NA"
"-80.80","46.63","SUDBURY CLIMATE","6068145","2020-01-23 11:00","2020","01","23","11:00","-1.1","","-3.1","","86","","0.0","","20","","16","","","","97.86","","","","-6","","NA"
"-80.80","46.63","SUDBURY CLIMATE","6068145","2020-01-23 12:00","2020","01","23","12:00","-1.4","","-3.2","","88","","0.0","","19","","18","","","","97.88","","","","-7","","NA"
"-80.80","46.63","SUDBURY CLIMATE","6068145","2020-01-23 13:00","2020","01","23","13:00","-1.3","","-3.1","","87","","0.0","","20","","16","","","","97.92","","","","-6","","NA"
"-80.80","46.63","SUDBURY CLIMATE","6068145","2020-01-23 14:00","2020","01","23","14:00","-1.2","","-3.0","","87","","0.0","","22","","13","","","","97.97","","","","-5","","NA"
"-80.80","46.63","SUDBURY CLIMATE","6068145","2020-01-23 15:00","2020","01","23","15:00","-1.0","","-3.0","","86","","0.0","","20","","10","","","","98.00","","","","-5","","NA"
"-80.80","46.63","SUDBURY CLIMATE","6068145","2020-01-23 16:00","2020","01","23","16:00","-0.7","","-2.8","","85","","0.0","","22","","11","","","","98.11","","","","-4","","NA"
"-80.80","46.63","SUDBURY CLIMATE","6068145","2020-01-23 17:00","2020","01","23","17:00","-1.0","","-2.0","","93","","0.0","","20","","9","","","","98.09","","","","-4","","NA"
"-80.80","46.63","SUDBURY CLIMATE","6068145","2020-01-23 18:00","2020","01","23","18:00","-0.6","","-1.8","","92","","0.4","","19","","4","","","","98.08","","","","-2","","NA"
"-80.80","46.63","SUDBURY CLIMATE","6068145","2020-01-23 19:00","2020","01","23","19:00","-0.2","","-1.9","","88","","0.2","","17","","2","","","","98.06","","","","-1","","NA"
"-80.80","46.63","SUDBURY CLIMATE","6068145","2020-01-23 20:00","2020","01","23","20:00","0.0","","-1.7","","88","","0.3","","","","0","","","","98.10","","","","","","NA"
"-80.80","46.63","SUDBURY CLIMATE","6068145","2020-01-23 21:00","2020","01","23","21:00","-0.4","","-1.1","","95","","0.0","","5","","8","","","","98.15","","","","-3","","NA"
"-80.80","46.63","SUDBURY CLIMATE","6068145","2020-01-23 22:00","2020","01","23","22:00","-0.6","","-1.0","","97","","0.2","","3","","7","","","","98.19","","","","-3","","NA"
"-80.80","46.63","SUDBURY CLIMATE","6068145","2020-01-23 23:00","2020","01","23","23:00","-0.9","","-1.1","","98","","0.0","","4","","7","","","","98.25","","","","-3","","NA"
"-80.80","46.63","SUDBURY CLIMATE","6068145","2020-01-24 00:00","2020","01","24","00:00","-0.9","","-1.1","","98","","0.0","","5","","9","","","","98.29","","","","-4","","NA"
"-80.80","46.63","SUDBURY CLIMATE","6068145","2020-01-24 01:00","2020","01","24","01:00","-0.7","","-0.9","","98","","0.0","","8","","9","","","","98.34","","","","-4","","NA"
"-80.80","46.63","SUDBURY CLIMATE","6068145","2020-01-24 02:00","2020","01","24","02:00","-0.8","","-1.1","","98","","0.2","","7","","9","","","","98.32","","","","-4","","NA"
"-80.80","46.63","SUDBURY CLIMATE","6068145","2020-01-24 03:00","2020","01","24","03:00","-0.9","","-1.2","","98","","0.0","","7","","11","","","","98.34","","","","-5","","NA"
"-80.80","46.63","SUDBURY CLIMATE","6068145","2020-01-24 04:00","2020","01","24","04:00","-0.8","","-1.2","","97","","0.0","","7","","13","","","","98.35","","","","-5","","NA"
"-80.80","46.63","SUDBURY CLIMATE","6068145","2020-01-24 05:00","2020","01","24","05:00","-0.7","","-1.2","","96","","0.0","","7","","16","","","","98.35","","","","-5","","NA"
"-80.80","46.63","SUDBURY CLIMATE","6068145","2020-01-24 06:00","2020","01","24","06:00","-0.6","","-1.2","","96","","0.0","","7","","15","","","","98.35","","","","-5","","NA"
"-80.80","46.63","SUDBURY CLIMATE","6068145","2020-01-24 07:00","2020","01","24","07:00","-1.0","","-1.7","","95","","0.0","","7","","14","","","","98.37","","","","-5","","NA"
"-80.80","46.63","SUDBURY CLIMATE","6068145","2020-01-24 08:00","2020","01","24","08:00","-1.2","","-1.9","","95","","0.0","","6","","15","","","","98.35","","","","-6","","NA"
"-80.80","46.63","SUDBURY CLIMATE","6068145","2020-01-24 09:00","2020","01","24","09:00","-1.1","","-1.9","","94","","0.0","","7","","16","","","","98.32","","","","-6","","NA"
"-80.80","46.63","SUDBURY CLIMATE","6068145","2020-01-24 10:00","2020","01","24","10:00","-0.9","","-2.0","","93","","0.0","","7","","16","","","","98.31","","","","-6","","NA"
"-80.80","46.63","SUDBURY CLIMATE","6068145","2020-01-24 11:00","2020","01","24","11:00","-0.9","","-2.0","","92","","0.0","","8","","17","","","","98.28","","","","-6","","NA"
"-80.80","46.63","SUDBURY CLIMATE","6068145","2020-01-24 12:00","2020","01","24","12:00","-0.8","","-2.0","","92","","0.0","","8","","18","","","","98.31","","","","-6","","NA"
"-80.80","46.63","SUDBURY CLIMATE","6068145","2020-01-24 13:00","2020","01","24","13:00","-0.9","","-2.0","","92","","0.0","","8","","14","","","","98.34","","","","-5","","NA"
"-80.80","46.63","SUDBURY CLIMATE","6068145","2020-01-24 14:00","2020","01","24","14:00","-1.0","","-2.3","","91","","0.0","","7","","16","","","","98.35","","","","-6","","NA"
"-80.80","46.63","SUDBURY CLIMATE","6068145","2020-01-24 15:00","2020","01","24","15:00","-0.7","","-2.5","","88","","0.0","","8","","16","","","","98.34","","","","-5","","NA"
"-80.80","46.63","SUDBURY CLIMATE","6068145","2020-01-24 16:00","2020","01","24","16:00","-0.4","","-2.7","","85","","0.0","","8","","15","","","","98.33","","","","-5","","NA"
"-80.80","46.63","SUDBURY CLIMATE","6068145","2020-01-24 17:00","2020","01","24","17:00","0.3","","-2.7","","80","","0.0","","7","","14","","","","98.27","","","","","","NA"
"-80.80","46.63","SUDBURY CLIMATE","6068145","2020-01-24 18:00","2020","01","24","18:00","0.7","","-2.5","","79","","0.0","","6","","17","","","","98.12","","","","","","NA"
"-80.80","46.63","SUDBURY CLIMATE","6068145","2020-01-24 19:00","2020","01","24","19:00","1.1","","-2.1","","79","","0.0","","5","","18","","","","98.03","","","","","","NA"
"-80.80","46.63","SUDBURY CLIMATE","6068145","2020-01-24 20:00","2020","01","24","20:00","1.0","","-1.3","","84","","0.0","","5","","21","","","","97.92","","","","","","NA"
"-80.80","46.63","SUDBURY CLIMATE","6068145","2020-01-24 21:00","2020","01","24","21:00","0.9","","-1.0","","87","","0.0","","5","","17","","","","97.91","","","","","","NA"
"-80.80","46.63","SUDBURY CLIMATE","6068145","2020-01-24 22:00","2020","01","24","22:00","0.5","","-1.0","","90","","0.0","","5","","20","","","","97.88","","","","","","NA"
"-80.80","46.63","SUDBURY CLIMATE","6068145","2020-01-24 23:00","2020","01","24","23:00","0.3","","-1.0","","91","","0.0","","5","","18","","","","97.85","","","","","","NA"
"-80.80","46.63","SUDBURY CLIMATE","6068145","2020-01-25 00:00","2020","01","25","00:00","0.0","","-1.2","","92","","0.0","","6","","19","","","","97.81","","","","-5","","NA"
"-80.80","46.63","SUDBURY CLIMATE","6068145","2020-01-25 01:00","2020","01","25","01:00","0.1","","-1.3","","91","","0.0","","6","","19","","","","97.77","","","","","","NA"
"-80.80","46.63","SUDBURY CLIMATE","6068145","2020-01-25 02:00","2020","01","25","02:00","0.0","","-1.7","","88","","0.0","","6","","20","","","","97.68","","","","-5","","NA"
"-80.80","46.63","SUDBURY CLIMATE","6068145","2020-01-25 03:00","2020","01","25","03:00","0.1","","-2.3","","84","","0.0","","6","","19","","","","97.61","","","","","","NA"
"-80.80","46.63","SUDBURY CLIMATE","6068145","2020-01-25 04:00","2020","01","25","04:00","-0.4","","-3.3","","80","","0.0","","6","","19","","","","97.53","","","","-6","","NA"
"-80.80","46.63","SUDBURY CLIMATE","6068145","2020-01-25 05:00","2020","01","25","05:00","0.0","","-2.8","","81","","0.0","","7","","20","","","","97.46","","","","-5","","NA"
"-80.80","46.63","SUDBURY CLIMATE","6068145","2020-01-25 06:00","2020","01","25","06:00","-0.4","","-1.8","","90","","0.3","","7","","12","","","","97.39","","","","-4","","NA"
"-80.80","46.63","SUDBURY CLIMATE","6068145","2020-01-25 07:00","2020","01","25","07:00","-0.1","","-0.7","","95","","0.0","","8","","12","","","","97.31","","","","-4","","NA"
"-80.80","46.63","SUDBURY CLIMATE","6068145","2020-01-25 08:00","2020","01","25","08:00","0.2","","-0.6","","95","","0.6","","9","","9","","","","97.29","","","","","","NA"
"-80.80","46.63","SUDBURY CLIMATE","6068145","2020-01-25 09:00","2020","01","25","09:00","0.2","","-0.4","","96","","0.6","","8","","8","","","","97.17","","","","","","NA"
"-80.80","46.63","SUDBURY CLIMATE","6068145","2020-01-25 10:00","2020","01","25","10:00","0.2","","-0.4","","96","","0.5","","10","","7","","","","97.13","","","","","","NA"
"-80.80","46.63","SUDBURY CLIMATE","6068145","2020-01-25 11:00","2020","01","25","11:00","0.2","","-0.3","","96","","0.8","","10","","6","","","","97.07","","","","","","NA"
"-80.80","46.63","SUDBURY CLIMATE","6068145","2020-01-25 12:00","2020","01","25","12:00","0.4","","-0.1","","96","","0.8","","11","","5","","","","97.06","","","","","","NA"
"-80.80","46.63","SUDBURY CLIMATE","6068145","2020-01-25 13:00","2020","01","25","13:00","0.4","","0.0","","97","","0.6","","12","","7","","","","97.02","","","","","","NA"
"-80.80","46.63","SUDBURY CLIMATE","6068145","2020-01-25 14:00","2020","01","25","14:00","0.3","","0.0","","98","","0.5","","12","","9","","","","97.01","","","","","","NA"
"-80.80","46.63","SUDBURY CLIMATE","6068145","2020-01-25 15:00","2020","01","25","15:00","0.3","","-0.1","","98","","1.1","","12","","18","","","","96.99","","","","","","NA"
"-80.80","46.63","SUDBURY CLIMATE","6068145","2020-01-25 16:00","2020","01","25","16:00","0.3","","-0.1","","97","","0.9","","12","","18","","","","96.95","","","","","","NA"
"-80.80","46.63","SUDBURY CLIMATE","6068145","2020-01-25 17:00","2020","01","25","17:00","0.3","","-0.1","","97","","0.5","","12","","17","","","","96.91","","","","","","NA"
"-80.80","46.63","SUDBURY CLIMATE","6068145","2020-01-25 18:00","2020","01","25","18:00","0.4","","-0.1","","97","","0.5","","12","","14","","","","96.81","","","","","","NA"
"-80.80","46.63","SUDBURY CLIMATE","6068145","2020-01-25 19:00","2020","01","25","19:00","0.4","","-0.1","","97","","0.2","","12","","14","","","","96.74","","","","","","NA"
"-80.80","46.63","SUDBURY CLIMATE","6068145","2020-01-25 20:00","2020","01","25","20:00","0.4","","-0.1","","96","","0.2","","12","","13","","","","96.70","","","","","","NA"
"-80.80","46.63","SUDBURY CLIMATE","6068145","2020-01-25 21:00","2020","01","25","21:00","0.3","","-0.1","","97","","0.0","","13","","11","","","","96.65","","","","","","NA"
"-80.80","46.63","SUDBURY CLIMATE","6068145","2020-01-25 22:00","2020","01","25","22:00","0.3","","-0.1","","98","","0.2","","12","","11","","","","96.62","","","","","","NA"
"-80.80","46.63","SUDBURY CLIMATE","6068145","2020-01-25 23:00","2020","01","25","23:00","0.2","","0.0","","98","","0.0","","11","","7","","","","96.55","","","","","","NA"
"-80.80","46.63","SUDBURY CLIMATE","6068145","2020-01-26 00:00","2020","01","26","00:00","0.0","","-0.2","","99","","0.3","","12","","10","","","","96.57","","","","-3","","NA"
"-80.80","46.63","SUDBURY CLIMATE","6068145","2020-01-26 01:00","2020","01","26","01:00","-0.1","","-0.3","","99","","0.2","","12","","9","","","","96.53","","","","-3","","NA"
"-80.80","46.63","SUDBURY CLIMATE","6068145","2020-01-26 02:00","2020","01","26","02:00","-0.2","","-0.4","","99","","0.2","","14","","10","","","","96.44","","","","-4","","NA"
"-80.80","46.63","SUDBURY CLIMATE","6068145","2020-01-26 03:00","2020","01","26","03:00","-0.3","","-0.5","","99","","0.0","","13","","8","","","","96.39","","","","-3","","NA"
"-80.80","46.63","SUDBURY CLIMATE","6068145","2020-01-26 04:00","2020","01","26","04:00","-0.4","","-0.5","","99","","0.2","","15","","7","","","","96.32","","","","-3","","NA"
"-80.80","46.63","SUDBURY CLIMATE","6068145","2020-01-26 05:00","2020","01","26","05:00","-0.4","","-0.6","","99","","0.0","","15","","6","","","","96.29","","","","-2","","NA"
"-80.80","46.63","SUDBURY CLIMATE","6068145","2020-01-26 06:00","2020","01","26","06:00","-0.5","","-0.7","","99","","0.0","","16","","6","","","","96.23","","","","-3","","NA"
"-80.80","46.63","SUDBURY CLIMATE","6068145","2020-01-26 07:00","2020","01","26","07:00","-0.7","","-0.9","","99","","0.0","","17","","6","","","","96.16","","","","-3","","NA"
"-80.80","46.63","SUDBURY CLIMATE","6068145","2020-01-26 08:00","2020","01","26","08:00","-0.7","","-0.8","","99","","0.0","","15","","5","","","","96.13","","","","-2","","NA"
"-80.80","46.63","SUDBURY CLIMATE","6068145","2020-01-26 09:00","2020","01","26","09:00","-0.6","","-0.8","","99","","0.0","","17","","5","","","","96.11","","","","-2","","NA"
"-80.80","46.63","SUDBURY CLIMATE","6068145","2020-01-26 10:00","2020","01","26","10:00","-0.7","","-0.8","","99","","0.2","","22","","7","","","","96.05","","","","-3","","NA"
"-80.80","46.63","SUDBURY CLIMATE","6068145","2020-01-26 11:00","2020","01","26","11:00","-0.7","","-0.9","","99","","0.0","","22","","10","","","","96.01","","","","-4","","NA"
"-80.80","46.63","SUDBURY CLIMATE","6068145","2020-01-26 12:00","2020","01","26","12:00","-0.7","","-0.8","","99","","0.0","","23","","7","","","","96.00","","","","-3","","NA"
"-80.80","46.63","SUDBURY CLIMATE","6068145","2020-01-26 13:00","2020","01","26","13:00","-0.6","","-0.8","","99","","0.2","","23","","9","","","","95.97","","","","-4","","NA"
"-80.80","46.63","SUDBURY CLIMATE","6068145","2020-01-26 14:00","2020","01","26","14:00","-0.4","","-0.6","","99","","0.2","","24","","6","","","","95.98","","","","-2","","NA"
"-80.80","46.63","SUDBURY CLIMATE","6068145","2020-01-26 15:00","2020","01","26","15:00","-0.1","","-0.4","","98","","0.5","","26","","7","","","","95.98","","","","-3","","NA"
"-80.80","46.63","SUDBURY CLIMATE","6068145","2020-01-26 16:00","2020","01","26","16:00","0.3","","-0.3","","96","","1.5","","27","","7","","","","95.99","","","","","","NA"
"-80.80","46.63","SUDBURY CLIMATE","6068145","2020-01-26 17:00","2020","01","26","17:00","0.5","","-0.4","","93","","0.0","","27","","7","","","","95.94","","","","","","NA"
"-80.80","46.63","SUDBURY CLIMATE","6068145","2020-01-26 18:00","2020","01","26","18:00","0.8","","-0.2","","92","","0.0","","29","","6","","","","95.92","","","","","","NA"
"-80.80","46.63","SUDBURY CLIMATE","6068145","2020-01-26 19:00","2020","01","26","19:00","0.5","","-0.3","","94","","0.2","","1","","11","","","","95.91","","","","","","NA"
"-80.80","46.63","SUDBURY CLIMATE","6068145","2020-01-26 20:00","2020","01","26","20:00","0.9","","-0.3","","92","","0.0","","35","","7","","","","95.91","","","","","","NA"
"-80.80","46.63","SUDBURY CLIMATE","6068145","2020-01-26 21:00","2020","01","26","21:00","1.0","","-0.2","","92","","0.2","","34","","8","","","","95.94","","","","","","NA"
"-80.80","46.63","SUDBURY CLIMATE","6068145","2020-01-26 22:00","2020","01","26","22:00","0.8","","-0.6","","91","","0.0","","33","","8","","","","95.98","","","","","","NA"
"-80.80","46.63","SUDBURY CLIMATE","6068145","2020-01-26 23:00","2020","01","26","23:00","0.0","","-0.7","","95","","0.2","","33","","14","","","","96.03","","","","-4","","NA"
"-80.80","46.63","SUDBURY CLIMATE","6068145","2020-01-27 00:00","2020","01","27","00:00","-0.5","","-1.8","","91","","0.0","","33","","13","","","","96.08","","","","-5","","NA"
"-80.80","46.63","SUDBURY CLIMATE","6068145","2020-01-27 01:00","2020","01","27","01:00","-1.2","","-3.0","","88","","0.0","","34","","17","","","","96.11","","","","-6","","NA"
"-80.80","46.63","SUDBURY CLIMATE","6068145","2020-01-27 02:00","2020","01","27","02:00","-1.9","","-3.6","","89","","0.0","","34","","16","","","","96.17","","","","-7","","NA"
"-80.80","46.63","SUDBURY CLIMATE","6068145","2020-01-27 03:00","2020","01","27","03:00","-2.4","","-4.1","","88","","0.0","","34","","17","","","","96.24","","","","-8","","NA"
"-80.80","46.63","SUDBURY CLIMATE","6068145","2020-01-27 04:00","2020","01","27","04:00","-3.0","","-4.8","","88","","0.0","","34","","18","","","","96.29","","","","-9","","NA"
"-80.80","46.63","SUDBURY CLIMATE","6068145","2020-01-27 05:00","2020","01","27","05:00","-3.5","","-5.1","","88","","0.0","","34","","15","","","","96.32","","","","-9","","NA"
"-80.80","46.63","SUDBURY CLIMATE","6068145","2020-01-27 06:00","2020","01","27","06:00","-3.7","","-5.1","","90","","0.0","","35","","17","","","","96.33","","","","-9","","NA"
"-80.80","46.63","SUDBURY CLIMATE","6068145","2020-01-27 07:00","2020","01","27","07:00","-3.7","","-5.4","","88","","0.0","","34","","16","","","","96.37","","","","-9","","NA"
"-80.80","46.63","SUDBURY CLIMATE","6068145","2020-01-27 08:00","2020","01","27","08:00","-3.7","","-5.2","","89","","0.0","","34","","12","","","","96.43","","","","-8","","NA"
"-80.80","46.63","SUDBURY CLIMATE","6068145","2020-01-27 09:00","2020","01","27","09:00","-3.9","","-5.6","","88","","0.0","","35","","18","","","","96.44","","","","-10","","NA"
"-80.80","46.63","SUDBURY CLIMATE","6068145","2020-01-27 10:00","2020","01","27","10:00","-4.3","","-6.1","","87","","0.0","","34","","17","","","","96.49","","","","-10","","NA"
"-80.80","46.63","SUDBURY CLIMATE","6068145","2020-01-27 11:00","2020","01","27","11:00","-4.6","","-6.3","","88","","0.0","","35","","16","","","","96.51","","","","-10","","NA"
"-80.80","46.63","SUDBURY CLIMATE","6068145","2020-01-27 12:00","2020","01","27","12:00","-4.8","","-6.3","","89","","0.0","","36","","19","","","","96.56","","","","-11","","NA"
"-80.80","46.63","SUDBURY CLIMATE","6068145","2020-01-27 13:00","2020","01","27","13:00","-4.8","","-6.5","","88","","0.0","","35","","16","","","","96.61","","","","-11","","NA"
"-80.80","46.63","SUDBURY CLIMATE","6068145","2020-01-27 14:00","2020","01","27","14:00","-5.0","","-6.9","","87","","0.0","","35","","17","","","","96.67","","","","-11","","NA"
"-80.80","46.63","SUDBURY CLIMATE","6068145","2020-01-27 15:00","2020","01","27","15:00","-4.9","","-7.1","","84","","0.0","","35","","20","","","","96.68","","","","-11","","NA"
"-80.80","46.63","SUDBURY CLIMATE","6068145","2020-01-27 16:00","2020","01","27","16:00","-4.5","","-7.1","","82","","0.0","","34","","18","","","","96.75","","","","-11","","NA"
"-80.80","46.63","SUDBURY CLIMATE","6068145","2020-01-27 17:00","2020","01","27","17:00","-4.0","","-7.0","","80","","0.0","","34","","14","","","","96.75","","","","-9","","NA"
"-80.80","46.63","SUDBURY CLIMATE","6068145","2020-01-27 18:00","2020","01","27","18:00","-3.7","","-6.5","","81","","0.0","","35","","13","","","","96.74","","","","-9","","NA"
"-80.80","46.63","SUDBURY CLIMATE","6068145","2020-01-27 19:00","2020","01","27","19:00","-3.2","","-6.2","","80","","0.0","","34","","11","","","","96.72","","","","-7","","NA"
"-80.80","46.63","SUDBURY CLIMATE","6068145","2020-01-27 20:00","2020","01","27","20:00","-2.9","","-5.8","","80","","0.0","","33","","11","","","","96.75","","","","-7","","NA"
"-80.80","46.63","SUDBURY CLIMATE","6068145","2020-01-27 21:00","2020","01","27","21:00","-3.2","","-5.5","","84","","0.0","","33","","11","","","","96.80","","","","-7","","NA"
"-80.80","46.63","SUDBURY CLIMATE","6068145","2020-01-27 22:00","2020","01","27","22:00","-3.3","","-5.3","","86","","0.0","","34","","12","","","","96.83","","","","-8","","NA"
"-80.80","46.63","SUDBURY CLIMATE","6068145","2020-01-27 23:00","2020","01","27","23:00","-3.6","","-5.1","","89","","0.0","","33","","12","","","","96.88","","","","-8","","NA"
"-80.80","46.63","SUDBURY CLIMATE","6068145","2020-01-28 00:00","2020","01","28","00:00","-3.7","","-5.2","","89","","0.0","","34","","11","","","","96.92","","","","-8","","NA"
"-80.80","46.63","SUDBURY CLIMATE","6068145","2020-01-28 01:00","2020","01","28","01:00","-4.0","","-5.4","","90","","0.0","","33","","10","","","","96.96","","","","-8","","NA"
"-80.80","46.63","SUDBURY CLIMATE","6068145","2020-01-28 02:00","2020","01","28","02:00","-4.1","","-5.7","","88","","0.0","","35","","13","","","","96.96","","","","-9","","NA"
"-80.80","46.63","SUDBURY CLIMATE","6068145","2020-01-28 03:00","2020","01","28","03:00","-4.3","","-5.8","","89","","0.0","","34","","11","","","","96.96","","","","-9","","NA"
"-80.80","46.63","SUDBURY CLIMATE","6068145","2020-01-28 04:00","2020","01","28","04:00","-4.4","","-6.2","","87","","0.0","","35","","16","","","","96.95","","","","-10","","NA"
"-80.80","46.63","SUDBURY CLIMATE","6068145","2020-01-28 05:00","2020","01","28","05:00","-4.6","","-6.1","","89","","0.0","","35","","15","","","","96.96","","","","-10","","NA"
"-80.80","46.63","SUDBURY CLIMATE","6068145","2020-01-28 06:00","2020","01","28","06:00","-4.8","","-6.2","","90","","0.0","","34","","11","","","","96.97","","","","-9","","NA"
"-80.80","46.63","SUDBURY CLIMATE","6068145","2020-01-28 07:00","2020","01","28","07:00","-4.9","","-6.2","","91","","0.0","","35","","8","","","","96.99","","","","-8","","NA"
"-80.80","46.63","SUDBURY CLIMATE","6068145","2020-01-28 08:00","2020","01","28","08:00","-5.3","","-6.7","","90","","0.0","","1","","10","","","","97.02","","","","-10","","NA"
"-80.80","46.63","SUDBURY CLIMATE","6068145","2020-01-28 09:00","2020","01","28","09:00","-5.6","","-6.8","","91","","0.0","","1","","12","","","","97.03","","","","-11","","NA"
"-80.80","46.63","SUDBURY CLIMATE","6068145","2020-01-28 10:00","2020","01","28","10:00","-5.9","","-7.0","","92","","0.0","","1","","13","","","","97.06","","","","-11","","NA"
"-80.80","46.63","SUDBURY CLIMATE","6068145","2020-01-28 11:00","2020","01","28","11:00","-6.1","","-7.6","","89","","0.0","","1","","12","","","","97.09","","","","-11","","NA"
"-80.80","46.63","SUDBURY CLIMATE","6068145","2020-01-28 12:00","2020","01","28","12:00","-6.5","","-7.6","","93","","0.0","","36","","11","","","","97.16","","","","-11","","NA"
"-80.80","46.63","SUDBURY CLIMATE","6068145","2020-01-28 13:00","2020","01","28","13:00","-7.2","","-8.8","","88","","0.0","","35","","11","","","","97.22","","","","-12","","NA"
"-80.80","46.63","SUDBURY CLIMATE","6068145","2020-01-28 14:00","2020","01","28","14:00","-7.3","","-9.5","","85","","0.0","","35","","11","","","","97.26","","","","-12","","NA"
"-80.80","46.63","SUDBURY CLIMATE","6068145","2020-01-28 15:00","2020","01","28","15:00","-7.7","","-10.8","","78","","0.0","","34","","13","","","","97.30","","","","-13","","NA"
"-80.80","46.63","SUDBURY CLIMATE","6068145","2020-01-28 16:00","2020","01","28","16:00","-7.9","","-12.4","","70","","0.0","","1","","16","","","","97.33","","","","-14","","NA"
"-80.80","46.63","SUDBURY CLIMATE","6068145","2020-01-28 17:00","2020","01","28","17:00","-7.5","","-11.3","","74","","0.0","","1","","13","","","","97.32","","","","-13","","NA"
"-80.80","46.63","SUDBURY CLIMATE","6068145","2020-01-28 18:00","2020","01","28","18:00","-7.8","","-11.1","","77","","0.0","","2","","15","","","","97.30","","","","-14","","NA"
"-80.80","46.63","SUDBURY CLIMATE","6068145","2020-01-28 19:00","2020","01","28","19:00","-7.2","","-11.6","","71","","0.0","","2","","12","","","","97.29","","","","-13","","NA"
"-80.80","46.63","SUDBURY CLIMATE","6068145","2020-01-28 20:00","2020","01","28","20:00","-7.2","","-11.1","","74","","0.0","","4","","13","","","","97.33","","","","-13","","NA"
"-80.80","46.63","SUDBURY CLIMATE","6068145","2020-01-28 21:00","2020","01","28","21:00","-7.2","","-10.8","","75","","0.0","","1","","13","","","","97.38","","","","-13","","NA"
"-80.80","46.63","SUDBURY CLIMATE","6068145","2020-01-28 22:00","2020","01","28","22:00","-7.4","","-10.5","","79","","0.0","","1","","12","","","","97.45","","","","-13","","NA"
"-80.80","46.63","SUDBURY CLIMATE","6068145","2020-01-28 23:00","2020","01","28","23:00","-8.3","","-10.8","","82","","0.0","","35","","11","","","","97.53","","","","-14","","NA"
"-80.80","46.63","SUDBURY CLIMATE","6068145","2020-01-29 00:00","2020","01","29","00:00","-8.5","","-11.0","","83","","0.0","","36","","11","","","","97.59","","","","-14","","NA"
"-80.80","46.63","SUDBURY CLIMATE","6068145","2020-01-29 01:00","2020","01","29","01:00","-9.0","","-11.4","","83","","0.0","","2","","13","","","","97.63","","","","-15","","NA"
"-80.80","46.63","SUDBURY CLIMATE","6068145","2020-01-29 02:00","2020","01","29","02:00","-9.5","","-11.7","","84","","0.0","","2","","15","","","","97.70","","","","-16","","NA"
"-80.80","46.63","SUDBURY CLIMATE","6068145","2020-01-29 03:00","2020","01","29","03:00","-10.1","","-12.1","","85","","0.0","","1","","11","","","","97.75","","","","-16","","NA"
"-80.80","46.63","SUDBURY CLIMATE","6068145","2020-01-29 04:00","2020","01","29","04:00","-10.6","","-12.7","","85","","0.0","","1","","9","","","","97.80","","","","-16","","NA"
"-80.80","46.63","SUDBURY CLIMATE","6068145","2020-01-29 05:00","2020","01","29","05:00","-11.6","","-13.9","","83","","0.0","","35","","11","","","","97.84","","","","-18","","NA"
"-80.80","46.63","SUDBURY CLIMATE","6068145","2020-01-29 06:00","2020","01","29","06:00","-13.2","","-15.4","","84","","0.2","","36","","12","","","","97.88","","","","-20","","NA"
"-80.80","46.63","SUDBURY CLIMATE","6068145","2020-01-29 07:00","2020","01","29","07:00","-13.6","","-15.7","","84","","0.0","","1","","19","","","","97.88","","","","-22","","NA"
"-80.80","46.63","SUDBURY CLIMATE","6068145","2020-01-29 08:00","2020","01","29","08:00","-13.5","","-15.3","","86","","0.0","","1","","12","","","","97.92","","","","-20","","NA"
"-80.80","46.63","SUDBURY CLIMATE","6068145","2020-01-29 09:00","2020","01","29","09:00","-13.7","","-15.6","","86","","0.0","","36","","10","","","","97.96","","","","-20","","NA"
"-80.80","46.63","SUDBURY CLIMATE","6068145","2020-01-29 10:00","2020","01","29","10:00","-14.2","","-15.8","","87","","0.0","","1","","9","","","","97.97","","","","-20","","NA"
"-80.80","46.63","SUDBURY CLIMATE","6068145","2020-01-29 11:00","2020","01","29","11:00","-14.3","","-16.0","","87","","0.0","","2","","13","","","","98.01","","","","-21","","NA"
"-80.80","46.63","SUDBURY CLIMATE","6068145","2020-01-29 12:00","2020","01","29","12:00","-14.6","","-16.2","","88","","0.0","","2","","9","","","","98.07","","","","-20","","NA"
"-80.80","46.63","SUDBURY CLIMATE","6068145","2020-01-29 13:00","2020","01","29","13:00","-14.9","","-16.5","","88","","0.0","","4","","11","","","","98.18","","","","-21","","NA"
"-80.80","46.63","SUDBURY CLIMATE","6068145","2020-01-29 14:00","2020","01","29","14:00","-15.0","","-16.5","","88","","0.0","","1","","10","","","","98.23","","","","-21","","NA"
"-80.80","46.63","SUDBURY CLIMATE","6068145","2020-01-29 15:00","2020","01","29","15:00","-14.9","","-16.7","","86","","0.0","","2","","8","","","","98.28","","","","-20","","NA"
"-80.80","46.63","SUDBURY CLIMATE","6068145","2020-01-29 16:00","2020","01","29","16:00","-14.4","","-16.9","","81","","0.0","","4","","11","","","","98.28","","","","-21","","NA"
"-80.80","46.63","SUDBURY CLIMATE","6068145","2020-01-29 17:00","2020","01","29","17:00","-13.2","","-17.2","","72","","0.0","","2","","9","","","","98.25","","","","-19","","NA"
"-80.80","46.63","SUDBURY CLIMATE","6068145","2020-01-29 18:00","2020","01","29","18:00","-11.7","","-17.0","","64","","0.0","","3","","8","","","","98.23","","","","-16","","NA"
"-80.80","46.63","SUDBURY CLIMATE","6068145","2020-01-29 19:00","2020","01","29","19:00","-10.3","","-16.9","","58","","0.0","","3","","8","","","","98.19","","","","-15","","NA"
"-80.80","46.63","SUDBURY CLIMATE","6068145","2020-01-29 20:00","2020","01","29","20:00","-9.6","","-16.7","","57","","0.0","","2","","7","","","","98.17","","","","-14","","NA"
"-80.80","46.63","SUDBURY CLIMATE","6068145","2020-01-29 21:00","2020","01","29","21:00","-9.0","","-15.6","","58","","0.0","","2","","11","","","","98.17","","","","-14","","NA"
"-80.80","46.63","SUDBURY CLIMATE","6068145","2020-01-29 22:00","2020","01","29","22:00","-9.7","","-15.4","","63","","0.0","","3","","9","","","","98.16","","","","-15","","NA"
"-80.80","46.63","SUDBURY CLIMATE","6068145","2020-01-29 23:00","2020","01","29","23:00","-10.2","","-15.1","","67","","0.0","","3","","7","","","","98.19","","","","-14","","NA"
"-80.80","46.63","SUDBURY CLIMATE","6068145","2020-01-30 00:00","2020","01","30","00:00","-13.0","","-16.7","","73","","0.0","","4","","9","","","","98.22","","","","-18","","NA"
"-80.80","46.63","SUDBURY CLIMATE","6068145","2020-01-30 01:00","2020","01","30","01:00","-14.4","","-17.0","","80","","0.0","","5","","12","","","","98.23","","","","-21","","NA"
"-80.80","46.63","SUDBURY CLIMATE","6068145","2020-01-30 02:00","2020","01","30","02:00","-14.2","","-15.9","","86","","0.0","","6","","14","","","","98.22","","","","-22","","NA"
"-80.80","46.63","SUDBURY CLIMATE","6068145","2020-01-30 03:00","2020","01","30","03:00","-14.5","","-16.3","","87","","0.0","","7","","12","","","","98.24","","","","-21","","NA"
"-80.80","46.63","SUDBURY CLIMATE","6068145","2020-01-30 04:00","2020","01","30","04:00","-15.3","","-17.0","","86","","0.0","","6","","10","","","","98.26","","","","-22","","NA"
"-80.80","46.63","SUDBURY CLIMATE","6068145","2020-01-30 05:00","2020","01","30","05:00","-15.6","","-17.2","","87","","0.0","","5","","9","","","","98.28","","","","-22","","NA"
"-80.80","46.63","SUDBURY CLIMATE","6068145","2020-01-30 06:00","2020","01","30","06:00","-15.6","","-17.3","","87","","0.0","","3","","7","","","","98.27","","","","-21","","NA"
"-80.80","46.63","SUDBURY CLIMATE","6068145","2020-01-30 07:00","2020","01","30","07:00","-16.4","","-18.2","","86","","0.0","","3","","5","","","","98.24","","","","-20","","NA"
"-80.80","46.63","SUDBURY CLIMATE","6068145","2020-01-30 08:00","2020","01","30","08:00","-16.3","","-18.1","","86","","0.0","","3","","6","","","","98.23","","","","-21","","NA"
"-80.80","46.63","SUDBURY CLIMATE","6068145","2020-01-30 09:00","2020","01","30","09:00","-16.8","","-18.7","","86","","0.0","","3","","6","","","","98.22","","","","-21","","NA"
"-80.80","46.63","SUDBURY CLIMATE","6068145","2020-01-30 10:00","2020","01","30","10:00","-17.2","","-19.2","","85","","0.0","","3","","7","","","","98.18","","","","-22","","NA"
"-80.80","46.63","SUDBURY CLIMATE","6068145","2020-01-30 11:00","2020","01","30","11:00","-17.4","","-19.3","","85","","0.0","","3","","7","","","","98.15","","","","-23","","NA"
"-80.80","46.63","SUDBURY CLIMATE","6068145","2020-01-30 12:00","2020","01","30","12:00","-17.8","","-19.8","","84","","0.0","","3","","5","","","","98.18","","","","-22","","NA"
"-80.80","46.63","SUDBURY CLIMATE","6068145","2020-01-30 13:00","2020","01","30","13:00","-17.6","","-19.6","","84","","0.0","","2","","4","","","","98.21","","","","-21","","NA"
"-80.80","46.63","SUDBURY CLIMATE","6068145","2020-01-30 14:00","2020","01","30","14:00","-16.9","","-18.9","","84","","0.0","","3","","5","","","","98.24","","","","-21","","NA"
"-80.80","46.63","SUDBURY CLIMATE","6068145","2020-01-30 15:00","2020","01","30","15:00","-14.8","","-16.7","","85","","0.0","","3","","3","","","","98.28","","","","-17","","NA"
"-80.80","46.63","SUDBURY CLIMATE","6068145","2020-01-30 16:00","2020","01","30","16:00","-13.8","","-15.8","","85","","0.0","","3","","4","","","","98.27","","","","-17","","NA"
"-80.80","46.63","SUDBURY CLIMATE","6068145","2020-01-30 17:00","2020","01","30","17:00","-11.6","","-13.4","","86","","0.0","","","","0","","","","98.25","","","","","","NA"
"-80.80","46.63","SUDBURY CLIMATE","6068145","2020-01-30 18:00","2020","01","30","18:00","-9.6","","-13.6","","73","","0.0","","0","","1","","","","98.17","","","","-10","","NA"
"-80.80","46.63","SUDBURY CLIMATE","6068145","2020-01-30 19:00","2020","01","30","19:00","-8.0","","-13.3","","66","","0.0","","25","","4","","","","98.13","","","","-10","","NA"
"-80.80","46.63","SUDBURY CLIMATE","6068145","2020-01-30 20:00","2020","01","30","20:00","-7.8","","-11.7","","74","","0.0","","20","","3","","","","98.09","","","","-9","","NA"
"-80.80","46.63","SUDBURY CLIMATE","6068145","2020-01-30 21:00","2020","01","30","21:00","-7.1","","-11.2","","73","","0.0","","21","","5","","","","98.09","","","","-10","","NA"
"-80.80","46.63","SUDBURY CLIMATE","6068145","2020-01-30 22:00","2020","01","30","22:00","-9.2","","-12.3","","78","","0.0","","17","","9","","","","98.10","","","","-14","","NA"
"-80.80","46.63","SUDBURY CLIMATE","6068145","2020-01-30 23:00","2020","01","30","23:00","-11.2","","-13.4","","83","","0.0","","17","","9","","","","98.13","","","","-16","","NA"
"-80.80","46.63","SUDBURY CLIMATE","6068145","2020-01-31 00:00","2020","01","31","00:00","-8.6","","-11.0","","83","","0.0","","15","","7","","","","98.12","","","","-12","","NA"
"-80.80","46.63","SUDBURY CLIMATE","6068145","2020-01-31 01:00","2020","01","31","01:00","-7.8","","-10.3","","82","","0.0","","14","","6","","","","98.13","","","","-11","","NA"
"-80.80","46.63","SUDBURY CLIMATE","6068145","2020-01-31 02:00","2020","01","31","02:00","-7.8","","-10.3","","82","","0.0","","13","","5","","","","98.12","","","","-10","","NA"
"-80.80","46.63","SUDBURY CLIMATE","6068145","2020-01-31 03:00","2020","01","31","03:00","-8.5","","-10.9","","83","","0.0","","13","","7","","","","98.07","","","","-12","","NA"
"-80.80","46.63","SUDBURY CLIMATE","6068145","2020-01-31 04:00","2020","01","31","04:00","-11.0","","-12.8","","87","","0.0","","15","","10","","","","98.05","","","","-16","","NA"
"-80.80","46.63","SUDBURY CLIMATE","6068145","2020-01-31 05:00","2020","01","31","05:00","-8.3","","-10.3","","85","","0.0","","15","","7","","","","98.04","","","","-12","","NA"
"-80.80","46.63","SUDBURY CLIMATE","6068145","2020-01-31 06:00","2020","01","31","06:00","-9.3","","-11.2","","86","","0.0","","24","","4","","","","98.05","","","","-12","","NA"
"-80.80","46.63","SUDBURY CLIMATE","6068145","2020-01-31 07:00","2020","01","31","07:00","-9.9","","-11.4","","89","","0.0","","0","","1","","","","98.03","","","","-10","","NA"
"-80.80","46.63","SUDBURY CLIMATE","6068145","2020-01-31 08:00","2020","01","31","08:00","-10.7","","-11.8","","92","","0.0","","12","","7","","","","98.02","","","","-15","","NA"
"-80.80","46.63","SUDBURY CLIMATE","6068145","2020-01-31 09:00","2020","01","31","09:00","-12.1","","-13.1","","92","","0.0","","10","","4","","","","98.00","","","","-15","","NA"
"-80.80","46.63","SUDBURY CLIMATE","6068145","2020-01-31 10:00","2020","01","31","10:00","-10.8","","-11.7","","93","","0.0","","12","","6","","","","98.01","","","","-14","","NA"
"-80.80","46.63","SUDBURY CLIMATE","6068145","2020-01-31 11:00","2020","01","31","11:00","-9.5","","-10.9","","90","","0.0","","14","","7","","","","98.01","","","","-13","","NA"
"-80.80","46.63","SUDBURY CLIMATE","6068145","2020-01-31 12:00","2020","01","31","12:00","-9.4","","-10.8","","89","","0.0","","13","","6","","","","98.00","","","","-13","","NA"
"-80.80","46.63","SUDBURY CLIMATE","6068145","2020-01-31 13:00","2020","01","31","13:00","-9.9","","-11.1","","91","","0.0","","10","","6","","","","98.01","","","","-13","","NA"
"-80.80","46.63","SUDBURY CLIMATE","6068145","2020-01-31 14:00","2020","01","31","14:00","-9.7","","-11.1","","90","","0.0","","13","","8","","","","97.99","","","","-14","","NA"
"-80.80","46.63","SUDBURY CLIMATE","6068145","2020-01-31 15:00","2020","01","31","15:00","-8.9","","-10.3","","90","","0.0","","9","","4","","","","98.00","","","","-11","","NA"
"-80.80","46.63","SUDBURY CLIMATE","6068145","2020-01-31 16:00","2020","01","31","16:00","-8.2","","-9.9","","87","","0.0","","13","","6","","","","98.00","","","","-11","","NA"
"-80.80","46.63","SUDBURY CLIMATE","6068145","2020-01-31 17:00","2020","01","31","17:00","-7.3","","-9.5","","84","","0.0","","12","","6","","","","97.92","","","","-10","","NA"
"-80.80","46.63","SUDBURY CLIMATE","6068145","2020-01-31 18:00","2020","01","31","18:00","-6.3","","-8.6","","83","","0.0","","16","","5","","","","97.87","","","","-9","","NA"
"-80.80","46.63","SUDBURY CLIMATE","6068145","2020-01-31 19:00","2020","01","31","19:00","-5.9","","-8.3","","83","","0.0","","18","","8","","","","97.82","","","","-10","","NA"
"-80.80","46.63","SUDBURY CLIMATE","6068145","2020-01-31 20:00","2020","01","31","20:00","-5.1","","-7.6","","83","","0.0","","18","","10","","","","97.78","","","","-9","","NA"
"-80.80","46.63","SUDBURY CLIMATE","6068145","2020-01-31 21:00","2020","01","31","21:00","-4.9","","-6.5","","88","","0.0","","18","","11","","","","97.75","","","","-9","","NA"
"-80.80","46.63","SUDBURY CLIMATE","6068145","2020-01-31 22:00","2020","01","31","22:00","-4.6","","-5.8","","91","","0.0","","17","","15","","","","97.72","","","","-10","","NA"
"-80.80","46.63","SUDBURY CLIMATE","6068145","2020-01-31 23:00","2020","01","31","23:00","-4.8","","-5.6","","94","","0.0","","17","","14","","","","97.68","","","","-10","","NA"
