"Longitude (x)","Latitude (y)","Station Name","Climate ID","Date/Time (UTC)","Year","Month","Day","Time (UTC)","Temp (°C)","Temp Flag","Dew Point Temp (°C)","Dew Point Temp Flag","Rel Hum (%)","Rel Hum Flag","Precip. Amount (mm)","Precip. Amount Flag","Wind Dir (10s deg)","Wind Dir Flag","Wind Spd (km/h)","Wind Spd Flag","Visibility (km)","Visibility Flag","Stn Press (kPa)","Stn Press Flag","Hmdx","Hmdx Flag","Wind Chill","Wind Chill Flag","Weather"
"-80.80","46.63","SUDBURY CLIMATE","6068145","2020-11-01 00:00","2020","11","01","00:00","2.9","","-1.1","","75","","0.0","","18","","30","","","","97.31","","","","","","NA"
"-80.80","46.63","SUDBURY CLIMATE","6068145","2020-11-01 01:00","2020","11","01","01:00","3.5","","-1.5","","70","","0.0","","18","","39","","","","97.15","","","","","","NA"
"-80.80","46.63","SUDBURY CLIMATE","6068145","2020-11-01 02:00","2020","11","01","02:00","3.7","","-0.6","","74","","0.0","","20","","41","","","","97.08","","","","","","NA"
"-80.80","46.63","SUDBURY CLIMATE","6068145","2020-11-01 03:00","2020","11","01","03:00","3.9","","0.1","","76","","0.0","","19","","39","","","","97.00","","","","","","NA"
"-80.80","46.63","SUDBURY CLIMATE","6068145","2020-11-01 04:00","2020","11","01","04:00","3.9","","0.6","","79","","0.0","","19","","39","","","","96.85","","","","","","NA"
"-80.80","46.63","SUDBURY CLIMATE","6068145","2020-11-01 05:00","2020","11","01","05:00","3.8","","1.8","","87","","0.0","","18","","30","","","","96.64","","","","","","NA"
"-80.80","46.63","SUDBURY CLIMATE","6068145","2020-11-01 06:00","2020","11","01","06:00","3.8","","2.7","","92","","1.4","","17","","31","","","","96.45","","","","","","NA"
"-80.80","46.63","SUDBURY CLIMATE","6068145","2020-11-01 07:00","2020","11","01","07:00","4.1","","3.5","","96","","1.0","","17","","30","","","","96.24","","","","","","NA"
"-80.80","46.63","SUDBURY CLIMATE","6068145","2020-11-01 08:00","2020","11","01","08:00","4.3","","3.8","","96","","0.9","","17","","26","","","","96.03","","","","","","NA"
"-80.80","46.63","SUDBURY CLIMATE","6068145","2020-11-01 09:00","2020","11","01","09:00","4.5","","4.3","","98","","2.0","","17","","23","","","","95.86","","","","","","NA"
"-80.80","46.63","SUDBURY CLIMATE","6068145","2020-11-01 10:00","2020","11","01","10:00","5.8","","5.5","","98","","4.4","","19","","28","","","","95.72","","","","","","NA"
"-80.80","46.63","SUDBURY CLIMATE","6068145","2020-11-01 11:00","2020","11","01","11:00","6.0","","5.5","","97","","3.5","","20","","27","","","","95.58","","","","","","NA"
"-80.80","46.63","SUDBURY CLIMATE","6068145","2020-11-01 12:00","2020","11","01","12:00","5.8","","5.3","","97","","3.1","","19","","22","","","","95.43","","","","","","NA"
"-80.80","46.63","SUDBURY CLIMATE","6068145","2020-11-01 13:00","2020","11","01","13:00","5.9","","5.6","","98","","1.8","","19","","21","","","","95.36","","","","","","NA"
"-80.80","46.63","SUDBURY CLIMATE","6068145","2020-11-01 14:00","2020","11","01","14:00","1.7","","1.0","","95","","0.9","","28","","18","","","","95.52","","","","","","NA"
"-80.80","46.63","SUDBURY CLIMATE","6068145","2020-11-01 15:00","2020","11","01","15:00","1.7","","0.9","","94","","0.3","","27","","14","","","","95.59","","","","","","NA"
"-80.80","46.63","SUDBURY CLIMATE","6068145","2020-11-01 16:00","2020","11","01","16:00","3.6","","0.9","","82","","0.0","","29","","18","","","","95.60","","","","","","NA"
"-80.80","46.63","SUDBURY CLIMATE","6068145","2020-11-01 17:00","2020","11","01","17:00","3.7","","-0.6","","73","","0.0","","27","","17","","","","95.69","","","","","","NA"
"-80.80","46.63","SUDBURY CLIMATE","6068145","2020-11-01 18:00","2020","11","01","18:00","1.3","","-1.0","","85","","0.2","","28","","19","","","","95.75","","","","","","NA"
"-80.80","46.63","SUDBURY CLIMATE","6068145","2020-11-01 19:00","2020","11","01","19:00","3.2","","0.1","","80","","0.6","","26","","16","","","","95.76","","","","","","NA"
"-80.80","46.63","SUDBURY CLIMATE","6068145","2020-11-01 20:00","2020","11","01","20:00","0.9","","-0.2","","92","","0.0","","28","","13","","","","95.87","","","","","","NA"
"-80.80","46.63","SUDBURY CLIMATE","6068145","2020-11-01 21:00","2020","11","01","21:00","0.1","","-0.4","","96","","0.4","","30","","10","","","","95.99","","","","","","NA"
"-80.80","46.63","SUDBURY CLIMATE","6068145","2020-11-01 22:00","2020","11","01","22:00","0.1","","-0.3","","97","","0.0","","29","","8","","","","96.10","","","","","","NA"
"-80.80","46.63","SUDBURY CLIMATE","6068145","2020-11-01 23:00","2020","11","01","23:00","-0.6","","-2.4","","87","","0.0","","33","","30","","","","96.33","","","","-7","","NA"
"-80.80","46.63","SUDBURY CLIMATE","6068145","2020-11-02 00:00","2020","11","02","00:00","-1.8","","-4.4","","82","","0.0","","34","","30","","","","96.56","","","","-9","","NA"
"-80.80","46.63","SUDBURY CLIMATE","6068145","2020-11-02 01:00","2020","11","02","01:00","-2.7","","-5.2","","83","","0.0","","34","","31","","","","96.77","","","","-10","","NA"
"-80.80","46.63","SUDBURY CLIMATE","6068145","2020-11-02 02:00","2020","11","02","02:00","-3.4","","-6.9","","77","","0.0","","34","","27","","","","96.95","","","","-11","","NA"
"-80.80","46.63","SUDBURY CLIMATE","6068145","2020-11-02 03:00","2020","11","02","03:00","-4.0","","-9.1","","68","","0.0","","34","","26","","","","97.09","","","","-11","","NA"
"-80.80","46.63","SUDBURY CLIMATE","6068145","2020-11-02 04:00","2020","11","02","04:00","-4.7","","-9.5","","69","","0.0","","33","","26","","","","97.18","","","","-12","","NA"
"-80.80","46.63","SUDBURY CLIMATE","6068145","2020-11-02 05:00","2020","11","02","05:00","-5.1","","-9.7","","71","","0.0","","34","","18","","","","97.28","","","","-11","","NA"
"-80.80","46.63","SUDBURY CLIMATE","6068145","2020-11-02 06:00","2020","11","02","06:00","-6.1","","-7.6","","89","","0.3","","34","","12","","","","97.38","","","","-11","","NA"
"-80.80","46.63","SUDBURY CLIMATE","6068145","2020-11-02 07:00","2020","11","02","07:00","-6.2","","-11.3","","67","","0.0","","34","","24","","","","97.43","","","","-14","","NA"
"-80.80","46.63","SUDBURY CLIMATE","6068145","2020-11-02 08:00","2020","11","02","08:00","-6.8","","-10.7","","74","","0.0","","34","","17","","","","97.48","","","","-13","","NA"
"-80.80","46.63","SUDBURY CLIMATE","6068145","2020-11-02 09:00","2020","11","02","09:00","-7.0","","-11.5","","71","","0.0","","34","","15","","","","97.50","","","","-13","","NA"
"-80.80","46.63","SUDBURY CLIMATE","6068145","2020-11-02 10:00","2020","11","02","10:00","-7.0","","-10.9","","74","","0.0","","32","","11","","","","97.50","","","","-12","","NA"
"-80.80","46.63","SUDBURY CLIMATE","6068145","2020-11-02 11:00","2020","11","02","11:00","-7.1","","-10.8","","75","","0.0","","32","","8","","","","97.50","","","","-11","","NA"
"-80.80","46.63","SUDBURY CLIMATE","6068145","2020-11-02 12:00","2020","11","02","12:00","-8.2","","-11.6","","76","","0.0","","31","","11","","","","97.45","","","","-13","","NA"
"-80.80","46.63","SUDBURY CLIMATE","6068145","2020-11-02 13:00","2020","11","02","13:00","-8.2","","-11.4","","78","","0.0","","29","","7","","","","97.41","","","","-12","","NA"
"-80.80","46.63","SUDBURY CLIMATE","6068145","2020-11-02 14:00","2020","11","02","14:00","-7.1","","-11.0","","74","","0.0","","28","","11","","","","97.34","","","","-12","","NA"
"-80.80","46.63","SUDBURY CLIMATE","6068145","2020-11-02 15:00","2020","11","02","15:00","-6.5","","-10.3","","75","","0.0","","23","","11","","","","97.16","","","","-11","","NA"
"-80.80","46.63","SUDBURY CLIMATE","6068145","2020-11-02 16:00","2020","11","02","16:00","-5.5","","-9.1","","76","","0.0","","22","","15","","","","97.06","","","","-11","","NA"
"-80.80","46.63","SUDBURY CLIMATE","6068145","2020-11-02 17:00","2020","11","02","17:00","-5.4","","-6.9","","89","","0.3","","22","","20","","","","96.87","","","","-12","","NA"
"-80.80","46.63","SUDBURY CLIMATE","6068145","2020-11-02 18:00","2020","11","02","18:00","-4.4","","-5.6","","91","","0.6","","20","","18","","","","96.65","","","","-10","","NA"
"-80.80","46.63","SUDBURY CLIMATE","6068145","2020-11-02 19:00","2020","11","02","19:00","-3.5","","-4.7","","91","","0.4","","20","","18","","","","96.47","","","","-9","","NA"
"-80.80","46.63","SUDBURY CLIMATE","6068145","2020-11-02 20:00","2020","11","02","20:00","-2.4","","-3.3","","94","","0.0","","22","","15","","","","96.30","","","","-7","","NA"
"-80.80","46.63","SUDBURY CLIMATE","6068145","2020-11-02 21:00","2020","11","02","21:00","-1.1","","-1.8","","95","","0.0","","23","","16","","","","96.17","","","","-6","","NA"
"-80.80","46.63","SUDBURY CLIMATE","6068145","2020-11-02 22:00","2020","11","02","22:00","-0.1","","-1.2","","92","","0.0","","24","","18","","","","96.06","","","","-5","","NA"
"-80.80","46.63","SUDBURY CLIMATE","6068145","2020-11-02 23:00","2020","11","02","23:00","1.0","","-1.7","","82","","0.0","","27","","15","","","","96.03","","","","","","NA"
"-80.80","46.63","SUDBURY CLIMATE","6068145","2020-11-03 00:00","2020","11","03","00:00","1.3","","-1.2","","83","","0.0","","27","","16","","","","96.03","","","","","","NA"
"-80.80","46.63","SUDBURY CLIMATE","6068145","2020-11-03 01:00","2020","11","03","01:00","1.9","","-0.7","","83","","0.0","","30","","14","","","","96.12","","","","","","NA"
"-80.80","46.63","SUDBURY CLIMATE","6068145","2020-11-03 02:00","2020","11","03","02:00","2.1","","-1.6","","76","","0.0","","33","","18","","","","96.22","","","","","","NA"
"-80.80","46.63","SUDBURY CLIMATE","6068145","2020-11-03 03:00","2020","11","03","03:00","1.0","","-4.4","","67","","0.0","","33","","22","","","","96.34","","","","","","NA"
"-80.80","46.63","SUDBURY CLIMATE","6068145","2020-11-03 04:00","2020","11","03","04:00","0.4","","-4.9","","67","","0.0","","33","","20","","","","96.42","","","","","","NA"
"-80.80","46.63","SUDBURY CLIMATE","6068145","2020-11-03 05:00","2020","11","03","05:00","-1.0","","-7.0","","64","","0.0","","33","","19","","","","96.55","","","","-6","","NA"
"-80.80","46.63","SUDBURY CLIMATE","6068145","2020-11-03 06:00","2020","11","03","06:00","-1.5","","-6.5","","68","","0.0","","33","","14","","","","96.69","","","","-6","","NA"
"-80.80","46.63","SUDBURY CLIMATE","6068145","2020-11-03 07:00","2020","11","03","07:00","-3.2","","-8.8","","65","","0.0","","34","","19","","","","96.86","","","","-9","","NA"
"-80.80","46.63","SUDBURY CLIMATE","6068145","2020-11-03 08:00","2020","11","03","08:00","-4.2","","-9.6","","66","","0.0","","34","","17","","","","97.00","","","","-10","","NA"
"-80.80","46.63","SUDBURY CLIMATE","6068145","2020-11-03 09:00","2020","11","03","09:00","-5.9","","-11.3","","66","","0.0","","34","","18","","","","97.11","","","","-12","","NA"
"-80.80","46.63","SUDBURY CLIMATE","6068145","2020-11-03 10:00","2020","11","03","10:00","-6.0","","-10.8","","69","","0.0","","34","","13","","","","97.27","","","","-11","","NA"
"-80.80","46.63","SUDBURY CLIMATE","6068145","2020-11-03 11:00","2020","11","03","11:00","-6.1","","-10.5","","71","","0.0","","36","","10","","","","97.38","","","","-11","","NA"
"-80.80","46.63","SUDBURY CLIMATE","6068145","2020-11-03 12:00","2020","11","03","12:00","-6.2","","-10.2","","73","","0.0","","34","","6","","","","97.43","","","","-9","","NA"
"-80.80","46.63","SUDBURY CLIMATE","6068145","2020-11-03 13:00","2020","11","03","13:00","-6.0","","-9.9","","74","","0.0","","34","","6","","","","97.45","","","","-9","","NA"
"-80.80","46.63","SUDBURY CLIMATE","6068145","2020-11-03 14:00","2020","11","03","14:00","-5.6","","-10.1","","71","","0.0","","34","","8","","","","97.56","","","","-9","","NA"
"-80.80","46.63","SUDBURY CLIMATE","6068145","2020-11-03 15:00","2020","11","03","15:00","-5.2","","-10.0","","69","","0.0","","1","","2","","","","97.64","","","","-6","","NA"
"-80.80","46.63","SUDBURY CLIMATE","6068145","2020-11-03 16:00","2020","11","03","16:00","-4.9","","-9.7","","69","","0.0","","22","","2","","","","97.66","","","","-6","","NA"
"-80.80","46.63","SUDBURY CLIMATE","6068145","2020-11-03 17:00","2020","11","03","17:00","-5.1","","-8.6","","77","","0.0","","20","","7","","","","97.72","","","","-8","","NA"
"-80.80","46.63","SUDBURY CLIMATE","6068145","2020-11-03 18:00","2020","11","03","18:00","-4.8","","-7.5","","81","","0.2","","20","","8","","","","97.66","","","","-8","","NA"
"-80.80","46.63","SUDBURY CLIMATE","6068145","2020-11-03 19:00","2020","11","03","19:00","-4.4","","-7.1","","82","","0.0","","16","","9","","","","97.63","","","","-8","","NA"
"-80.80","46.63","SUDBURY CLIMATE","6068145","2020-11-03 20:00","2020","11","03","20:00","-4.4","","-6.2","","87","","0.3","","14","","14","","","","97.54","","","","-10","","NA"
"-80.80","46.63","SUDBURY CLIMATE","6068145","2020-11-03 21:00","2020","11","03","21:00","-4.2","","-6.3","","86","","0.1","","15","","16","","","","97.53","","","","-10","","NA"
"-80.80","46.63","SUDBURY CLIMATE","6068145","2020-11-03 22:00","2020","11","03","22:00","-4.1","","-6.0","","87","","0.0","","15","","15","","","","97.51","","","","-9","","NA"
"-80.80","46.63","SUDBURY CLIMATE","6068145","2020-11-03 23:00","2020","11","03","23:00","-4.0","","-5.9","","86","","0.0","","13","","12","","","","97.55","","","","-9","","NA"
"-80.80","46.63","SUDBURY CLIMATE","6068145","2020-11-04 00:00","2020","11","04","00:00","-4.0","","-6.0","","86","","0.0","","11","","8","","","","97.60","","","","-7","","NA"
"-80.80","46.63","SUDBURY CLIMATE","6068145","2020-11-04 01:00","2020","11","04","01:00","-3.6","","-6.1","","83","","0.0","","14","","17","","","","97.50","","","","-9","","NA"
"-80.80","46.63","SUDBURY CLIMATE","6068145","2020-11-04 02:00","2020","11","04","02:00","-3.3","","-6.1","","81","","0.0","","12","","13","","","","97.49","","","","-8","","NA"
"-80.80","46.63","SUDBURY CLIMATE","6068145","2020-11-04 03:00","2020","11","04","03:00","-2.9","","-6.1","","79","","0.0","","12","","17","","","","97.47","","","","-8","","NA"
"-80.80","46.63","SUDBURY CLIMATE","6068145","2020-11-04 04:00","2020","11","04","04:00","-2.6","","-6.1","","77","","0.0","","12","","13","","","","97.44","","","","-7","","NA"
"-80.80","46.63","SUDBURY CLIMATE","6068145","2020-11-04 05:00","2020","11","04","05:00","-2.6","","-5.9","","78","","0.0","","13","","13","","","","97.41","","","","-7","","NA"
"-80.80","46.63","SUDBURY CLIMATE","6068145","2020-11-04 06:00","2020","11","04","06:00","-2.2","","-5.4","","79","","0.0","","13","","13","","","","97.38","","","","-7","","NA"
"-80.80","46.63","SUDBURY CLIMATE","6068145","2020-11-04 07:00","2020","11","04","07:00","-2.1","","-5.0","","81","","0.0","","13","","10","","","","97.36","","","","-6","","NA"
"-80.80","46.63","SUDBURY CLIMATE","6068145","2020-11-04 08:00","2020","11","04","08:00","-2.4","","-5.0","","83","","0.0","","14","","10","","","","97.31","","","","-6","","NA"
"-80.80","46.63","SUDBURY CLIMATE","6068145","2020-11-04 09:00","2020","11","04","09:00","-3.0","","-5.0","","86","","0.0","","14","","7","","","","97.28","","","","-6","","NA"
"-80.80","46.63","SUDBURY CLIMATE","6068145","2020-11-04 10:00","2020","11","04","10:00","-2.7","","-4.2","","90","","0.0","","13","","8","","","","97.28","","","","-6","","NA"
"-80.80","46.63","SUDBURY CLIMATE","6068145","2020-11-04 11:00","2020","11","04","11:00","-2.0","","-3.0","","93","","0.0","","13","","7","","","","97.31","","","","-5","","NA"
"-80.80","46.63","SUDBURY CLIMATE","6068145","2020-11-04 12:00","2020","11","04","12:00","-1.8","","-2.3","","96","","0.0","","14","","7","","","","97.31","","","","-4","","NA"
"-80.80","46.63","SUDBURY CLIMATE","6068145","2020-11-04 13:00","2020","11","04","13:00","-0.7","","-1.3","","96","","0.0","","16","","9","","","","97.33","","","","-4","","NA"
"-80.80","46.63","SUDBURY CLIMATE","6068145","2020-11-04 14:00","2020","11","04","14:00","0.8","","0.0","","94","","0.0","","18","","12","","","","97.37","","","","","","NA"
"-80.80","46.63","SUDBURY CLIMATE","6068145","2020-11-04 15:00","2020","11","04","15:00","4.5","","2.6","","87","","0.0","","18","","17","","","","97.36","","","","","","NA"
"-80.80","46.63","SUDBURY CLIMATE","6068145","2020-11-04 16:00","2020","11","04","16:00","7.3","","4.3","","81","","0.0","","20","","15","","","","97.35","","","","","","NA"
"-80.80","46.63","SUDBURY CLIMATE","6068145","2020-11-04 17:00","2020","11","04","17:00","11.0","","6.4","","73","","0.0","","19","","19","","","","97.29","","","","","","NA"
"-80.80","46.63","SUDBURY CLIMATE","6068145","2020-11-04 18:00","2020","11","04","18:00","13.1","","7.3","","68","","0.0","","19","","23","","","","97.24","","","","","","NA"
"-80.80","46.63","SUDBURY CLIMATE","6068145","2020-11-04 19:00","2020","11","04","19:00","13.6","","6.9","","64","","0.0","","20","","27","","","","97.20","","","","","","NA"
"-80.80","46.63","SUDBURY CLIMATE","6068145","2020-11-04 20:00","2020","11","04","20:00","12.9","","6.5","","65","","0.0","","20","","27","","","","97.23","","","","","","NA"
"-80.80","46.63","SUDBURY CLIMATE","6068145","2020-11-04 21:00","2020","11","04","21:00","11.3","","6.1","","70","","0.0","","20","","27","","","","97.29","","","","","","NA"
"-80.80","46.63","SUDBURY CLIMATE","6068145","2020-11-04 22:00","2020","11","04","22:00","9.3","","6.0","","80","","0.0","","20","","25","","","","97.30","","","","","","NA"
"-80.80","46.63","SUDBURY CLIMATE","6068145","2020-11-04 23:00","2020","11","04","23:00","7.8","","5.6","","86","","0.0","","20","","19","","","","97.30","","","","","","NA"
"-80.80","46.63","SUDBURY CLIMATE","6068145","2020-11-05 00:00","2020","11","05","00:00","7.5","","5.7","","88","","0.0","","20","","19","","","","97.31","","","","","","NA"
"-80.80","46.63","SUDBURY CLIMATE","6068145","2020-11-05 01:00","2020","11","05","01:00","5.5","","4.3","","92","","0.0","","21","","12","","","","97.31","","","","","","NA"
"-80.80","46.63","SUDBURY CLIMATE","6068145","2020-11-05 02:00","2020","11","05","02:00","6.4","","5.4","","93","","0.0","","19","","16","","","","97.27","","","","","","NA"
"-80.80","46.63","SUDBURY CLIMATE","6068145","2020-11-05 03:00","2020","11","05","03:00","6.8","","5.8","","94","","0.0","","20","","20","","","","97.26","","","","","","NA"
"-80.80","46.63","SUDBURY CLIMATE","6068145","2020-11-05 04:00","2020","11","05","04:00","5.4","","4.8","","96","","0.0","","20","","15","","","","97.27","","","","","","NA"
"-80.80","46.63","SUDBURY CLIMATE","6068145","2020-11-05 05:00","2020","11","05","05:00","4.2","","3.7","","97","","0.0","","18","","8","","","","97.27","","","","","","NA"
"-80.80","46.63","SUDBURY CLIMATE","6068145","2020-11-05 06:00","2020","11","05","06:00","3.2","","3.0","","98","","0.0","","20","","10","","","","97.25","","","","","","NA"
"-80.80","46.63","SUDBURY CLIMATE","6068145","2020-11-05 07:00","2020","11","05","07:00","4.5","","4.3","","99","","0.0","","20","","18","","","","97.24","","","","","","NA"
"-80.80","46.63","SUDBURY CLIMATE","6068145","2020-11-05 08:00","2020","11","05","08:00","4.5","","4.1","","97","","0.0","","19","","13","","","","97.21","","","","","","NA"
"-80.80","46.63","SUDBURY CLIMATE","6068145","2020-11-05 09:00","2020","11","05","09:00","4.6","","4.2","","97","","0.0","","18","","13","","","","97.19","","","","","","NA"
"-80.80","46.63","SUDBURY CLIMATE","6068145","2020-11-05 10:00","2020","11","05","10:00","4.9","","4.4","","97","","0.0","","19","","16","","","","97.22","","","","","","NA"
"-80.80","46.63","SUDBURY CLIMATE","6068145","2020-11-05 11:00","2020","11","05","11:00","5.1","","4.5","","96","","0.0","","19","","16","","","","97.20","","","","","","NA"
"-80.80","46.63","SUDBURY CLIMATE","6068145","2020-11-05 12:00","2020","11","05","12:00","4.8","","4.0","","95","","0.0","","21","","16","","","","97.22","","","","","","NA"
"-80.80","46.63","SUDBURY CLIMATE","6068145","2020-11-05 13:00","2020","11","05","13:00","6.1","","5.1","","94","","0.0","","21","","19","","","","97.27","","","","","","NA"
"-80.80","46.63","SUDBURY CLIMATE","6068145","2020-11-05 14:00","2020","11","05","14:00","8.1","","6.4","","89","","0.0","","22","","19","","","","97.31","","","","","","NA"
"-80.80","46.63","SUDBURY CLIMATE","6068145","2020-11-05 15:00","2020","11","05","15:00","9.6","","7.2","","85","","0.0","","22","","18","","","","97.34","","","","","","NA"
"-80.80","46.63","SUDBURY CLIMATE","6068145","2020-11-05 16:00","2020","11","05","16:00","11.8","","7.3","","74","","0.0","","24","","21","","","","97.37","","","","","","NA"
"-80.80","46.63","SUDBURY CLIMATE","6068145","2020-11-05 17:00","2020","11","05","17:00","12.6","","7.5","","71","","0.0","","23","","18","","","","97.36","","","","","","NA"
"-80.80","46.63","SUDBURY CLIMATE","6068145","2020-11-05 18:00","2020","11","05","18:00","13.9","","7.5","","65","","0.0","","23","","19","","","","97.38","","","","","","NA"
"-80.80","46.63","SUDBURY CLIMATE","6068145","2020-11-05 19:00","2020","11","05","19:00","14.0","","7.3","","64","","0.0","","22","","16","","","","97.39","","","","","","NA"
"-80.80","46.63","SUDBURY CLIMATE","6068145","2020-11-05 20:00","2020","11","05","20:00","13.8","","7.2","","65","","0.0","","23","","15","","","","97.42","","","","","","NA"
"-80.80","46.63","SUDBURY CLIMATE","6068145","2020-11-05 21:00","2020","11","05","21:00","13.3","","7.7","","69","","0.0","","21","","15","","","","97.46","","","","","","NA"
"-80.80","46.63","SUDBURY CLIMATE","6068145","2020-11-05 22:00","2020","11","05","22:00","10.5","","7.2","","80","","0.0","","20","","10","","","","97.52","","","","","","NA"
"-80.80","46.63","SUDBURY CLIMATE","6068145","2020-11-05 23:00","2020","11","05","23:00","8.9","","6.7","","86","","0.0","","20","","8","","","","97.60","","","","","","NA"
"-80.80","46.63","SUDBURY CLIMATE","6068145","2020-11-06 00:00","2020","11","06","00:00","8.0","","6.7","","91","","0.0","","20","","11","","","","97.61","","","","","","NA"
"-80.80","46.63","SUDBURY CLIMATE","6068145","2020-11-06 01:00","2020","11","06","01:00","6.3","","5.3","","94","","0.0","","20","","10","","","","97.61","","","","","","NA"
"-80.80","46.63","SUDBURY CLIMATE","6068145","2020-11-06 02:00","2020","11","06","02:00","6.3","","6.0","","98","","0.0","","18","","7","","","","97.61","","","","","","NA"
"-80.80","46.63","SUDBURY CLIMATE","6068145","2020-11-06 03:00","2020","11","06","03:00","4.9","","4.7","","99","","0.0","","17","","3","","","","97.58","","","","","","NA"
"-80.80","46.63","SUDBURY CLIMATE","6068145","2020-11-06 04:00","2020","11","06","04:00","4.2","","4.1","","99","","0.0","","18","","6","","","","97.54","","","","","","NA"
"-80.80","46.63","SUDBURY CLIMATE","6068145","2020-11-06 05:00","2020","11","06","05:00","3.9","","3.8","","99","","0.0","","26","","3","","","","97.53","","","","","","NA"
"-80.80","46.63","SUDBURY CLIMATE","6068145","2020-11-06 06:00","2020","11","06","06:00","2.5","","2.4","","99","","0.0","","4","","7","","","","97.50","","","","","","NA"
"-80.80","46.63","SUDBURY CLIMATE","6068145","2020-11-06 07:00","2020","11","06","07:00","1.8","","1.8","","99","","0.0","","5","","6","","","","97.50","","","","","","NA"
"-80.80","46.63","SUDBURY CLIMATE","6068145","2020-11-06 08:00","2020","11","06","08:00","2.4","","2.3","","99","","0.0","","7","","4","","","","97.51","","","","","","NA"
"-80.80","46.63","SUDBURY CLIMATE","6068145","2020-11-06 09:00","2020","11","06","09:00","2.8","","2.7","","100","","0.0","","0","","1","","","","97.47","","","","","","NA"
"-80.80","46.63","SUDBURY CLIMATE","6068145","2020-11-06 10:00","2020","11","06","10:00","2.0","","1.9","","100","","0.0","","22","","7","","","","97.46","","","","","","NA"
"-80.80","46.63","SUDBURY CLIMATE","6068145","2020-11-06 11:00","2020","11","06","11:00","2.8","","2.7","","100","","0.0","","22","","13","","","","97.44","","","","","","NA"
"-80.80","46.63","SUDBURY CLIMATE","6068145","2020-11-06 12:00","2020","11","06","12:00","2.5","","2.4","","100","","0.0","","22","","12","","","","97.41","","","","","","NA"
"-80.80","46.63","SUDBURY CLIMATE","6068145","2020-11-06 13:00","2020","11","06","13:00","3.1","","3.1","","100","","0.0","","21","","12","","","","97.42","","","","","","NA"
"-80.80","46.63","SUDBURY CLIMATE","6068145","2020-11-06 14:00","2020","11","06","14:00","4.2","","4.2","","100","","0.0","","21","","13","","","","97.41","","","","","","NA"
"-80.80","46.63","SUDBURY CLIMATE","6068145","2020-11-06 15:00","2020","11","06","15:00","5.8","","5.8","","100","","0.0","","22","","14","","","","97.38","","","","","","NA"
"-80.80","46.63","SUDBURY CLIMATE","6068145","2020-11-06 16:00","2020","11","06","16:00","9.1","","8.3","","95","","0.0","","22","","21","","","","97.34","","","","","","NA"
"-80.80","46.63","SUDBURY CLIMATE","6068145","2020-11-06 17:00","2020","11","06","17:00","11.5","","7.3","","76","","0.0","","23","","26","","","","97.29","","","","","","NA"
"-80.80","46.63","SUDBURY CLIMATE","6068145","2020-11-06 18:00","2020","11","06","18:00","13.3","","6.6","","64","","0.0","","24","","25","","","","97.26","","","","","","NA"
"-80.80","46.63","SUDBURY CLIMATE","6068145","2020-11-06 19:00","2020","11","06","19:00","14.6","","6.3","","57","","0.0","","24","","25","","","","97.23","","","","","","NA"
"-80.80","46.63","SUDBURY CLIMATE","6068145","2020-11-06 20:00","2020","11","06","20:00","15.4","","6.5","","55","","0.0","","24","","19","","","","97.25","","","","","","NA"
"-80.80","46.63","SUDBURY CLIMATE","6068145","2020-11-06 21:00","2020","11","06","21:00","14.6","","6.0","","56","","0.0","","23","","22","","","","97.33","","","","","","NA"
"-80.80","46.63","SUDBURY CLIMATE","6068145","2020-11-06 22:00","2020","11","06","22:00","12.2","","5.9","","65","","0.0","","23","","20","","","","97.38","","","","","","NA"
"-80.80","46.63","SUDBURY CLIMATE","6068145","2020-11-06 23:00","2020","11","06","23:00","10.1","","5.9","","75","","0.0","","21","","16","","","","97.42","","","","","","NA"
"-80.80","46.63","SUDBURY CLIMATE","6068145","2020-11-07 00:00","2020","11","07","00:00","9.9","","5.8","","75","","0.0","","22","","18","","","","97.47","","","","","","NA"
"-80.80","46.63","SUDBURY CLIMATE","6068145","2020-11-07 01:00","2020","11","07","01:00","8.6","","5.3","","80","","0.0","","20","","15","","","","97.47","","","","","","NA"
"-80.80","46.63","SUDBURY CLIMATE","6068145","2020-11-07 02:00","2020","11","07","02:00","7.4","","5.5","","88","","0.0","","21","","14","","","","97.49","","","","","","NA"
"-80.80","46.63","SUDBURY CLIMATE","6068145","2020-11-07 03:00","2020","11","07","03:00","6.8","","5.7","","92","","0.0","","21","","11","","","","97.50","","","","","","NA"
"-80.80","46.63","SUDBURY CLIMATE","6068145","2020-11-07 04:00","2020","11","07","04:00","6.4","","5.3","","92","","0.0","","21","","15","","","","97.50","","","","","","NA"
"-80.80","46.63","SUDBURY CLIMATE","6068145","2020-11-07 05:00","2020","11","07","05:00","6.7","","6.0","","95","","0.0","","23","","5","","","","97.50","","","","","","NA"
"-80.80","46.63","SUDBURY CLIMATE","6068145","2020-11-07 06:00","2020","11","07","06:00","4.8","","4.5","","98","","0.0","","19","","8","","","","97.51","","","","","","NA"
"-80.80","46.63","SUDBURY CLIMATE","6068145","2020-11-07 07:00","2020","11","07","07:00","5.2","","4.6","","96","","0.0","","18","","10","","","","97.50","","","","","","NA"
"-80.80","46.63","SUDBURY CLIMATE","6068145","2020-11-07 08:00","2020","11","07","08:00","4.9","","4.7","","99","","0.0","","17","","11","","","","97.49","","","","","","NA"
"-80.80","46.63","SUDBURY CLIMATE","6068145","2020-11-07 09:00","2020","11","07","09:00","5.5","","5.4","","99","","0.0","","18","","13","","","","97.49","","","","","","NA"
"-80.80","46.63","SUDBURY CLIMATE","6068145","2020-11-07 10:00","2020","11","07","10:00","5.1","","4.9","","99","","0.0","","19","","13","","","","97.48","","","","","","NA"
"-80.80","46.63","SUDBURY CLIMATE","6068145","2020-11-07 11:00","2020","11","07","11:00","5.0","","4.9","","99","","0.0","","20","","12","","","","97.45","","","","","","NA"
"-80.80","46.63","SUDBURY CLIMATE","6068145","2020-11-07 12:00","2020","11","07","12:00","5.0","","4.8","","99","","0.0","","21","","15","","","","97.47","","","","","","NA"
"-80.80","46.63","SUDBURY CLIMATE","6068145","2020-11-07 13:00","2020","11","07","13:00","5.3","","5.2","","99","","0.0","","22","","6","","","","97.53","","","","","","NA"
"-80.80","46.63","SUDBURY CLIMATE","6068145","2020-11-07 14:00","2020","11","07","14:00","7.5","","7.4","","99","","0.0","","20","","8","","","","97.57","","","","","","NA"
"-80.80","46.63","SUDBURY CLIMATE","6068145","2020-11-07 15:00","2020","11","07","15:00","11.2","","9.6","","90","","0.0","","22","","13","","","","97.59","","","","","","NA"
"-80.80","46.63","SUDBURY CLIMATE","6068145","2020-11-07 16:00","2020","11","07","16:00","13.6","","10.4","","81","","0.0","","22","","16","","","","97.57","","","","","","NA"
"-80.80","46.63","SUDBURY CLIMATE","6068145","2020-11-07 17:00","2020","11","07","17:00","16.1","","10.5","","70","","0.0","","23","","20","","","","97.52","","","","","","NA"
"-80.80","46.63","SUDBURY CLIMATE","6068145","2020-11-07 18:00","2020","11","07","18:00","16.5","","10.9","","69","","0.0","","25","","16","","","","97.53","","","","","","NA"
"-80.80","46.63","SUDBURY CLIMATE","6068145","2020-11-07 19:00","2020","11","07","19:00","16.6","","11.1","","70","","0.0","","23","","23","","","","97.48","","","","","","NA"
"-80.80","46.63","SUDBURY CLIMATE","6068145","2020-11-07 20:00","2020","11","07","20:00","16.9","","11.4","","70","","0.0","","22","","18","","","","97.51","","","","","","NA"
"-80.80","46.63","SUDBURY CLIMATE","6068145","2020-11-07 21:00","2020","11","07","21:00","16.0","","11.4","","75","","0.0","","22","","21","","","","97.57","","","","","","NA"
"-80.80","46.63","SUDBURY CLIMATE","6068145","2020-11-07 22:00","2020","11","07","22:00","13.3","","10.2","","82","","0.0","","21","","17","","","","97.63","","","","","","NA"
"-80.80","46.63","SUDBURY CLIMATE","6068145","2020-11-07 23:00","2020","11","07","23:00","12.1","","9.7","","85","","0.0","","19","","15","","","","97.67","","","","","","NA"
"-80.80","46.63","SUDBURY CLIMATE","6068145","2020-11-08 00:00","2020","11","08","00:00","10.9","","9.0","","88","","0.0","","19","","20","","","","97.69","","","","","","NA"
"-80.80","46.63","SUDBURY CLIMATE","6068145","2020-11-08 01:00","2020","11","08","01:00","10.1","","8.7","","91","","0.0","","19","","18","","","","97.69","","","","","","NA"
"-80.80","46.63","SUDBURY CLIMATE","6068145","2020-11-08 02:00","2020","11","08","02:00","9.3","","8.2","","93","","0.0","","18","","18","","","","97.69","","","","","","NA"
"-80.80","46.63","SUDBURY CLIMATE","6068145","2020-11-08 03:00","2020","11","08","03:00","8.8","","7.8","","94","","0.0","","19","","18","","","","97.72","","","","","","NA"
"-80.80","46.63","SUDBURY CLIMATE","6068145","2020-11-08 04:00","2020","11","08","04:00","8.0","","7.4","","96","","0.0","","20","","14","","","","97.76","","","","","","NA"
"-80.80","46.63","SUDBURY CLIMATE","6068145","2020-11-08 05:00","2020","11","08","05:00","7.7","","7.0","","95","","0.0","","20","","16","","","","97.79","","","","","","NA"
"-80.80","46.63","SUDBURY CLIMATE","6068145","2020-11-08 06:00","2020","11","08","06:00","5.7","","5.4","","98","","0.0","","11","","2","","","","97.88","","","","","","NA"
"-80.80","46.63","SUDBURY CLIMATE","6068145","2020-11-08 07:00","2020","11","08","07:00","6.6","","6.5","","99","","0.0","","15","","11","","","","97.93","","","","","","NA"
"-80.80","46.63","SUDBURY CLIMATE","6068145","2020-11-08 08:00","2020","11","08","08:00","6.1","","5.9","","99","","0.0","","15","","10","","","","97.98","","","","","","NA"
"-80.80","46.63","SUDBURY CLIMATE","6068145","2020-11-08 09:00","2020","11","08","09:00","6.2","","6.1","","99","","0.0","","18","","10","","","","98.01","","","","","","NA"
"-80.80","46.63","SUDBURY CLIMATE","6068145","2020-11-08 10:00","2020","11","08","10:00","5.8","","5.3","","97","","0.0","","18","","9","","","","98.05","","","","","","NA"
"-80.80","46.63","SUDBURY CLIMATE","6068145","2020-11-08 11:00","2020","11","08","11:00","6.3","","5.9","","97","","0.0","","18","","14","","","","98.09","","","","","","NA"
"-80.80","46.63","SUDBURY CLIMATE","6068145","2020-11-08 12:00","2020","11","08","12:00","6.0","","5.4","","96","","0.0","","20","","15","","","","98.13","","","","","","NA"
"-80.80","46.63","SUDBURY CLIMATE","6068145","2020-11-08 13:00","2020","11","08","13:00","6.8","","6.0","","95","","0.0","","19","","13","","","","98.20","","","","","","NA"
"-80.80","46.63","SUDBURY CLIMATE","6068145","2020-11-08 14:00","2020","11","08","14:00","9.1","","7.1","","87","","0.0","","19","","14","","","","98.21","","","","","","NA"
"-80.80","46.63","SUDBURY CLIMATE","6068145","2020-11-08 15:00","2020","11","08","15:00","10.3","","7.9","","85","","0.0","","18","","13","","","","98.23","","","","","","NA"
"-80.80","46.63","SUDBURY CLIMATE","6068145","2020-11-08 16:00","2020","11","08","16:00","13.7","","8.7","","72","","0.0","","21","","18","","","","98.26","","","","","","NA"
"-80.80","46.63","SUDBURY CLIMATE","6068145","2020-11-08 17:00","2020","11","08","17:00","16.2","","9.4","","64","","0.0","","21","","22","","","","98.22","","","","","","NA"
"-80.80","46.63","SUDBURY CLIMATE","6068145","2020-11-08 18:00","2020","11","08","18:00","17.5","","9.5","","60","","0.0","","23","","24","","","","98.20","","","","","","NA"
"-80.80","46.63","SUDBURY CLIMATE","6068145","2020-11-08 19:00","2020","11","08","19:00","17.7","","9.9","","60","","0.0","","22","","27","","","","98.18","","","","","","NA"
"-80.80","46.63","SUDBURY CLIMATE","6068145","2020-11-08 20:00","2020","11","08","20:00","18.0","","10.1","","60","","0.0","","22","","24","","","","98.19","","","","","","NA"
"-80.80","46.63","SUDBURY CLIMATE","6068145","2020-11-08 21:00","2020","11","08","21:00","17.0","","10.0","","63","","0.0","","21","","19","","","","98.19","","","","","","NA"
"-80.80","46.63","SUDBURY CLIMATE","6068145","2020-11-08 22:00","2020","11","08","22:00","14.1","","9.2","","73","","0.0","","21","","18","","","","98.21","","","","","","NA"
"-80.80","46.63","SUDBURY CLIMATE","6068145","2020-11-08 23:00","2020","11","08","23:00","12.1","","8.5","","79","","0.0","","21","","18","","","","98.23","","","","","","NA"
"-80.80","46.63","SUDBURY CLIMATE","6068145","2020-11-09 00:00","2020","11","09","00:00","10.3","","7.7","","84","","0.0","","20","","18","","","","98.19","","","","","","NA"
"-80.80","46.63","SUDBURY CLIMATE","6068145","2020-11-09 01:00","2020","11","09","01:00","9.4","","7.4","","87","","0.0","","21","","16","","","","98.18","","","","","","NA"
"-80.80","46.63","SUDBURY CLIMATE","6068145","2020-11-09 02:00","2020","11","09","02:00","9.9","","7.7","","87","","0.0","","21","","18","","","","98.16","","","","","","NA"
"-80.80","46.63","SUDBURY CLIMATE","6068145","2020-11-09 03:00","2020","11","09","03:00","9.3","","7.5","","89","","0.0","","22","","16","","","","98.17","","","","","","NA"
"-80.80","46.63","SUDBURY CLIMATE","6068145","2020-11-09 04:00","2020","11","09","04:00","9.2","","7.9","","91","","0.0","","23","","9","","","","98.17","","","","","","NA"
"-80.80","46.63","SUDBURY CLIMATE","6068145","2020-11-09 05:00","2020","11","09","05:00","10.5","","8.5","","88","","0.0","","19","","12","","","","98.12","","","","","","NA"
"-80.80","46.63","SUDBURY CLIMATE","6068145","2020-11-09 06:00","2020","11","09","06:00","11.2","","8.6","","84","","0.0","","20","","16","","","","98.10","","","","","","NA"
"-80.80","46.63","SUDBURY CLIMATE","6068145","2020-11-09 07:00","2020","11","09","07:00","11.1","","8.6","","85","","0.0","","19","","15","","","","98.09","","","","","","NA"
"-80.80","46.63","SUDBURY CLIMATE","6068145","2020-11-09 08:00","2020","11","09","08:00","11.0","","8.6","","85","","0.0","","19","","15","","","","98.08","","","","","","NA"
"-80.80","46.63","SUDBURY CLIMATE","6068145","2020-11-09 09:00","2020","11","09","09:00","11.0","","8.6","","85","","0.0","","18","","17","","","","98.05","","","","","","NA"
"-80.80","46.63","SUDBURY CLIMATE","6068145","2020-11-09 10:00","2020","11","09","10:00","11.3","","8.7","","84","","0.0","","19","","18","","","","98.04","","","","","","NA"
"-80.80","46.63","SUDBURY CLIMATE","6068145","2020-11-09 11:00","2020","11","09","11:00","11.4","","8.6","","83","","0.0","","19","","18","","","","98.03","","","","","","NA"
"-80.80","46.63","SUDBURY CLIMATE","6068145","2020-11-09 12:00","2020","11","09","12:00","11.2","","8.4","","83","","0.0","","19","","19","","","","97.97","","","","","","NA"
"-80.80","46.63","SUDBURY CLIMATE","6068145","2020-11-09 13:00","2020","11","09","13:00","11.8","","8.7","","81","","0.0","","19","","17","","","","97.99","","","","","","NA"
"-80.80","46.63","SUDBURY CLIMATE","6068145","2020-11-09 14:00","2020","11","09","14:00","12.3","","8.7","","79","","0.0","","19","","21","","","","97.96","","","","","","NA"
"-80.80","46.63","SUDBURY CLIMATE","6068145","2020-11-09 15:00","2020","11","09","15:00","14.0","","9.2","","73","","0.0","","19","","25","","","","97.91","","","","","","NA"
"-80.80","46.63","SUDBURY CLIMATE","6068145","2020-11-09 16:00","2020","11","09","16:00","15.4","","9.5","","68","","0.0","","18","","23","","","","97.83","","","","","","NA"
"-80.80","46.63","SUDBURY CLIMATE","6068145","2020-11-09 17:00","2020","11","09","17:00","17.8","","10.5","","63","","0.0","","19","","20","","","","97.77","","","","","","NA"
"-80.80","46.63","SUDBURY CLIMATE","6068145","2020-11-09 18:00","2020","11","09","18:00","19.2","","11.0","","59","","0.0","","20","","22","","","","97.72","","","","","","NA"
"-80.80","46.63","SUDBURY CLIMATE","6068145","2020-11-09 19:00","2020","11","09","19:00","19.7","","11.0","","57","","0.0","","20","","21","","","","97.68","","","","","","NA"
"-80.80","46.63","SUDBURY CLIMATE","6068145","2020-11-09 20:00","2020","11","09","20:00","19.0","","10.3","","57","","0.0","","20","","29","","","","97.62","","","","","","NA"
"-80.80","46.63","SUDBURY CLIMATE","6068145","2020-11-09 21:00","2020","11","09","21:00","17.6","","9.8","","60","","0.0","","19","","25","","","","97.56","","","","","","NA"
"-80.80","46.63","SUDBURY CLIMATE","6068145","2020-11-09 22:00","2020","11","09","22:00","15.6","","9.3","","66","","0.0","","19","","29","","","","97.53","","","","","","NA"
"-80.80","46.63","SUDBURY CLIMATE","6068145","2020-11-09 23:00","2020","11","09","23:00","14.4","","9.1","","71","","0.0","","19","","25","","","","97.48","","","","","","NA"
"-80.80","46.63","SUDBURY CLIMATE","6068145","2020-11-10 00:00","2020","11","10","00:00","14.0","","8.6","","70","","0.0","","19","","29","","","","97.43","","","","","","NA"
"-80.80","46.63","SUDBURY CLIMATE","6068145","2020-11-10 01:00","2020","11","10","01:00","13.3","","8.4","","72","","0.0","","20","","25","","","","97.38","","","","","","NA"
"-80.80","46.63","SUDBURY CLIMATE","6068145","2020-11-10 02:00","2020","11","10","02:00","14.1","","8.6","","69","","0.0","","20","","31","","","","97.33","","","","","","NA"
"-80.80","46.63","SUDBURY CLIMATE","6068145","2020-11-10 03:00","2020","11","10","03:00","14.5","","8.9","","69","","0.0","","20","","34","","","","97.28","","","","","","NA"
"-80.80","46.63","SUDBURY CLIMATE","6068145","2020-11-10 04:00","2020","11","10","04:00","14.8","","9.5","","71","","0.0","","20","","37","","","","97.22","","","","","","NA"
"-80.80","46.63","SUDBURY CLIMATE","6068145","2020-11-10 05:00","2020","11","10","05:00","14.0","","9.5","","74","","0.0","","20","","33","","","","97.14","","","","","","NA"
"-80.80","46.63","SUDBURY CLIMATE","6068145","2020-11-10 06:00","2020","11","10","06:00","14.0","","9.9","","76","","0.0","","19","","28","","","","97.09","","","","","","NA"
"-80.80","46.63","SUDBURY CLIMATE","6068145","2020-11-10 07:00","2020","11","10","07:00","14.2","","10.6","","79","","0.0","","19","","23","","","","97.07","","","","","","NA"
"-80.80","46.63","SUDBURY CLIMATE","6068145","2020-11-10 08:00","2020","11","10","08:00","13.8","","10.8","","82","","0.0","","19","","25","","","","96.99","","","","","","NA"
"-80.80","46.63","SUDBURY CLIMATE","6068145","2020-11-10 09:00","2020","11","10","09:00","14.2","","11.1","","82","","0.0","","20","","29","","","","96.95","","","","","","NA"
"-80.80","46.63","SUDBURY CLIMATE","6068145","2020-11-10 10:00","2020","11","10","10:00","14.4","","11.3","","82","","0.0","","20","","26","","","","96.94","","","","","","NA"
"-80.80","46.63","SUDBURY CLIMATE","6068145","2020-11-10 11:00","2020","11","10","11:00","14.4","","11.3","","82","","0.0","","20","","22","","","","96.93","","","","","","NA"
"-80.80","46.63","SUDBURY CLIMATE","6068145","2020-11-10 12:00","2020","11","10","12:00","14.3","","11.4","","83","","0.0","","20","","22","","","","96.90","","","","","","NA"
"-80.80","46.63","SUDBURY CLIMATE","6068145","2020-11-10 13:00","2020","11","10","13:00","13.9","","11.2","","84","","0.0","","20","","22","","","","96.88","","","","","","NA"
"-80.80","46.63","SUDBURY CLIMATE","6068145","2020-11-10 14:00","2020","11","10","14:00","14.8","","11.7","","82","","0.0","","22","","23","","","","96.88","","","","","","NA"
"-80.80","46.63","SUDBURY CLIMATE","6068145","2020-11-10 15:00","2020","11","10","15:00","15.9","","12.3","","79","","0.0","","21","","22","","","","96.84","","","","","","NA"
"-80.80","46.63","SUDBURY CLIMATE","6068145","2020-11-10 16:00","2020","11","10","16:00","16.8","","12.4","","75","","0.0","","21","","32","","","","96.82","","","","","","NA"
"-80.80","46.63","SUDBURY CLIMATE","6068145","2020-11-10 17:00","2020","11","10","17:00","18.1","","13.1","","73","","0.0","","21","","31","","","","96.78","","","","","","NA"
"-80.80","46.63","SUDBURY CLIMATE","6068145","2020-11-10 18:00","2020","11","10","18:00","17.6","","13.4","","76","","0.0","","21","","28","","","","96.73","","","","","","NA"
"-80.80","46.63","SUDBURY CLIMATE","6068145","2020-11-10 19:00","2020","11","10","19:00","16.5","","13.0","","80","","0.0","","19","","24","","","","96.71","","","","","","NA"
"-80.80","46.63","SUDBURY CLIMATE","6068145","2020-11-10 20:00","2020","11","10","20:00","15.3","","12.7","","85","","0.0","","19","","23","","","","96.67","","","","","","NA"
"-80.80","46.63","SUDBURY CLIMATE","6068145","2020-11-10 21:00","2020","11","10","21:00","14.8","","12.6","","87","","0.0","","19","","22","","","","96.64","","","","","","NA"
"-80.80","46.63","SUDBURY CLIMATE","6068145","2020-11-10 22:00","2020","11","10","22:00","14.9","","12.6","","86","","0.0","","19","","25","","","","96.58","","","","","","NA"
"-80.80","46.63","SUDBURY CLIMATE","6068145","2020-11-10 23:00","2020","11","10","23:00","14.9","","12.6","","86","","0.0","","19","","20","","","","96.55","","","","","","NA"
"-80.80","46.63","SUDBURY CLIMATE","6068145","2020-11-11 00:00","2020","11","11","00:00","15.3","","12.6","","84","","0.0","","19","","24","","","","96.51","","","","","","NA"
"-80.80","46.63","SUDBURY CLIMATE","6068145","2020-11-11 01:00","2020","11","11","01:00","15.7","","12.2","","80","","0.0","","19","","29","","","","96.44","","","","","","NA"
"-80.80","46.63","SUDBURY CLIMATE","6068145","2020-11-11 02:00","2020","11","11","02:00","16.6","","12.2","","75","","0.0","","20","","28","","","","96.32","","","","","","NA"
"-80.80","46.63","SUDBURY CLIMATE","6068145","2020-11-11 03:00","2020","11","11","03:00","17.3","","12.9","","75","","0.0","","19","","34","","","","96.23","","","","","","NA"
"-80.80","46.63","SUDBURY CLIMATE","6068145","2020-11-11 04:00","2020","11","11","04:00","17.1","","13.2","","78","","0.0","","19","","36","","","","96.13","","","","","","NA"
"-80.80","46.63","SUDBURY CLIMATE","6068145","2020-11-11 05:00","2020","11","11","05:00","15.2","","14.0","","92","","1.9","","19","","36","","","","96.06","","","","","","NA"
"-80.80","46.63","SUDBURY CLIMATE","6068145","2020-11-11 06:00","2020","11","11","06:00","14.6","","13.8","","95","","2.2","","21","","39","","","","96.06","","","","","","NA"
"-80.80","46.63","SUDBURY CLIMATE","6068145","2020-11-11 07:00","2020","11","11","07:00","13.7","","13.2","","97","","0.5","","21","","23","","","","96.07","","","","","","NA"
"-80.80","46.63","SUDBURY CLIMATE","6068145","2020-11-11 08:00","2020","11","11","08:00","13.1","","12.8","","98","","1.7","","18","","25","","","","96.03","","","","","","NA"
"-80.80","46.63","SUDBURY CLIMATE","6068145","2020-11-11 09:00","2020","11","11","09:00","12.8","","12.5","","98","","2.0","","19","","30","","","","95.89","","","","","","NA"
"-80.80","46.63","SUDBURY CLIMATE","6068145","2020-11-11 10:00","2020","11","11","10:00","13.6","","13.0","","96","","0.0","","21","","35","","","","95.86","","","","","","NA"
"-80.80","46.63","SUDBURY CLIMATE","6068145","2020-11-11 11:00","2020","11","11","11:00","12.7","","11.3","","91","","0.0","","21","","36","","","","95.85","","","","","","NA"
"-80.80","46.63","SUDBURY CLIMATE","6068145","2020-11-11 12:00","2020","11","11","12:00","11.9","","9.7","","86","","0.0","","22","","43","","","","95.91","","","","","","NA"
"-80.80","46.63","SUDBURY CLIMATE","6068145","2020-11-11 13:00","2020","11","11","13:00","10.7","","8.2","","84","","0.0","","22","","38","","","","95.96","","","","","","NA"
"-80.80","46.63","SUDBURY CLIMATE","6068145","2020-11-11 14:00","2020","11","11","14:00","7.0","","3.2","","76","","0.0","","24","","40","","","","96.18","","","","","","NA"
"-80.80","46.63","SUDBURY CLIMATE","6068145","2020-11-11 15:00","2020","11","11","15:00","5.6","","-0.4","","65","","0.0","","25","","32","","","","96.33","","","","","","NA"
"-80.80","46.63","SUDBURY CLIMATE","6068145","2020-11-11 16:00","2020","11","11","16:00","5.6","","0.0","","67","","0.0","","24","","29","","","","96.45","","","","","","NA"
"-80.80","46.63","SUDBURY CLIMATE","6068145","2020-11-11 17:00","2020","11","11","17:00","5.8","","0.3","","68","","0.0","","24","","34","","","","96.55","","","","","","NA"
"-80.80","46.63","SUDBURY CLIMATE","6068145","2020-11-11 18:00","2020","11","11","18:00","5.6","","0.2","","68","","0.0","","24","","23","","","","96.61","","","","","","NA"
"-80.80","46.63","SUDBURY CLIMATE","6068145","2020-11-11 19:00","2020","11","11","19:00","5.8","","-1.3","","60","","0.0","","26","","20","","","","96.67","","","","","","NA"
"-80.80","46.63","SUDBURY CLIMATE","6068145","2020-11-11 20:00","2020","11","11","20:00","5.2","","-0.7","","66","","0.0","","25","","22","","","","96.77","","","","","","NA"
"-80.80","46.63","SUDBURY CLIMATE","6068145","2020-11-11 21:00","2020","11","11","21:00","3.6","","-1.6","","68","","0.0","","26","","21","","","","96.91","","","","","","NA"
"-80.80","46.63","SUDBURY CLIMATE","6068145","2020-11-11 22:00","2020","11","11","22:00","3.5","","-2.0","","67","","0.0","","26","","14","","","","96.98","","","","","","NA"
"-80.80","46.63","SUDBURY CLIMATE","6068145","2020-11-11 23:00","2020","11","11","23:00","2.8","","-1.6","","72","","0.0","","26","","11","","","","97.08","","","","","","NA"
"-80.80","46.63","SUDBURY CLIMATE","6068145","2020-11-12 00:00","2020","11","12","00:00","2.1","","-2.0","","75","","0.0","","27","","16","","","","97.20","","","","","","NA"
"-80.80","46.63","SUDBURY CLIMATE","6068145","2020-11-12 01:00","2020","11","12","01:00","1.8","","-2.4","","74","","0.0","","27","","10","","","","97.23","","","","","","NA"
"-80.80","46.63","SUDBURY CLIMATE","6068145","2020-11-12 02:00","2020","11","12","02:00","1.6","","-4.1","","66","","0.0","","27","","14","","","","97.29","","","","","","NA"
"-80.80","46.63","SUDBURY CLIMATE","6068145","2020-11-12 03:00","2020","11","12","03:00","1.1","","-4.4","","67","","0.0","","29","","11","","","","97.36","","","","","","NA"
"-80.80","46.63","SUDBURY CLIMATE","6068145","2020-11-12 04:00","2020","11","12","04:00","0.6","","-5.0","","66","","0.0","","27","","16","","","","97.42","","","","","","NA"
"-80.80","46.63","SUDBURY CLIMATE","6068145","2020-11-12 05:00","2020","11","12","05:00","0.7","","-4.8","","67","","0.0","","27","","10","","","","97.47","","","","","","NA"
"-80.80","46.63","SUDBURY CLIMATE","6068145","2020-11-12 06:00","2020","11","12","06:00","0.7","","-4.5","","68","","0.0","","28","","5","","","","97.48","","","","","","NA"
"-80.80","46.63","SUDBURY CLIMATE","6068145","2020-11-12 07:00","2020","11","12","07:00","0.6","","-3.9","","72","","0.0","","26","","8","","","","97.51","","","","","","NA"
"-80.80","46.63","SUDBURY CLIMATE","6068145","2020-11-12 08:00","2020","11","12","08:00","-0.1","","-3.4","","79","","0.0","","25","","8","","","","97.57","","","","-3","","NA"
"-80.80","46.63","SUDBURY CLIMATE","6068145","2020-11-12 09:00","2020","11","12","09:00","-1.6","","-3.7","","86","","0.0","","23","","3","","","","97.58","","","","-3","","NA"
"-80.80","46.63","SUDBURY CLIMATE","6068145","2020-11-12 10:00","2020","11","12","10:00","-2.7","","-4.2","","89","","0.0","","20","","7","","","","97.62","","","","-6","","NA"
"-80.80","46.63","SUDBURY CLIMATE","6068145","2020-11-12 11:00","2020","11","12","11:00","-2.6","","-3.7","","92","","0.0","","16","","8","","","","97.63","","","","-6","","NA"
"-80.80","46.63","SUDBURY CLIMATE","6068145","2020-11-12 12:00","2020","11","12","12:00","-1.3","","-3.0","","88","","0.0","","19","","13","","","","97.65","","","","-6","","NA"
"-80.80","46.63","SUDBURY CLIMATE","6068145","2020-11-12 13:00","2020","11","12","13:00","-1.2","","-3.0","","87","","0.0","","19","","16","","","","97.66","","","","-6","","NA"
"-80.80","46.63","SUDBURY CLIMATE","6068145","2020-11-12 14:00","2020","11","12","14:00","0.8","","-1.6","","84","","0.0","","20","","18","","","","97.68","","","","","","NA"
"-80.80","46.63","SUDBURY CLIMATE","6068145","2020-11-12 15:00","2020","11","12","15:00","3.6","","0.1","","78","","0.0","","21","","20","","","","97.70","","","","","","NA"
"-80.80","46.63","SUDBURY CLIMATE","6068145","2020-11-12 16:00","2020","11","12","16:00","6.0","","0.8","","69","","0.0","","22","","28","","","","97.71","","","","","","NA"
"-80.80","46.63","SUDBURY CLIMATE","6068145","2020-11-12 17:00","2020","11","12","17:00","7.1","","0.7","","64","","0.0","","23","","26","","","","97.68","","","","","","NA"
"-80.80","46.63","SUDBURY CLIMATE","6068145","2020-11-12 18:00","2020","11","12","18:00","8.2","","-0.4","","55","","0.0","","21","","27","","","","97.60","","","","","","NA"
"-80.80","46.63","SUDBURY CLIMATE","6068145","2020-11-12 19:00","2020","11","12","19:00","8.8","","-0.9","","51","","0.0","","22","","27","","","","97.57","","","","","","NA"
"-80.80","46.63","SUDBURY CLIMATE","6068145","2020-11-12 20:00","2020","11","12","20:00","8.9","","-0.7","","51","","0.0","","22","","25","","","","97.54","","","","","","NA"
"-80.80","46.63","SUDBURY CLIMATE","6068145","2020-11-12 21:00","2020","11","12","21:00","8.0","","0.2","","58","","0.0","","21","","20","","","","97.56","","","","","","NA"
"-80.80","46.63","SUDBURY CLIMATE","6068145","2020-11-12 22:00","2020","11","12","22:00","5.8","","1.2","","72","","0.0","","20","","22","","","","97.57","","","","","","NA"
"-80.80","46.63","SUDBURY CLIMATE","6068145","2020-11-12 23:00","2020","11","12","23:00","4.5","","1.8","","83","","0.0","","20","","21","","","","97.56","","","","","","NA"
"-80.80","46.63","SUDBURY CLIMATE","6068145","2020-11-13 00:00","2020","11","13","00:00","3.6","","2.0","","89","","0.0","","19","","20","","","","97.55","","","","","","NA"
"-80.80","46.63","SUDBURY CLIMATE","6068145","2020-11-13 01:00","2020","11","13","01:00","2.8","","2.0","","94","","0.0","","20","","18","","","","97.53","","","","","","NA"
"-80.80","46.63","SUDBURY CLIMATE","6068145","2020-11-13 02:00","2020","11","13","02:00","2.6","","2.0","","96","","0.0","","21","","19","","","","97.54","","","","","","NA"
"-80.80","46.63","SUDBURY CLIMATE","6068145","2020-11-13 03:00","2020","11","13","03:00","1.9","","1.3","","96","","0.0","","22","","16","","","","97.54","","","","","","NA"
"-80.80","46.63","SUDBURY CLIMATE","6068145","2020-11-13 04:00","2020","11","13","04:00","1.3","","0.9","","98","","0.0","","20","","13","","","","97.50","","","","","","NA"
"-80.80","46.63","SUDBURY CLIMATE","6068145","2020-11-13 05:00","2020","11","13","05:00","1.0","","0.8","","98","","0.0","","18","","10","","","","97.47","","","","","","NA"
"-80.80","46.63","SUDBURY CLIMATE","6068145","2020-11-13 06:00","2020","11","13","06:00","0.5","","0.2","","98","","0.0","","16","","11","","","","97.43","","","","","","NA"
"-80.80","46.63","SUDBURY CLIMATE","6068145","2020-11-13 07:00","2020","11","13","07:00","0.9","","0.7","","98","","0.0","","16","","15","","","","97.36","","","","","","NA"
"-80.80","46.63","SUDBURY CLIMATE","6068145","2020-11-13 08:00","2020","11","13","08:00","1.2","","0.9","","98","","0.0","","16","","12","","","","97.33","","","","","","NA"
"-80.80","46.63","SUDBURY CLIMATE","6068145","2020-11-13 09:00","2020","11","13","09:00","1.1","","0.7","","97","","0.0","","15","","12","","","","97.26","","","","","","NA"
"-80.80","46.63","SUDBURY CLIMATE","6068145","2020-11-13 10:00","2020","11","13","10:00","1.0","","0.6","","97","","0.0","","14","","13","","","","97.22","","","","","","NA"
"-80.80","46.63","SUDBURY CLIMATE","6068145","2020-11-13 11:00","2020","11","13","11:00","0.8","","0.3","","97","","0.0","","15","","16","","","","97.19","","","","","","NA"
"-80.80","46.63","SUDBURY CLIMATE","6068145","2020-11-13 12:00","2020","11","13","12:00","0.9","","0.3","","96","","0.0","","15","","14","","","","97.15","","","","","","NA"
"-80.80","46.63","SUDBURY CLIMATE","6068145","2020-11-13 13:00","2020","11","13","13:00","1.3","","0.7","","96","","0.0","","15","","16","","","","97.13","","","","","","NA"
"-80.80","46.63","SUDBURY CLIMATE","6068145","2020-11-13 14:00","2020","11","13","14:00","2.0","","1.5","","97","","0.3","","21","","9","","","","97.12","","","","","","NA"
"-80.80","46.63","SUDBURY CLIMATE","6068145","2020-11-13 15:00","2020","11","13","15:00","2.0","","1.4","","96","","2.7","","19","","11","","","","97.07","","","","","","NA"
"-80.80","46.63","SUDBURY CLIMATE","6068145","2020-11-13 16:00","2020","11","13","16:00","1.8","","1.4","","97","","2.1","","13","","10","","","","97.01","","","","","","NA"
"-80.80","46.63","SUDBURY CLIMATE","6068145","2020-11-13 17:00","2020","11","13","17:00","2.3","","1.9","","97","","0.1","","15","","15","","","","96.93","","","","","","NA"
"-80.80","46.63","SUDBURY CLIMATE","6068145","2020-11-13 18:00","2020","11","13","18:00","3.2","","2.5","","95","","0.0","","16","","20","","","","96.88","","","","","","NA"
"-80.80","46.63","SUDBURY CLIMATE","6068145","2020-11-13 19:00","2020","11","13","19:00","3.4","","2.6","","94","","0.2","","20","","22","","","","96.83","","","","","","NA"
"-80.80","46.63","SUDBURY CLIMATE","6068145","2020-11-13 20:00","2020","11","13","20:00","3.1","","2.5","","95","","1.6","","25","","15","","","","96.86","","","","","","NA"
"-80.80","46.63","SUDBURY CLIMATE","6068145","2020-11-13 21:00","2020","11","13","21:00","1.5","","0.0","","89","","0.1","","32","","15","","","","97.01","","","","","","NA"
"-80.80","46.63","SUDBURY CLIMATE","6068145","2020-11-13 22:00","2020","11","13","22:00","0.6","","-1.8","","84","","0.0","","33","","13","","","","97.08","","","","","","NA"
"-80.80","46.63","SUDBURY CLIMATE","6068145","2020-11-13 23:00","2020","11","13","23:00","0.1","","-2.9","","80","","0.0","","32","","10","","","","97.19","","","","","","NA"
"-80.80","46.63","SUDBURY CLIMATE","6068145","2020-11-14 00:00","2020","11","14","00:00","0.0","","-3.0","","80","","0.0","","31","","12","","","","97.27","","","","-4","","NA"
"-80.80","46.63","SUDBURY CLIMATE","6068145","2020-11-14 01:00","2020","11","14","01:00","-0.1","","-3.6","","77","","0.0","","29","","12","","","","97.31","","","","-4","","NA"
"-80.80","46.63","SUDBURY CLIMATE","6068145","2020-11-14 02:00","2020","11","14","02:00","-0.4","","-4.0","","77","","0.0","","31","","8","","","","97.36","","","","-3","","NA"
"-80.80","46.63","SUDBURY CLIMATE","6068145","2020-11-14 03:00","2020","11","14","03:00","-1.0","","-4.0","","80","","0.0","","30","","6","","","","97.41","","","","-3","","NA"
"-80.80","46.63","SUDBURY CLIMATE","6068145","2020-11-14 04:00","2020","11","14","04:00","-0.9","","-3.8","","81","","0.0","","29","","5","","","","97.45","","","","-3","","NA"
"-80.80","46.63","SUDBURY CLIMATE","6068145","2020-11-14 05:00","2020","11","14","05:00","-0.9","","-3.4","","83","","0.0","","29","","5","","","","97.49","","","","-3","","NA"
"-80.80","46.63","SUDBURY CLIMATE","6068145","2020-11-14 06:00","2020","11","14","06:00","-1.1","","-4.2","","80","","0.0","","31","","8","","","","97.53","","","","-4","","NA"
"-80.80","46.63","SUDBURY CLIMATE","6068145","2020-11-14 07:00","2020","11","14","07:00","-1.5","","-7.3","","64","","0.0","","32","","13","","","","97.59","","","","-6","","NA"
"-80.80","46.63","SUDBURY CLIMATE","6068145","2020-11-14 08:00","2020","11","14","08:00","-2.6","","-6.9","","72","","0.0","","31","","7","","","","97.66","","","","-5","","NA"
"-80.80","46.63","SUDBURY CLIMATE","6068145","2020-11-14 09:00","2020","11","14","09:00","-2.5","","-7.4","","69","","0.0","","33","","5","","","","97.68","","","","-4","","NA"
"-80.80","46.63","SUDBURY CLIMATE","6068145","2020-11-14 10:00","2020","11","14","10:00","-2.6","","-6.2","","77","","0.0","","","","0","","","","97.71","","","","","","NA"
"-80.80","46.63","SUDBURY CLIMATE","6068145","2020-11-14 11:00","2020","11","14","11:00","-2.3","","-5.2","","81","","0.0","","19","","2","","","","97.71","","","","-3","","NA"
"-80.80","46.63","SUDBURY CLIMATE","6068145","2020-11-14 12:00","2020","11","14","12:00","-2.1","","-5.4","","78","","0.0","","18","","5","","","","97.74","","","","-4","","NA"
"-80.80","46.63","SUDBURY CLIMATE","6068145","2020-11-14 13:00","2020","11","14","13:00","-1.6","","-5.5","","74","","0.0","","23","","6","","","","97.79","","","","-4","","NA"
"-80.80","46.63","SUDBURY CLIMATE","6068145","2020-11-14 14:00","2020","11","14","14:00","-0.9","","-5.4","","71","","0.0","","23","","9","","","","97.80","","","","-4","","NA"
"-80.80","46.63","SUDBURY CLIMATE","6068145","2020-11-14 15:00","2020","11","14","15:00","0.4","","-5.6","","64","","0.0","","25","","11","","","","97.84","","","","","","NA"
"-80.80","46.63","SUDBURY CLIMATE","6068145","2020-11-14 16:00","2020","11","14","16:00","1.5","","-5.1","","62","","0.0","","25","","16","","","","97.85","","","","","","NA"
"-80.80","46.63","SUDBURY CLIMATE","6068145","2020-11-14 17:00","2020","11","14","17:00","2.0","","-4.0","","65","","0.0","","21","","18","","","","97.80","","","","","","NA"
"-80.80","46.63","SUDBURY CLIMATE","6068145","2020-11-14 18:00","2020","11","14","18:00","2.3","","-4.0","","63","","0.0","","22","","19","","","","97.85","","","","","","NA"
"-80.80","46.63","SUDBURY CLIMATE","6068145","2020-11-14 19:00","2020","11","14","19:00","3.2","","-4.1","","58","","0.0","","22","","18","","","","97.77","","","","","","NA"
"-80.80","46.63","SUDBURY CLIMATE","6068145","2020-11-14 20:00","2020","11","14","20:00","2.7","","-3.4","","64","","0.0","","22","","15","","","","97.74","","","","","","NA"
"-80.80","46.63","SUDBURY CLIMATE","6068145","2020-11-14 21:00","2020","11","14","21:00","2.4","","-3.5","","65","","0.0","","21","","21","","","","97.77","","","","","","NA"
"-80.80","46.63","SUDBURY CLIMATE","6068145","2020-11-14 22:00","2020","11","14","22:00","2.2","","-2.9","","69","","0.0","","20","","16","","","","97.75","","","","","","NA"
"-80.80","46.63","SUDBURY CLIMATE","6068145","2020-11-14 23:00","2020","11","14","23:00","2.3","","-2.8","","69","","0.0","","20","","20","","","","97.75","","","","","","NA"
"-80.80","46.63","SUDBURY CLIMATE","6068145","2020-11-15 00:00","2020","11","15","00:00","1.0","","-2.2","","79","","0.0","","14","","11","","","","97.61","","","","","","NA"
"-80.80","46.63","SUDBURY CLIMATE","6068145","2020-11-15 01:00","2020","11","15","01:00","0.0","","-2.5","","83","","0.0","","16","","12","","","","97.58","","","","-4","","NA"
"-80.80","46.63","SUDBURY CLIMATE","6068145","2020-11-15 02:00","2020","11","15","02:00","0.1","","-2.6","","82","","0.0","","16","","18","","","","97.53","","","","","","NA"
"-80.80","46.63","SUDBURY CLIMATE","6068145","2020-11-15 03:00","2020","11","15","03:00","-0.1","","-2.5","","84","","0.0","","16","","16","","","","97.49","","","","-5","","NA"
"-80.80","46.63","SUDBURY CLIMATE","6068145","2020-11-15 04:00","2020","11","15","04:00","-0.2","","-2.8","","82","","0.0","","15","","18","","","","97.35","","","","-5","","NA"
"-80.80","46.63","SUDBURY CLIMATE","6068145","2020-11-15 05:00","2020","11","15","05:00","0.2","","-3.0","","79","","0.0","","14","","21","","","","97.21","","","","","","NA"
"-80.80","46.63","SUDBURY CLIMATE","6068145","2020-11-15 06:00","2020","11","15","06:00","0.1","","-2.9","","80","","0.0","","16","","19","","","","97.12","","","","","","NA"
"-80.80","46.63","SUDBURY CLIMATE","6068145","2020-11-15 07:00","2020","11","15","07:00","0.1","","-3.2","","78","","0.0","","14","","24","","","","97.00","","","","","","NA"
"-80.80","46.63","SUDBURY CLIMATE","6068145","2020-11-15 08:00","2020","11","15","08:00","0.0","","-3.1","","79","","0.0","","14","","21","","","","96.84","","","","-5","","NA"
"-80.80","46.63","SUDBURY CLIMATE","6068145","2020-11-15 09:00","2020","11","15","09:00","0.4","","-3.1","","77","","0.0","","14","","25","","","","96.66","","","","","","NA"
"-80.80","46.63","SUDBURY CLIMATE","6068145","2020-11-15 10:00","2020","11","15","10:00","0.8","","-2.9","","76","","0.0","","13","","23","","","","96.46","","","","","","NA"
"-80.80","46.63","SUDBURY CLIMATE","6068145","2020-11-15 11:00","2020","11","15","11:00","1.3","","-2.0","","78","","0.0","","13","","30","","","","96.15","","","","","","NA"
"-80.80","46.63","SUDBURY CLIMATE","6068145","2020-11-15 12:00","2020","11","15","12:00","1.4","","-0.9","","84","","0.0","","13","","31","","","","95.82","","","","","","NA"
"-80.80","46.63","SUDBURY CLIMATE","6068145","2020-11-15 13:00","2020","11","15","13:00","1.5","","0.4","","92","","1.1","","14","","31","","","","95.64","","","","","","NA"
"-80.80","46.63","SUDBURY CLIMATE","6068145","2020-11-15 14:00","2020","11","15","14:00","1.8","","1.3","","97","","3.1","","13","","30","","","","95.40","","","","","","NA"
"-80.80","46.63","SUDBURY CLIMATE","6068145","2020-11-15 15:00","2020","11","15","15:00","2.8","","2.5","","97","","4.1","","14","","25","","","","95.22","","","","","","NA"
"-80.80","46.63","SUDBURY CLIMATE","6068145","2020-11-15 16:00","2020","11","15","16:00","4.0","","3.4","","96","","3.5","","15","","26","","","","94.99","","","","","","NA"
"-80.80","46.63","SUDBURY CLIMATE","6068145","2020-11-15 17:00","2020","11","15","17:00","4.4","","3.8","","96","","1.7","","15","","32","","","","94.73","","","","","","NA"
"-80.80","46.63","SUDBURY CLIMATE","6068145","2020-11-15 18:00","2020","11","15","18:00","4.8","","4.4","","97","","2.0","","15","","27","","","","94.49","","","","","","NA"
"-80.80","46.63","SUDBURY CLIMATE","6068145","2020-11-15 19:00","2020","11","15","19:00","6.1","","5.8","","98","","3.4","","17","","27","","","","94.38","","","","","","NA"
"-80.80","46.63","SUDBURY CLIMATE","6068145","2020-11-15 20:00","2020","11","15","20:00","7.2","","6.8","","97","","3.8","","18","","27","","","","94.25","","","","","","NA"
"-80.80","46.63","SUDBURY CLIMATE","6068145","2020-11-15 21:00","2020","11","15","21:00","7.7","","7.3","","98","","0.7","","18","","27","","","","94.17","","","","","","NA"
"-80.80","46.63","SUDBURY CLIMATE","6068145","2020-11-15 22:00","2020","11","15","22:00","7.5","","5.9","","90","","0.3","","19","","31","","","","94.14","","","","","","NA"
"-80.80","46.63","SUDBURY CLIMATE","6068145","2020-11-15 23:00","2020","11","15","23:00","6.7","","6.1","","96","","2.3","","19","","32","","","","94.09","","","","","","NA"
"-80.80","46.63","SUDBURY CLIMATE","6068145","2020-11-16 00:00","2020","11","16","00:00","4.6","","3.8","","94","","0.9","","22","","40","","","","94.17","","","","","","NA"
"-80.80","46.63","SUDBURY CLIMATE","6068145","2020-11-16 01:00","2020","11","16","01:00","2.0","","1.4","","96","","2.5","","23","","42","","","","94.26","","","","","","NA"
"-80.80","46.63","SUDBURY CLIMATE","6068145","2020-11-16 02:00","2020","11","16","02:00","2.7","","2.0","","95","","2.2","","24","","39","","","","94.37","","","","","","NA"
"-80.80","46.63","SUDBURY CLIMATE","6068145","2020-11-16 03:00","2020","11","16","03:00","2.7","","1.7","","93","","0.3","","24","","36","","","","94.50","","","","","","NA"
"-80.80","46.63","SUDBURY CLIMATE","6068145","2020-11-16 04:00","2020","11","16","04:00","2.3","","1.1","","92","","0.0","","25","","29","","","","94.68","","","","","","NA"
"-80.80","46.63","SUDBURY CLIMATE","6068145","2020-11-16 05:00","2020","11","16","05:00","2.0","","0.9","","93","","0.0","","25","","22","","","","94.90","","","","","","NA"
"-80.80","46.63","SUDBURY CLIMATE","6068145","2020-11-16 06:00","2020","11","16","06:00","2.2","","0.1","","86","","0.0","","26","","20","","","","95.10","","","","","","NA"
"-80.80","46.63","SUDBURY CLIMATE","6068145","2020-11-16 07:00","2020","11","16","07:00","1.7","","-0.1","","88","","0.0","","26","","20","","","","95.29","","","","","","NA"
"-80.80","46.63","SUDBURY CLIMATE","6068145","2020-11-16 08:00","2020","11","16","08:00","1.4","","0.0","","91","","0.0","","26","","18","","","","95.44","","","","","","NA"
"-80.80","46.63","SUDBURY CLIMATE","6068145","2020-11-16 09:00","2020","11","16","09:00","0.7","","-0.3","","93","","0.0","","26","","16","","","","95.59","","","","","","NA"
"-80.80","46.63","SUDBURY CLIMATE","6068145","2020-11-16 10:00","2020","11","16","10:00","0.2","","-0.1","","98","","0.4","","24","","15","","","","95.68","","","","","","NA"
"-80.80","46.63","SUDBURY CLIMATE","6068145","2020-11-16 11:00","2020","11","16","11:00","0.7","","-0.3","","93","","0.1","","25","","20","","","","95.77","","","","","","NA"
"-80.80","46.63","SUDBURY CLIMATE","6068145","2020-11-16 12:00","2020","11","16","12:00","0.2","","-0.9","","93","","0.0","","26","","17","","","","95.88","","","","","","NA"
"-80.80","46.63","SUDBURY CLIMATE","6068145","2020-11-16 13:00","2020","11","16","13:00","-0.1","","-1.9","","88","","0.1","","27","","20","","","","96.02","","","","-5","","NA"
"-80.80","46.63","SUDBURY CLIMATE","6068145","2020-11-16 14:00","2020","11","16","14:00","-0.2","","-2.4","","85","","0.0","","27","","18","","","","96.13","","","","-5","","NA"
"-80.80","46.63","SUDBURY CLIMATE","6068145","2020-11-16 15:00","2020","11","16","15:00","-0.2","","-2.9","","82","","0.0","","26","","22","","","","96.23","","","","-6","","NA"
"-80.80","46.63","SUDBURY CLIMATE","6068145","2020-11-16 16:00","2020","11","16","16:00","-0.3","","-2.9","","83","","0.0","","26","","21","","","","96.34","","","","-6","","NA"
"-80.80","46.63","SUDBURY CLIMATE","6068145","2020-11-16 17:00","2020","11","16","17:00","-0.3","","-2.7","","83","","0.0","","27","","16","","","","96.39","","","","-5","","NA"
"-80.80","46.63","SUDBURY CLIMATE","6068145","2020-11-16 18:00","2020","11","16","18:00","-0.2","","-3.8","","77","","0.0","","26","","17","","","","96.40","","","","-5","","NA"
"-80.80","46.63","SUDBURY CLIMATE","6068145","2020-11-16 19:00","2020","11","16","19:00","-0.5","","-3.4","","81","","0.0","","27","","18","","","","96.48","","","","-6","","NA"
"-80.80","46.63","SUDBURY CLIMATE","6068145","2020-11-16 20:00","2020","11","16","20:00","-0.5","","-3.2","","82","","0.0","","27","","15","","","","96.52","","","","-5","","NA"
"-80.80","46.63","SUDBURY CLIMATE","6068145","2020-11-16 21:00","2020","11","16","21:00","-0.7","","-4.9","","73","","0.0","","28","","15","","","","96.59","","","","-5","","NA"
"-80.80","46.63","SUDBURY CLIMATE","6068145","2020-11-16 22:00","2020","11","16","22:00","-1.0","","-5.0","","74","","0.0","","29","","11","","","","96.68","","","","-5","","NA"
"-80.80","46.63","SUDBURY CLIMATE","6068145","2020-11-16 23:00","2020","11","16","23:00","-1.2","","-5.5","","73","","0.0","","27","","12","","","","96.76","","","","-5","","NA"
"-80.80","46.63","SUDBURY CLIMATE","6068145","2020-11-17 00:00","2020","11","17","00:00","-1.4","","-5.2","","75","","0.0","","27","","10","","","","96.80","","","","-5","","NA"
"-80.80","46.63","SUDBURY CLIMATE","6068145","2020-11-17 01:00","2020","11","17","01:00","-1.7","","-4.6","","81","","0.0","","27","","7","","","","96.83","","","","-4","","NA"
"-80.80","46.63","SUDBURY CLIMATE","6068145","2020-11-17 02:00","2020","11","17","02:00","-1.8","","-4.3","","83","","0.0","","27","","10","","","","96.86","","","","-5","","NA"
"-80.80","46.63","SUDBURY CLIMATE","6068145","2020-11-17 03:00","2020","11","17","03:00","-2.1","","-3.5","","90","","0.4","","28","","6","","","","96.87","","","","-4","","NA"
"-80.80","46.63","SUDBURY CLIMATE","6068145","2020-11-17 04:00","2020","11","17","04:00","-2.3","","-5.0","","81","","0.1","","29","","10","","","","96.86","","","","-6","","NA"
"-80.80","46.63","SUDBURY CLIMATE","6068145","2020-11-17 05:00","2020","11","17","05:00","-2.6","","-4.9","","84","","0.0","","31","","9","","","","96.89","","","","-6","","NA"
"-80.80","46.63","SUDBURY CLIMATE","6068145","2020-11-17 06:00","2020","11","17","06:00","-3.0","","-4.9","","87","","0.2","","32","","8","","","","96.91","","","","-6","","NA"
"-80.80","46.63","SUDBURY CLIMATE","6068145","2020-11-17 07:00","2020","11","17","07:00","-3.1","","-7.9","","70","","0.0","","31","","12","","","","96.90","","","","-8","","NA"
"-80.80","46.63","SUDBURY CLIMATE","6068145","2020-11-17 08:00","2020","11","17","08:00","-3.7","","-7.0","","78","","0.0","","34","","9","","","","96.94","","","","-7","","NA"
"-80.80","46.63","SUDBURY CLIMATE","6068145","2020-11-17 09:00","2020","11","17","09:00","-4.2","","-7.7","","77","","0.0","","32","","12","","","","96.99","","","","-9","","NA"
"-80.80","46.63","SUDBURY CLIMATE","6068145","2020-11-17 10:00","2020","11","17","10:00","-5.0","","-9.2","","72","","0.0","","31","","14","","","","97.05","","","","-10","","NA"
"-80.80","46.63","SUDBURY CLIMATE","6068145","2020-11-17 11:00","2020","11","17","11:00","-5.9","","-11.1","","67","","0.0","","33","","16","","","","97.15","","","","-12","","NA"
"-80.80","46.63","SUDBURY CLIMATE","6068145","2020-11-17 12:00","2020","11","17","12:00","-7.3","","-12.4","","67","","0.0","","34","","17","","","","97.25","","","","-14","","NA"
"-80.80","46.63","SUDBURY CLIMATE","6068145","2020-11-17 13:00","2020","11","17","13:00","-8.9","","-14.6","","63","","0.0","","33","","21","","","","97.40","","","","-17","","NA"
"-80.80","46.63","SUDBURY CLIMATE","6068145","2020-11-17 14:00","2020","11","17","14:00","-9.3","","-15.2","","62","","0.0","","32","","21","","","","97.50","","","","-17","","NA"
"-80.80","46.63","SUDBURY CLIMATE","6068145","2020-11-17 15:00","2020","11","17","15:00","-9.6","","-15.1","","64","","0.0","","33","","21","","","","97.61","","","","-18","","NA"
"-80.80","46.63","SUDBURY CLIMATE","6068145","2020-11-17 16:00","2020","11","17","16:00","-9.7","","-15.0","","65","","0.0","","34","","18","","","","97.70","","","","-17","","NA"
"-80.80","46.63","SUDBURY CLIMATE","6068145","2020-11-17 17:00","2020","11","17","17:00","-10.0","","-15.7","","63","","0.0","","34","","16","","","","97.77","","","","-17","","NA"
"-80.80","46.63","SUDBURY CLIMATE","6068145","2020-11-17 18:00","2020","11","17","18:00","-10.1","","-15.5","","64","","0.0","","34","","19","","","","97.84","","","","-18","","NA"
"-80.80","46.63","SUDBURY CLIMATE","6068145","2020-11-17 19:00","2020","11","17","19:00","-9.6","","-14.9","","65","","0.0","","34","","16","","","","97.90","","","","-16","","NA"
"-80.80","46.63","SUDBURY CLIMATE","6068145","2020-11-17 20:00","2020","11","17","20:00","-9.4","","-14.0","","69","","0.0","","34","","16","","","","97.99","","","","-16","","NA"
"-80.80","46.63","SUDBURY CLIMATE","6068145","2020-11-17 21:00","2020","11","17","21:00","-9.3","","-14.4","","66","","0.0","","32","","16","","","","98.08","","","","-16","","NA"
"-80.80","46.63","SUDBURY CLIMATE","6068145","2020-11-17 22:00","2020","11","17","22:00","-9.0","","-14.2","","66","","0.0","","34","","13","","","","98.19","","","","-15","","NA"
"-80.80","46.63","SUDBURY CLIMATE","6068145","2020-11-17 23:00","2020","11","17","23:00","-9.0","","-13.8","","69","","0.0","","33","","15","","","","98.25","","","","-16","","NA"
"-80.80","46.63","SUDBURY CLIMATE","6068145","2020-11-18 00:00","2020","11","18","00:00","-9.0","","-13.6","","69","","0.0","","33","","13","","","","98.33","","","","-15","","NA"
"-80.80","46.63","SUDBURY CLIMATE","6068145","2020-11-18 01:00","2020","11","18","01:00","-9.2","","-13.6","","70","","0.0","","34","","11","","","","98.38","","","","-15","","NA"
"-80.80","46.63","SUDBURY CLIMATE","6068145","2020-11-18 02:00","2020","11","18","02:00","-9.2","","-14.7","","64","","0.0","","33","","12","","","","98.42","","","","-15","","NA"
"-80.80","46.63","SUDBURY CLIMATE","6068145","2020-11-18 03:00","2020","11","18","03:00","-9.2","","-14.3","","66","","0.0","","34","","8","","","","98.48","","","","-14","","NA"
"-80.80","46.63","SUDBURY CLIMATE","6068145","2020-11-18 04:00","2020","11","18","04:00","-9.2","","-14.9","","63","","0.0","","34","","7","","","","98.48","","","","-13","","NA"
"-80.80","46.63","SUDBURY CLIMATE","6068145","2020-11-18 05:00","2020","11","18","05:00","-9.2","","-14.7","","64","","0.0","","34","","10","","","","98.51","","","","-14","","NA"
"-80.80","46.63","SUDBURY CLIMATE","6068145","2020-11-18 06:00","2020","11","18","06:00","-9.3","","-14.7","","65","","0.0","","33","","9","","","","98.58","","","","-14","","NA"
"-80.80","46.63","SUDBURY CLIMATE","6068145","2020-11-18 07:00","2020","11","18","07:00","-9.3","","-14.8","","64","","0.0","","32","","9","","","","98.67","","","","-14","","NA"
"-80.80","46.63","SUDBURY CLIMATE","6068145","2020-11-18 08:00","2020","11","18","08:00","-9.8","","-14.8","","67","","0.0","","34","","12","","","","98.73","","","","-16","","NA"
"-80.80","46.63","SUDBURY CLIMATE","6068145","2020-11-18 09:00","2020","11","18","09:00","-10.1","","-15.1","","67","","0.0","","36","","7","","","","98.81","","","","-14","","NA"
"-80.80","46.63","SUDBURY CLIMATE","6068145","2020-11-18 10:00","2020","11","18","10:00","-10.2","","-15.0","","68","","0.0","","31","","9","","","","98.86","","","","-15","","NA"
"-80.80","46.63","SUDBURY CLIMATE","6068145","2020-11-18 11:00","2020","11","18","11:00","-10.3","","-14.6","","70","","0.0","","32","","6","","","","98.95","","","","-14","","NA"
"-80.80","46.63","SUDBURY CLIMATE","6068145","2020-11-18 12:00","2020","11","18","12:00","-10.2","","-15.0","","68","","0.0","","31","","6","","","","98.93","","","","-14","","NA"
"-80.80","46.63","SUDBURY CLIMATE","6068145","2020-11-18 13:00","2020","11","18","13:00","-10.2","","-14.6","","70","","0.0","","29","","6","","","","98.99","","","","-14","","NA"
"-80.80","46.63","SUDBURY CLIMATE","6068145","2020-11-18 14:00","2020","11","18","14:00","-10.0","","-14.7","","68","","0.0","","29","","2","","","","98.97","","","","-11","","NA"
"-80.80","46.63","SUDBURY CLIMATE","6068145","2020-11-18 15:00","2020","11","18","15:00","-9.5","","-14.4","","68","","0.0","","26","","1","","","","98.98","","","","-10","","NA"
"-80.80","46.63","SUDBURY CLIMATE","6068145","2020-11-18 16:00","2020","11","18","16:00","-8.8","","-14.5","","63","","0.0","","18","","6","","","","98.94","","","","-12","","NA"
"-80.80","46.63","SUDBURY CLIMATE","6068145","2020-11-18 17:00","2020","11","18","17:00","-8.4","","-14.0","","64","","0.0","","0","","1","","","","98.91","","","","-9","","NA"
"-80.80","46.63","SUDBURY CLIMATE","6068145","2020-11-18 18:00","2020","11","18","18:00","-7.1","","-13.4","","61","","0.0","","21","","9","","","","98.84","","","","-11","","NA"
"-80.80","46.63","SUDBURY CLIMATE","6068145","2020-11-18 19:00","2020","11","18","19:00","-6.4","","-13.4","","58","","0.0","","21","","8","","","","98.75","","","","-10","","NA"
"-80.80","46.63","SUDBURY CLIMATE","6068145","2020-11-18 20:00","2020","11","18","20:00","-5.7","","-12.5","","59","","0.0","","22","","13","","","","98.72","","","","-11","","NA"
"-80.80","46.63","SUDBURY CLIMATE","6068145","2020-11-18 21:00","2020","11","18","21:00","-5.9","","-12.3","","60","","0.0","","19","","12","","","","98.64","","","","-11","","NA"
"-80.80","46.63","SUDBURY CLIMATE","6068145","2020-11-18 22:00","2020","11","18","22:00","-6.0","","-11.0","","68","","0.0","","20","","10","","","","98.58","","","","-10","","NA"
"-80.80","46.63","SUDBURY CLIMATE","6068145","2020-11-18 23:00","2020","11","18","23:00","-5.4","","-10.3","","68","","0.0","","18","","15","","","","98.52","","","","-11","","NA"
"-80.80","46.63","SUDBURY CLIMATE","6068145","2020-11-19 00:00","2020","11","19","00:00","-5.2","","-9.8","","70","","0.0","","18","","14","","","","98.45","","","","-11","","NA"
"-80.80","46.63","SUDBURY CLIMATE","6068145","2020-11-19 01:00","2020","11","19","01:00","-5.1","","-8.6","","77","","0.0","","15","","18","","","","98.33","","","","-11","","NA"
"-80.80","46.63","SUDBURY CLIMATE","6068145","2020-11-19 02:00","2020","11","19","02:00","-4.7","","-7.0","","84","","0.0","","16","","20","","","","98.21","","","","-11","","NA"
"-80.80","46.63","SUDBURY CLIMATE","6068145","2020-11-19 03:00","2020","11","19","03:00","-4.3","","-6.5","","85","","0.0","","16","","24","","","","98.08","","","","-11","","NA"
"-80.80","46.63","SUDBURY CLIMATE","6068145","2020-11-19 04:00","2020","11","19","04:00","-3.8","","-5.8","","86","","0.0","","15","","24","","","","97.96","","","","-11","","NA"
"-80.80","46.63","SUDBURY CLIMATE","6068145","2020-11-19 05:00","2020","11","19","05:00","-2.8","","-4.6","","88","","0.0","","16","","27","","","","97.79","","","","-10","","NA"
"-80.80","46.63","SUDBURY CLIMATE","6068145","2020-11-19 06:00","2020","11","19","06:00","-1.9","","-3.6","","89","","0.0","","17","","25","","","","97.69","","","","-8","","NA"
"-80.80","46.63","SUDBURY CLIMATE","6068145","2020-11-19 07:00","2020","11","19","07:00","-1.2","","-2.8","","89","","0.0","","16","","22","","","","97.54","","","","-7","","NA"
"-80.80","46.63","SUDBURY CLIMATE","6068145","2020-11-19 08:00","2020","11","19","08:00","-0.4","","-1.9","","90","","0.0","","16","","21","","","","97.41","","","","-6","","NA"
"-80.80","46.63","SUDBURY CLIMATE","6068145","2020-11-19 09:00","2020","11","19","09:00","2.3","","0.6","","89","","0.0","","19","","27","","","","97.34","","","","","","NA"
"-80.80","46.63","SUDBURY CLIMATE","6068145","2020-11-19 10:00","2020","11","19","10:00","2.7","","0.9","","87","","0.0","","19","","25","","","","97.26","","","","","","NA"
"-80.80","46.63","SUDBURY CLIMATE","6068145","2020-11-19 11:00","2020","11","19","11:00","3.7","","-0.6","","74","","0.0","","20","","30","","","","97.18","","","","","","NA"
"-80.80","46.63","SUDBURY CLIMATE","6068145","2020-11-19 12:00","2020","11","19","12:00","3.4","","-0.8","","74","","0.1","","21","","24","","","","97.10","","","","","","NA"
"-80.80","46.63","SUDBURY CLIMATE","6068145","2020-11-19 13:00","2020","11","19","13:00","3.3","","-0.7","","75","","0.0","","21","","23","","","","97.07","","","","","","NA"
"-80.80","46.63","SUDBURY CLIMATE","6068145","2020-11-19 14:00","2020","11","19","14:00","4.0","","-0.3","","74","","0.0","","20","","24","","","","97.03","","","","","","NA"
"-80.80","46.63","SUDBURY CLIMATE","6068145","2020-11-19 15:00","2020","11","19","15:00","4.4","","0.0","","73","","0.0","","21","","25","","","","97.00","","","","","","NA"
"-80.80","46.63","SUDBURY CLIMATE","6068145","2020-11-19 16:00","2020","11","19","16:00","6.2","","0.6","","67","","0.0","","21","","23","","","","96.97","","","","","","NA"
"-80.80","46.63","SUDBURY CLIMATE","6068145","2020-11-19 17:00","2020","11","19","17:00","7.7","","0.6","","61","","0.0","","21","","28","","","","96.82","","","","","","NA"
"-80.80","46.63","SUDBURY CLIMATE","6068145","2020-11-19 18:00","2020","11","19","18:00","8.4","","0.6","","58","","0.0","","22","","31","","","","96.82","","","","","","NA"
"-80.80","46.63","SUDBURY CLIMATE","6068145","2020-11-19 19:00","2020","11","19","19:00","8.2","","0.5","","58","","0.0","","22","","25","","","","96.76","","","","","","NA"
"-80.80","46.63","SUDBURY CLIMATE","6068145","2020-11-19 20:00","2020","11","19","20:00","8.1","","0.4","","58","","0.0","","22","","26","","","","96.81","","","","","","NA"
"-80.80","46.63","SUDBURY CLIMATE","6068145","2020-11-19 21:00","2020","11","19","21:00","7.2","","0.6","","63","","0.0","","22","","21","","","","96.84","","","","","","NA"
"-80.80","46.63","SUDBURY CLIMATE","6068145","2020-11-19 22:00","2020","11","19","22:00","6.0","","1.7","","74","","0.0","","19","","23","","","","96.80","","","","","","NA"
"-80.80","46.63","SUDBURY CLIMATE","6068145","2020-11-19 23:00","2020","11","19","23:00","5.5","","1.6","","76","","0.0","","20","","18","","","","96.88","","","","","","NA"
"-80.80","46.63","SUDBURY CLIMATE","6068145","2020-11-20 00:00","2020","11","20","00:00","5.3","","1.7","","77","","0.0","","22","","17","","","","96.98","","","","","","NA"
"-80.80","46.63","SUDBURY CLIMATE","6068145","2020-11-20 01:00","2020","11","20","01:00","5.1","","1.9","","80","","0.0","","21","","16","","","","96.95","","","","","","NA"
"-80.80","46.63","SUDBURY CLIMATE","6068145","2020-11-20 02:00","2020","11","20","02:00","4.4","","1.8","","83","","0.0","","23","","9","","","","96.92","","","","","","NA"
"-80.80","46.63","SUDBURY CLIMATE","6068145","2020-11-20 03:00","2020","11","20","03:00","4.9","","2.8","","86","","0.0","","21","","15","","","","96.94","","","","","","NA"
"-80.80","46.63","SUDBURY CLIMATE","6068145","2020-11-20 04:00","2020","11","20","04:00","4.6","","2.9","","89","","0.0","","21","","13","","","","96.93","","","","","","NA"
"-80.80","46.63","SUDBURY CLIMATE","6068145","2020-11-20 05:00","2020","11","20","05:00","4.7","","3.1","","90","","0.1","","31","","4","","","","97.07","","","","","","NA"
"-80.80","46.63","SUDBURY CLIMATE","6068145","2020-11-20 06:00","2020","11","20","06:00","3.4","","2.6","","95","","0.0","","4","","3","","","","97.07","","","","","","NA"
"-80.80","46.63","SUDBURY CLIMATE","6068145","2020-11-20 07:00","2020","11","20","07:00","2.9","","2.3","","96","","0.0","","17","","9","","","","97.06","","","","","","NA"
"-80.80","46.63","SUDBURY CLIMATE","6068145","2020-11-20 08:00","2020","11","20","08:00","2.9","","2.1","","94","","0.0","","16","","7","","","","97.04","","","","","","NA"
"-80.80","46.63","SUDBURY CLIMATE","6068145","2020-11-20 09:00","2020","11","20","09:00","3.4","","2.7","","96","","0.0","","18","","10","","","","97.08","","","","","","NA"
"-80.80","46.63","SUDBURY CLIMATE","6068145","2020-11-20 10:00","2020","11","20","10:00","2.7","","2.5","","98","","0.0","","25","","3","","","","97.08","","","","","","NA"
"-80.80","46.63","SUDBURY CLIMATE","6068145","2020-11-20 11:00","2020","11","20","11:00","0.8","","0.6","","99","","0.0","","0","","1","","","","97.09","","","","","","NA"
"-80.80","46.63","SUDBURY CLIMATE","6068145","2020-11-20 12:00","2020","11","20","12:00","0.5","","0.3","","99","","0.0","","7","","5","","","","97.08","","","","","","NA"
"-80.80","46.63","SUDBURY CLIMATE","6068145","2020-11-20 13:00","2020","11","20","13:00","0.7","","0.6","","99","","0.0","","14","","8","","","","97.08","","","","","","NA"
"-80.80","46.63","SUDBURY CLIMATE","6068145","2020-11-20 14:00","2020","11","20","14:00","2.5","","2.4","","99","","0.0","","17","","9","","","","97.08","","","","","","NA"
"-80.80","46.63","SUDBURY CLIMATE","6068145","2020-11-20 15:00","2020","11","20","15:00","4.6","","4.3","","98","","0.0","","20","","10","","","","97.04","","","","","","NA"
"-80.80","46.63","SUDBURY CLIMATE","6068145","2020-11-20 16:00","2020","11","20","16:00","7.5","","4.7","","82","","0.0","","24","","13","","","","97.10","","","","","","NA"
"-80.80","46.63","SUDBURY CLIMATE","6068145","2020-11-20 17:00","2020","11","20","17:00","7.5","","4.9","","84","","0.0","","23","","16","","","","97.03","","","","","","NA"
"-80.80","46.63","SUDBURY CLIMATE","6068145","2020-11-20 18:00","2020","11","20","18:00","8.1","","5.6","","84","","0.2","","25","","18","","","","97.09","","","","","","NA"
"-80.80","46.63","SUDBURY CLIMATE","6068145","2020-11-20 19:00","2020","11","20","19:00","8.7","","4.3","","74","","0.0","","27","","18","","","","97.14","","","","","","NA"
"-80.80","46.63","SUDBURY CLIMATE","6068145","2020-11-20 20:00","2020","11","20","20:00","7.1","","2.2","","71","","0.0","","29","","19","","","","97.26","","","","","","NA"
"-80.80","46.63","SUDBURY CLIMATE","6068145","2020-11-20 21:00","2020","11","20","21:00","5.3","","0.1","","69","","0.0","","29","","18","","","","97.49","","","","","","NA"
"-80.80","46.63","SUDBURY CLIMATE","6068145","2020-11-20 22:00","2020","11","20","22:00","4.8","","-0.1","","70","","0.0","","28","","14","","","","97.59","","","","","","NA"
"-80.80","46.63","SUDBURY CLIMATE","6068145","2020-11-20 23:00","2020","11","20","23:00","4.6","","-0.4","","70","","0.0","","27","","13","","","","97.69","","","","","","NA"
"-80.80","46.63","SUDBURY CLIMATE","6068145","2020-11-21 00:00","2020","11","21","00:00","3.3","","-0.4","","76","","0.0","","28","","13","","","","97.78","","","","","","NA"
"-80.80","46.63","SUDBURY CLIMATE","6068145","2020-11-21 01:00","2020","11","21","01:00","2.3","","-1.8","","74","","0.0","","28","","17","","","","97.90","","","","","","NA"
"-80.80","46.63","SUDBURY CLIMATE","6068145","2020-11-21 02:00","2020","11","21","02:00","2.1","","-3.0","","69","","0.0","","29","","12","","","","97.98","","","","","","NA"
"-80.80","46.63","SUDBURY CLIMATE","6068145","2020-11-21 03:00","2020","11","21","03:00","1.0","","-3.3","","73","","0.0","","29","","13","","","","98.08","","","","","","NA"
"-80.80","46.63","SUDBURY CLIMATE","6068145","2020-11-21 04:00","2020","11","21","04:00","0.6","","-4.0","","71","","0.0","","28","","12","","","","98.16","","","","","","NA"
"-80.80","46.63","SUDBURY CLIMATE","6068145","2020-11-21 05:00","2020","11","21","05:00","0.1","","-4.0","","74","","0.0","","28","","8","","","","98.25","","","","","","NA"
"-80.80","46.63","SUDBURY CLIMATE","6068145","2020-11-21 06:00","2020","11","21","06:00","0.0","","-3.2","","79","","0.0","","29","","7","","","","98.33","","","","-2","","NA"
"-80.80","46.63","SUDBURY CLIMATE","6068145","2020-11-21 07:00","2020","11","21","07:00","-0.9","","-2.4","","89","","0.1","","33","","9","","","","98.39","","","","-4","","NA"
"-80.80","46.63","SUDBURY CLIMATE","6068145","2020-11-21 08:00","2020","11","21","08:00","-1.7","","-3.4","","88","","0.1","","1","","15","","","","98.49","","","","-7","","NA"
"-80.80","46.63","SUDBURY CLIMATE","6068145","2020-11-21 09:00","2020","11","21","09:00","-2.4","","-4.3","","87","","0.0","","36","","11","","","","98.58","","","","-6","","NA"
"-80.80","46.63","SUDBURY CLIMATE","6068145","2020-11-21 10:00","2020","11","21","10:00","-3.4","","-7.0","","76","","0.0","","36","","12","","","","98.66","","","","-8","","NA"
"-80.80","46.63","SUDBURY CLIMATE","6068145","2020-11-21 11:00","2020","11","21","11:00","-4.2","","-8.4","","73","","0.0","","35","","10","","","","98.74","","","","-8","","NA"
"-80.80","46.63","SUDBURY CLIMATE","6068145","2020-11-21 12:00","2020","11","21","12:00","-4.6","","-9.0","","71","","0.0","","35","","12","","","","98.82","","","","-9","","NA"
"-80.80","46.63","SUDBURY CLIMATE","6068145","2020-11-21 13:00","2020","11","21","13:00","-4.2","","-8.3","","73","","0.0","","35","","13","","","","98.88","","","","-9","","NA"
"-80.80","46.63","SUDBURY CLIMATE","6068145","2020-11-21 14:00","2020","11","21","14:00","-4.3","","-8.2","","74","","0.0","","34","","8","","","","98.95","","","","-8","","NA"
"-80.80","46.63","SUDBURY CLIMATE","6068145","2020-11-21 15:00","2020","11","21","15:00","-4.4","","-8.2","","75","","0.0","","36","","11","","","","99.00","","","","-9","","NA"
"-80.80","46.63","SUDBURY CLIMATE","6068145","2020-11-21 16:00","2020","11","21","16:00","-4.2","","-9.4","","67","","0.0","","36","","9","","","","99.05","","","","-8","","NA"
"-80.80","46.63","SUDBURY CLIMATE","6068145","2020-11-21 17:00","2020","11","21","17:00","-4.2","","-9.7","","65","","0.0","","35","","4","","","","99.03","","","","-6","","NA"
"-80.80","46.63","SUDBURY CLIMATE","6068145","2020-11-21 18:00","2020","11","21","18:00","-3.1","","-9.0","","64","","0.0","","6","","3","","","","98.98","","","","-4","","NA"
"-80.80","46.63","SUDBURY CLIMATE","6068145","2020-11-21 19:00","2020","11","21","19:00","-3.0","","-8.7","","65","","0.0","","5","","5","","","","98.99","","","","-5","","NA"
"-80.80","46.63","SUDBURY CLIMATE","6068145","2020-11-21 20:00","2020","11","21","20:00","-2.8","","-8.7","","64","","0.0","","16","","3","","","","98.95","","","","-4","","NA"
"-80.80","46.63","SUDBURY CLIMATE","6068145","2020-11-21 21:00","2020","11","21","21:00","-3.0","","-8.5","","66","","0.0","","2","","5","","","","98.96","","","","-5","","NA"
"-80.80","46.63","SUDBURY CLIMATE","6068145","2020-11-21 22:00","2020","11","21","22:00","-3.7","","-8.3","","70","","0.0","","1","","2","","","","99.00","","","","-5","","NA"
"-80.80","46.63","SUDBURY CLIMATE","6068145","2020-11-21 23:00","2020","11","21","23:00","-5.4","","-8.3","","80","","0.0","","","","0","","","","99.02","","","","","","NA"
"-80.80","46.63","SUDBURY CLIMATE","6068145","2020-11-22 00:00","2020","11","22","00:00","-6.0","","-7.9","","87","","0.0","","17","","5","","","","99.04","","","","-8","","NA"
"-80.80","46.63","SUDBURY CLIMATE","6068145","2020-11-22 01:00","2020","11","22","01:00","-5.2","","-8.5","","77","","0.0","","17","","4","","","","99.01","","","","-7","","NA"
"-80.80","46.63","SUDBURY CLIMATE","6068145","2020-11-22 02:00","2020","11","22","02:00","-5.8","","-8.3","","83","","0.0","","17","","7","","","","98.99","","","","-9","","NA"
"-80.80","46.63","SUDBURY CLIMATE","6068145","2020-11-22 03:00","2020","11","22","03:00","-5.1","","-8.1","","79","","0.0","","17","","9","","","","98.97","","","","-9","","NA"
"-80.80","46.63","SUDBURY CLIMATE","6068145","2020-11-22 04:00","2020","11","22","04:00","-4.8","","-8.1","","77","","0.0","","15","","8","","","","98.96","","","","-8","","NA"
"-80.80","46.63","SUDBURY CLIMATE","6068145","2020-11-22 05:00","2020","11","22","05:00","-4.6","","-8.0","","77","","0.0","","16","","8","","","","98.95","","","","-8","","NA"
"-80.80","46.63","SUDBURY CLIMATE","6068145","2020-11-22 06:00","2020","11","22","06:00","-4.4","","-7.8","","77","","0.0","","15","","4","","","","98.96","","","","-6","","NA"
"-80.80","46.63","SUDBURY CLIMATE","6068145","2020-11-22 07:00","2020","11","22","07:00","-4.2","","-7.5","","78","","0.0","","14","","6","","","","98.92","","","","-7","","NA"
"-80.80","46.63","SUDBURY CLIMATE","6068145","2020-11-22 08:00","2020","11","22","08:00","-4.4","","-7.2","","80","","0.0","","16","","8","","","","98.89","","","","-8","","NA"
"-80.80","46.63","SUDBURY CLIMATE","6068145","2020-11-22 09:00","2020","11","22","09:00","-4.8","","-7.4","","82","","0.0","","12","","7","","","","98.79","","","","-8","","NA"
"-80.80","46.63","SUDBURY CLIMATE","6068145","2020-11-22 10:00","2020","11","22","10:00","-4.7","","-7.3","","82","","0.0","","13","","9","","","","98.80","","","","-9","","NA"
"-80.80","46.63","SUDBURY CLIMATE","6068145","2020-11-22 11:00","2020","11","22","11:00","-4.8","","-7.1","","84","","0.0","","16","","6","","","","98.81","","","","-8","","NA"
"-80.80","46.63","SUDBURY CLIMATE","6068145","2020-11-22 12:00","2020","11","22","12:00","-4.3","","-6.9","","82","","0.0","","17","","6","","","","98.82","","","","-7","","NA"
"-80.80","46.63","SUDBURY CLIMATE","6068145","2020-11-22 13:00","2020","11","22","13:00","-4.1","","-6.8","","82","","0.0","","15","","1","","","","98.77","","","","-5","","NA"
"-80.80","46.63","SUDBURY CLIMATE","6068145","2020-11-22 14:00","2020","11","22","14:00","-3.7","","-6.4","","81","","0.0","","13","","5","","","","98.70","","","","-6","","NA"
"-80.80","46.63","SUDBURY CLIMATE","6068145","2020-11-22 15:00","2020","11","22","15:00","-3.1","","-6.0","","80","","0.0","","14","","6","","","","98.67","","","","-6","","NA"
"-80.80","46.63","SUDBURY CLIMATE","6068145","2020-11-22 16:00","2020","11","22","16:00","-2.5","","-5.8","","78","","0.0","","15","","8","","","","98.61","","","","-6","","NA"
"-80.80","46.63","SUDBURY CLIMATE","6068145","2020-11-22 17:00","2020","11","22","17:00","-2.0","","-6.2","","73","","0.0","","16","","9","","","","98.50","","","","-5","","NA"
"-80.80","46.63","SUDBURY CLIMATE","6068145","2020-11-22 18:00","2020","11","22","18:00","-1.5","","-6.1","","70","","0.0","","13","","9","","","","98.37","","","","-5","","NA"
"-80.80","46.63","SUDBURY CLIMATE","6068145","2020-11-22 19:00","2020","11","22","19:00","-1.4","","-6.1","","71","","0.0","","13","","12","","","","98.22","","","","-5","","NA"
"-80.80","46.63","SUDBURY CLIMATE","6068145","2020-11-22 20:00","2020","11","22","20:00","-1.4","","-6.0","","71","","0.0","","12","","12","","","","98.12","","","","-5","","NA"
"-80.80","46.63","SUDBURY CLIMATE","6068145","2020-11-22 21:00","2020","11","22","21:00","-1.5","","-5.7","","73","","0.0","","11","","10","","","","98.04","","","","-5","","NA"
"-80.80","46.63","SUDBURY CLIMATE","6068145","2020-11-22 22:00","2020","11","22","22:00","-1.6","","-5.6","","74","","0.0","","10","","8","","","","97.97","","","","-5","","NA"
"-80.80","46.63","SUDBURY CLIMATE","6068145","2020-11-22 23:00","2020","11","22","23:00","-1.8","","-5.6","","75","","0.0","","8","","7","","","","97.90","","","","-4","","NA"
"-80.80","46.63","SUDBURY CLIMATE","6068145","2020-11-23 00:00","2020","11","23","00:00","-1.8","","-5.9","","74","","0.0","","12","","9","","","","97.84","","","","-5","","NA"
"-80.80","46.63","SUDBURY CLIMATE","6068145","2020-11-23 01:00","2020","11","23","01:00","-2.0","","-6.2","","73","","0.0","","11","","4","","","","97.78","","","","-3","","NA"
"-80.80","46.63","SUDBURY CLIMATE","6068145","2020-11-23 02:00","2020","11","23","02:00","-2.5","","-6.4","","75","","0.0","","5","","4","","","","97.68","","","","-4","","NA"
"-80.80","46.63","SUDBURY CLIMATE","6068145","2020-11-23 03:00","2020","11","23","03:00","-3.1","","-6.2","","79","","0.0","","3","","4","","","","97.61","","","","-5","","NA"
"-80.80","46.63","SUDBURY CLIMATE","6068145","2020-11-23 04:00","2020","11","23","04:00","-3.0","","-6.1","","79","","0.0","","6","","5","","","","97.55","","","","-5","","NA"
"-80.80","46.63","SUDBURY CLIMATE","6068145","2020-11-23 05:00","2020","11","23","05:00","-2.9","","-6.1","","79","","0.0","","9","","6","","","","97.49","","","","-5","","NA"
"-80.80","46.63","SUDBURY CLIMATE","6068145","2020-11-23 06:00","2020","11","23","06:00","-3.4","","-6.6","","79","","0.0","","1","","2","","","","97.44","","","","-4","","NA"
"-80.80","46.63","SUDBURY CLIMATE","6068145","2020-11-23 07:00","2020","11","23","07:00","-3.5","","-5.8","","84","","0.0","","","","0","","","","97.41","","","","","","NA"
"-80.80","46.63","SUDBURY CLIMATE","6068145","2020-11-23 08:00","2020","11","23","08:00","-3.3","","-5.6","","84","","0.0","","28","","2","","","","97.40","","","","-4","","NA"
"-80.80","46.63","SUDBURY CLIMATE","6068145","2020-11-23 09:00","2020","11","23","09:00","-3.4","","-4.9","","89","","0.0","","25","","4","","","","97.39","","","","-5","","NA"
"-80.80","46.63","SUDBURY CLIMATE","6068145","2020-11-23 10:00","2020","11","23","10:00","-3.5","","-4.5","","93","","0.1","","26","","4","","","","97.38","","","","-5","","NA"
"-80.80","46.63","SUDBURY CLIMATE","6068145","2020-11-23 11:00","2020","11","23","11:00","-3.4","","-4.1","","95","","0.3","","25","","7","","","","97.38","","","","-6","","NA"
"-80.80","46.63","SUDBURY CLIMATE","6068145","2020-11-23 12:00","2020","11","23","12:00","-4.3","","-4.9","","96","","0.0","","26","","7","","","","97.40","","","","-7","","NA"
"-80.80","46.63","SUDBURY CLIMATE","6068145","2020-11-23 13:00","2020","11","23","13:00","-4.2","","-4.8","","96","","0.0","","25","","8","","","","97.45","","","","-8","","NA"
"-80.80","46.63","SUDBURY CLIMATE","6068145","2020-11-23 14:00","2020","11","23","14:00","-3.4","","-4.2","","94","","0.0","","25","","5","","","","97.50","","","","-5","","NA"
"-80.80","46.63","SUDBURY CLIMATE","6068145","2020-11-23 15:00","2020","11","23","15:00","-2.2","","-3.1","","93","","0.0","","28","","4","","","","97.51","","","","-4","","NA"
"-80.80","46.63","SUDBURY CLIMATE","6068145","2020-11-23 16:00","2020","11","23","16:00","-1.1","","-2.4","","91","","0.0","","28","","7","","","","97.54","","","","-4","","NA"
"-80.80","46.63","SUDBURY CLIMATE","6068145","2020-11-23 17:00","2020","11","23","17:00","-0.5","","-1.8","","91","","0.0","","28","","6","","","","97.53","","","","-3","","NA"
"-80.80","46.63","SUDBURY CLIMATE","6068145","2020-11-23 18:00","2020","11","23","18:00","-0.4","","-1.4","","93","","0.0","","31","","7","","","","97.55","","","","-3","","NA"
"-80.80","46.63","SUDBURY CLIMATE","6068145","2020-11-23 19:00","2020","11","23","19:00","0.0","","-1.5","","90","","0.0","","35","","9","","","","97.59","","","","-3","","NA"
"-80.80","46.63","SUDBURY CLIMATE","6068145","2020-11-23 20:00","2020","11","23","20:00","-1.3","","-3.5","","85","","0.0","","35","","17","","","","97.70","","","","-6","","NA"
"-80.80","46.63","SUDBURY CLIMATE","6068145","2020-11-23 21:00","2020","11","23","21:00","-3.2","","-6.6","","77","","0.0","","34","","19","","","","97.83","","","","-9","","NA"
"-80.80","46.63","SUDBURY CLIMATE","6068145","2020-11-23 22:00","2020","11","23","22:00","-5.0","","-8.6","","76","","0.0","","35","","19","","","","97.96","","","","-11","","NA"
"-80.80","46.63","SUDBURY CLIMATE","6068145","2020-11-23 23:00","2020","11","23","23:00","-6.2","","-9.4","","78","","0.0","","1","","15","","","","98.09","","","","-12","","NA"
"-80.80","46.63","SUDBURY CLIMATE","6068145","2020-11-24 00:00","2020","11","24","00:00","-7.5","","-10.8","","77","","0.0","","35","","14","","","","98.18","","","","-13","","NA"
"-80.80","46.63","SUDBURY CLIMATE","6068145","2020-11-24 01:00","2020","11","24","01:00","-7.8","","-11.0","","78","","0.0","","35","","14","","","","98.27","","","","-14","","NA"
"-80.80","46.63","SUDBURY CLIMATE","6068145","2020-11-24 02:00","2020","11","24","02:00","-8.7","","-12.1","","77","","0.0","","36","","15","","","","98.30","","","","-15","","NA"
"-80.80","46.63","SUDBURY CLIMATE","6068145","2020-11-24 03:00","2020","11","24","03:00","-9.6","","-12.9","","77","","0.0","","34","","13","","","","98.40","","","","-16","","NA"
"-80.80","46.63","SUDBURY CLIMATE","6068145","2020-11-24 04:00","2020","11","24","04:00","-10.3","","-13.8","","75","","0.0","","1","","13","","","","98.45","","","","-17","","NA"
"-80.80","46.63","SUDBURY CLIMATE","6068145","2020-11-24 05:00","2020","11","24","05:00","-10.9","","-14.4","","76","","0.0","","2","","17","","","","98.47","","","","-18","","NA"
"-80.80","46.63","SUDBURY CLIMATE","6068145","2020-11-24 06:00","2020","11","24","06:00","-11.6","","-14.7","","78","","0.0","","36","","12","","","","98.50","","","","-18","","NA"
"-80.80","46.63","SUDBURY CLIMATE","6068145","2020-11-24 07:00","2020","11","24","07:00","-11.5","","-14.6","","78","","0.0","","1","","13","","","","98.55","","","","-18","","NA"
"-80.80","46.63","SUDBURY CLIMATE","6068145","2020-11-24 08:00","2020","11","24","08:00","-11.8","","-14.7","","79","","0.0","","2","","17","","","","98.58","","","","-19","","NA"
"-80.80","46.63","SUDBURY CLIMATE","6068145","2020-11-24 09:00","2020","11","24","09:00","-11.8","","-14.3","","82","","0.0","","1","","15","","","","98.58","","","","-19","","NA"
"-80.80","46.63","SUDBURY CLIMATE","6068145","2020-11-24 10:00","2020","11","24","10:00","-12.1","","-14.4","","83","","0.0","","4","","20","","","","98.60","","","","-21","","NA"
"-80.80","46.63","SUDBURY CLIMATE","6068145","2020-11-24 11:00","2020","11","24","11:00","-11.9","","-14.1","","84","","0.0","","6","","17","","","","98.65","","","","-20","","NA"
"-80.80","46.63","SUDBURY CLIMATE","6068145","2020-11-24 12:00","2020","11","24","12:00","-12.1","","-14.0","","86","","0.0","","6","","13","","","","98.69","","","","-19","","NA"
"-80.80","46.63","SUDBURY CLIMATE","6068145","2020-11-24 13:00","2020","11","24","13:00","-11.9","","-14.0","","85","","0.0","","9","","10","","","","98.74","","","","-18","","NA"
"-80.80","46.63","SUDBURY CLIMATE","6068145","2020-11-24 14:00","2020","11","24","14:00","-11.5","","-14.0","","82","","0.0","","9","","6","","","","98.79","","","","-15","","NA"
"-80.80","46.63","SUDBURY CLIMATE","6068145","2020-11-24 15:00","2020","11","24","15:00","-10.6","","-13.7","","78","","0.0","","11","","3","","","","98.81","","","","-12","","NA"
"-80.80","46.63","SUDBURY CLIMATE","6068145","2020-11-24 16:00","2020","11","24","16:00","-9.6","","-13.9","","71","","0.0","","10","","12","","","","98.75","","","","-15","","NA"
"-80.80","46.63","SUDBURY CLIMATE","6068145","2020-11-24 17:00","2020","11","24","17:00","-8.5","","-13.0","","70","","0.0","","10","","11","","","","98.61","","","","-14","","NA"
"-80.80","46.63","SUDBURY CLIMATE","6068145","2020-11-24 18:00","2020","11","24","18:00","-8.3","","-13.3","","67","","0.0","","15","","10","","","","98.56","","","","-13","","NA"
"-80.80","46.63","SUDBURY CLIMATE","6068145","2020-11-24 19:00","2020","11","24","19:00","-7.4","","-12.8","","66","","0.0","","10","","9","","","","98.48","","","","-12","","NA"
"-80.80","46.63","SUDBURY CLIMATE","6068145","2020-11-24 20:00","2020","11","24","20:00","-7.0","","-12.8","","63","","0.0","","15","","12","","","","98.45","","","","-12","","NA"
"-80.80","46.63","SUDBURY CLIMATE","6068145","2020-11-24 21:00","2020","11","24","21:00","-6.9","","-12.1","","67","","0.0","","15","","14","","","","98.40","","","","-13","","NA"
"-80.80","46.63","SUDBURY CLIMATE","6068145","2020-11-24 22:00","2020","11","24","22:00","-7.6","","-11.0","","76","","0.0","","12","","10","","","","98.30","","","","-12","","NA"
"-80.80","46.63","SUDBURY CLIMATE","6068145","2020-11-24 23:00","2020","11","24","23:00","-7.6","","-10.5","","80","","0.0","","13","","7","","","","98.33","","","","-11","","NA"
"-80.80","46.63","SUDBURY CLIMATE","6068145","2020-11-25 00:00","2020","11","25","00:00","-7.5","","-10.1","","81","","0.0","","11","","7","","","","98.24","","","","-11","","NA"
"-80.80","46.63","SUDBURY CLIMATE","6068145","2020-11-25 01:00","2020","11","25","01:00","-7.0","","-9.6","","82","","0.0","","11","","12","","","","98.14","","","","-12","","NA"
"-80.80","46.63","SUDBURY CLIMATE","6068145","2020-11-25 02:00","2020","11","25","02:00","-6.7","","-9.4","","81","","0.0","","12","","14","","","","98.04","","","","-12","","NA"
"-80.80","46.63","SUDBURY CLIMATE","6068145","2020-11-25 03:00","2020","11","25","03:00","-6.4","","-8.5","","85","","0.1","","11","","13","","","","97.95","","","","-12","","NA"
"-80.80","46.63","SUDBURY CLIMATE","6068145","2020-11-25 04:00","2020","11","25","04:00","-6.3","","-7.4","","91","","0.8","","13","","19","","","","97.84","","","","-13","","NA"
"-80.80","46.63","SUDBURY CLIMATE","6068145","2020-11-25 05:00","2020","11","25","05:00","-5.4","","-6.4","","92","","0.5","","13","","21","","","","97.76","","","","-12","","NA"
"-80.80","46.63","SUDBURY CLIMATE","6068145","2020-11-25 06:00","2020","11","25","06:00","-4.8","","-5.8","","93","","1.1","","14","","21","","","","97.69","","","","-11","","NA"
"-80.80","46.63","SUDBURY CLIMATE","6068145","2020-11-25 07:00","2020","11","25","07:00","-4.7","","-5.6","","93","","0.8","","14","","21","","","","97.59","","","","-11","","NA"
"-80.80","46.63","SUDBURY CLIMATE","6068145","2020-11-25 08:00","2020","11","25","08:00","-4.4","","-5.3","","93","","0.4","","14","","23","","","","97.49","","","","-11","","NA"
"-80.80","46.63","SUDBURY CLIMATE","6068145","2020-11-25 09:00","2020","11","25","09:00","-4.2","","-5.0","","94","","0.1","","14","","21","","","","97.37","","","","-11","","NA"
"-80.80","46.63","SUDBURY CLIMATE","6068145","2020-11-25 10:00","2020","11","25","10:00","-3.9","","-4.6","","95","","0.1","","15","","22","","","","97.35","","","","-10","","NA"
"-80.80","46.63","SUDBURY CLIMATE","6068145","2020-11-25 11:00","2020","11","25","11:00","-3.8","","-4.5","","95","","0.0","","14","","17","","","","97.32","","","","-10","","NA"
"-80.80","46.63","SUDBURY CLIMATE","6068145","2020-11-25 12:00","2020","11","25","12:00","-3.6","","-4.2","","95","","0.0","","15","","13","","","","97.33","","","","-8","","NA"
"-80.80","46.63","SUDBURY CLIMATE","6068145","2020-11-25 13:00","2020","11","25","13:00","-3.5","","-4.0","","96","","0.0","","14","","14","","","","97.33","","","","-9","","NA"
"-80.80","46.63","SUDBURY CLIMATE","6068145","2020-11-25 14:00","2020","11","25","14:00","-3.1","","-3.6","","96","","0.0","","13","","12","","","","97.34","","","","-8","","NA"
"-80.80","46.63","SUDBURY CLIMATE","6068145","2020-11-25 15:00","2020","11","25","15:00","-2.6","","-3.2","","96","","0.0","","14","","9","","","","97.39","","","","-6","","NA"
"-80.80","46.63","SUDBURY CLIMATE","6068145","2020-11-25 16:00","2020","11","25","16:00","-1.6","","-2.3","","95","","0.0","","15","","22","","","","97.32","","","","-8","","NA"
"-80.80","46.63","SUDBURY CLIMATE","6068145","2020-11-25 17:00","2020","11","25","17:00","-0.9","","-1.6","","95","","0.0","","18","","13","","","","97.29","","","","-5","","NA"
"-80.80","46.63","SUDBURY CLIMATE","6068145","2020-11-25 18:00","2020","11","25","18:00","-0.6","","-1.0","","97","","0.2","","13","","7","","","","97.23","","","","-3","","NA"
"-80.80","46.63","SUDBURY CLIMATE","6068145","2020-11-25 19:00","2020","11","25","19:00","-0.5","","-0.7","","98","","0.2","","15","","9","","","","97.26","","","","-4","","NA"
"-80.80","46.63","SUDBURY CLIMATE","6068145","2020-11-25 20:00","2020","11","25","20:00","-0.4","","-0.6","","98","","0.1","","10","","5","","","","97.28","","","","-2","","NA"
"-80.80","46.63","SUDBURY CLIMATE","6068145","2020-11-25 21:00","2020","11","25","21:00","-0.3","","-0.5","","99","","0.0","","8","","6","","","","97.32","","","","-2","","NA"
"-80.80","46.63","SUDBURY CLIMATE","6068145","2020-11-25 22:00","2020","11","25","22:00","-0.4","","-0.5","","99","","0.0","","8","","11","","","","97.28","","","","-4","","NA"
"-80.80","46.63","SUDBURY CLIMATE","6068145","2020-11-25 23:00","2020","11","25","23:00","-0.3","","-0.4","","99","","0.0","","9","","9","","","","97.31","","","","-3","","NA"
"-80.80","46.63","SUDBURY CLIMATE","6068145","2020-11-26 00:00","2020","11","26","00:00","-0.3","","-0.4","","99","","0.0","","8","","12","","","","97.31","","","","-4","","NA"
"-80.80","46.63","SUDBURY CLIMATE","6068145","2020-11-26 01:00","2020","11","26","01:00","-0.2","","-0.3","","99","","0.0","","7","","11","","","","97.27","","","","-4","","NA"
"-80.80","46.63","SUDBURY CLIMATE","6068145","2020-11-26 02:00","2020","11","26","02:00","0.0","","-0.1","","99","","0.0","","7","","9","","","","97.25","","","","-3","","NA"
"-80.80","46.63","SUDBURY CLIMATE","6068145","2020-11-26 03:00","2020","11","26","03:00","0.0","","0.0","","99","","0.0","","10","","12","","","","97.23","","","","-4","","NA"
"-80.80","46.63","SUDBURY CLIMATE","6068145","2020-11-26 04:00","2020","11","26","04:00","0.1","","0.1","","100","","0.0","","7","","15","","","","97.10","","","","","","NA"
"-80.80","46.63","SUDBURY CLIMATE","6068145","2020-11-26 05:00","2020","11","26","05:00","0.2","","0.2","","100","","0.0","","6","","17","","","","97.00","","","","","","NA"
"-80.80","46.63","SUDBURY CLIMATE","6068145","2020-11-26 06:00","2020","11","26","06:00","0.2","","0.2","","100","","0.4","","6","","15","","","","96.94","","","","","","NA"
"-80.80","46.63","SUDBURY CLIMATE","6068145","2020-11-26 07:00","2020","11","26","07:00","0.2","","0.1","","100","","0.8","","4","","15","","","","96.89","","","","","","NA"
"-80.80","46.63","SUDBURY CLIMATE","6068145","2020-11-26 08:00","2020","11","26","08:00","0.2","","0.2","","100","","0.4","","5","","13","","","","96.88","","","","","","NA"
"-80.80","46.63","SUDBURY CLIMATE","6068145","2020-11-26 09:00","2020","11","26","09:00","0.2","","0.1","","99","","0.2","","5","","13","","","","96.80","","","","","","NA"
"-80.80","46.63","SUDBURY CLIMATE","6068145","2020-11-26 10:00","2020","11","26","10:00","0.2","","0.1","","99","","0.2","","6","","15","","","","96.75","","","","","","NA"
"-80.80","46.63","SUDBURY CLIMATE","6068145","2020-11-26 11:00","2020","11","26","11:00","0.2","","0.1","","99","","0.1","","6","","13","","","","96.73","","","","","","NA"
"-80.80","46.63","SUDBURY CLIMATE","6068145","2020-11-26 12:00","2020","11","26","12:00","0.4","","0.3","","100","","0.1","","5","","14","","","","96.75","","","","","","NA"
"-80.80","46.63","SUDBURY CLIMATE","6068145","2020-11-26 13:00","2020","11","26","13:00","0.4","","0.3","","100","","0.1","","7","","12","","","","96.74","","","","","","NA"
"-80.80","46.63","SUDBURY CLIMATE","6068145","2020-11-26 14:00","2020","11","26","14:00","0.5","","0.4","","100","","0.0","","5","","8","","","","96.75","","","","","","NA"
"-80.80","46.63","SUDBURY CLIMATE","6068145","2020-11-26 15:00","2020","11","26","15:00","0.6","","0.5","","100","","0.0","","7","","5","","","","96.74","","","","","","NA"
"-80.80","46.63","SUDBURY CLIMATE","6068145","2020-11-26 16:00","2020","11","26","16:00","1.1","","1.1","","100","","0.0","","","","0","","","","96.74","","","","","","NA"
"-80.80","46.63","SUDBURY CLIMATE","6068145","2020-11-26 17:00","2020","11","26","17:00","1.2","","1.2","","100","","0.0","","22","","3","","","","96.69","","","","","","NA"
"-80.80","46.63","SUDBURY CLIMATE","6068145","2020-11-26 18:00","2020","11","26","18:00","1.6","","1.5","","100","","0.0","","25","","6","","","","96.71","","","","","","NA"
"-80.80","46.63","SUDBURY CLIMATE","6068145","2020-11-26 19:00","2020","11","26","19:00","1.7","","1.6","","100","","0.0","","25","","9","","","","96.74","","","","","","NA"
"-80.80","46.63","SUDBURY CLIMATE","6068145","2020-11-26 20:00","2020","11","26","20:00","1.7","","1.7","","100","","0.0","","24","","10","","","","96.72","","","","","","NA"
"-80.80","46.63","SUDBURY CLIMATE","6068145","2020-11-26 21:00","2020","11","26","21:00","1.6","","1.6","","100","","0.0","","23","","15","","","","96.81","","","","","","NA"
"-80.80","46.63","SUDBURY CLIMATE","6068145","2020-11-26 22:00","2020","11","26","22:00","1.7","","1.7","","100","","0.0","","24","","16","","","","96.88","","","","","","NA"
"-80.80","46.63","SUDBURY CLIMATE","6068145","2020-11-26 23:00","2020","11","26","23:00","1.4","","1.4","","100","","0.0","","23","","15","","","","96.94","","","","","","NA"
"-80.80","46.63","SUDBURY CLIMATE","6068145","2020-11-27 00:00","2020","11","27","00:00","1.3","","1.2","","99","","0.0","","21","","17","","","","96.99","","","","","","NA"
"-80.80","46.63","SUDBURY CLIMATE","6068145","2020-11-27 01:00","2020","11","27","01:00","1.7","","1.4","","98","","0.0","","21","","18","","","","97.01","","","","","","NA"
"-80.80","46.63","SUDBURY CLIMATE","6068145","2020-11-27 02:00","2020","11","27","02:00","1.8","","1.4","","97","","0.0","","21","","17","","","","97.03","","","","","","NA"
"-80.80","46.63","SUDBURY CLIMATE","6068145","2020-11-27 03:00","2020","11","27","03:00","2.1","","1.7","","97","","0.0","","21","","16","","","","97.07","","","","","","NA"
"-80.80","46.63","SUDBURY CLIMATE","6068145","2020-11-27 04:00","2020","11","27","04:00","2.4","","2.1","","98","","0.0","","23","","17","","","","97.10","","","","","","NA"
"-80.80","46.63","SUDBURY CLIMATE","6068145","2020-11-27 05:00","2020","11","27","05:00","2.4","","1.8","","96","","0.0","","24","","12","","","","97.13","","","","","","NA"
"-80.80","46.63","SUDBURY CLIMATE","6068145","2020-11-27 06:00","2020","11","27","06:00","2.7","","1.3","","90","","0.0","","26","","13","","","","97.17","","","","","","NA"
"-80.80","46.63","SUDBURY CLIMATE","6068145","2020-11-27 07:00","2020","11","27","07:00","2.6","","-0.3","","81","","0.0","","25","","17","","","","97.21","","","","","","NA"
"-80.80","46.63","SUDBURY CLIMATE","6068145","2020-11-27 08:00","2020","11","27","08:00","2.0","","0.0","","87","","0.0","","25","","9","","","","97.27","","","","","","NA"
"-80.80","46.63","SUDBURY CLIMATE","6068145","2020-11-27 09:00","2020","11","27","09:00","1.9","","-0.2","","86","","0.0","","25","","7","","","","97.29","","","","","","NA"
"-80.80","46.63","SUDBURY CLIMATE","6068145","2020-11-27 10:00","2020","11","27","10:00","1.6","","-0.2","","88","","0.0","","31","","2","","","","97.28","","","","","","NA"
"-80.80","46.63","SUDBURY CLIMATE","6068145","2020-11-27 11:00","2020","11","27","11:00","1.0","","-0.2","","92","","0.0","","","","0","","","","97.30","","","","","","NA"
"-80.80","46.63","SUDBURY CLIMATE","6068145","2020-11-27 12:00","2020","11","27","12:00","1.0","","-0.3","","91","","0.0","","0","","1","","","","97.30","","","","","","NA"
"-80.80","46.63","SUDBURY CLIMATE","6068145","2020-11-27 13:00","2020","11","27","13:00","1.3","","-0.2","","90","","0.0","","26","","3","","","","97.34","","","","","","NA"
"-80.80","46.63","SUDBURY CLIMATE","6068145","2020-11-27 14:00","2020","11","27","14:00","1.1","","0.0","","92","","0.0","","24","","5","","","","97.36","","","","","","NA"
"-80.80","46.63","SUDBURY CLIMATE","6068145","2020-11-27 15:00","2020","11","27","15:00","1.3","","0.1","","91","","0.0","","21","","3","","","","97.36","","","","","","NA"
"-80.80","46.63","SUDBURY CLIMATE","6068145","2020-11-27 16:00","2020","11","27","16:00","1.8","","0.3","","90","","0.0","","25","","6","","","","97.35","","","","","","NA"
"-80.80","46.63","SUDBURY CLIMATE","6068145","2020-11-27 17:00","2020","11","27","17:00","2.2","","0.3","","87","","0.0","","23","","6","","","","97.29","","","","","","NA"
"-80.80","46.63","SUDBURY CLIMATE","6068145","2020-11-27 18:00","2020","11","27","18:00","2.7","","-0.5","","79","","0.0","","28","","4","","","","97.23","","","","","","NA"
"-80.80","46.63","SUDBURY CLIMATE","6068145","2020-11-27 19:00","2020","11","27","19:00","2.8","","-1.6","","73","","0.0","","24","","8","","","","97.16","","","","","","NA"
"-80.80","46.63","SUDBURY CLIMATE","6068145","2020-11-27 20:00","2020","11","27","20:00","2.7","","-1.2","","76","","0.0","","23","","12","","","","97.13","","","","","","NA"
"-80.80","46.63","SUDBURY CLIMATE","6068145","2020-11-27 21:00","2020","11","27","21:00","2.3","","-1.8","","74","","0.0","","24","","11","","","","97.15","","","","","","NA"
"-80.80","46.63","SUDBURY CLIMATE","6068145","2020-11-27 22:00","2020","11","27","22:00","1.9","","-1.9","","76","","0.0","","26","","5","","","","97.17","","","","","","NA"
"-80.80","46.63","SUDBURY CLIMATE","6068145","2020-11-27 23:00","2020","11","27","23:00","1.5","","-1.9","","78","","0.0","","28","","3","","","","97.18","","","","","","NA"
"-80.80","46.63","SUDBURY CLIMATE","6068145","2020-11-28 00:00","2020","11","28","00:00","1.0","","-1.6","","83","","0.0","","24","","3","","","","97.18","","","","","","NA"
"-80.80","46.63","SUDBURY CLIMATE","6068145","2020-11-28 01:00","2020","11","28","01:00","0.7","","-1.3","","86","","0.0","","22","","5","","","","97.17","","","","","","NA"
"-80.80","46.63","SUDBURY CLIMATE","6068145","2020-11-28 02:00","2020","11","28","02:00","0.7","","-1.7","","84","","0.0","","22","","3","","","","97.15","","","","","","NA"
"-80.80","46.63","SUDBURY CLIMATE","6068145","2020-11-28 03:00","2020","11","28","03:00","0.1","","-1.6","","88","","0.0","","","","0","","","","97.09","","","","","","NA"
"-80.80","46.63","SUDBURY CLIMATE","6068145","2020-11-28 04:00","2020","11","28","04:00","0.1","","-1.3","","90","","0.0","","23","","8","","","","97.04","","","","","","NA"
"-80.80","46.63","SUDBURY CLIMATE","6068145","2020-11-28 05:00","2020","11","28","05:00","-0.1","","-1.1","","93","","0.0","","23","","5","","","","97.02","","","","-2","","NA"
"-80.80","46.63","SUDBURY CLIMATE","6068145","2020-11-28 06:00","2020","11","28","06:00","0.0","","-0.9","","94","","0.0","","24","","4","","","","96.98","","","","-1","","NA"
"-80.80","46.63","SUDBURY CLIMATE","6068145","2020-11-28 07:00","2020","11","28","07:00","-0.2","","-0.9","","95","","0.0","","24","","6","","","","96.98","","","","-2","","NA"
"-80.80","46.63","SUDBURY CLIMATE","6068145","2020-11-28 08:00","2020","11","28","08:00","-0.2","","-0.7","","97","","0.0","","27","","5","","","","96.99","","","","-2","","NA"
"-80.80","46.63","SUDBURY CLIMATE","6068145","2020-11-28 09:00","2020","11","28","09:00","-0.2","","-1.0","","94","","0.0","","26","","8","","","","96.99","","","","-3","","NA"
"-80.80","46.63","SUDBURY CLIMATE","6068145","2020-11-28 10:00","2020","11","28","10:00","-1.0","","-1.8","","94","","0.0","","25","","9","","","","96.97","","","","-4","","NA"
"-80.80","46.63","SUDBURY CLIMATE","6068145","2020-11-28 11:00","2020","11","28","11:00","-1.9","","-2.6","","95","","0.0","","25","","6","","","","96.99","","","","-4","","NA"
"-80.80","46.63","SUDBURY CLIMATE","6068145","2020-11-28 12:00","2020","11","28","12:00","-2.5","","-3.0","","97","","0.0","","26","","4","","","","97.03","","","","-4","","NA"
"-80.80","46.63","SUDBURY CLIMATE","6068145","2020-11-28 13:00","2020","11","28","13:00","-2.3","","-3.2","","94","","0.0","","23","","10","","","","96.99","","","","-6","","NA"
"-80.80","46.63","SUDBURY CLIMATE","6068145","2020-11-28 14:00","2020","11","28","14:00","-1.5","","-2.2","","95","","0.0","","22","","16","","","","97.05","","","","-6","","NA"
"-80.80","46.63","SUDBURY CLIMATE","6068145","2020-11-28 15:00","2020","11","28","15:00","-1.0","","-3.3","","84","","0.0","","24","","19","","","","97.03","","","","-6","","NA"
"-80.80","46.63","SUDBURY CLIMATE","6068145","2020-11-28 16:00","2020","11","28","16:00","-0.4","","-3.2","","82","","0.0","","23","","21","","","","96.95","","","","-6","","NA"
"-80.80","46.63","SUDBURY CLIMATE","6068145","2020-11-28 17:00","2020","11","28","17:00","0.3","","-1.8","","86","","0.0","","22","","21","","","","96.90","","","","","","NA"
"-80.80","46.63","SUDBURY CLIMATE","6068145","2020-11-28 18:00","2020","11","28","18:00","1.3","","-1.4","","82","","0.0","","23","","24","","","","96.85","","","","","","NA"
"-80.80","46.63","SUDBURY CLIMATE","6068145","2020-11-28 19:00","2020","11","28","19:00","2.0","","-1.6","","77","","0.0","","25","","18","","","","96.81","","","","","","NA"
"-80.80","46.63","SUDBURY CLIMATE","6068145","2020-11-28 20:00","2020","11","28","20:00","2.2","","-1.1","","79","","0.0","","24","","23","","","","96.77","","","","","","NA"
"-80.80","46.63","SUDBURY CLIMATE","6068145","2020-11-28 21:00","2020","11","28","21:00","2.7","","-0.5","","80","","0.0","","24","","24","","","","96.78","","","","","","NA"
"-80.80","46.63","SUDBURY CLIMATE","6068145","2020-11-28 22:00","2020","11","28","22:00","2.8","","-0.2","","80","","0.0","","25","","15","","","","96.80","","","","","","NA"
"-80.80","46.63","SUDBURY CLIMATE","6068145","2020-11-28 23:00","2020","11","28","23:00","2.0","","-0.3","","84","","0.0","","21","","5","","","","96.83","","","","","","NA"
"-80.80","46.63","SUDBURY CLIMATE","6068145","2020-11-29 00:00","2020","11","29","00:00","1.7","","-0.5","","85","","0.0","","19","","8","","","","96.84","","","","","","NA"
"-80.80","46.63","SUDBURY CLIMATE","6068145","2020-11-29 01:00","2020","11","29","01:00","1.5","","-0.5","","86","","0.0","","19","","10","","","","96.81","","","","","","NA"
"-80.80","46.63","SUDBURY CLIMATE","6068145","2020-11-29 02:00","2020","11","29","02:00","1.4","","-0.6","","86","","0.0","","22","","12","","","","96.86","","","","","","NA"
"-80.80","46.63","SUDBURY CLIMATE","6068145","2020-11-29 03:00","2020","11","29","03:00","1.5","","-0.7","","86","","0.0","","29","","5","","","","96.93","","","","","","NA"
"-80.80","46.63","SUDBURY CLIMATE","6068145","2020-11-29 04:00","2020","11","29","04:00","1.1","","-0.4","","90","","0.0","","34","","2","","","","96.90","","","","","","NA"
"-80.80","46.63","SUDBURY CLIMATE","6068145","2020-11-29 05:00","2020","11","29","05:00","0.5","","-1.0","","90","","0.0","","0","","1","","","","96.92","","","","","","NA"
"-80.80","46.63","SUDBURY CLIMATE","6068145","2020-11-29 06:00","2020","11","29","06:00","-0.1","","-1.6","","89","","0.0","","","","0","","","","96.93","","","","","","NA"
"-80.80","46.63","SUDBURY CLIMATE","6068145","2020-11-29 07:00","2020","11","29","07:00","-0.3","","-1.0","","95","","0.0","","21","","11","","","","96.98","","","","-4","","NA"
"-80.80","46.63","SUDBURY CLIMATE","6068145","2020-11-29 08:00","2020","11","29","08:00","-0.4","","-0.9","","96","","0.0","","18","","6","","","","96.97","","","","-2","","NA"
"-80.80","46.63","SUDBURY CLIMATE","6068145","2020-11-29 09:00","2020","11","29","09:00","-1.2","","-2.0","","95","","0.0","","18","","5","","","","96.95","","","","-3","","NA"
"-80.80","46.63","SUDBURY CLIMATE","6068145","2020-11-29 10:00","2020","11","29","10:00","-1.5","","-2.9","","91","","0.0","","18","","9","","","","96.93","","","","-5","","NA"
"-80.80","46.63","SUDBURY CLIMATE","6068145","2020-11-29 11:00","2020","11","29","11:00","-1.3","","-3.0","","88","","0.0","","18","","10","","","","96.97","","","","-5","","NA"
"-80.80","46.63","SUDBURY CLIMATE","6068145","2020-11-29 12:00","2020","11","29","12:00","-0.6","","-1.6","","93","","0.0","","17","","11","","","","96.98","","","","-4","","NA"
"-80.80","46.63","SUDBURY CLIMATE","6068145","2020-11-29 13:00","2020","11","29","13:00","-0.1","","-0.7","","96","","0.0","","16","","13","","","","96.97","","","","-4","","NA"
"-80.80","46.63","SUDBURY CLIMATE","6068145","2020-11-29 14:00","2020","11","29","14:00","0.5","","0.1","","97","","0.0","","16","","13","","","","96.96","","","","","","NA"
"-80.80","46.63","SUDBURY CLIMATE","6068145","2020-11-29 15:00","2020","11","29","15:00","1.3","","1.2","","99","","0.0","","16","","14","","","","96.91","","","","","","NA"
"-80.80","46.63","SUDBURY CLIMATE","6068145","2020-11-29 16:00","2020","11","29","16:00","1.7","","1.6","","99","","0.0","","17","","11","","","","96.93","","","","","","NA"
"-80.80","46.63","SUDBURY CLIMATE","6068145","2020-11-29 17:00","2020","11","29","17:00","3.2","","2.8","","97","","0.0","","17","","12","","","","96.83","","","","","","NA"
"-80.80","46.63","SUDBURY CLIMATE","6068145","2020-11-29 18:00","2020","11","29","18:00","4.5","","2.9","","89","","0.0","","20","","19","","","","96.80","","","","","","NA"
"-80.80","46.63","SUDBURY CLIMATE","6068145","2020-11-29 19:00","2020","11","29","19:00","5.1","","3.0","","86","","0.0","","20","","12","","","","96.79","","","","","","NA"
"-80.80","46.63","SUDBURY CLIMATE","6068145","2020-11-29 20:00","2020","11","29","20:00","5.5","","2.5","","81","","0.0","","18","","16","","","","96.72","","","","","","NA"
"-80.80","46.63","SUDBURY CLIMATE","6068145","2020-11-29 21:00","2020","11","29","21:00","4.6","","2.3","","85","","0.0","","19","","16","","","","96.73","","","","","","NA"
"-80.80","46.63","SUDBURY CLIMATE","6068145","2020-11-29 22:00","2020","11","29","22:00","4.5","","2.4","","87","","0.0","","19","","20","","","","96.76","","","","","","NA"
"-80.80","46.63","SUDBURY CLIMATE","6068145","2020-11-29 23:00","2020","11","29","23:00","4.2","","2.5","","89","","0.0","","19","","17","","","","96.77","","","","","","NA"
"-80.80","46.63","SUDBURY CLIMATE","6068145","2020-11-30 00:00","2020","11","30","00:00","4.1","","2.5","","90","","0.0","","18","","17","","","","96.77","","","","","","NA"
"-80.80","46.63","SUDBURY CLIMATE","6068145","2020-11-30 01:00","2020","11","30","01:00","3.6","","2.5","","92","","0.0","","18","","12","","","","96.72","","","","","","NA"
"-80.80","46.63","SUDBURY CLIMATE","6068145","2020-11-30 02:00","2020","11","30","02:00","3.2","","2.5","","96","","0.0","","17","","10","","","","96.70","","","","","","NA"
"-80.80","46.63","SUDBURY CLIMATE","6068145","2020-11-30 03:00","2020","11","30","03:00","2.5","","2.1","","97","","0.0","","16","","11","","","","96.66","","","","","","NA"
"-80.80","46.63","SUDBURY CLIMATE","6068145","2020-11-30 04:00","2020","11","30","04:00","2.0","","1.8","","99","","0.0","","19","","5","","","","96.68","","","","","","NA"
"-80.80","46.63","SUDBURY CLIMATE","6068145","2020-11-30 05:00","2020","11","30","05:00","2.4","","2.3","","99","","0.0","","20","","4","","","","96.65","","","","","","NA"
"-80.80","46.63","SUDBURY CLIMATE","6068145","2020-11-30 06:00","2020","11","30","06:00","1.7","","1.5","","99","","0.0","","22","","7","","","","96.61","","","","","","NA"
"-80.80","46.63","SUDBURY CLIMATE","6068145","2020-11-30 07:00","2020","11","30","07:00","1.6","","1.5","","99","","0.0","","29","","2","","","","96.61","","","","","","NA"
"-80.80","46.63","SUDBURY CLIMATE","6068145","2020-11-30 08:00","2020","11","30","08:00","2.3","","2.2","","99","","0.0","","33","","4","","","","96.67","","","","","","NA"
"-80.80","46.63","SUDBURY CLIMATE","6068145","2020-11-30 09:00","2020","11","30","09:00","1.8","","1.7","","99","","0.0","","35","","15","","","","96.66","","","","","","NA"
"-80.80","46.63","SUDBURY CLIMATE","6068145","2020-11-30 10:00","2020","11","30","10:00","0.2","","-0.2","","97","","0.0","","36","","16","","","","96.65","","","","","","NA"
"-80.80","46.63","SUDBURY CLIMATE","6068145","2020-11-30 11:00","2020","11","30","11:00","-0.5","","-1.8","","91","","0.0","","36","","13","","","","96.72","","","","-5","","NA"
"-80.80","46.63","SUDBURY CLIMATE","6068145","2020-11-30 12:00","2020","11","30","12:00","-1.3","","-2.8","","89","","0.0","","36","","19","","","","96.75","","","","-7","","NA"
"-80.80","46.63","SUDBURY CLIMATE","6068145","2020-11-30 13:00","2020","11","30","13:00","-1.3","","-3.3","","86","","0.0","","36","","16","","","","96.80","","","","-6","","NA"
"-80.80","46.63","SUDBURY CLIMATE","6068145","2020-11-30 14:00","2020","11","30","14:00","-1.5","","-3.3","","88","","0.0","","1","","24","","","","96.80","","","","-8","","NA"
"-80.80","46.63","SUDBURY CLIMATE","6068145","2020-11-30 15:00","2020","11","30","15:00","-1.7","","-3.1","","90","","0.0","","2","","23","","","","96.82","","","","-8","","NA"
"-80.80","46.63","SUDBURY CLIMATE","6068145","2020-11-30 16:00","2020","11","30","16:00","-2.1","","-4.1","","86","","0.0","","1","","29","","","","96.81","","","","-9","","NA"
"-80.80","46.63","SUDBURY CLIMATE","6068145","2020-11-30 17:00","2020","11","30","17:00","-2.6","","-4.8","","85","","0.0","","2","","31","","","","96.79","","","","-10","","NA"
"-80.80","46.63","SUDBURY CLIMATE","6068145","2020-11-30 18:00","2020","11","30","18:00","-2.8","","-5.4","","82","","0.0","","2","","30","","","","96.72","","","","-10","","NA"
"-80.80","46.63","SUDBURY CLIMATE","6068145","2020-11-30 19:00","2020","11","30","19:00","-3.0","","-5.6","","82","","0.0","","2","","31","","","","96.66","","","","-11","","NA"
"-80.80","46.63","SUDBURY CLIMATE","6068145","2020-11-30 20:00","2020","11","30","20:00","-3.1","","-6.1","","80","","0.0","","2","","34","","","","96.62","","","","-11","","NA"
"-80.80","46.63","SUDBURY CLIMATE","6068145","2020-11-30 21:00","2020","11","30","21:00","-3.3","","-6.3","","80","","0.0","","1","","33","","","","96.66","","","","-11","","NA"
"-80.80","46.63","SUDBURY CLIMATE","6068145","2020-11-30 22:00","2020","11","30","22:00","-3.9","","-6.7","","81","","0.0","","1","","32","","","","96.65","","","","-12","","NA"
"-80.80","46.63","SUDBURY CLIMATE","6068145","2020-11-30 23:00","2020","11","30","23:00","-4.3","","-7.1","","81","","0.0","","1","","36","","","","96.63","","","","-13","","NA"
