"Longitude (x)","Latitude (y)","Station Name","Climate ID","Date/Time (UTC)","Year","Month","Day","Time (UTC)","Temp (°C)","Temp Flag","Dew Point Temp (°C)","Dew Point Temp Flag","Rel Hum (%)","Rel Hum Flag","Precip. Amount (mm)","Precip. Amount Flag","Wind Dir (10s deg)","Wind Dir Flag","Wind Spd (km/h)","Wind Spd Flag","Visibility (km)","Visibility Flag","Stn Press (kPa)","Stn Press Flag","Hmdx","Hmdx Flag","Wind Chill","Wind Chill Flag","Weather"
"-80.80","46.63","SUDBURY CLIMATE","6068145","2020-04-01 00:00","2020","04","01","00:00","2.7","","0.4","","84","","0.0","","3","","19","","","","97.73","","","","","","NA"
"-80.80","46.63","SUDBURY CLIMATE","6068145","2020-04-01 01:00","2020","04","01","01:00","2.5","","0.5","","86","","0.0","","3","","14","","","","97.73","","","","","","NA"
"-80.80","46.63","SUDBURY CLIMATE","6068145","2020-04-01 02:00","2020","04","01","02:00","2.3","","0.2","","86","","0.0","","2","","13","","","","97.73","","","","","","NA"
"-80.80","46.63","SUDBURY CLIMATE","6068145","2020-04-01 03:00","2020","04","01","03:00","2.2","","0.0","","85","","0.0","","2","","15","","","","97.71","","","","","","NA"
"-80.80","46.63","SUDBURY CLIMATE","6068145","2020-04-01 04:00","2020","04","01","04:00","2.0","","-0.1","","86","","0.0","","1","","13","","","","97.66","","","","","","NA"
"-80.80","46.63","SUDBURY CLIMATE","6068145","2020-04-01 05:00","2020","04","01","05:00","1.4","","-0.9","","85","","0.0","","1","","14","","","","97.62","","","","","","NA"
"-80.80","46.63","SUDBURY CLIMATE","6068145","2020-04-01 06:00","2020","04","01","06:00","0.3","","-2.0","","84","","0.0","","1","","12","","","","97.58","","","","","","NA"
"-80.80","46.63","SUDBURY CLIMATE","6068145","2020-04-01 07:00","2020","04","01","07:00","-0.3","","-3.2","","81","","0.0","","1","","12","","","","97.54","","","","-4","","NA"
"-80.80","46.63","SUDBURY CLIMATE","6068145","2020-04-01 08:00","2020","04","01","08:00","-1.0","","-4.2","","78","","0.0","","36","","13","","","","97.49","","","","-5","","NA"
"-80.80","46.63","SUDBURY CLIMATE","6068145","2020-04-01 09:00","2020","04","01","09:00","-1.7","","-5.1","","77","","0.0","","1","","12","","","","97.50","","","","-6","","NA"
"-80.80","46.63","SUDBURY CLIMATE","6068145","2020-04-01 10:00","2020","04","01","10:00","-1.7","","-5.6","","74","","0.0","","36","","12","","","","97.49","","","","-6","","NA"
"-80.80","46.63","SUDBURY CLIMATE","6068145","2020-04-01 11:00","2020","04","01","11:00","-2.3","","-6.0","","76","","0.0","","36","","12","","","","97.52","","","","-7","","NA"
"-80.80","46.63","SUDBURY CLIMATE","6068145","2020-04-01 12:00","2020","04","01","12:00","-2.2","","-6.3","","73","","0.0","","36","","12","","","","97.53","","","","-6","","NA"
"-80.80","46.63","SUDBURY CLIMATE","6068145","2020-04-01 13:00","2020","04","01","13:00","0.4","","-6.1","","62","","0.0","","1","","15","","","","97.51","","","","","","NA"
"-80.80","46.63","SUDBURY CLIMATE","6068145","2020-04-01 14:00","2020","04","01","14:00","2.7","","-6.3","","51","","0.0","","2","","14","","","","97.50","","","","","","NA"
"-80.80","46.63","SUDBURY CLIMATE","6068145","2020-04-01 15:00","2020","04","01","15:00","4.1","","-4.9","","52","","0.0","","5","","10","","","","97.48","","","","","","NA"
"-80.80","46.63","SUDBURY CLIMATE","6068145","2020-04-01 16:00","2020","04","01","16:00","7.1","","-9.2","","30","","0.0","","1","","10","","","","97.42","","","","","","NA"
"-80.80","46.63","SUDBURY CLIMATE","6068145","2020-04-01 17:00","2020","04","01","17:00","6.8","","-8.8","","32","","0.0","","2","","16","","","","97.37","","","","","","NA"
"-80.80","46.63","SUDBURY CLIMATE","6068145","2020-04-01 18:00","2020","04","01","18:00","7.3","","-8.6","","31","","0.0","","3","","12","","","","97.32","","","","","","NA"
"-80.80","46.63","SUDBURY CLIMATE","6068145","2020-04-01 19:00","2020","04","01","19:00","7.7","","-8.9","","30","","0.0","","2","","18","","","","97.28","","","","","","NA"
"-80.80","46.63","SUDBURY CLIMATE","6068145","2020-04-01 20:00","2020","04","01","20:00","7.4","","-7.9","","33","","0.0","","3","","16","","","","97.27","","","","","","NA"
"-80.80","46.63","SUDBURY CLIMATE","6068145","2020-04-01 21:00","2020","04","01","21:00","7.5","","-7.1","","35","","0.0","","4","","14","","","","97.29","","","","","","NA"
"-80.80","46.63","SUDBURY CLIMATE","6068145","2020-04-01 22:00","2020","04","01","22:00","7.6","","-6.4","","36","","0.0","","1","","12","","","","97.29","","","","","","NA"
"-80.80","46.63","SUDBURY CLIMATE","6068145","2020-04-01 23:00","2020","04","01","23:00","7.1","","-6.5","","37","","0.0","","36","","5","","","","97.30","","","","","","NA"
"-80.80","46.63","SUDBURY CLIMATE","6068145","2020-04-02 00:00","2020","04","02","00:00","5.6","","-5.8","","44","","0.0","","2","","6","","","","97.33","","","","","","NA"
"-80.80","46.63","SUDBURY CLIMATE","6068145","2020-04-02 01:00","2020","04","02","01:00","4.5","","-5.9","","47","","0.0","","36","","8","","","","97.38","","","","","","NA"
"-80.80","46.63","SUDBURY CLIMATE","6068145","2020-04-02 02:00","2020","04","02","02:00","3.9","","-5.8","","49","","0.0","","2","","9","","","","97.42","","","","","","NA"
"-80.80","46.63","SUDBURY CLIMATE","6068145","2020-04-02 03:00","2020","04","02","03:00","3.4","","-5.9","","50","","0.0","","1","","6","","","","97.41","","","","","","NA"
"-80.80","46.63","SUDBURY CLIMATE","6068145","2020-04-02 04:00","2020","04","02","04:00","0.8","","-6.7","","57","","0.0","","1","","6","","","","97.41","","","","","","NA"
"-80.80","46.63","SUDBURY CLIMATE","6068145","2020-04-02 05:00","2020","04","02","05:00","0.7","","-7.0","","56","","0.0","","30","","7","","","","97.42","","","","","","NA"
"-80.80","46.63","SUDBURY CLIMATE","6068145","2020-04-02 06:00","2020","04","02","06:00","-0.5","","-6.5","","64","","0.0","","31","","6","","","","97.42","","","","-3","","NA"
"-80.80","46.63","SUDBURY CLIMATE","6068145","2020-04-02 07:00","2020","04","02","07:00","-0.6","","-6.5","","65","","0.0","","29","","8","","","","97.44","","","","-3","","NA"
"-80.80","46.63","SUDBURY CLIMATE","6068145","2020-04-02 08:00","2020","04","02","08:00","-1.0","","-6.1","","68","","0.0","","29","","8","","","","97.43","","","","-4","","NA"
"-80.80","46.63","SUDBURY CLIMATE","6068145","2020-04-02 09:00","2020","04","02","09:00","-1.8","","-6.2","","72","","0.0","","30","","9","","","","97.46","","","","-5","","NA"
"-80.80","46.63","SUDBURY CLIMATE","6068145","2020-04-02 10:00","2020","04","02","10:00","-0.8","","-6.1","","68","","0.0","","32","","10","","","","97.49","","","","-4","","NA"
"-80.80","46.63","SUDBURY CLIMATE","6068145","2020-04-02 11:00","2020","04","02","11:00","-1.9","","-6.6","","70","","0.0","","33","","3","","","","97.52","","","","-3","","NA"
"-80.80","46.63","SUDBURY CLIMATE","6068145","2020-04-02 12:00","2020","04","02","12:00","-1.3","","-6.4","","68","","0.0","","34","","5","","","","97.57","","","","-3","","NA"
"-80.80","46.63","SUDBURY CLIMATE","6068145","2020-04-02 13:00","2020","04","02","13:00","1.1","","-5.8","","60","","0.0","","32","","13","","","","97.59","","","","","","NA"
"-80.80","46.63","SUDBURY CLIMATE","6068145","2020-04-02 14:00","2020","04","02","14:00","2.8","","-5.3","","55","","0.0","","35","","15","","","","97.59","","","","","","NA"
"-80.80","46.63","SUDBURY CLIMATE","6068145","2020-04-02 15:00","2020","04","02","15:00","3.5","","-5.0","","54","","0.0","","2","","17","","","","97.59","","","","","","NA"
"-80.80","46.63","SUDBURY CLIMATE","6068145","2020-04-02 16:00","2020","04","02","16:00","4.8","","-5.7","","46","","0.0","","35","","14","","","","97.57","","","","","","NA"
"-80.80","46.63","SUDBURY CLIMATE","6068145","2020-04-02 17:00","2020","04","02","17:00","4.8","","-4.7","","50","","0.0","","3","","16","","","","97.57","","","","","","NA"
"-80.80","46.63","SUDBURY CLIMATE","6068145","2020-04-02 18:00","2020","04","02","18:00","6.2","","-6.3","","40","","0.0","","33","","13","","","","97.56","","","","","","NA"
"-80.80","46.63","SUDBURY CLIMATE","6068145","2020-04-02 19:00","2020","04","02","19:00","7.3","","-5.8","","39","","0.0","","33","","19","","","","97.53","","","","","","NA"
"-80.80","46.63","SUDBURY CLIMATE","6068145","2020-04-02 20:00","2020","04","02","20:00","7.2","","-4.8","","42","","0.0","","1","","19","","","","97.51","","","","","","NA"
"-80.80","46.63","SUDBURY CLIMATE","6068145","2020-04-02 21:00","2020","04","02","21:00","6.8","","-4.4","","45","","0.0","","1","","21","","","","97.49","","","","","","NA"
"-80.80","46.63","SUDBURY CLIMATE","6068145","2020-04-02 22:00","2020","04","02","22:00","6.3","","-4.0","","48","","0.0","","1","","21","","","","97.51","","","","","","NA"
"-80.80","46.63","SUDBURY CLIMATE","6068145","2020-04-02 23:00","2020","04","02","23:00","5.0","","-3.3","","55","","0.0","","1","","17","","","","97.58","","","","","","NA"
"-80.80","46.63","SUDBURY CLIMATE","6068145","2020-04-03 00:00","2020","04","03","00:00","3.3","","-3.2","","62","","0.0","","3","","18","","","","97.62","","","","","","NA"
"-80.80","46.63","SUDBURY CLIMATE","6068145","2020-04-03 01:00","2020","04","03","01:00","1.8","","-3.3","","69","","0.0","","3","","18","","","","97.74","","","","","","NA"
"-80.80","46.63","SUDBURY CLIMATE","6068145","2020-04-03 02:00","2020","04","03","02:00","0.9","","-3.5","","73","","0.0","","3","","15","","","","97.74","","","","","","NA"
"-80.80","46.63","SUDBURY CLIMATE","6068145","2020-04-03 03:00","2020","04","03","03:00","1.3","","-3.0","","73","","0.0","","2","","14","","","","97.76","","","","","","NA"
"-80.80","46.63","SUDBURY CLIMATE","6068145","2020-04-03 04:00","2020","04","03","04:00","1.7","","-3.4","","69","","0.0","","3","","24","","","","97.75","","","","","","NA"
"-80.80","46.63","SUDBURY CLIMATE","6068145","2020-04-03 05:00","2020","04","03","05:00","1.5","","-3.3","","71","","0.0","","2","","17","","","","97.74","","","","","","NA"
"-80.80","46.63","SUDBURY CLIMATE","6068145","2020-04-03 06:00","2020","04","03","06:00","1.5","","-3.4","","70","","0.0","","34","","8","","","","97.71","","","","","","NA"
"-80.80","46.63","SUDBURY CLIMATE","6068145","2020-04-03 07:00","2020","04","03","07:00","1.4","","-3.3","","71","","0.0","","36","","11","","","","97.67","","","","","","NA"
"-80.80","46.63","SUDBURY CLIMATE","6068145","2020-04-03 08:00","2020","04","03","08:00","1.1","","-3.2","","73","","0.0","","36","","14","","","","97.65","","","","","","NA"
"-80.80","46.63","SUDBURY CLIMATE","6068145","2020-04-03 09:00","2020","04","03","09:00","0.9","","-3.0","","75","","0.0","","1","","16","","","","97.68","","","","","","NA"
"-80.80","46.63","SUDBURY CLIMATE","6068145","2020-04-03 10:00","2020","04","03","10:00","0.7","","-2.7","","78","","0.0","","1","","16","","","","97.70","","","","","","NA"
"-80.80","46.63","SUDBURY CLIMATE","6068145","2020-04-03 11:00","2020","04","03","11:00","0.0","","-2.8","","82","","0.0","","1","","17","","","","97.73","","","","-5","","NA"
"-80.80","46.63","SUDBURY CLIMATE","6068145","2020-04-03 12:00","2020","04","03","12:00","0.1","","-2.5","","83","","0.0","","1","","18","","","","97.75","","","","","","NA"
"-80.80","46.63","SUDBURY CLIMATE","6068145","2020-04-03 13:00","2020","04","03","13:00","1.0","","-2.1","","80","","0.0","","1","","22","","","","97.75","","","","","","NA"
"-80.80","46.63","SUDBURY CLIMATE","6068145","2020-04-03 14:00","2020","04","03","14:00","2.7","","-1.8","","72","","0.0","","3","","22","","","","97.76","","","","","","NA"
"-80.80","46.63","SUDBURY CLIMATE","6068145","2020-04-03 15:00","2020","04","03","15:00","3.4","","-1.4","","71","","0.0","","4","","25","","","","97.76","","","","","","NA"
"-80.80","46.63","SUDBURY CLIMATE","6068145","2020-04-03 16:00","2020","04","03","16:00","3.7","","-1.2","","70","","0.0","","3","","19","","","","97.76","","","","","","NA"
"-80.80","46.63","SUDBURY CLIMATE","6068145","2020-04-03 17:00","2020","04","03","17:00","3.9","","-1.3","","69","","0.0","","3","","19","","","","97.73","","","","","","NA"
"-80.80","46.63","SUDBURY CLIMATE","6068145","2020-04-03 18:00","2020","04","03","18:00","4.9","","-1.0","","66","","0.0","","2","","15","","","","97.71","","","","","","NA"
"-80.80","46.63","SUDBURY CLIMATE","6068145","2020-04-03 19:00","2020","04","03","19:00","5.1","","-0.6","","67","","0.0","","5","","15","","","","97.67","","","","","","NA"
"-80.80","46.63","SUDBURY CLIMATE","6068145","2020-04-03 20:00","2020","04","03","20:00","5.9","","-0.2","","65","","0.0","","4","","11","","","","97.65","","","","","","NA"
"-80.80","46.63","SUDBURY CLIMATE","6068145","2020-04-03 21:00","2020","04","03","21:00","6.8","","0.3","","63","","0.0","","3","","6","","","","97.64","","","","","","NA"
"-80.80","46.63","SUDBURY CLIMATE","6068145","2020-04-03 22:00","2020","04","03","22:00","7.5","","0.7","","62","","0.0","","36","","6","","","","97.62","","","","","","NA"
"-80.80","46.63","SUDBURY CLIMATE","6068145","2020-04-03 23:00","2020","04","03","23:00","7.8","","0.8","","62","","0.0","","2","","6","","","","97.64","","","","","","NA"
"-80.80","46.63","SUDBURY CLIMATE","6068145","2020-04-04 00:00","2020","04","04","00:00","6.6","","0.7","","66","","0.0","","4","","6","","","","97.64","","","","","","NA"
"-80.80","46.63","SUDBURY CLIMATE","6068145","2020-04-04 01:00","2020","04","04","01:00","4.1","","0.6","","78","","0.0","","3","","2","","","","97.68","","","","","","NA"
"-80.80","46.63","SUDBURY CLIMATE","6068145","2020-04-04 02:00","2020","04","04","02:00","5.0","","1.1","","76","","0.0","","12","","11","","","","97.69","","","","","","NA"
"-80.80","46.63","SUDBURY CLIMATE","6068145","2020-04-04 03:00","2020","04","04","03:00","4.9","","1.6","","79","","0.0","","10","","7","","","","97.68","","","","","","NA"
"-80.80","46.63","SUDBURY CLIMATE","6068145","2020-04-04 04:00","2020","04","04","04:00","4.4","","1.3","","80","","0.0","","13","","2","","","","97.68","","","","","","NA"
"-80.80","46.63","SUDBURY CLIMATE","6068145","2020-04-04 05:00","2020","04","04","05:00","3.4","","1.1","","85","","0.0","","36","","5","","","","97.65","","","","","","NA"
"-80.80","46.63","SUDBURY CLIMATE","6068145","2020-04-04 06:00","2020","04","04","06:00","2.0","","0.1","","87","","0.0","","7","","7","","","","97.61","","","","","","NA"
"-80.80","46.63","SUDBURY CLIMATE","6068145","2020-04-04 07:00","2020","04","04","07:00","2.1","","0.4","","89","","0.0","","3","","6","","","","97.59","","","","","","NA"
"-80.80","46.63","SUDBURY CLIMATE","6068145","2020-04-04 08:00","2020","04","04","08:00","1.9","","0.2","","89","","0.0","","","","0","","","","97.55","","","","","","NA"
"-80.80","46.63","SUDBURY CLIMATE","6068145","2020-04-04 09:00","2020","04","04","09:00","2.2","","0.5","","89","","0.0","","14","","7","","","","97.54","","","","","","NA"
"-80.80","46.63","SUDBURY CLIMATE","6068145","2020-04-04 10:00","2020","04","04","10:00","1.1","","0.3","","94","","0.0","","29","","8","","","","97.55","","","","","","NA"
"-80.80","46.63","SUDBURY CLIMATE","6068145","2020-04-04 11:00","2020","04","04","11:00","0.4","","-0.5","","94","","0.0","","28","","5","","","","97.57","","","","","","NA"
"-80.80","46.63","SUDBURY CLIMATE","6068145","2020-04-04 12:00","2020","04","04","12:00","1.9","","0.6","","91","","0.0","","","","0","","","","97.62","","","","","","NA"
"-80.80","46.63","SUDBURY CLIMATE","6068145","2020-04-04 13:00","2020","04","04","13:00","3.2","","0.8","","84","","0.0","","5","","3","","","","97.62","","","","","","NA"
"-80.80","46.63","SUDBURY CLIMATE","6068145","2020-04-04 14:00","2020","04","04","14:00","5.6","","1.9","","77","","0.0","","24","","5","","","","97.63","","","","","","NA"
"-80.80","46.63","SUDBURY CLIMATE","6068145","2020-04-04 15:00","2020","04","04","15:00","6.9","","2.5","","73","","0.0","","26","","5","","","","97.62","","","","","","NA"
"-80.80","46.63","SUDBURY CLIMATE","6068145","2020-04-04 16:00","2020","04","04","16:00","7.1","","2.6","","73","","0.0","","21","","7","","","","97.57","","","","","","NA"
"-80.80","46.63","SUDBURY CLIMATE","6068145","2020-04-04 17:00","2020","04","04","17:00","7.4","","2.1","","69","","0.0","","21","","12","","","","97.50","","","","","","NA"
"-80.80","46.63","SUDBURY CLIMATE","6068145","2020-04-04 18:00","2020","04","04","18:00","7.1","","2.5","","72","","0.0","","22","","14","","","","97.46","","","","","","NA"
"-80.80","46.63","SUDBURY CLIMATE","6068145","2020-04-04 19:00","2020","04","04","19:00","8.7","","2.7","","66","","0.0","","23","","14","","","","97.41","","","","","","NA"
"-80.80","46.63","SUDBURY CLIMATE","6068145","2020-04-04 20:00","2020","04","04","20:00","6.9","","2.1","","71","","0.0","","22","","14","","","","97.36","","","","","","NA"
"-80.80","46.63","SUDBURY CLIMATE","6068145","2020-04-04 21:00","2020","04","04","21:00","8.3","","3.0","","69","","0.0","","23","","13","","","","97.32","","","","","","NA"
"-80.80","46.63","SUDBURY CLIMATE","6068145","2020-04-04 22:00","2020","04","04","22:00","8.0","","3.2","","72","","0.0","","25","","7","","","","97.32","","","","","","NA"
"-80.80","46.63","SUDBURY CLIMATE","6068145","2020-04-04 23:00","2020","04","04","23:00","6.4","","3.9","","84","","0.0","","23","","9","","","","97.34","","","","","","NA"
"-80.80","46.63","SUDBURY CLIMATE","6068145","2020-04-05 00:00","2020","04","05","00:00","5.7","","4.1","","89","","0.0","","24","","7","","","","97.34","","","","","","NA"
"-80.80","46.63","SUDBURY CLIMATE","6068145","2020-04-05 01:00","2020","04","05","01:00","5.1","","4.4","","95","","0.0","","25","","5","","","","97.35","","","","","","NA"
"-80.80","46.63","SUDBURY CLIMATE","6068145","2020-04-05 02:00","2020","04","05","02:00","4.7","","4.2","","97","","0.0","","25","","7","","","","97.32","","","","","","NA"
"-80.80","46.63","SUDBURY CLIMATE","6068145","2020-04-05 03:00","2020","04","05","03:00","4.4","","4.1","","98","","0.0","","25","","6","","","","97.33","","","","","","NA"
"-80.80","46.63","SUDBURY CLIMATE","6068145","2020-04-05 04:00","2020","04","05","04:00","3.8","","3.6","","98","","0.0","","26","","6","","","","97.36","","","","","","NA"
"-80.80","46.63","SUDBURY CLIMATE","6068145","2020-04-05 05:00","2020","04","05","05:00","3.8","","3.6","","99","","0.2","","28","","6","","","","97.39","","","","","","NA"
"-80.80","46.63","SUDBURY CLIMATE","6068145","2020-04-05 06:00","2020","04","05","06:00","3.4","","3.1","","98","","0.0","","32","","12","","","","97.40","","","","","","NA"
"-80.80","46.63","SUDBURY CLIMATE","6068145","2020-04-05 07:00","2020","04","05","07:00","2.6","","1.6","","93","","0.0","","33","","10","","","","97.44","","","","","","NA"
"-80.80","46.63","SUDBURY CLIMATE","6068145","2020-04-05 08:00","2020","04","05","08:00","2.3","","1.2","","92","","0.0","","34","","8","","","","97.48","","","","","","NA"
"-80.80","46.63","SUDBURY CLIMATE","6068145","2020-04-05 09:00","2020","04","05","09:00","2.1","","1.1","","93","","0.0","","34","","7","","","","97.49","","","","","","NA"
"-80.80","46.63","SUDBURY CLIMATE","6068145","2020-04-05 10:00","2020","04","05","10:00","1.4","","-0.1","","90","","0.0","","33","","12","","","","97.56","","","","","","NA"
"-80.80","46.63","SUDBURY CLIMATE","6068145","2020-04-05 11:00","2020","04","05","11:00","0.4","","-0.4","","94","","0.0","","34","","11","","","","97.64","","","","","","NA"
"-80.80","46.63","SUDBURY CLIMATE","6068145","2020-04-05 12:00","2020","04","05","12:00","0.5","","-1.4","","87","","0.0","","34","","13","","","","97.71","","","","","","NA"
"-80.80","46.63","SUDBURY CLIMATE","6068145","2020-04-05 13:00","2020","04","05","13:00","-0.2","","-1.8","","89","","0.0","","36","","13","","","","97.79","","","","-4","","NA"
"-80.80","46.63","SUDBURY CLIMATE","6068145","2020-04-05 14:00","2020","04","05","14:00","-0.1","","-4.1","","74","","0.0","","31","","16","","","","97.85","","","","-5","","NA"
"-80.80","46.63","SUDBURY CLIMATE","6068145","2020-04-05 15:00","2020","04","05","15:00","0.8","","-4.1","","69","","0.0","","31","","12","","","","97.86","","","","","","NA"
"-80.80","46.63","SUDBURY CLIMATE","6068145","2020-04-05 16:00","2020","04","05","16:00","1.4","","-4.8","","64","","0.0","","1","","12","","","","97.84","","","","","","NA"
"-80.80","46.63","SUDBURY CLIMATE","6068145","2020-04-05 17:00","2020","04","05","17:00","2.1","","-4.4","","62","","0.0","","4","","8","","","","97.82","","","","","","NA"
"-80.80","46.63","SUDBURY CLIMATE","6068145","2020-04-05 18:00","2020","04","05","18:00","4.1","","-6.9","","44","","0.0","","31","","9","","","","97.78","","","","","","NA"
"-80.80","46.63","SUDBURY CLIMATE","6068145","2020-04-05 19:00","2020","04","05","19:00","5.4","","-6.3","","42","","0.0","","26","","8","","","","97.75","","","","","","NA"
"-80.80","46.63","SUDBURY CLIMATE","6068145","2020-04-05 20:00","2020","04","05","20:00","6.6","","-7.2","","37","","0.0","","32","","9","","","","97.70","","","","","","NA"
"-80.80","46.63","SUDBURY CLIMATE","6068145","2020-04-05 21:00","2020","04","05","21:00","7.8","","-9.1","","29","","0.0","","31","","12","","","","97.69","","","","","","NA"
"-80.80","46.63","SUDBURY CLIMATE","6068145","2020-04-05 22:00","2020","04","05","22:00","8.2","","-9.3","","28","","0.0","","30","","9","","","","97.71","","","","","","NA"
"-80.80","46.63","SUDBURY CLIMATE","6068145","2020-04-05 23:00","2020","04","05","23:00","8.2","","-10.8","","25","","0.0","","31","","9","","","","97.72","","","","","","NA"
"-80.80","46.63","SUDBURY CLIMATE","6068145","2020-04-06 00:00","2020","04","06","00:00","6.3","","-10.5","","29","","0.0","","31","","5","","","","97.73","","","","","","NA"
"-80.80","46.63","SUDBURY CLIMATE","6068145","2020-04-06 01:00","2020","04","06","01:00","3.9","","-10.5","","34","","0.0","","27","","6","","","","97.75","","","","","","NA"
"-80.80","46.63","SUDBURY CLIMATE","6068145","2020-04-06 02:00","2020","04","06","02:00","1.9","","-7.0","","52","","0.0","","24","","10","","","","97.77","","","","","","NA"
"-80.80","46.63","SUDBURY CLIMATE","6068145","2020-04-06 03:00","2020","04","06","03:00","1.7","","-5.0","","61","","0.0","","25","","8","","","","97.75","","","","","","NA"
"-80.80","46.63","SUDBURY CLIMATE","6068145","2020-04-06 04:00","2020","04","06","04:00","0.7","","-5.2","","65","","0.0","","25","","7","","","","97.74","","","","","","NA"
"-80.80","46.63","SUDBURY CLIMATE","6068145","2020-04-06 05:00","2020","04","06","05:00","0.4","","-4.8","","68","","0.0","","26","","8","","","","97.73","","","","","","NA"
"-80.80","46.63","SUDBURY CLIMATE","6068145","2020-04-06 06:00","2020","04","06","06:00","0.1","","-5.0","","69","","0.0","","28","","8","","","","97.71","","","","","","NA"
"-80.80","46.63","SUDBURY CLIMATE","6068145","2020-04-06 07:00","2020","04","06","07:00","-0.8","","-5.3","","72","","0.0","","28","","6","","","","97.68","","","","-3","","NA"
"-80.80","46.63","SUDBURY CLIMATE","6068145","2020-04-06 08:00","2020","04","06","08:00","-1.7","","-5.1","","78","","0.0","","28","","7","","","","97.66","","","","-4","","NA"
"-80.80","46.63","SUDBURY CLIMATE","6068145","2020-04-06 09:00","2020","04","06","09:00","-2.2","","-5.9","","76","","0.0","","30","","10","","","","97.67","","","","-6","","NA"
"-80.80","46.63","SUDBURY CLIMATE","6068145","2020-04-06 10:00","2020","04","06","10:00","-2.7","","-6.3","","77","","0.0","","29","","7","","","","97.67","","","","-6","","NA"
"-80.80","46.63","SUDBURY CLIMATE","6068145","2020-04-06 11:00","2020","04","06","11:00","-3.4","","-6.7","","78","","0.0","","28","","7","","","","97.69","","","","-6","","NA"
"-80.80","46.63","SUDBURY CLIMATE","6068145","2020-04-06 12:00","2020","04","06","12:00","-1.7","","-8.0","","62","","0.0","","30","","7","","","","97.74","","","","-4","","NA"
"-80.80","46.63","SUDBURY CLIMATE","6068145","2020-04-06 13:00","2020","04","06","13:00","0.6","","-7.2","","56","","0.0","","28","","6","","","","97.74","","","","","","NA"
"-80.80","46.63","SUDBURY CLIMATE","6068145","2020-04-06 14:00","2020","04","06","14:00","3.0","","-9.0","","41","","0.0","","30","","6","","","","97.74","","","","","","NA"
"-80.80","46.63","SUDBURY CLIMATE","6068145","2020-04-06 15:00","2020","04","06","15:00","5.3","","-11.0","","30","","0.0","","23","","7","","","","97.69","","","","","","NA"
"-80.80","46.63","SUDBURY CLIMATE","6068145","2020-04-06 16:00","2020","04","06","16:00","7.5","","-10.2","","27","","0.0","","25","","7","","","","97.61","","","","","","NA"
"-80.80","46.63","SUDBURY CLIMATE","6068145","2020-04-06 17:00","2020","04","06","17:00","8.1","","-10.8","","25","","0.0","","25","","12","","","","97.56","","","","","","NA"
"-80.80","46.63","SUDBURY CLIMATE","6068145","2020-04-06 18:00","2020","04","06","18:00","7.3","","-6.4","","37","","0.0","","22","","17","","","","97.48","","","","","","NA"
"-80.80","46.63","SUDBURY CLIMATE","6068145","2020-04-06 19:00","2020","04","06","19:00","8.2","","-5.2","","38","","0.0","","23","","17","","","","97.39","","","","","","NA"
"-80.80","46.63","SUDBURY CLIMATE","6068145","2020-04-06 20:00","2020","04","06","20:00","9.2","","-6.2","","33","","0.0","","24","","17","","","","97.30","","","","","","NA"
"-80.80","46.63","SUDBURY CLIMATE","6068145","2020-04-06 21:00","2020","04","06","21:00","9.0","","-6.2","","33","","0.0","","24","","18","","","","97.26","","","","","","NA"
"-80.80","46.63","SUDBURY CLIMATE","6068145","2020-04-06 22:00","2020","04","06","22:00","7.6","","-3.4","","45","","0.0","","21","","15","","","","97.24","","","","","","NA"
"-80.80","46.63","SUDBURY CLIMATE","6068145","2020-04-06 23:00","2020","04","06","23:00","6.6","","-3.3","","49","","0.0","","22","","14","","","","97.25","","","","","","NA"
"-80.80","46.63","SUDBURY CLIMATE","6068145","2020-04-07 00:00","2020","04","07","00:00","4.8","","-3.4","","55","","0.0","","22","","12","","","","97.25","","","","","","NA"
"-80.80","46.63","SUDBURY CLIMATE","6068145","2020-04-07 01:00","2020","04","07","01:00","5.5","","-4.8","","48","","0.0","","25","","6","","","","97.27","","","","","","NA"
"-80.80","46.63","SUDBURY CLIMATE","6068145","2020-04-07 02:00","2020","04","07","02:00","4.1","","-4.9","","52","","0.0","","27","","7","","","","97.29","","","","","","NA"
"-80.80","46.63","SUDBURY CLIMATE","6068145","2020-04-07 03:00","2020","04","07","03:00","3.2","","-4.8","","56","","0.0","","28","","7","","","","97.29","","","","","","NA"
"-80.80","46.63","SUDBURY CLIMATE","6068145","2020-04-07 04:00","2020","04","07","04:00","1.7","","-4.9","","62","","0.0","","28","","8","","","","97.31","","","","","","NA"
"-80.80","46.63","SUDBURY CLIMATE","6068145","2020-04-07 05:00","2020","04","07","05:00","1.7","","-5.2","","60","","0.0","","29","","9","","","","97.29","","","","","","NA"
"-80.80","46.63","SUDBURY CLIMATE","6068145","2020-04-07 06:00","2020","04","07","06:00","1.0","","-5.2","","63","","0.0","","28","","8","","","","97.27","","","","","","NA"
"-80.80","46.63","SUDBURY CLIMATE","6068145","2020-04-07 07:00","2020","04","07","07:00","-1.3","","-6.2","","69","","0.0","","30","","9","","","","97.24","","","","-5","","NA"
"-80.80","46.63","SUDBURY CLIMATE","6068145","2020-04-07 08:00","2020","04","07","08:00","-1.3","","-8.4","","58","","0.0","","32","","7","","","","97.23","","","","-4","","NA"
"-80.80","46.63","SUDBURY CLIMATE","6068145","2020-04-07 09:00","2020","04","07","09:00","-1.4","","-8.4","","59","","0.0","","3","","11","","","","97.17","","","","-5","","NA"
"-80.80","46.63","SUDBURY CLIMATE","6068145","2020-04-07 10:00","2020","04","07","10:00","-2.9","","-6.8","","74","","0.0","","4","","13","","","","97.15","","","","-8","","NA"
"-80.80","46.63","SUDBURY CLIMATE","6068145","2020-04-07 11:00","2020","04","07","11:00","-2.4","","-7.6","","67","","0.0","","2","","11","","","","97.20","","","","-6","","NA"
"-80.80","46.63","SUDBURY CLIMATE","6068145","2020-04-07 12:00","2020","04","07","12:00","-1.2","","-6.9","","65","","0.0","","3","","13","","","","97.19","","","","-5","","NA"
"-80.80","46.63","SUDBURY CLIMATE","6068145","2020-04-07 13:00","2020","04","07","13:00","-0.3","","-7.2","","60","","0.0","","4","","11","","","","97.16","","","","-4","","NA"
"-80.80","46.63","SUDBURY CLIMATE","6068145","2020-04-07 14:00","2020","04","07","14:00","0.8","","-6.3","","59","","0.0","","4","","8","","","","97.20","","","","","","NA"
"-80.80","46.63","SUDBURY CLIMATE","6068145","2020-04-07 15:00","2020","04","07","15:00","4.3","","-6.3","","46","","0.0","","7","","6","","","","97.15","","","","","","NA"
"-80.80","46.63","SUDBURY CLIMATE","6068145","2020-04-07 16:00","2020","04","07","16:00","6.7","","-7.4","","36","","0.0","","11","","11","","","","97.04","","","","","","NA"
"-80.80","46.63","SUDBURY CLIMATE","6068145","2020-04-07 17:00","2020","04","07","17:00","8.5","","-9.3","","27","","0.0","","15","","6","","","","96.95","","","","","","NA"
"-80.80","46.63","SUDBURY CLIMATE","6068145","2020-04-07 18:00","2020","04","07","18:00","9.7","","-9.1","","25","","0.0","","15","","9","","","","96.84","","","","","","NA"
"-80.80","46.63","SUDBURY CLIMATE","6068145","2020-04-07 19:00","2020","04","07","19:00","10.1","","-7.9","","27","","0.0","","16","","12","","","","96.74","","","","","","NA"
"-80.80","46.63","SUDBURY CLIMATE","6068145","2020-04-07 20:00","2020","04","07","20:00","9.0","","-5.7","","35","","0.0","","20","","16","","","","96.64","","","","","","NA"
"-80.80","46.63","SUDBURY CLIMATE","6068145","2020-04-07 21:00","2020","04","07","21:00","8.5","","-4.9","","38","","0.0","","21","","15","","","","96.55","","","","","","NA"
"-80.80","46.63","SUDBURY CLIMATE","6068145","2020-04-07 22:00","2020","04","07","22:00","7.6","","-4.2","","43","","0.0","","20","","13","","","","96.51","","","","","","NA"
"-80.80","46.63","SUDBURY CLIMATE","6068145","2020-04-07 23:00","2020","04","07","23:00","6.2","","-2.2","","55","","0.0","","23","","21","","","","96.53","","","","","","NA"
"-80.80","46.63","SUDBURY CLIMATE","6068145","2020-04-08 00:00","2020","04","08","00:00","3.8","","0.9","","82","","0.0","","22","","22","","","","96.45","","","","","","NA"
"-80.80","46.63","SUDBURY CLIMATE","6068145","2020-04-08 01:00","2020","04","08","01:00","3.0","","1.4","","89","","0.0","","22","","16","","","","96.46","","","","","","NA"
"-80.80","46.63","SUDBURY CLIMATE","6068145","2020-04-08 02:00","2020","04","08","02:00","2.5","","1.8","","95","","0.0","","22","","7","","","","96.43","","","","","","NA"
"-80.80","46.63","SUDBURY CLIMATE","6068145","2020-04-08 03:00","2020","04","08","03:00","3.2","","2.3","","94","","0.7","","14","","6","","","","96.35","","","","","","NA"
"-80.80","46.63","SUDBURY CLIMATE","6068145","2020-04-08 04:00","2020","04","08","04:00","2.7","","2.1","","96","","0.4","","8","","6","","","","96.30","","","","","","NA"
"-80.80","46.63","SUDBURY CLIMATE","6068145","2020-04-08 05:00","2020","04","08","05:00","2.2","","1.6","","96","","0.3","","7","","5","","","","96.27","","","","","","NA"
"-80.80","46.63","SUDBURY CLIMATE","6068145","2020-04-08 06:00","2020","04","08","06:00","1.8","","1.6","","99","","0.7","","4","","3","","","","96.27","","","","","","NA"
"-80.80","46.63","SUDBURY CLIMATE","6068145","2020-04-08 07:00","2020","04","08","07:00","1.8","","1.6","","99","","0.3","","0","","1","","","","96.23","","","","","","NA"
"-80.80","46.63","SUDBURY CLIMATE","6068145","2020-04-08 08:00","2020","04","08","08:00","1.6","","1.5","","99","","0.0","","3","","9","","","","96.19","","","","","","NA"
"-80.80","46.63","SUDBURY CLIMATE","6068145","2020-04-08 09:00","2020","04","08","09:00","1.4","","1.3","","99","","0.2","","4","","9","","","","96.15","","","","","","NA"
"-80.80","46.63","SUDBURY CLIMATE","6068145","2020-04-08 10:00","2020","04","08","10:00","1.4","","1.3","","100","","0.0","","5","","11","","","","96.13","","","","","","NA"
"-80.80","46.63","SUDBURY CLIMATE","6068145","2020-04-08 11:00","2020","04","08","11:00","1.7","","1.6","","100","","0.2","","7","","10","","","","96.11","","","","","","NA"
"-80.80","46.63","SUDBURY CLIMATE","6068145","2020-04-08 12:00","2020","04","08","12:00","1.7","","1.7","","100","","0.0","","8","","9","","","","96.13","","","","","","NA"
"-80.80","46.63","SUDBURY CLIMATE","6068145","2020-04-08 13:00","2020","04","08","13:00","1.9","","1.8","","99","","0.0","","9","","8","","","","96.13","","","","","","NA"
"-80.80","46.63","SUDBURY CLIMATE","6068145","2020-04-08 14:00","2020","04","08","14:00","2.1","","1.9","","99","","0.2","","10","","6","","","","96.13","","","","","","NA"
"-80.80","46.63","SUDBURY CLIMATE","6068145","2020-04-08 15:00","2020","04","08","15:00","2.4","","2.0","","97","","0.0","","11","","10","","","","96.14","","","","","","NA"
"-80.80","46.63","SUDBURY CLIMATE","6068145","2020-04-08 16:00","2020","04","08","16:00","2.7","","1.9","","94","","0.0","","14","","10","","","","96.14","","","","","","NA"
"-80.80","46.63","SUDBURY CLIMATE","6068145","2020-04-08 17:00","2020","04","08","17:00","3.1","","2.7","","97","","0.0","","16","","11","","","","96.09","","","","","","NA"
"-80.80","46.63","SUDBURY CLIMATE","6068145","2020-04-08 18:00","2020","04","08","18:00","3.5","","3.2","","98","","0.0","","21","","11","","","","96.10","","","","","","NA"
"-80.80","46.63","SUDBURY CLIMATE","6068145","2020-04-08 19:00","2020","04","08","19:00","4.1","","3.1","","93","","0.0","","25","","9","","","","96.08","","","","","","NA"
"-80.80","46.63","SUDBURY CLIMATE","6068145","2020-04-08 20:00","2020","04","08","20:00","4.3","","3.2","","92","","0.0","","24","","13","","","","96.03","","","","","","NA"
"-80.80","46.63","SUDBURY CLIMATE","6068145","2020-04-08 21:00","2020","04","08","21:00","4.6","","3.2","","91","","0.0","","26","","8","","","","96.02","","","","","","NA"
"-80.80","46.63","SUDBURY CLIMATE","6068145","2020-04-08 22:00","2020","04","08","22:00","6.3","","1.6","","72","","0.0","","28","","9","","","","96.00","","","","","","NA"
"-80.80","46.63","SUDBURY CLIMATE","6068145","2020-04-08 23:00","2020","04","08","23:00","6.5","","2.0","","73","","0.0","","25","","9","","","","95.96","","","","","","NA"
"-80.80","46.63","SUDBURY CLIMATE","6068145","2020-04-09 00:00","2020","04","09","00:00","3.7","","1.2","","83","","0.0","","21","","11","","","","95.89","","","","","","NA"
"-80.80","46.63","SUDBURY CLIMATE","6068145","2020-04-09 01:00","2020","04","09","01:00","3.7","","1.2","","84","","0.0","","20","","18","","","","95.88","","","","","","NA"
"-80.80","46.63","SUDBURY CLIMATE","6068145","2020-04-09 02:00","2020","04","09","02:00","2.9","","1.4","","90","","0.0","","23","","11","","","","95.86","","","","","","NA"
"-80.80","46.63","SUDBURY CLIMATE","6068145","2020-04-09 03:00","2020","04","09","03:00","3.1","","1.2","","87","","0.0","","25","","6","","","","95.76","","","","","","NA"
"-80.80","46.63","SUDBURY CLIMATE","6068145","2020-04-09 04:00","2020","04","09","04:00","4.3","","-1.5","","66","","0.0","","26","","13","","","","95.73","","","","","","NA"
"-80.80","46.63","SUDBURY CLIMATE","6068145","2020-04-09 05:00","2020","04","09","05:00","3.9","","-2.0","","65","","0.0","","25","","13","","","","95.61","","","","","","NA"
"-80.80","46.63","SUDBURY CLIMATE","6068145","2020-04-09 06:00","2020","04","09","06:00","2.3","","-1.6","","75","","0.0","","22","","11","","","","95.52","","","","","","NA"
"-80.80","46.63","SUDBURY CLIMATE","6068145","2020-04-09 07:00","2020","04","09","07:00","1.4","","-0.5","","87","","0.0","","23","","13","","","","95.43","","","","","","NA"
"-80.80","46.63","SUDBURY CLIMATE","6068145","2020-04-09 08:00","2020","04","09","08:00","0.9","","-1.2","","86","","0.0","","24","","11","","","","95.33","","","","","","NA"
"-80.80","46.63","SUDBURY CLIMATE","6068145","2020-04-09 09:00","2020","04","09","09:00","0.8","","-3.3","","74","","0.0","","25","","14","","","","95.28","","","","","","NA"
"-80.80","46.63","SUDBURY CLIMATE","6068145","2020-04-09 10:00","2020","04","09","10:00","-0.4","","-3.8","","78","","0.0","","27","","13","","","","95.21","","","","-5","","NA"
"-80.80","46.63","SUDBURY CLIMATE","6068145","2020-04-09 11:00","2020","04","09","11:00","-0.9","","-4.3","","78","","0.0","","28","","10","","","","95.21","","","","-4","","NA"
"-80.80","46.63","SUDBURY CLIMATE","6068145","2020-04-09 12:00","2020","04","09","12:00","-0.2","","-4.1","","75","","0.0","","27","","12","","","","95.20","","","","-4","","NA"
"-80.80","46.63","SUDBURY CLIMATE","6068145","2020-04-09 13:00","2020","04","09","13:00","1.2","","-3.7","","70","","0.0","","26","","14","","","","95.15","","","","","","NA"
"-80.80","46.63","SUDBURY CLIMATE","6068145","2020-04-09 14:00","2020","04","09","14:00","1.2","","-3.6","","70","","0.0","","29","","14","","","","95.12","","","","","","NA"
"-80.80","46.63","SUDBURY CLIMATE","6068145","2020-04-09 15:00","2020","04","09","15:00","1.8","","-3.6","","68","","0.0","","29","","12","","","","95.10","","","","","","NA"
"-80.80","46.63","SUDBURY CLIMATE","6068145","2020-04-09 16:00","2020","04","09","16:00","2.5","","-4.0","","62","","0.0","","27","","18","","","","95.07","","","","","","NA"
"-80.80","46.63","SUDBURY CLIMATE","6068145","2020-04-09 17:00","2020","04","09","17:00","2.5","","-4.8","","58","","0.0","","28","","19","","","","95.07","","","","","","NA"
"-80.80","46.63","SUDBURY CLIMATE","6068145","2020-04-09 18:00","2020","04","09","18:00","3.2","","-4.5","","57","","0.0","","28","","17","","","","95.05","","","","","","NA"
"-80.80","46.63","SUDBURY CLIMATE","6068145","2020-04-09 19:00","2020","04","09","19:00","3.7","","-4.7","","54","","0.0","","28","","16","","","","95.03","","","","","","NA"
"-80.80","46.63","SUDBURY CLIMATE","6068145","2020-04-09 20:00","2020","04","09","20:00","1.3","","-1.2","","83","","0.2","","29","","15","","","","95.06","","","","","","NA"
"-80.80","46.63","SUDBURY CLIMATE","6068145","2020-04-09 21:00","2020","04","09","21:00","1.3","","-2.5","","76","","0.0","","30","","23","","","","95.10","","","","","","NA"
"-80.80","46.63","SUDBURY CLIMATE","6068145","2020-04-09 22:00","2020","04","09","22:00","0.7","","-1.6","","84","","0.0","","30","","19","","","","95.15","","","","","","NA"
"-80.80","46.63","SUDBURY CLIMATE","6068145","2020-04-09 23:00","2020","04","09","23:00","0.6","","-3.7","","73","","0.2","","32","","19","","","","95.17","","","","","","NA"
"-80.80","46.63","SUDBURY CLIMATE","6068145","2020-04-10 00:00","2020","04","10","00:00","-0.2","","-3.7","","77","","0.0","","33","","15","","","","95.27","","","","-5","","NA"
"-80.80","46.63","SUDBURY CLIMATE","6068145","2020-04-10 01:00","2020","04","10","01:00","-0.8","","-3.1","","84","","0.0","","32","","15","","","","95.31","","","","-5","","NA"
"-80.80","46.63","SUDBURY CLIMATE","6068145","2020-04-10 02:00","2020","04","10","02:00","-0.8","","-4.2","","78","","0.0","","33","","22","","","","95.34","","","","-7","","NA"
"-80.80","46.63","SUDBURY CLIMATE","6068145","2020-04-10 03:00","2020","04","10","03:00","-1.2","","-3.6","","84","","0.0","","32","","20","","","","95.37","","","","-7","","NA"
"-80.80","46.63","SUDBURY CLIMATE","6068145","2020-04-10 04:00","2020","04","10","04:00","-1.1","","-4.1","","80","","0.0","","33","","22","","","","95.38","","","","-7","","NA"
"-80.80","46.63","SUDBURY CLIMATE","6068145","2020-04-10 05:00","2020","04","10","05:00","-1.4","","-4.6","","79","","0.0","","33","","26","","","","95.42","","","","-8","","NA"
"-80.80","46.63","SUDBURY CLIMATE","6068145","2020-04-10 06:00","2020","04","10","06:00","-1.8","","-4.9","","80","","0.0","","33","","21","","","","95.46","","","","-8","","NA"
"-80.80","46.63","SUDBURY CLIMATE","6068145","2020-04-10 07:00","2020","04","10","07:00","-2.1","","-4.8","","82","","0.0","","33","","20","","","","95.53","","","","-8","","NA"
"-80.80","46.63","SUDBURY CLIMATE","6068145","2020-04-10 08:00","2020","04","10","08:00","-2.4","","-4.8","","84","","0.0","","33","","19","","","","95.59","","","","-8","","NA"
"-80.80","46.63","SUDBURY CLIMATE","6068145","2020-04-10 09:00","2020","04","10","09:00","-2.4","","-5.6","","79","","0.0","","32","","20","","","","95.70","","","","-8","","NA"
"-80.80","46.63","SUDBURY CLIMATE","6068145","2020-04-10 10:00","2020","04","10","10:00","-2.8","","-6.2","","78","","0.0","","33","","22","","","","95.79","","","","-9","","NA"
"-80.80","46.63","SUDBURY CLIMATE","6068145","2020-04-10 11:00","2020","04","10","11:00","-3.3","","-6.6","","78","","0.0","","32","","23","","","","95.88","","","","-10","","NA"
"-80.80","46.63","SUDBURY CLIMATE","6068145","2020-04-10 12:00","2020","04","10","12:00","-3.3","","-7.0","","76","","0.0","","33","","20","","","","96.01","","","","-9","","NA"
"-80.80","46.63","SUDBURY CLIMATE","6068145","2020-04-10 13:00","2020","04","10","13:00","-2.7","","-7.3","","71","","0.0","","34","","22","","","","96.11","","","","-9","","NA"
"-80.80","46.63","SUDBURY CLIMATE","6068145","2020-04-10 14:00","2020","04","10","14:00","-2.0","","-7.2","","67","","0.0","","33","","22","","","","96.19","","","","-8","","NA"
"-80.80","46.63","SUDBURY CLIMATE","6068145","2020-04-10 15:00","2020","04","10","15:00","-0.9","","-7.2","","62","","0.0","","34","","22","","","","96.27","","","","-7","","NA"
"-80.80","46.63","SUDBURY CLIMATE","6068145","2020-04-10 16:00","2020","04","10","16:00","-0.3","","-7.2","","59","","0.0","","34","","21","","","","96.31","","","","-6","","NA"
"-80.80","46.63","SUDBURY CLIMATE","6068145","2020-04-10 17:00","2020","04","10","17:00","1.2","","-6.6","","56","","0.0","","34","","17","","","","96.31","","","","","","NA"
"-80.80","46.63","SUDBURY CLIMATE","6068145","2020-04-10 18:00","2020","04","10","18:00","2.2","","-6.7","","52","","0.0","","34","","18","","","","96.32","","","","","","NA"
"-80.80","46.63","SUDBURY CLIMATE","6068145","2020-04-10 19:00","2020","04","10","19:00","2.3","","-7.5","","48","","0.0","","34","","18","","","","96.34","","","","","","NA"
"-80.80","46.63","SUDBURY CLIMATE","6068145","2020-04-10 20:00","2020","04","10","20:00","3.7","","-7.0","","45","","0.0","","34","","15","","","","96.34","","","","","","NA"
"-80.80","46.63","SUDBURY CLIMATE","6068145","2020-04-10 21:00","2020","04","10","21:00","2.8","","-8.2","","44","","0.0","","34","","18","","","","96.38","","","","","","NA"
"-80.80","46.63","SUDBURY CLIMATE","6068145","2020-04-10 22:00","2020","04","10","22:00","3.3","","-8.4","","42","","0.0","","32","","18","","","","96.42","","","","","","NA"
"-80.80","46.63","SUDBURY CLIMATE","6068145","2020-04-10 23:00","2020","04","10","23:00","2.7","","-8.4","","44","","0.0","","34","","14","","","","96.45","","","","","","NA"
"-80.80","46.63","SUDBURY CLIMATE","6068145","2020-04-11 00:00","2020","04","11","00:00","0.5","","-6.3","","60","","0.0","","2","","14","","","","96.52","","","","","","NA"
"-80.80","46.63","SUDBURY CLIMATE","6068145","2020-04-11 01:00","2020","04","11","01:00","-0.9","","-6.1","","67","","0.0","","2","","11","","","","96.58","","","","-5","","NA"
"-80.80","46.63","SUDBURY CLIMATE","6068145","2020-04-11 02:00","2020","04","11","02:00","-1.5","","-6.3","","69","","0.0","","3","","10","","","","96.63","","","","-5","","NA"
"-80.80","46.63","SUDBURY CLIMATE","6068145","2020-04-11 03:00","2020","04","11","03:00","-2.5","","-6.3","","75","","0.0","","4","","12","","","","96.66","","","","-7","","NA"
"-80.80","46.63","SUDBURY CLIMATE","6068145","2020-04-11 04:00","2020","04","11","04:00","-3.6","","-6.7","","79","","0.0","","2","","7","","","","96.69","","","","-7","","NA"
"-80.80","46.63","SUDBURY CLIMATE","6068145","2020-04-11 05:00","2020","04","11","05:00","-3.6","","-6.8","","78","","0.0","","1","","7","","","","96.75","","","","-7","","NA"
"-80.80","46.63","SUDBURY CLIMATE","6068145","2020-04-11 06:00","2020","04","11","06:00","-4.6","","-7.1","","83","","0.0","","31","","5","","","","96.77","","","","-7","","NA"
"-80.80","46.63","SUDBURY CLIMATE","6068145","2020-04-11 07:00","2020","04","11","07:00","-5.6","","-7.4","","87","","0.0","","29","","6","","","","96.77","","","","-8","","NA"
"-80.80","46.63","SUDBURY CLIMATE","6068145","2020-04-11 08:00","2020","04","11","08:00","-6.1","","-7.3","","91","","0.0","","29","","5","","","","96.77","","","","-9","","NA"
"-80.80","46.63","SUDBURY CLIMATE","6068145","2020-04-11 09:00","2020","04","11","09:00","-6.5","","-7.6","","92","","0.0","","28","","6","","","","96.78","","","","-9","","NA"
"-80.80","46.63","SUDBURY CLIMATE","6068145","2020-04-11 10:00","2020","04","11","10:00","-7.1","","-7.7","","95","","0.0","","28","","6","","","","96.80","","","","-10","","NA"
"-80.80","46.63","SUDBURY CLIMATE","6068145","2020-04-11 11:00","2020","04","11","11:00","-6.8","","-7.5","","95","","0.0","","27","","6","","","","96.82","","","","-10","","NA"
"-80.80","46.63","SUDBURY CLIMATE","6068145","2020-04-11 12:00","2020","04","11","12:00","-5.1","","-7.0","","87","","0.0","","27","","8","","","","96.87","","","","-9","","NA"
"-80.80","46.63","SUDBURY CLIMATE","6068145","2020-04-11 13:00","2020","04","11","13:00","-3.4","","-7.6","","73","","0.0","","26","","12","","","","96.88","","","","-8","","NA"
"-80.80","46.63","SUDBURY CLIMATE","6068145","2020-04-11 14:00","2020","04","11","14:00","-1.3","","-8.0","","60","","0.0","","26","","7","","","","96.89","","","","-4","","NA"
"-80.80","46.63","SUDBURY CLIMATE","6068145","2020-04-11 15:00","2020","04","11","15:00","1.2","","-6.8","","55","","0.0","","22","","11","","","","96.91","","","","","","NA"
"-80.80","46.63","SUDBURY CLIMATE","6068145","2020-04-11 16:00","2020","04","11","16:00","2.5","","-9.6","","41","","0.0","","23","","15","","","","96.88","","","","","","NA"
"-80.80","46.63","SUDBURY CLIMATE","6068145","2020-04-11 17:00","2020","04","11","17:00","3.4","","-8.8","","41","","0.0","","27","","11","","","","96.84","","","","","","NA"
"-80.80","46.63","SUDBURY CLIMATE","6068145","2020-04-11 18:00","2020","04","11","18:00","3.8","","-10.1","","36","","0.0","","25","","16","","","","96.83","","","","","","NA"
"-80.80","46.63","SUDBURY CLIMATE","6068145","2020-04-11 19:00","2020","04","11","19:00","5.1","","-9.0","","35","","0.0","","25","","19","","","","96.80","","","","","","NA"
"-80.80","46.63","SUDBURY CLIMATE","6068145","2020-04-11 20:00","2020","04","11","20:00","5.9","","-8.8","","34","","0.0","","24","","16","","","","96.77","","","","","","NA"
"-80.80","46.63","SUDBURY CLIMATE","6068145","2020-04-11 21:00","2020","04","11","21:00","6.2","","-9.2","","32","","0.0","","25","","17","","","","96.73","","","","","","NA"
"-80.80","46.63","SUDBURY CLIMATE","6068145","2020-04-11 22:00","2020","04","11","22:00","6.4","","-7.2","","37","","0.0","","21","","22","","","","96.69","","","","","","NA"
"-80.80","46.63","SUDBURY CLIMATE","6068145","2020-04-11 23:00","2020","04","11","23:00","5.4","","-6.5","","42","","0.0","","20","","29","","","","96.72","","","","","","NA"
"-80.80","46.63","SUDBURY CLIMATE","6068145","2020-04-12 00:00","2020","04","12","00:00","3.3","","-4.2","","58","","0.0","","20","","26","","","","96.76","","","","","","NA"
"-80.80","46.63","SUDBURY CLIMATE","6068145","2020-04-12 01:00","2020","04","12","01:00","2.2","","-4.2","","63","","0.0","","19","","24","","","","96.79","","","","","","NA"
"-80.80","46.63","SUDBURY CLIMATE","6068145","2020-04-12 02:00","2020","04","12","02:00","1.1","","-4.1","","68","","0.0","","20","","26","","","","96.83","","","","","","NA"
"-80.80","46.63","SUDBURY CLIMATE","6068145","2020-04-12 03:00","2020","04","12","03:00","0.8","","-3.8","","72","","0.0","","21","","23","","","","96.80","","","","","","NA"
"-80.80","46.63","SUDBURY CLIMATE","6068145","2020-04-12 04:00","2020","04","12","04:00","0.3","","-3.7","","74","","0.0","","20","","16","","","","96.78","","","","","","NA"
"-80.80","46.63","SUDBURY CLIMATE","6068145","2020-04-12 05:00","2020","04","12","05:00","0.3","","-2.6","","81","","0.0","","19","","18","","","","96.79","","","","","","NA"
"-80.80","46.63","SUDBURY CLIMATE","6068145","2020-04-12 06:00","2020","04","12","06:00","0.0","","-2.2","","85","","0.0","","18","","14","","","","96.74","","","","-4","","NA"
"-80.80","46.63","SUDBURY CLIMATE","6068145","2020-04-12 07:00","2020","04","12","07:00","-0.9","","-2.6","","88","","0.0","","20","","14","","","","96.71","","","","-5","","NA"
"-80.80","46.63","SUDBURY CLIMATE","6068145","2020-04-12 08:00","2020","04","12","08:00","-1.4","","-2.8","","90","","0.0","","18","","9","","","","96.70","","","","-5","","NA"
"-80.80","46.63","SUDBURY CLIMATE","6068145","2020-04-12 09:00","2020","04","12","09:00","-2.0","","-3.1","","92","","0.0","","19","","8","","","","96.72","","","","-5","","NA"
"-80.80","46.63","SUDBURY CLIMATE","6068145","2020-04-12 10:00","2020","04","12","10:00","-2.7","","-3.8","","92","","0.0","","0","","1","","","","96.72","","","","-3","","NA"
"-80.80","46.63","SUDBURY CLIMATE","6068145","2020-04-12 11:00","2020","04","12","11:00","-1.8","","-2.9","","93","","0.0","","3","","3","","","","96.80","","","","-3","","NA"
"-80.80","46.63","SUDBURY CLIMATE","6068145","2020-04-12 12:00","2020","04","12","12:00","-1.0","","-2.3","","91","","0.0","","4","","8","","","","96.83","","","","-4","","NA"
"-80.80","46.63","SUDBURY CLIMATE","6068145","2020-04-12 13:00","2020","04","12","13:00","0.6","","-2.2","","81","","0.0","","7","","6","","","","96.90","","","","","","NA"
"-80.80","46.63","SUDBURY CLIMATE","6068145","2020-04-12 14:00","2020","04","12","14:00","4.1","","-1.7","","65","","0.0","","7","","5","","","","96.88","","","","","","NA"
"-80.80","46.63","SUDBURY CLIMATE","6068145","2020-04-12 15:00","2020","04","12","15:00","6.4","","-2.9","","51","","0.0","","9","","12","","","","96.93","","","","","","NA"
"-80.80","46.63","SUDBURY CLIMATE","6068145","2020-04-12 16:00","2020","04","12","16:00","7.4","","-2.5","","49","","0.0","","10","","11","","","","96.94","","","","","","NA"
"-80.80","46.63","SUDBURY CLIMATE","6068145","2020-04-12 17:00","2020","04","12","17:00","8.7","","-1.3","","50","","0.0","","11","","10","","","","96.95","","","","","","NA"
"-80.80","46.63","SUDBURY CLIMATE","6068145","2020-04-12 18:00","2020","04","12","18:00","9.4","","-0.5","","50","","0.0","","12","","14","","","","96.91","","","","","","NA"
"-80.80","46.63","SUDBURY CLIMATE","6068145","2020-04-12 19:00","2020","04","12","19:00","8.2","","0.0","","56","","0.0","","16","","13","","","","96.88","","","","","","NA"
"-80.80","46.63","SUDBURY CLIMATE","6068145","2020-04-12 20:00","2020","04","12","20:00","8.3","","1.0","","60","","0.0","","13","","9","","","","96.78","","","","","","NA"
"-80.80","46.63","SUDBURY CLIMATE","6068145","2020-04-12 21:00","2020","04","12","21:00","7.2","","1.6","","68","","0.0","","16","","12","","","","96.96","","","","","","NA"
"-80.80","46.63","SUDBURY CLIMATE","6068145","2020-04-12 22:00","2020","04","12","22:00","6.7","","1.7","","70","","0.0","","12","","9","","","","96.85","","","","","","NA"
"-80.80","46.63","SUDBURY CLIMATE","6068145","2020-04-12 23:00","2020","04","12","23:00","6.5","","1.9","","73","","0.0","","11","","12","","","","96.81","","","","","","NA"
"-80.80","46.63","SUDBURY CLIMATE","6068145","2020-04-13 00:00","2020","04","13","00:00","6.0","","1.9","","75","","0.0","","9","","9","","","","96.80","","","","","","NA"
"-80.80","46.63","SUDBURY CLIMATE","6068145","2020-04-13 01:00","2020","04","13","01:00","5.5","","1.8","","77","","0.0","","7","","14","","","","96.73","","","","","","NA"
"-80.80","46.63","SUDBURY CLIMATE","6068145","2020-04-13 02:00","2020","04","13","02:00","5.1","","2.3","","82","","0.0","","6","","15","","","","96.63","","","","","","NA"
"-80.80","46.63","SUDBURY CLIMATE","6068145","2020-04-13 03:00","2020","04","13","03:00","5.4","","2.7","","83","","0.0","","8","","16","","","","96.50","","","","","","NA"
"-80.80","46.63","SUDBURY CLIMATE","6068145","2020-04-13 04:00","2020","04","13","04:00","5.7","","2.8","","82","","0.0","","8","","17","","","","96.37","","","","","","NA"
"-80.80","46.63","SUDBURY CLIMATE","6068145","2020-04-13 05:00","2020","04","13","05:00","5.0","","3.5","","90","","0.2","","9","","15","","","","96.26","","","","","","NA"
"-80.80","46.63","SUDBURY CLIMATE","6068145","2020-04-13 06:00","2020","04","13","06:00","4.8","","3.9","","94","","2.0","","11","","20","","","","96.12","","","","","","NA"
"-80.80","46.63","SUDBURY CLIMATE","6068145","2020-04-13 07:00","2020","04","13","07:00","4.6","","4.2","","97","","1.7","","11","","20","","","","95.90","","","","","","NA"
"-80.80","46.63","SUDBURY CLIMATE","6068145","2020-04-13 08:00","2020","04","13","08:00","4.8","","4.3","","97","","0.9","","11","","20","","","","95.71","","","","","","NA"
"-80.80","46.63","SUDBURY CLIMATE","6068145","2020-04-13 09:00","2020","04","13","09:00","4.5","","4.1","","97","","0.6","","11","","19","","","","95.49","","","","","","NA"
"-80.80","46.63","SUDBURY CLIMATE","6068145","2020-04-13 10:00","2020","04","13","10:00","5.0","","4.6","","97","","1.6","","12","","19","","","","95.38","","","","","","NA"
"-80.80","46.63","SUDBURY CLIMATE","6068145","2020-04-13 11:00","2020","04","13","11:00","5.1","","4.7","","98","","1.1","","12","","19","","","","95.25","","","","","","NA"
"-80.80","46.63","SUDBURY CLIMATE","6068145","2020-04-13 12:00","2020","04","13","12:00","5.0","","4.7","","98","","0.6","","11","","17","","","","95.08","","","","","","NA"
"-80.80","46.63","SUDBURY CLIMATE","6068145","2020-04-13 13:00","2020","04","13","13:00","5.3","","5.0","","98","","0.6","","10","","17","","","","94.86","","","","","","NA"
"-80.80","46.63","SUDBURY CLIMATE","6068145","2020-04-13 14:00","2020","04","13","14:00","5.5","","5.3","","99","","0.3","","11","","14","","","","94.71","","","","","","NA"
"-80.80","46.63","SUDBURY CLIMATE","6068145","2020-04-13 15:00","2020","04","13","15:00","6.3","","6.1","","99","","0.2","","14","","18","","","","94.65","","","","","","NA"
"-80.80","46.63","SUDBURY CLIMATE","6068145","2020-04-13 16:00","2020","04","13","16:00","6.6","","6.4","","99","","0.0","","16","","14","","","","94.56","","","","","","NA"
"-80.80","46.63","SUDBURY CLIMATE","6068145","2020-04-13 17:00","2020","04","13","17:00","7.3","","7.0","","98","","0.6","","17","","18","","","","94.49","","","","","","NA"
"-80.80","46.63","SUDBURY CLIMATE","6068145","2020-04-13 18:00","2020","04","13","18:00","7.8","","7.4","","97","","0.0","","22","","24","","","","94.50","","","","","","NA"
"-80.80","46.63","SUDBURY CLIMATE","6068145","2020-04-13 19:00","2020","04","13","19:00","4.9","","3.9","","94","","0.2","","23","","31","","","","94.56","","","","","","NA"
"-80.80","46.63","SUDBURY CLIMATE","6068145","2020-04-13 20:00","2020","04","13","20:00","3.3","","2.3","","93","","0.0","","23","","39","","","","94.75","","","","","","NA"
"-80.80","46.63","SUDBURY CLIMATE","6068145","2020-04-13 21:00","2020","04","13","21:00","3.5","","1.1","","84","","0.0","","24","","32","","","","94.97","","","","","","NA"
"-80.80","46.63","SUDBURY CLIMATE","6068145","2020-04-13 22:00","2020","04","13","22:00","2.4","","0.2","","85","","0.0","","25","","28","","","","95.18","","","","","","NA"
"-80.80","46.63","SUDBURY CLIMATE","6068145","2020-04-13 23:00","2020","04","13","23:00","-0.2","","-1.0","","94","","0.3","","26","","33","","","","95.48","","","","-7","","NA"
"-80.80","46.63","SUDBURY CLIMATE","6068145","2020-04-14 00:00","2020","04","14","00:00","-0.2","","-5.0","","70","","0.0","","26","","29","","","","95.71","","","","-7","","NA"
"-80.80","46.63","SUDBURY CLIMATE","6068145","2020-04-14 01:00","2020","04","14","01:00","-0.9","","-6.4","","66","","0.0","","26","","31","","","","95.94","","","","-8","","NA"
"-80.80","46.63","SUDBURY CLIMATE","6068145","2020-04-14 02:00","2020","04","14","02:00","-1.5","","-8.1","","61","","0.0","","26","","23","","","","96.17","","","","-8","","NA"
"-80.80","46.63","SUDBURY CLIMATE","6068145","2020-04-14 03:00","2020","04","14","03:00","-2.7","","-8.4","","65","","0.0","","27","","27","","","","96.32","","","","-10","","NA"
"-80.80","46.63","SUDBURY CLIMATE","6068145","2020-04-14 04:00","2020","04","14","04:00","-3.4","","-10.0","","60","","0.0","","26","","26","","","","96.45","","","","-10","","NA"
"-80.80","46.63","SUDBURY CLIMATE","6068145","2020-04-14 05:00","2020","04","14","05:00","-3.2","","-9.7","","61","","0.0","","26","","23","","","","96.56","","","","-10","","NA"
"-80.80","46.63","SUDBURY CLIMATE","6068145","2020-04-14 06:00","2020","04","14","06:00","-3.8","","-9.0","","67","","0.0","","27","","20","","","","96.67","","","","-10","","NA"
"-80.80","46.63","SUDBURY CLIMATE","6068145","2020-04-14 07:00","2020","04","14","07:00","-4.2","","-9.9","","64","","0.0","","26","","20","","","","96.73","","","","-11","","NA"
"-80.80","46.63","SUDBURY CLIMATE","6068145","2020-04-14 08:00","2020","04","14","08:00","-4.5","","-9.9","","66","","0.0","","25","","15","","","","96.78","","","","-10","","NA"
"-80.80","46.63","SUDBURY CLIMATE","6068145","2020-04-14 09:00","2020","04","14","09:00","-4.6","","-9.6","","68","","0.0","","26","","15","","","","96.87","","","","-10","","NA"
"-80.80","46.63","SUDBURY CLIMATE","6068145","2020-04-14 10:00","2020","04","14","10:00","-5.1","","-8.8","","75","","0.0","","23","","15","","","","96.91","","","","-11","","NA"
"-80.80","46.63","SUDBURY CLIMATE","6068145","2020-04-14 11:00","2020","04","14","11:00","-4.4","","-7.3","","80","","0.0","","24","","14","","","","96.99","","","","-10","","NA"
"-80.80","46.63","SUDBURY CLIMATE","6068145","2020-04-14 12:00","2020","04","14","12:00","-2.8","","-7.8","","68","","0.0","","26","","17","","","","97.07","","","","-8","","NA"
"-80.80","46.63","SUDBURY CLIMATE","6068145","2020-04-14 13:00","2020","04","14","13:00","-2.1","","-8.4","","62","","0.0","","26","","18","","","","97.11","","","","-8","","NA"
"-80.80","46.63","SUDBURY CLIMATE","6068145","2020-04-14 14:00","2020","04","14","14:00","-1.2","","-6.8","","66","","0.0","","24","","18","","","","97.11","","","","-6","","NA"
"-80.80","46.63","SUDBURY CLIMATE","6068145","2020-04-14 15:00","2020","04","14","15:00","-0.4","","-7.3","","60","","0.0","","24","","17","","","","97.14","","","","-5","","NA"
"-80.80","46.63","SUDBURY CLIMATE","6068145","2020-04-14 16:00","2020","04","14","16:00","0.0","","-8.4","","53","","0.0","","24","","19","","","","97.13","","","","-5","","NA"
"-80.80","46.63","SUDBURY CLIMATE","6068145","2020-04-14 17:00","2020","04","14","17:00","0.6","","-9.3","","47","","0.0","","26","","13","","","","97.07","","","","","","NA"
"-80.80","46.63","SUDBURY CLIMATE","6068145","2020-04-14 18:00","2020","04","14","18:00","2.6","","-6.9","","50","","0.0","","20","","33","","","","97.07","","","","","","NA"
"-80.80","46.63","SUDBURY CLIMATE","6068145","2020-04-14 19:00","2020","04","14","19:00","1.2","","-10.5","","41","","0.0","","23","","15","","","","96.96","","","","","","NA"
"-80.80","46.63","SUDBURY CLIMATE","6068145","2020-04-14 20:00","2020","04","14","20:00","0.8","","-7.4","","54","","0.0","","20","","21","","","","96.89","","","","","","NA"
"-80.80","46.63","SUDBURY CLIMATE","6068145","2020-04-14 21:00","2020","04","14","21:00","-1.0","","-3.4","","84","","0.0","","22","","37","","","","96.89","","","","-8","","NA"
"-80.80","46.63","SUDBURY CLIMATE","6068145","2020-04-14 22:00","2020","04","14","22:00","0.2","","-5.0","","68","","0.0","","26","","15","","","","96.86","","","","","","NA"
"-80.80","46.63","SUDBURY CLIMATE","6068145","2020-04-14 23:00","2020","04","14","23:00","0.1","","-6.7","","60","","0.0","","24","","16","","","","96.84","","","","","","NA"
"-80.80","46.63","SUDBURY CLIMATE","6068145","2020-04-15 00:00","2020","04","15","00:00","-2.1","","-5.0","","81","","0.0","","25","","23","","","","96.91","","","","-8","","NA"
"-80.80","46.63","SUDBURY CLIMATE","6068145","2020-04-15 01:00","2020","04","15","01:00","-2.5","","-4.8","","84","","0.3","","26","","10","","","","96.97","","","","-6","","NA"
"-80.80","46.63","SUDBURY CLIMATE","6068145","2020-04-15 02:00","2020","04","15","02:00","-3.0","","-4.3","","91","","0.3","","26","","12","","","","97.02","","","","-7","","NA"
"-80.80","46.63","SUDBURY CLIMATE","6068145","2020-04-15 03:00","2020","04","15","03:00","-3.8","","-4.8","","93","","0.4","","26","","14","","","","97.05","","","","-9","","NA"
"-80.80","46.63","SUDBURY CLIMATE","6068145","2020-04-15 04:00","2020","04","15","04:00","-4.2","","-6.6","","83","","0.5","","28","","10","","","","97.07","","","","-8","","NA"
"-80.80","46.63","SUDBURY CLIMATE","6068145","2020-04-15 05:00","2020","04","15","05:00","-5.2","","-7.8","","82","","0.0","","26","","8","","","","97.08","","","","-9","","NA"
"-80.80","46.63","SUDBURY CLIMATE","6068145","2020-04-15 06:00","2020","04","15","06:00","-6.1","","-9.2","","78","","0.0","","26","","9","","","","97.08","","","","-10","","NA"
"-80.80","46.63","SUDBURY CLIMATE","6068145","2020-04-15 07:00","2020","04","15","07:00","-7.2","","-10.0","","80","","0.0","","25","","7","","","","97.04","","","","-11","","NA"
"-80.80","46.63","SUDBURY CLIMATE","6068145","2020-04-15 08:00","2020","04","15","08:00","-7.9","","-10.1","","84","","0.0","","25","","6","","","","97.02","","","","-11","","NA"
"-80.80","46.63","SUDBURY CLIMATE","6068145","2020-04-15 09:00","2020","04","15","09:00","-9.2","","-10.7","","89","","0.0","","24","","3","","","","96.99","","","","-11","","NA"
"-80.80","46.63","SUDBURY CLIMATE","6068145","2020-04-15 10:00","2020","04","15","10:00","-10.1","","-12.3","","84","","0.0","","23","","6","","","","96.98","","","","-14","","NA"
"-80.80","46.63","SUDBURY CLIMATE","6068145","2020-04-15 11:00","2020","04","15","11:00","-9.1","","-10.7","","88","","0.0","","27","","5","","","","96.97","","","","-12","","NA"
"-80.80","46.63","SUDBURY CLIMATE","6068145","2020-04-15 12:00","2020","04","15","12:00","-7.5","","-10.3","","80","","0.0","","24","","6","","","","97.00","","","","-11","","NA"
"-80.80","46.63","SUDBURY CLIMATE","6068145","2020-04-15 13:00","2020","04","15","13:00","-5.5","","-9.0","","76","","0.0","","28","","10","","","","97.02","","","","-10","","NA"
"-80.80","46.63","SUDBURY CLIMATE","6068145","2020-04-15 14:00","2020","04","15","14:00","-4.3","","-8.8","","71","","0.0","","28","","7","","","","97.00","","","","-7","","NA"
"-80.80","46.63","SUDBURY CLIMATE","6068145","2020-04-15 15:00","2020","04","15","15:00","-3.5","","-9.3","","64","","0.0","","25","","13","","","","96.99","","","","-8","","NA"
"-80.80","46.63","SUDBURY CLIMATE","6068145","2020-04-15 16:00","2020","04","15","16:00","-1.6","","-8.1","","61","","0.0","","26","","16","","","","96.98","","","","-7","","NA"
"-80.80","46.63","SUDBURY CLIMATE","6068145","2020-04-15 17:00","2020","04","15","17:00","-0.8","","-8.3","","57","","0.0","","26","","8","","","","96.95","","","","-4","","NA"
"-80.80","46.63","SUDBURY CLIMATE","6068145","2020-04-15 18:00","2020","04","15","18:00","-0.7","","-10.1","","49","","0.0","","24","","12","","","","96.91","","","","-5","","NA"
"-80.80","46.63","SUDBURY CLIMATE","6068145","2020-04-15 19:00","2020","04","15","19:00","-1.2","","-7.5","","62","","0.0","","31","","5","","","","96.89","","","","-3","","NA"
"-80.80","46.63","SUDBURY CLIMATE","6068145","2020-04-15 20:00","2020","04","15","20:00","0.4","","-8.1","","53","","0.0","","23","","16","","","","96.84","","","","","","NA"
"-80.80","46.63","SUDBURY CLIMATE","6068145","2020-04-15 21:00","2020","04","15","21:00","0.0","","-8.9","","51","","0.0","","30","","13","","","","96.85","","","","-4","","NA"
"-80.80","46.63","SUDBURY CLIMATE","6068145","2020-04-15 22:00","2020","04","15","22:00","-0.6","","-10.3","","48","","0.0","","26","","13","","","","96.89","","","","-5","","NA"
"-80.80","46.63","SUDBURY CLIMATE","6068145","2020-04-15 23:00","2020","04","15","23:00","-2.0","","-6.2","","72","","0.0","","22","","19","","","","96.94","","","","-8","","NA"
"-80.80","46.63","SUDBURY CLIMATE","6068145","2020-04-16 00:00","2020","04","16","00:00","-2.6","","-6.0","","77","","0.0","","22","","13","","","","96.99","","","","-7","","NA"
"-80.80","46.63","SUDBURY CLIMATE","6068145","2020-04-16 01:00","2020","04","16","01:00","-3.7","","-6.8","","79","","0.0","","21","","4","","","","97.05","","","","-5","","NA"
"-80.80","46.63","SUDBURY CLIMATE","6068145","2020-04-16 02:00","2020","04","16","02:00","-2.8","","-11.5","","51","","0.0","","29","","6","","","","97.12","","","","-5","","NA"
"-80.80","46.63","SUDBURY CLIMATE","6068145","2020-04-16 03:00","2020","04","16","03:00","-3.8","","-11.9","","53","","0.0","","28","","6","","","","97.16","","","","-6","","NA"
"-80.80","46.63","SUDBURY CLIMATE","6068145","2020-04-16 04:00","2020","04","16","04:00","-4.7","","-12.5","","54","","0.0","","29","","6","","","","97.20","","","","-7","","NA"
"-80.80","46.63","SUDBURY CLIMATE","6068145","2020-04-16 05:00","2020","04","16","05:00","-5.3","","-11.9","","60","","0.0","","28","","7","","","","97.25","","","","-9","","NA"
"-80.80","46.63","SUDBURY CLIMATE","6068145","2020-04-16 06:00","2020","04","16","06:00","-6.0","","-11.9","","63","","0.0","","28","","8","","","","97.27","","","","-10","","NA"
"-80.80","46.63","SUDBURY CLIMATE","6068145","2020-04-16 07:00","2020","04","16","07:00","-6.7","","-11.5","","69","","0.0","","28","","7","","","","97.28","","","","-10","","NA"
"-80.80","46.63","SUDBURY CLIMATE","6068145","2020-04-16 08:00","2020","04","16","08:00","-7.3","","-11.6","","71","","0.0","","27","","6","","","","97.29","","","","-10","","NA"
"-80.80","46.63","SUDBURY CLIMATE","6068145","2020-04-16 09:00","2020","04","16","09:00","-7.4","","-11.2","","75","","0.0","","26","","9","","","","97.31","","","","-12","","NA"
"-80.80","46.63","SUDBURY CLIMATE","6068145","2020-04-16 10:00","2020","04","16","10:00","-7.4","","-10.8","","76","","0.0","","25","","9","","","","97.32","","","","-12","","NA"
"-80.80","46.63","SUDBURY CLIMATE","6068145","2020-04-16 11:00","2020","04","16","11:00","-7.7","","-10.5","","80","","0.0","","25","","8","","","","97.37","","","","-12","","NA"
"-80.80","46.63","SUDBURY CLIMATE","6068145","2020-04-16 12:00","2020","04","16","12:00","-5.9","","-9.9","","74","","0.0","","26","","10","","","","97.40","","","","-10","","NA"
"-80.80","46.63","SUDBURY CLIMATE","6068145","2020-04-16 13:00","2020","04","16","13:00","-3.8","","-9.6","","64","","0.0","","24","","13","","","","97.42","","","","-9","","NA"
"-80.80","46.63","SUDBURY CLIMATE","6068145","2020-04-16 14:00","2020","04","16","14:00","-2.3","","-9.8","","57","","0.0","","26","","16","","","","97.41","","","","-7","","NA"
"-80.80","46.63","SUDBURY CLIMATE","6068145","2020-04-16 15:00","2020","04","16","15:00","-0.3","","-10.0","","48","","0.0","","23","","31","","","","97.38","","","","-7","","NA"
"-80.80","46.63","SUDBURY CLIMATE","6068145","2020-04-16 16:00","2020","04","16","16:00","-0.4","","-11.2","","44","","0.0","","25","","22","","","","97.36","","","","-6","","NA"
"-80.80","46.63","SUDBURY CLIMATE","6068145","2020-04-16 17:00","2020","04","16","17:00","1.4","","-9.6","","44","","0.0","","24","","25","","","","97.31","","","","","","NA"
"-80.80","46.63","SUDBURY CLIMATE","6068145","2020-04-16 18:00","2020","04","16","18:00","-0.5","","-9.9","","49","","0.0","","24","","29","","","","97.32","","","","-7","","NA"
"-80.80","46.63","SUDBURY CLIMATE","6068145","2020-04-16 19:00","2020","04","16","19:00","2.2","","-9.8","","41","","0.0","","25","","23","","","","97.29","","","","","","NA"
"-80.80","46.63","SUDBURY CLIMATE","6068145","2020-04-16 20:00","2020","04","16","20:00","1.1","","-11.6","","38","","0.0","","27","","20","","","","97.28","","","","","","NA"
"-80.80","46.63","SUDBURY CLIMATE","6068145","2020-04-16 21:00","2020","04","16","21:00","-1.5","","-4.8","","78","","0.0","","28","","23","","","","97.30","","","","-8","","NA"
"-80.80","46.63","SUDBURY CLIMATE","6068145","2020-04-16 22:00","2020","04","16","22:00","-2.5","","-4.5","","86","","0.3","","26","","14","","","","97.33","","","","-7","","NA"
"-80.80","46.63","SUDBURY CLIMATE","6068145","2020-04-16 23:00","2020","04","16","23:00","-0.6","","-8.0","","57","","0.0","","28","","19","","","","97.31","","","","-6","","NA"
"-80.80","46.63","SUDBURY CLIMATE","6068145","2020-04-17 00:00","2020","04","17","00:00","-0.8","","-10.0","","50","","0.0","","26","","18","","","","97.32","","","","-6","","NA"
"-80.80","46.63","SUDBURY CLIMATE","6068145","2020-04-17 01:00","2020","04","17","01:00","-2.0","","-8.3","","62","","0.0","","26","","14","","","","97.41","","","","-7","","NA"
"-80.80","46.63","SUDBURY CLIMATE","6068145","2020-04-17 02:00","2020","04","17","02:00","-2.5","","-9.1","","60","","0.0","","27","","11","","","","97.49","","","","-7","","NA"
"-80.80","46.63","SUDBURY CLIMATE","6068145","2020-04-17 03:00","2020","04","17","03:00","-2.9","","-8.7","","65","","0.0","","27","","9","","","","97.55","","","","-6","","NA"
"-80.80","46.63","SUDBURY CLIMATE","6068145","2020-04-17 04:00","2020","04","17","04:00","-3.2","","-8.7","","65","","0.0","","27","","16","","","","97.62","","","","-9","","NA"
"-80.80","46.63","SUDBURY CLIMATE","6068145","2020-04-17 05:00","2020","04","17","05:00","-3.8","","-9.4","","65","","0.0","","28","","15","","","","97.65","","","","-9","","NA"
"-80.80","46.63","SUDBURY CLIMATE","6068145","2020-04-17 06:00","2020","04","17","06:00","-4.7","","-9.6","","69","","0.0","","27","","11","","","","97.64","","","","-9","","NA"
"-80.80","46.63","SUDBURY CLIMATE","6068145","2020-04-17 07:00","2020","04","17","07:00","-5.6","","-9.8","","72","","0.0","","27","","7","","","","97.62","","","","-9","","NA"
"-80.80","46.63","SUDBURY CLIMATE","6068145","2020-04-17 08:00","2020","04","17","08:00","-6.4","","-9.8","","77","","0.2","","27","","7","","","","97.62","","","","-10","","NA"
"-80.80","46.63","SUDBURY CLIMATE","6068145","2020-04-17 09:00","2020","04","17","09:00","-6.9","","-9.8","","80","","0.0","","26","","8","","","","97.66","","","","-11","","NA"
"-80.80","46.63","SUDBURY CLIMATE","6068145","2020-04-17 10:00","2020","04","17","10:00","-7.6","","-10.1","","82","","0.0","","24","","6","","","","97.63","","","","-11","","NA"
"-80.80","46.63","SUDBURY CLIMATE","6068145","2020-04-17 11:00","2020","04","17","11:00","-7.4","","-9.4","","85","","0.0","","22","","11","","","","97.62","","","","-12","","NA"
"-80.80","46.63","SUDBURY CLIMATE","6068145","2020-04-17 12:00","2020","04","17","12:00","-4.7","","-8.6","","74","","0.0","","23","","10","","","","97.65","","","","-9","","NA"
"-80.80","46.63","SUDBURY CLIMATE","6068145","2020-04-17 13:00","2020","04","17","13:00","-2.1","","-7.4","","67","","0.0","","23","","16","","","","97.64","","","","-7","","NA"
"-80.80","46.63","SUDBURY CLIMATE","6068145","2020-04-17 14:00","2020","04","17","14:00","-0.2","","-7.0","","60","","0.0","","24","","18","","","","97.56","","","","-5","","NA"
"-80.80","46.63","SUDBURY CLIMATE","6068145","2020-04-17 15:00","2020","04","17","15:00","1.5","","-8.2","","49","","0.0","","23","","23","","","","97.51","","","","","","NA"
"-80.80","46.63","SUDBURY CLIMATE","6068145","2020-04-17 16:00","2020","04","17","16:00","2.2","","-10.8","","38","","0.0","","25","","18","","","","97.41","","","","","","NA"
"-80.80","46.63","SUDBURY CLIMATE","6068145","2020-04-17 17:00","2020","04","17","17:00","3.0","","-9.8","","39","","0.0","","26","","17","","","","97.32","","","","","","NA"
"-80.80","46.63","SUDBURY CLIMATE","6068145","2020-04-17 18:00","2020","04","17","18:00","3.9","","-7.0","","45","","0.0","","23","","23","","","","97.24","","","","","","NA"
"-80.80","46.63","SUDBURY CLIMATE","6068145","2020-04-17 19:00","2020","04","17","19:00","3.6","","-3.0","","62","","0.0","","22","","30","","","","97.18","","","","","","NA"
"-80.80","46.63","SUDBURY CLIMATE","6068145","2020-04-17 20:00","2020","04","17","20:00","3.9","","-6.0","","48","","0.0","","23","","23","","","","97.06","","","","","","NA"
"-80.80","46.63","SUDBURY CLIMATE","6068145","2020-04-17 21:00","2020","04","17","21:00","4.7","","-6.8","","43","","0.0","","24","","19","","","","96.97","","","","","","NA"
"-80.80","46.63","SUDBURY CLIMATE","6068145","2020-04-17 22:00","2020","04","17","22:00","3.4","","-5.8","","51","","0.0","","22","","18","","","","96.95","","","","","","NA"
"-80.80","46.63","SUDBURY CLIMATE","6068145","2020-04-17 23:00","2020","04","17","23:00","3.8","","-7.4","","44","","0.0","","23","","16","","","","96.89","","","","","","NA"
"-80.80","46.63","SUDBURY CLIMATE","6068145","2020-04-18 00:00","2020","04","18","00:00","2.3","","-7.5","","48","","0.0","","23","","14","","","","96.87","","","","","","NA"
"-80.80","46.63","SUDBURY CLIMATE","6068145","2020-04-18 01:00","2020","04","18","01:00","0.6","","-6.7","","58","","0.0","","20","","9","","","","96.89","","","","","","NA"
"-80.80","46.63","SUDBURY CLIMATE","6068145","2020-04-18 02:00","2020","04","18","02:00","0.6","","-7.3","","55","","0.0","","22","","18","","","","96.94","","","","","","NA"
"-80.80","46.63","SUDBURY CLIMATE","6068145","2020-04-18 03:00","2020","04","18","03:00","-1.5","","-5.8","","73","","0.0","","20","","16","","","","96.94","","","","-6","","NA"
"-80.80","46.63","SUDBURY CLIMATE","6068145","2020-04-18 04:00","2020","04","18","04:00","-1.9","","-5.7","","75","","0.0","","22","","11","","","","96.92","","","","-6","","NA"
"-80.80","46.63","SUDBURY CLIMATE","6068145","2020-04-18 05:00","2020","04","18","05:00","-2.3","","-5.7","","78","","0.0","","26","","2","","","","96.90","","","","-3","","NA"
"-80.80","46.63","SUDBURY CLIMATE","6068145","2020-04-18 06:00","2020","04","18","06:00","-3.0","","-5.6","","82","","0.0","","25","","3","","","","96.84","","","","-4","","NA"
"-80.80","46.63","SUDBURY CLIMATE","6068145","2020-04-18 07:00","2020","04","18","07:00","-3.0","","-5.3","","85","","0.0","","24","","2","","","","96.79","","","","-4","","NA"
"-80.80","46.63","SUDBURY CLIMATE","6068145","2020-04-18 08:00","2020","04","18","08:00","-3.4","","-4.9","","89","","0.0","","25","","2","","","","96.76","","","","-4","","NA"
"-80.80","46.63","SUDBURY CLIMATE","6068145","2020-04-18 09:00","2020","04","18","09:00","-3.9","","-5.0","","92","","0.0","","25","","2","","","","96.73","","","","-5","","NA"
"-80.80","46.63","SUDBURY CLIMATE","6068145","2020-04-18 10:00","2020","04","18","10:00","-3.9","","-4.7","","94","","0.0","","21","","14","","","","96.69","","","","-9","","NA"
"-80.80","46.63","SUDBURY CLIMATE","6068145","2020-04-18 11:00","2020","04","18","11:00","-4.1","","-5.0","","94","","0.0","","25","","4","","","","96.71","","","","-6","","NA"
"-80.80","46.63","SUDBURY CLIMATE","6068145","2020-04-18 12:00","2020","04","18","12:00","-2.1","","-3.0","","94","","0.0","","22","","12","","","","96.73","","","","-6","","NA"
"-80.80","46.63","SUDBURY CLIMATE","6068145","2020-04-18 13:00","2020","04","18","13:00","1.6","","-2.8","","73","","0.0","","22","","18","","","","96.74","","","","","","NA"
"-80.80","46.63","SUDBURY CLIMATE","6068145","2020-04-18 14:00","2020","04","18","14:00","3.4","","-5.7","","51","","0.0","","24","","23","","","","96.69","","","","","","NA"
"-80.80","46.63","SUDBURY CLIMATE","6068145","2020-04-18 15:00","2020","04","18","15:00","5.5","","-5.5","","45","","0.0","","21","","35","","","","96.66","","","","","","NA"
"-80.80","46.63","SUDBURY CLIMATE","6068145","2020-04-18 16:00","2020","04","18","16:00","7.0","","-4.7","","43","","0.0","","22","","32","","","","96.60","","","","","","NA"
"-80.80","46.63","SUDBURY CLIMATE","6068145","2020-04-18 17:00","2020","04","18","17:00","7.4","","-6.7","","36","","0.0","","22","","35","","","","96.51","","","","","","NA"
"-80.80","46.63","SUDBURY CLIMATE","6068145","2020-04-18 18:00","2020","04","18","18:00","7.9","","-5.6","","38","","0.0","","22","","35","","","","96.41","","","","","","NA"
"-80.80","46.63","SUDBURY CLIMATE","6068145","2020-04-18 19:00","2020","04","18","19:00","7.6","","-7.0","","35","","0.0","","21","","40","","","","96.34","","","","","","NA"
"-80.80","46.63","SUDBURY CLIMATE","6068145","2020-04-18 20:00","2020","04","18","20:00","6.8","","-7.6","","35","","0.0","","23","","38","","","","96.28","","","","","","NA"
"-80.80","46.63","SUDBURY CLIMATE","6068145","2020-04-18 21:00","2020","04","18","21:00","6.5","","-7.0","","37","","0.0","","23","","35","","","","96.22","","","","","","NA"
"-80.80","46.63","SUDBURY CLIMATE","6068145","2020-04-18 22:00","2020","04","18","22:00","6.3","","-5.2","","43","","0.0","","21","","38","","","","96.17","","","","","","NA"
"-80.80","46.63","SUDBURY CLIMATE","6068145","2020-04-18 23:00","2020","04","18","23:00","6.0","","-5.4","","44","","0.0","","20","","34","","","","96.12","","","","","","NA"
"-80.80","46.63","SUDBURY CLIMATE","6068145","2020-04-19 00:00","2020","04","19","00:00","5.0","","-4.3","","51","","0.0","","20","","34","","","","96.02","","","","","","NA"
"-80.80","46.63","SUDBURY CLIMATE","6068145","2020-04-19 01:00","2020","04","19","01:00","3.7","","-3.2","","61","","0.0","","19","","27","","","","95.98","","","","","","NA"
"-80.80","46.63","SUDBURY CLIMATE","6068145","2020-04-19 02:00","2020","04","19","02:00","3.7","","-2.4","","64","","0.0","","20","","24","","","","95.99","","","","","","NA"
"-80.80","46.63","SUDBURY CLIMATE","6068145","2020-04-19 03:00","2020","04","19","03:00","3.9","","-2.1","","65","","0.0","","20","","18","","","","95.90","","","","","","NA"
"-80.80","46.63","SUDBURY CLIMATE","6068145","2020-04-19 04:00","2020","04","19","04:00","3.9","","-1.7","","67","","0.0","","21","","18","","","","95.87","","","","","","NA"
"-80.80","46.63","SUDBURY CLIMATE","6068145","2020-04-19 05:00","2020","04","19","05:00","4.2","","-1.3","","67","","0.0","","20","","20","","","","95.79","","","","","","NA"
"-80.80","46.63","SUDBURY CLIMATE","6068145","2020-04-19 06:00","2020","04","19","06:00","4.6","","-0.6","","69","","0.0","","21","","18","","","","95.71","","","","","","NA"
"-80.80","46.63","SUDBURY CLIMATE","6068145","2020-04-19 07:00","2020","04","19","07:00","3.9","","1.9","","87","","0.0","","24","","17","","","","95.68","","","","","","NA"
"-80.80","46.63","SUDBURY CLIMATE","6068145","2020-04-19 08:00","2020","04","19","08:00","3.8","","2.7","","93","","0.0","","23","","17","","","","95.67","","","","","","NA"
"-80.80","46.63","SUDBURY CLIMATE","6068145","2020-04-19 09:00","2020","04","19","09:00","3.9","","2.5","","91","","0.0","","26","","13","","","","95.71","","","","","","NA"
"-80.80","46.63","SUDBURY CLIMATE","6068145","2020-04-19 10:00","2020","04","19","10:00","3.7","","1.8","","88","","0.0","","27","","9","","","","95.74","","","","","","NA"
"-80.80","46.63","SUDBURY CLIMATE","6068145","2020-04-19 11:00","2020","04","19","11:00","2.7","","0.8","","87","","0.0","","26","","9","","","","95.79","","","","","","NA"
"-80.80","46.63","SUDBURY CLIMATE","6068145","2020-04-19 12:00","2020","04","19","12:00","3.0","","1.1","","87","","0.0","","28","","5","","","","95.85","","","","","","NA"
"-80.80","46.63","SUDBURY CLIMATE","6068145","2020-04-19 13:00","2020","04","19","13:00","0.5","","-2.8","","79","","0.0","","36","","15","","","","95.94","","","","","","NA"
"-80.80","46.63","SUDBURY CLIMATE","6068145","2020-04-19 14:00","2020","04","19","14:00","0.0","","-3.2","","79","","0.0","","1","","18","","","","95.98","","","","-5","","NA"
"-80.80","46.63","SUDBURY CLIMATE","6068145","2020-04-19 15:00","2020","04","19","15:00","-1.9","","-5.4","","77","","0.0","","1","","23","","","","96.07","","","","-8","","NA"
"-80.80","46.63","SUDBURY CLIMATE","6068145","2020-04-19 16:00","2020","04","19","16:00","-3.3","","-5.0","","88","","0.3","","36","","18","","","","96.17","","","","-9","","NA"
"-80.80","46.63","SUDBURY CLIMATE","6068145","2020-04-19 17:00","2020","04","19","17:00","-3.4","","-6.3","","80","","0.3","","36","","17","","","","96.23","","","","-9","","NA"
"-80.80","46.63","SUDBURY CLIMATE","6068145","2020-04-19 18:00","2020","04","19","18:00","-1.3","","-7.0","","65","","0.0","","36","","20","","","","96.22","","","","-7","","NA"
"-80.80","46.63","SUDBURY CLIMATE","6068145","2020-04-19 19:00","2020","04","19","19:00","0.8","","-7.8","","52","","0.0","","35","","16","","","","96.25","","","","","","NA"
"-80.80","46.63","SUDBURY CLIMATE","6068145","2020-04-19 20:00","2020","04","19","20:00","1.1","","-9.1","","46","","0.0","","34","","17","","","","96.31","","","","","","NA"
"-80.80","46.63","SUDBURY CLIMATE","6068145","2020-04-19 21:00","2020","04","19","21:00","1.4","","-11.2","","39","","0.0","","30","","17","","","","96.38","","","","","","NA"
"-80.80","46.63","SUDBURY CLIMATE","6068145","2020-04-19 22:00","2020","04","19","22:00","-0.2","","-12.3","","40","","0.0","","31","","15","","","","96.45","","","","-5","","NA"
"-80.80","46.63","SUDBURY CLIMATE","6068145","2020-04-19 23:00","2020","04","19","23:00","0.1","","-13.7","","35","","0.0","","34","","17","","","","96.50","","","","","","NA"
"-80.80","46.63","SUDBURY CLIMATE","6068145","2020-04-20 00:00","2020","04","20","00:00","-1.0","","-15.4","","33","","0.0","","33","","12","","","","96.59","","","","-5","","NA"
"-80.80","46.63","SUDBURY CLIMATE","6068145","2020-04-20 01:00","2020","04","20","01:00","-2.3","","-14.9","","37","","0.0","","34","","9","","","","96.70","","","","-6","","NA"
"-80.80","46.63","SUDBURY CLIMATE","6068145","2020-04-20 02:00","2020","04","20","02:00","-3.2","","-14.3","","42","","0.0","","36","","7","","","","96.74","","","","-6","","NA"
"-80.80","46.63","SUDBURY CLIMATE","6068145","2020-04-20 03:00","2020","04","20","03:00","-4.0","","-12.9","","50","","0.0","","3","","8","","","","96.79","","","","-7","","NA"
"-80.80","46.63","SUDBURY CLIMATE","6068145","2020-04-20 04:00","2020","04","20","04:00","-4.8","","-12.7","","54","","0.0","","3","","7","","","","96.84","","","","-8","","NA"
"-80.80","46.63","SUDBURY CLIMATE","6068145","2020-04-20 05:00","2020","04","20","05:00","-5.5","","-12.3","","59","","0.0","","3","","9","","","","96.81","","","","-10","","NA"
"-80.80","46.63","SUDBURY CLIMATE","6068145","2020-04-20 06:00","2020","04","20","06:00","-6.0","","-11.4","","66","","0.0","","6","","7","","","","96.77","","","","-9","","NA"
"-80.80","46.63","SUDBURY CLIMATE","6068145","2020-04-20 07:00","2020","04","20","07:00","-7.1","","-12.6","","65","","0.0","","7","","7","","","","96.73","","","","-11","","NA"
"-80.80","46.63","SUDBURY CLIMATE","6068145","2020-04-20 08:00","2020","04","20","08:00","-7.1","","-11.5","","71","","0.0","","6","","8","","","","96.73","","","","-11","","NA"
"-80.80","46.63","SUDBURY CLIMATE","6068145","2020-04-20 09:00","2020","04","20","09:00","-6.7","","-12.7","","63","","0.0","","13","","14","","","","96.74","","","","-12","","NA"
"-80.80","46.63","SUDBURY CLIMATE","6068145","2020-04-20 10:00","2020","04","20","10:00","-7.0","","-12.9","","63","","0.0","","13","","17","","","","96.69","","","","-13","","NA"
"-80.80","46.63","SUDBURY CLIMATE","6068145","2020-04-20 11:00","2020","04","20","11:00","-7.0","","-12.3","","66","","0.0","","14","","14","","","","96.66","","","","-13","","NA"
"-80.80","46.63","SUDBURY CLIMATE","6068145","2020-04-20 12:00","2020","04","20","12:00","-4.7","","-11.9","","57","","0.0","","15","","19","","","","96.62","","","","-11","","NA"
"-80.80","46.63","SUDBURY CLIMATE","6068145","2020-04-20 13:00","2020","04","20","13:00","-2.4","","-10.7","","53","","0.0","","15","","24","","","","96.54","","","","-9","","NA"
"-80.80","46.63","SUDBURY CLIMATE","6068145","2020-04-20 14:00","2020","04","20","14:00","0.0","","-7.2","","58","","0.0","","17","","24","","","","96.43","","","","-6","","NA"
"-80.80","46.63","SUDBURY CLIMATE","6068145","2020-04-20 15:00","2020","04","20","15:00","1.5","","-6.0","","57","","0.0","","19","","30","","","","96.30","","","","","","NA"
"-80.80","46.63","SUDBURY CLIMATE","6068145","2020-04-20 16:00","2020","04","20","16:00","3.5","","-7.2","","45","","0.0","","18","","28","","","","96.18","","","","","","NA"
"-80.80","46.63","SUDBURY CLIMATE","6068145","2020-04-20 17:00","2020","04","20","17:00","4.2","","-9.4","","36","","0.0","","19","","33","","","","96.05","","","","","","NA"
"-80.80","46.63","SUDBURY CLIMATE","6068145","2020-04-20 18:00","2020","04","20","18:00","4.9","","-6.5","","43","","0.0","","18","","37","","","","95.99","","","","","","NA"
"-80.80","46.63","SUDBURY CLIMATE","6068145","2020-04-20 19:00","2020","04","20","19:00","3.3","","-6.4","","49","","0.0","","20","","37","","","","95.92","","","","","","NA"
"-80.80","46.63","SUDBURY CLIMATE","6068145","2020-04-20 20:00","2020","04","20","20:00","3.8","","-5.7","","50","","0.0","","20","","44","","","","95.83","","","","","","NA"
"-80.80","46.63","SUDBURY CLIMATE","6068145","2020-04-20 21:00","2020","04","20","21:00","4.0","","-4.6","","53","","0.0","","20","","40","","","","95.80","","","","","","NA"
"-80.80","46.63","SUDBURY CLIMATE","6068145","2020-04-20 22:00","2020","04","20","22:00","3.8","","-4.1","","56","","0.0","","21","","34","","","","95.74","","","","","","NA"
"-80.80","46.63","SUDBURY CLIMATE","6068145","2020-04-20 23:00","2020","04","20","23:00","2.8","","-2.9","","66","","0.0","","21","","28","","","","95.67","","","","","","NA"
"-80.80","46.63","SUDBURY CLIMATE","6068145","2020-04-21 00:00","2020","04","21","00:00","2.1","","-1.8","","75","","0.0","","20","","27","","","","95.59","","","","","","NA"
"-80.80","46.63","SUDBURY CLIMATE","6068145","2020-04-21 01:00","2020","04","21","01:00","1.3","","-1.0","","85","","0.0","","19","","22","","","","95.49","","","","","","NA"
"-80.80","46.63","SUDBURY CLIMATE","6068145","2020-04-21 02:00","2020","04","21","02:00","2.1","","-1.6","","76","","0.0","","17","","16","","","","95.35","","","","","","NA"
"-80.80","46.63","SUDBURY CLIMATE","6068145","2020-04-21 03:00","2020","04","21","03:00","3.2","","-1.3","","73","","0.0","","18","","25","","","","95.20","","","","","","NA"
"-80.80","46.63","SUDBURY CLIMATE","6068145","2020-04-21 04:00","2020","04","21","04:00","1.1","","0.0","","92","","0.8","","21","","23","","","","95.09","","","","","","NA"
"-80.80","46.63","SUDBURY CLIMATE","6068145","2020-04-21 05:00","2020","04","21","05:00","0.2","","-0.1","","98","","0.5","","21","","13","","","","95.01","","","","","","NA"
"-80.80","46.63","SUDBURY CLIMATE","6068145","2020-04-21 06:00","2020","04","21","06:00","0.1","","0.0","","99","","0.8","","25","","11","","","","94.95","","","","","","NA"
"-80.80","46.63","SUDBURY CLIMATE","6068145","2020-04-21 07:00","2020","04","21","07:00","-0.5","","-0.9","","98","","0.3","","31","","8","","","","94.88","","","","-3","","NA"
"-80.80","46.63","SUDBURY CLIMATE","6068145","2020-04-21 08:00","2020","04","21","08:00","-0.6","","-0.9","","98","","0.2","","29","","8","","","","94.82","","","","-3","","NA"
"-80.80","46.63","SUDBURY CLIMATE","6068145","2020-04-21 09:00","2020","04","21","09:00","-0.7","","-1.0","","98","","0.0","","30","","8","","","","94.82","","","","-4","","NA"
"-80.80","46.63","SUDBURY CLIMATE","6068145","2020-04-21 10:00","2020","04","21","10:00","-2.7","","-4.3","","89","","0.0","","30","","17","","","","94.93","","","","-8","","NA"
"-80.80","46.63","SUDBURY CLIMATE","6068145","2020-04-21 11:00","2020","04","21","11:00","-4.2","","-6.3","","85","","0.0","","30","","14","","","","95.02","","","","-9","","NA"
"-80.80","46.63","SUDBURY CLIMATE","6068145","2020-04-21 12:00","2020","04","21","12:00","-4.5","","-7.2","","82","","0.0","","28","","13","","","","95.13","","","","-10","","NA"
"-80.80","46.63","SUDBURY CLIMATE","6068145","2020-04-21 13:00","2020","04","21","13:00","-4.5","","-6.9","","83","","0.4","","28","","17","","","","95.19","","","","-10","","NA"
"-80.80","46.63","SUDBURY CLIMATE","6068145","2020-04-21 14:00","2020","04","21","14:00","-4.6","","-7.6","","79","","0.0","","30","","17","","","","95.26","","","","-10","","NA"
"-80.80","46.63","SUDBURY CLIMATE","6068145","2020-04-21 15:00","2020","04","21","15:00","-5.0","","-6.7","","88","","0.4","","28","","18","","","","95.32","","","","-11","","NA"
"-80.80","46.63","SUDBURY CLIMATE","6068145","2020-04-21 16:00","2020","04","21","16:00","-4.6","","-9.9","","67","","0.0","","29","","21","","","","95.43","","","","-11","","NA"
"-80.80","46.63","SUDBURY CLIMATE","6068145","2020-04-21 17:00","2020","04","21","17:00","-4.9","","-10.3","","66","","0.2","","29","","19","","","","95.55","","","","-11","","NA"
"-80.80","46.63","SUDBURY CLIMATE","6068145","2020-04-21 18:00","2020","04","21","18:00","-4.5","","-10.4","","63","","0.0","","31","","21","","","","95.65","","","","-11","","NA"
"-80.80","46.63","SUDBURY CLIMATE","6068145","2020-04-21 19:00","2020","04","21","19:00","-4.6","","-9.9","","66","","0.3","","30","","22","","","","95.78","","","","-11","","NA"
"-80.80","46.63","SUDBURY CLIMATE","6068145","2020-04-21 20:00","2020","04","21","20:00","-4.6","","-11.2","","60","","0.0","","30","","21","","","","95.88","","","","-11","","NA"
"-80.80","46.63","SUDBURY CLIMATE","6068145","2020-04-21 21:00","2020","04","21","21:00","-4.4","","-12.0","","55","","0.0","","30","","22","","","","96.00","","","","-11","","NA"
"-80.80","46.63","SUDBURY CLIMATE","6068145","2020-04-21 22:00","2020","04","21","22:00","-3.5","","-10.6","","58","","0.0","","29","","24","","","","96.10","","","","-10","","NA"
"-80.80","46.63","SUDBURY CLIMATE","6068145","2020-04-21 23:00","2020","04","21","23:00","-3.7","","-9.4","","65","","0.0","","32","","20","","","","96.22","","","","-10","","NA"
"-80.80","46.63","SUDBURY CLIMATE","6068145","2020-04-22 00:00","2020","04","22","00:00","-3.6","","-9.4","","64","","0.0","","30","","11","","","","96.32","","","","-8","","NA"
"-80.80","46.63","SUDBURY CLIMATE","6068145","2020-04-22 01:00","2020","04","22","01:00","-3.9","","-11.5","","55","","0.0","","31","","19","","","","96.43","","","","-10","","NA"
"-80.80","46.63","SUDBURY CLIMATE","6068145","2020-04-22 02:00","2020","04","22","02:00","-4.3","","-12.3","","54","","0.0","","31","","20","","","","96.52","","","","-11","","NA"
"-80.80","46.63","SUDBURY CLIMATE","6068145","2020-04-22 03:00","2020","04","22","03:00","-5.0","","-12.3","","57","","0.0","","31","","13","","","","96.60","","","","-10","","NA"
"-80.80","46.63","SUDBURY CLIMATE","6068145","2020-04-22 04:00","2020","04","22","04:00","-5.7","","-13.5","","54","","0.0","","31","","20","","","","96.64","","","","-12","","NA"
"-80.80","46.63","SUDBURY CLIMATE","6068145","2020-04-22 05:00","2020","04","22","05:00","-6.5","","-14.0","","55","","0.0","","31","","17","","","","96.70","","","","-13","","NA"
"-80.80","46.63","SUDBURY CLIMATE","6068145","2020-04-22 06:00","2020","04","22","06:00","-7.4","","-16.2","","50","","0.0","","31","","16","","","","96.75","","","","-14","","NA"
"-80.80","46.63","SUDBURY CLIMATE","6068145","2020-04-22 07:00","2020","04","22","07:00","-8.2","","-16.5","","51","","0.0","","31","","13","","","","96.77","","","","-14","","NA"
"-80.80","46.63","SUDBURY CLIMATE","6068145","2020-04-22 08:00","2020","04","22","08:00","-8.9","","-16.6","","53","","0.0","","30","","14","","","","96.81","","","","-15","","NA"
"-80.80","46.63","SUDBURY CLIMATE","6068145","2020-04-22 09:00","2020","04","22","09:00","-9.8","","-18.1","","51","","0.0","","30","","13","","","","96.89","","","","-16","","NA"
"-80.80","46.63","SUDBURY CLIMATE","6068145","2020-04-22 10:00","2020","04","22","10:00","-10.9","","-18.1","","55","","0.0","","30","","13","","","","96.95","","","","-17","","NA"
"-80.80","46.63","SUDBURY CLIMATE","6068145","2020-04-22 11:00","2020","04","22","11:00","-11.2","","-19.7","","49","","0.0","","32","","12","","","","97.06","","","","-17","","NA"
"-80.80","46.63","SUDBURY CLIMATE","6068145","2020-04-22 12:00","2020","04","22","12:00","-10.7","","-20.4","","45","","0.0","","33","","17","","","","97.12","","","","-18","","NA"
"-80.80","46.63","SUDBURY CLIMATE","6068145","2020-04-22 13:00","2020","04","22","13:00","-9.5","","-20.2","","42","","0.0","","32","","11","","","","97.17","","","","-15","","NA"
"-80.80","46.63","SUDBURY CLIMATE","6068145","2020-04-22 14:00","2020","04","22","14:00","-8.1","","-20.0","","38","","0.0","","31","","15","","","","97.21","","","","-14","","NA"
"-80.80","46.63","SUDBURY CLIMATE","6068145","2020-04-22 15:00","2020","04","22","15:00","-6.3","","-19.0","","36","","0.0","","31","","14","","","","97.22","","","","-12","","NA"
"-80.80","46.63","SUDBURY CLIMATE","6068145","2020-04-22 16:00","2020","04","22","16:00","-4.4","","-16.5","","38","","0.0","","30","","15","","","","97.22","","","","-10","","NA"
"-80.80","46.63","SUDBURY CLIMATE","6068145","2020-04-22 17:00","2020","04","22","17:00","-3.5","","-17.5","","33","","0.0","","31","","18","","","","97.21","","","","-9","","NA"
"-80.80","46.63","SUDBURY CLIMATE","6068145","2020-04-22 18:00","2020","04","22","18:00","-2.3","","-18.2","","29","","0.0","","31","","15","","","","97.18","","","","-7","","NA"
"-80.80","46.63","SUDBURY CLIMATE","6068145","2020-04-22 19:00","2020","04","22","19:00","-1.0","","-18.0","","26","","0.0","","30","","11","","","","97.15","","","","-5","","NA"
"-80.80","46.63","SUDBURY CLIMATE","6068145","2020-04-22 20:00","2020","04","22","20:00","0.2","","-16.9","","26","","0.0","","28","","13","","","","97.15","","","","","","NA"
"-80.80","46.63","SUDBURY CLIMATE","6068145","2020-04-22 21:00","2020","04","22","21:00","0.7","","-18.2","","23","","0.0","","29","","15","","","","97.15","","","","","","NA"
"-80.80","46.63","SUDBURY CLIMATE","6068145","2020-04-22 22:00","2020","04","22","22:00","1.0","","-18.2","","22","","0.0","","32","","17","","","","97.15","","","","","","NA"
"-80.80","46.63","SUDBURY CLIMATE","6068145","2020-04-22 23:00","2020","04","22","23:00","0.6","","-18.5","","22","","0.0","","33","","14","","","","97.17","","","","","","NA"
"-80.80","46.63","SUDBURY CLIMATE","6068145","2020-04-23 00:00","2020","04","23","00:00","-0.2","","-18.5","","24","","0.0","","32","","11","","","","97.22","","","","-4","","NA"
"-80.80","46.63","SUDBURY CLIMATE","6068145","2020-04-23 01:00","2020","04","23","01:00","-1.8","","-18.1","","28","","0.0","","32","","5","","","","97.28","","","","-4","","NA"
"-80.80","46.63","SUDBURY CLIMATE","6068145","2020-04-23 02:00","2020","04","23","02:00","-2.9","","-17.5","","31","","0.0","","36","","8","","","","97.30","","","","-6","","NA"
"-80.80","46.63","SUDBURY CLIMATE","6068145","2020-04-23 03:00","2020","04","23","03:00","-3.4","","-17.2","","34","","0.0","","36","","3","","","","97.34","","","","-5","","NA"
"-80.80","46.63","SUDBURY CLIMATE","6068145","2020-04-23 04:00","2020","04","23","04:00","-4.5","","-17.7","","35","","0.0","","1","","8","","","","97.34","","","","-8","","NA"
"-80.80","46.63","SUDBURY CLIMATE","6068145","2020-04-23 05:00","2020","04","23","05:00","-7.0","","-18.1","","41","","0.0","","3","","2","","","","97.37","","","","-8","","NA"
"-80.80","46.63","SUDBURY CLIMATE","6068145","2020-04-23 06:00","2020","04","23","06:00","-5.8","","-18.6","","36","","0.0","","2","","6","","","","97.38","","","","-9","","NA"
"-80.80","46.63","SUDBURY CLIMATE","6068145","2020-04-23 07:00","2020","04","23","07:00","-8.4","","-16.3","","53","","0.0","","29","","6","","","","97.40","","","","-12","","NA"
"-80.80","46.63","SUDBURY CLIMATE","6068145","2020-04-23 08:00","2020","04","23","08:00","-8.2","","-14.4","","61","","0.0","","","","0","","","","97.41","","","","","","NA"
"-80.80","46.63","SUDBURY CLIMATE","6068145","2020-04-23 09:00","2020","04","23","09:00","-8.7","","-13.3","","70","","0.0","","4","","13","","","","97.37","","","","-15","","NA"
"-80.80","46.63","SUDBURY CLIMATE","6068145","2020-04-23 10:00","2020","04","23","10:00","-9.4","","-12.4","","79","","0.0","","3","","8","","","","97.42","","","","-14","","NA"
"-80.80","46.63","SUDBURY CLIMATE","6068145","2020-04-23 11:00","2020","04","23","11:00","-8.1","","-12.4","","71","","0.0","","5","","8","","","","97.45","","","","-12","","NA"
"-80.80","46.63","SUDBURY CLIMATE","6068145","2020-04-23 12:00","2020","04","23","12:00","-6.4","","-13.6","","56","","0.0","","5","","11","","","","97.48","","","","-11","","NA"
"-80.80","46.63","SUDBURY CLIMATE","6068145","2020-04-23 13:00","2020","04","23","13:00","-4.4","","-13.4","","49","","0.0","","4","","14","","","","97.43","","","","-10","","NA"
"-80.80","46.63","SUDBURY CLIMATE","6068145","2020-04-23 14:00","2020","04","23","14:00","-2.3","","-15.1","","37","","0.0","","4","","10","","","","97.44","","","","-6","","NA"
"-80.80","46.63","SUDBURY CLIMATE","6068145","2020-04-23 15:00","2020","04","23","15:00","-0.4","","-15.1","","32","","0.0","","4","","10","","","","97.46","","","","-4","","NA"
"-80.80","46.63","SUDBURY CLIMATE","6068145","2020-04-23 16:00","2020","04","23","16:00","0.9","","-15.7","","28","","0.0","","2","","4","","","","97.41","","","","","","NA"
"-80.80","46.63","SUDBURY CLIMATE","6068145","2020-04-23 17:00","2020","04","23","17:00","2.1","","-18.1","","21","","0.0","","6","","7","","","","97.37","","","","","","NA"
"-80.80","46.63","SUDBURY CLIMATE","6068145","2020-04-23 18:00","2020","04","23","18:00","4.0","","-13.5","","27","","0.0","","1","","6","","","","97.31","","","","","","NA"
"-80.80","46.63","SUDBURY CLIMATE","6068145","2020-04-23 19:00","2020","04","23","19:00","4.7","","-14.7","","23","","0.0","","10","","5","","","","97.28","","","","","","NA"
"-80.80","46.63","SUDBURY CLIMATE","6068145","2020-04-23 20:00","2020","04","23","20:00","4.9","","-14.3","","23","","0.0","","5","","15","","","","97.23","","","","","","NA"
"-80.80","46.63","SUDBURY CLIMATE","6068145","2020-04-23 21:00","2020","04","23","21:00","5.2","","-14.6","","22","","0.0","","5","","10","","","","97.17","","","","","","NA"
"-80.80","46.63","SUDBURY CLIMATE","6068145","2020-04-23 22:00","2020","04","23","22:00","5.2","","-15.2","","21","","0.0","","4","","14","","","","97.13","","","","","","NA"
"-80.80","46.63","SUDBURY CLIMATE","6068145","2020-04-23 23:00","2020","04","23","23:00","4.9","","-15.5","","21","","0.0","","2","","11","","","","97.14","","","","","","NA"
"-80.80","46.63","SUDBURY CLIMATE","6068145","2020-04-24 00:00","2020","04","24","00:00","3.9","","-14.3","","25","","0.0","","3","","11","","","","97.14","","","","","","NA"
"-80.80","46.63","SUDBURY CLIMATE","6068145","2020-04-24 01:00","2020","04","24","01:00","3.0","","-14.2","","27","","0.0","","8","","10","","","","97.14","","","","","","NA"
"-80.80","46.63","SUDBURY CLIMATE","6068145","2020-04-24 02:00","2020","04","24","02:00","1.8","","-14.6","","28","","0.0","","7","","9","","","","97.15","","","","","","NA"
"-80.80","46.63","SUDBURY CLIMATE","6068145","2020-04-24 03:00","2020","04","24","03:00","0.6","","-15.4","","29","","0.0","","7","","8","","","","97.13","","","","","","NA"
"-80.80","46.63","SUDBURY CLIMATE","6068145","2020-04-24 04:00","2020","04","24","04:00","-0.6","","-13.4","","37","","0.0","","5","","12","","","","97.13","","","","-5","","NA"
"-80.80","46.63","SUDBURY CLIMATE","6068145","2020-04-24 05:00","2020","04","24","05:00","-2.1","","-10.0","","55","","0.0","","5","","14","","","","97.13","","","","-7","","NA"
"-80.80","46.63","SUDBURY CLIMATE","6068145","2020-04-24 06:00","2020","04","24","06:00","-2.0","","-11.2","","49","","0.0","","3","","12","","","","97.14","","","","-6","","NA"
"-80.80","46.63","SUDBURY CLIMATE","6068145","2020-04-24 07:00","2020","04","24","07:00","-3.1","","-9.8","","60","","0.0","","4","","13","","","","97.10","","","","-8","","NA"
"-80.80","46.63","SUDBURY CLIMATE","6068145","2020-04-24 08:00","2020","04","24","08:00","-3.3","","-11.5","","53","","0.0","","4","","13","","","","97.09","","","","-8","","NA"
"-80.80","46.63","SUDBURY CLIMATE","6068145","2020-04-24 09:00","2020","04","24","09:00","-3.2","","-12.7","","48","","0.0","","3","","12","","","","97.09","","","","-8","","NA"
"-80.80","46.63","SUDBURY CLIMATE","6068145","2020-04-24 10:00","2020","04","24","10:00","-3.3","","-12.3","","50","","0.0","","3","","12","","","","97.12","","","","-8","","NA"
"-80.80","46.63","SUDBURY CLIMATE","6068145","2020-04-24 11:00","2020","04","24","11:00","-3.0","","-12.1","","49","","0.0","","3","","11","","","","97.14","","","","-7","","NA"
"-80.80","46.63","SUDBURY CLIMATE","6068145","2020-04-24 12:00","2020","04","24","12:00","-1.3","","-12.3","","43","","0.0","","5","","15","","","","97.18","","","","-6","","NA"
"-80.80","46.63","SUDBURY CLIMATE","6068145","2020-04-24 13:00","2020","04","24","13:00","0.8","","-11.6","","39","","0.0","","4","","11","","","","97.18","","","","","","NA"
"-80.80","46.63","SUDBURY CLIMATE","6068145","2020-04-24 14:00","2020","04","24","14:00","3.0","","-12.9","","30","","0.0","","4","","11","","","","97.19","","","","","","NA"
"-80.80","46.63","SUDBURY CLIMATE","6068145","2020-04-24 15:00","2020","04","24","15:00","4.7","","-14.4","","24","","0.0","","4","","12","","","","97.20","","","","","","NA"
"-80.80","46.63","SUDBURY CLIMATE","6068145","2020-04-24 16:00","2020","04","24","16:00","6.4","","-14.7","","20","","0.0","","2","","11","","","","97.20","","","","","","NA"
"-80.80","46.63","SUDBURY CLIMATE","6068145","2020-04-24 17:00","2020","04","24","17:00","7.3","","-15.4","","18","","0.0","","5","","11","","","","97.18","","","","","","NA"
"-80.80","46.63","SUDBURY CLIMATE","6068145","2020-04-24 18:00","2020","04","24","18:00","8.2","","-15.6","","17","","0.0","","36","","8","","","","97.15","","","","","","NA"
"-80.80","46.63","SUDBURY CLIMATE","6068145","2020-04-24 19:00","2020","04","24","19:00","9.2","","-15.4","","16","","0.0","","2","","14","","","","97.13","","","","","","NA"
"-80.80","46.63","SUDBURY CLIMATE","6068145","2020-04-24 20:00","2020","04","24","20:00","9.8","","-15.2","","16","","0.0","","5","","16","","","","97.11","","","","","","NA"
"-80.80","46.63","SUDBURY CLIMATE","6068145","2020-04-24 21:00","2020","04","24","21:00","10.0","","-15.3","","15","","0.0","","5","","16","","","","97.08","","","","","","NA"
"-80.80","46.63","SUDBURY CLIMATE","6068145","2020-04-24 22:00","2020","04","24","22:00","10.3","","-15.0","","15","","0.0","","5","","11","","","","97.08","","","","","","NA"
"-80.80","46.63","SUDBURY CLIMATE","6068145","2020-04-24 23:00","2020","04","24","23:00","9.9","","-16.4","","14","","0.0","","6","","5","","","","97.09","","","","","","NA"
"-80.80","46.63","SUDBURY CLIMATE","6068145","2020-04-25 00:00","2020","04","25","00:00","8.3","","-13.5","","20","","0.0","","8","","7","","","","97.12","","","","","","NA"
"-80.80","46.63","SUDBURY CLIMATE","6068145","2020-04-25 01:00","2020","04","25","01:00","5.5","","-13.0","","25","","0.0","","6","","9","","","","97.22","","","","","","NA"
"-80.80","46.63","SUDBURY CLIMATE","6068145","2020-04-25 02:00","2020","04","25","02:00","4.0","","-12.7","","28","","0.0","","7","","10","","","","97.28","","","","","","NA"
"-80.80","46.63","SUDBURY CLIMATE","6068145","2020-04-25 03:00","2020","04","25","03:00","3.9","","-13.7","","26","","0.0","","7","","10","","","","97.30","","","","","","NA"
"-80.80","46.63","SUDBURY CLIMATE","6068145","2020-04-25 04:00","2020","04","25","04:00","2.0","","-12.1","","34","","0.0","","7","","9","","","","97.33","","","","","","NA"
"-80.80","46.63","SUDBURY CLIMATE","6068145","2020-04-25 05:00","2020","04","25","05:00","1.0","","-11.5","","39","","0.0","","8","","10","","","","97.39","","","","","","NA"
"-80.80","46.63","SUDBURY CLIMATE","6068145","2020-04-25 06:00","2020","04","25","06:00","-0.3","","-14.6","","33","","0.0","","21","","4","","","","97.43","","","","-2","","NA"
"-80.80","46.63","SUDBURY CLIMATE","6068145","2020-04-25 07:00","2020","04","25","07:00","-0.3","","-14.2","","34","","0.0","","19","","2","","","","97.45","","","","-1","","NA"
"-80.80","46.63","SUDBURY CLIMATE","6068145","2020-04-25 08:00","2020","04","25","08:00","-1.8","","-11.0","","50","","0.0","","4","","9","","","","97.46","","","","-5","","NA"
"-80.80","46.63","SUDBURY CLIMATE","6068145","2020-04-25 09:00","2020","04","25","09:00","-1.8","","-9.6","","55","","0.0","","5","","11","","","","97.50","","","","-6","","NA"
"-80.80","46.63","SUDBURY CLIMATE","6068145","2020-04-25 10:00","2020","04","25","10:00","-2.4","","-9.4","","59","","0.0","","4","","8","","","","97.57","","","","-6","","NA"
"-80.80","46.63","SUDBURY CLIMATE","6068145","2020-04-25 11:00","2020","04","25","11:00","-2.5","","-8.0","","66","","0.0","","4","","9","","","","97.61","","","","-6","","NA"
"-80.80","46.63","SUDBURY CLIMATE","6068145","2020-04-25 12:00","2020","04","25","12:00","0.5","","-7.1","","57","","0.0","","6","","8","","","","97.65","","","","","","NA"
"-80.80","46.63","SUDBURY CLIMATE","6068145","2020-04-25 13:00","2020","04","25","13:00","6.0","","-10.2","","30","","0.0","","12","","7","","","","97.69","","","","","","NA"
"-80.80","46.63","SUDBURY CLIMATE","6068145","2020-04-25 14:00","2020","04","25","14:00","8.5","","-11.3","","23","","0.0","","17","","15","","","","97.73","","","","","","NA"
"-80.80","46.63","SUDBURY CLIMATE","6068145","2020-04-25 15:00","2020","04","25","15:00","10.5","","-11.5","","20","","0.0","","16","","17","","","","97.74","","","","","","NA"
"-80.80","46.63","SUDBURY CLIMATE","6068145","2020-04-25 16:00","2020","04","25","16:00","11.0","","-11.8","","19","","0.0","","18","","11","","","","97.70","","","","","","NA"
"-80.80","46.63","SUDBURY CLIMATE","6068145","2020-04-25 17:00","2020","04","25","17:00","12.2","","-11.0","","19","","0.0","","19","","10","","","","97.65","","","","","","NA"
"-80.80","46.63","SUDBURY CLIMATE","6068145","2020-04-25 18:00","2020","04","25","18:00","12.9","","-10.3","","19","","0.0","","24","","12","","","","97.61","","","","","","NA"
"-80.80","46.63","SUDBURY CLIMATE","6068145","2020-04-25 19:00","2020","04","25","19:00","13.2","","-10.1","","19","","0.0","","18","","9","","","","97.57","","","","","","NA"
"-80.80","46.63","SUDBURY CLIMATE","6068145","2020-04-25 20:00","2020","04","25","20:00","13.8","","-8.6","","20","","0.0","","21","","13","","","","97.54","","","","","","NA"
"-80.80","46.63","SUDBURY CLIMATE","6068145","2020-04-25 21:00","2020","04","25","21:00","14.5","","-6.9","","22","","0.0","","21","","17","","","","97.53","","","","","","NA"
"-80.80","46.63","SUDBURY CLIMATE","6068145","2020-04-25 22:00","2020","04","25","22:00","13.6","","-9.4","","19","","0.0","","22","","11","","","","97.51","","","","","","NA"
"-80.80","46.63","SUDBURY CLIMATE","6068145","2020-04-25 23:00","2020","04","25","23:00","13.4","","-7.4","","23","","0.0","","20","","8","","","","97.51","","","","","","NA"
"-80.80","46.63","SUDBURY CLIMATE","6068145","2020-04-26 00:00","2020","04","26","00:00","10.0","","-6.4","","31","","0.0","","21","","12","","","","97.53","","","","","","NA"
"-80.80","46.63","SUDBURY CLIMATE","6068145","2020-04-26 01:00","2020","04","26","01:00","7.6","","-6.2","","37","","0.0","","23","","13","","","","97.58","","","","","","NA"
"-80.80","46.63","SUDBURY CLIMATE","6068145","2020-04-26 02:00","2020","04","26","02:00","7.8","","-6.3","","36","","0.0","","26","","4","","","","97.62","","","","","","NA"
"-80.80","46.63","SUDBURY CLIMATE","6068145","2020-04-26 03:00","2020","04","26","03:00","6.3","","-6.4","","40","","0.0","","28","","7","","","","97.63","","","","","","NA"
"-80.80","46.63","SUDBURY CLIMATE","6068145","2020-04-26 04:00","2020","04","26","04:00","5.3","","-6.5","","42","","0.0","","28","","9","","","","97.61","","","","","","NA"
"-80.80","46.63","SUDBURY CLIMATE","6068145","2020-04-26 05:00","2020","04","26","05:00","3.8","","-6.7","","46","","0.0","","31","","8","","","","97.64","","","","","","NA"
"-80.80","46.63","SUDBURY CLIMATE","6068145","2020-04-26 06:00","2020","04","26","06:00","2.9","","-6.9","","49","","0.0","","1","","13","","","","97.67","","","","","","NA"
"-80.80","46.63","SUDBURY CLIMATE","6068145","2020-04-26 07:00","2020","04","26","07:00","2.6","","-7.8","","46","","0.0","","1","","14","","","","97.67","","","","","","NA"
"-80.80","46.63","SUDBURY CLIMATE","6068145","2020-04-26 08:00","2020","04","26","08:00","2.6","","-7.7","","47","","0.0","","1","","21","","","","97.68","","","","","","NA"
"-80.80","46.63","SUDBURY CLIMATE","6068145","2020-04-26 09:00","2020","04","26","09:00","2.2","","-7.7","","48","","0.0","","2","","22","","","","97.71","","","","","","NA"
"-80.80","46.63","SUDBURY CLIMATE","6068145","2020-04-26 10:00","2020","04","26","10:00","1.3","","-7.5","","52","","0.0","","1","","20","","","","97.76","","","","","","NA"
"-80.80","46.63","SUDBURY CLIMATE","6068145","2020-04-26 11:00","2020","04","26","11:00","1.3","","-7.6","","52","","0.0","","3","","23","","","","97.83","","","","","","NA"
"-80.80","46.63","SUDBURY CLIMATE","6068145","2020-04-26 12:00","2020","04","26","12:00","2.1","","-7.3","","50","","0.0","","3","","24","","","","97.88","","","","","","NA"
"-80.80","46.63","SUDBURY CLIMATE","6068145","2020-04-26 13:00","2020","04","26","13:00","3.4","","-7.7","","44","","0.0","","2","","31","","","","97.91","","","","","","NA"
"-80.80","46.63","SUDBURY CLIMATE","6068145","2020-04-26 14:00","2020","04","26","14:00","5.9","","-6.7","","40","","0.0","","3","","29","","","","97.92","","","","","","NA"
"-80.80","46.63","SUDBURY CLIMATE","6068145","2020-04-26 15:00","2020","04","26","15:00","8.0","","-7.5","","32","","0.0","","3","","25","","","","97.96","","","","","","NA"
"-80.80","46.63","SUDBURY CLIMATE","6068145","2020-04-26 16:00","2020","04","26","16:00","9.4","","-7.7","","29","","0.0","","3","","25","","","","97.93","","","","","","NA"
"-80.80","46.63","SUDBURY CLIMATE","6068145","2020-04-26 17:00","2020","04","26","17:00","10.8","","-6.8","","28","","0.0","","2","","26","","","","97.92","","","","","","NA"
"-80.80","46.63","SUDBURY CLIMATE","6068145","2020-04-26 18:00","2020","04","26","18:00","10.7","","-8.1","","26","","0.0","","3","","28","","","","97.89","","","","","","NA"
"-80.80","46.63","SUDBURY CLIMATE","6068145","2020-04-26 19:00","2020","04","26","19:00","11.8","","-6.2","","28","","0.0","","3","","28","","","","97.88","","","","","","NA"
"-80.80","46.63","SUDBURY CLIMATE","6068145","2020-04-26 20:00","2020","04","26","20:00","11.6","","-6.9","","27","","0.0","","2","","25","","","","97.87","","","","","","NA"
"-80.80","46.63","SUDBURY CLIMATE","6068145","2020-04-26 21:00","2020","04","26","21:00","11.2","","-7.1","","27","","0.0","","4","","27","","","","97.84","","","","","","NA"
"-80.80","46.63","SUDBURY CLIMATE","6068145","2020-04-26 22:00","2020","04","26","22:00","10.9","","-7.0","","28","","0.0","","3","","22","","","","97.86","","","","","","NA"
"-80.80","46.63","SUDBURY CLIMATE","6068145","2020-04-26 23:00","2020","04","26","23:00","9.9","","-7.6","","28","","0.0","","3","","20","","","","97.88","","","","","","NA"
"-80.80","46.63","SUDBURY CLIMATE","6068145","2020-04-27 00:00","2020","04","27","00:00","7.9","","-7.5","","33","","0.0","","2","","17","","","","97.91","","","","","","NA"
"-80.80","46.63","SUDBURY CLIMATE","6068145","2020-04-27 01:00","2020","04","27","01:00","6.0","","-7.3","","38","","0.0","","2","","13","","","","97.97","","","","","","NA"
"-80.80","46.63","SUDBURY CLIMATE","6068145","2020-04-27 02:00","2020","04","27","02:00","4.8","","-7.9","","39","","0.0","","2","","11","","","","98.03","","","","","","NA"
"-80.80","46.63","SUDBURY CLIMATE","6068145","2020-04-27 03:00","2020","04","27","03:00","3.5","","-8.0","","43","","0.0","","2","","13","","","","98.05","","","","","","NA"
"-80.80","46.63","SUDBURY CLIMATE","6068145","2020-04-27 04:00","2020","04","27","04:00","3.1","","-8.4","","43","","0.0","","2","","15","","","","98.04","","","","","","NA"
"-80.80","46.63","SUDBURY CLIMATE","6068145","2020-04-27 05:00","2020","04","27","05:00","2.3","","-8.4","","45","","0.0","","3","","15","","","","98.04","","","","","","NA"
"-80.80","46.63","SUDBURY CLIMATE","6068145","2020-04-27 06:00","2020","04","27","06:00","1.7","","-8.6","","46","","0.0","","3","","15","","","","98.03","","","","","","NA"
"-80.80","46.63","SUDBURY CLIMATE","6068145","2020-04-27 07:00","2020","04","27","07:00","0.4","","-7.8","","54","","0.0","","3","","12","","","","98.02","","","","","","NA"
"-80.80","46.63","SUDBURY CLIMATE","6068145","2020-04-27 08:00","2020","04","27","08:00","-0.2","","-8.8","","53","","0.0","","3","","11","","","","98.02","","","","-4","","NA"
"-80.80","46.63","SUDBURY CLIMATE","6068145","2020-04-27 09:00","2020","04","27","09:00","-0.6","","-8.5","","55","","0.0","","3","","12","","","","98.01","","","","-5","","NA"
"-80.80","46.63","SUDBURY CLIMATE","6068145","2020-04-27 10:00","2020","04","27","10:00","-1.2","","-8.4","","58","","0.0","","3","","13","","","","98.00","","","","-5","","NA"
"-80.80","46.63","SUDBURY CLIMATE","6068145","2020-04-27 11:00","2020","04","27","11:00","-0.9","","-8.3","","57","","0.0","","2","","11","","","","98.03","","","","-5","","NA"
"-80.80","46.63","SUDBURY CLIMATE","6068145","2020-04-27 12:00","2020","04","27","12:00","0.3","","-7.9","","54","","0.0","","4","","18","","","","98.04","","","","","","NA"
"-80.80","46.63","SUDBURY CLIMATE","6068145","2020-04-27 13:00","2020","04","27","13:00","2.1","","-7.3","","50","","0.0","","4","","13","","","","98.03","","","","","","NA"
"-80.80","46.63","SUDBURY CLIMATE","6068145","2020-04-27 14:00","2020","04","27","14:00","4.1","","-7.9","","41","","0.0","","4","","9","","","","97.99","","","","","","NA"
"-80.80","46.63","SUDBURY CLIMATE","6068145","2020-04-27 15:00","2020","04","27","15:00","6.0","","-8.5","","35","","0.0","","5","","8","","","","97.95","","","","","","NA"
"-80.80","46.63","SUDBURY CLIMATE","6068145","2020-04-27 16:00","2020","04","27","16:00","7.7","","-8.7","","30","","0.0","","3","","9","","","","97.88","","","","","","NA"
"-80.80","46.63","SUDBURY CLIMATE","6068145","2020-04-27 17:00","2020","04","27","17:00","9.3","","-8.8","","27","","0.0","","4","","3","","","","97.81","","","","","","NA"
"-80.80","46.63","SUDBURY CLIMATE","6068145","2020-04-27 18:00","2020","04","27","18:00","10.5","","-9.1","","24","","0.0","","14","","7","","","","97.74","","","","","","NA"
"-80.80","46.63","SUDBURY CLIMATE","6068145","2020-04-27 19:00","2020","04","27","19:00","11.2","","-8.6","","24","","0.0","","14","","6","","","","97.67","","","","","","NA"
"-80.80","46.63","SUDBURY CLIMATE","6068145","2020-04-27 20:00","2020","04","27","20:00","12.4","","-9.8","","20","","0.0","","18","","6","","","","97.60","","","","","","NA"
"-80.80","46.63","SUDBURY CLIMATE","6068145","2020-04-27 21:00","2020","04","27","21:00","12.3","","-9.1","","21","","0.0","","15","","7","","","","97.54","","","","","","NA"
"-80.80","46.63","SUDBURY CLIMATE","6068145","2020-04-27 22:00","2020","04","27","22:00","11.8","","-9.2","","22","","0.0","","4","","17","","","","97.50","","","","","","NA"
"-80.80","46.63","SUDBURY CLIMATE","6068145","2020-04-27 23:00","2020","04","27","23:00","11.7","","-9.3","","22","","0.0","","3","","11","","","","97.52","","","","","","NA"
"-80.80","46.63","SUDBURY CLIMATE","6068145","2020-04-28 00:00","2020","04","28","00:00","10.0","","-7.4","","29","","0.0","","21","","17","","","","97.55","","","","","","NA"
"-80.80","46.63","SUDBURY CLIMATE","6068145","2020-04-28 01:00","2020","04","28","01:00","6.7","","-8.1","","34","","0.0","","23","","5","","","","97.56","","","","","","NA"
"-80.80","46.63","SUDBURY CLIMATE","6068145","2020-04-28 02:00","2020","04","28","02:00","4.9","","-7.1","","41","","0.0","","20","","12","","","","97.58","","","","","","NA"
"-80.80","46.63","SUDBURY CLIMATE","6068145","2020-04-28 03:00","2020","04","28","03:00","4.2","","-7.5","","42","","0.0","","19","","10","","","","97.58","","","","","","NA"
"-80.80","46.63","SUDBURY CLIMATE","6068145","2020-04-28 04:00","2020","04","28","04:00","3.7","","-8.8","","39","","0.0","","23","","10","","","","97.56","","","","","","NA"
"-80.80","46.63","SUDBURY CLIMATE","6068145","2020-04-28 05:00","2020","04","28","05:00","2.1","","-8.9","","44","","0.0","","27","","6","","","","97.55","","","","","","NA"
"-80.80","46.63","SUDBURY CLIMATE","6068145","2020-04-28 06:00","2020","04","28","06:00","1.4","","-9.3","","45","","0.0","","23","","5","","","","97.54","","","","","","NA"
"-80.80","46.63","SUDBURY CLIMATE","6068145","2020-04-28 07:00","2020","04","28","07:00","0.1","","-7.4","","57","","0.0","","25","","3","","","","97.53","","","","","","NA"
"-80.80","46.63","SUDBURY CLIMATE","6068145","2020-04-28 08:00","2020","04","28","08:00","1.3","","-7.1","","53","","0.0","","24","","3","","","","97.53","","","","","","NA"
"-80.80","46.63","SUDBURY CLIMATE","6068145","2020-04-28 09:00","2020","04","28","09:00","0.9","","-6.1","","59","","0.0","","14","","6","","","","97.54","","","","","","NA"
"-80.80","46.63","SUDBURY CLIMATE","6068145","2020-04-28 10:00","2020","04","28","10:00","-1.1","","-6.8","","65","","0.0","","6","","7","","","","97.52","","","","-4","","NA"
"-80.80","46.63","SUDBURY CLIMATE","6068145","2020-04-28 11:00","2020","04","28","11:00","1.1","","-4.5","","66","","0.0","","13","","3","","","","97.54","","","","","","NA"
"-80.80","46.63","SUDBURY CLIMATE","6068145","2020-04-28 12:00","2020","04","28","12:00","1.9","","-3.3","","68","","0.0","","5","","6","","","","97.57","","","","","","NA"
"-80.80","46.63","SUDBURY CLIMATE","6068145","2020-04-28 13:00","2020","04","28","13:00","4.6","","-3.9","","54","","0.0","","11","","8","","","","97.60","","","","","","NA"
"-80.80","46.63","SUDBURY CLIMATE","6068145","2020-04-28 14:00","2020","04","28","14:00","4.5","","-4.3","","53","","0.0","","12","","9","","","","97.63","","","","","","NA"
"-80.80","46.63","SUDBURY CLIMATE","6068145","2020-04-28 15:00","2020","04","28","15:00","7.0","","-0.9","","57","","0.0","","13","","13","","","","97.62","","","","","","NA"
"-80.80","46.63","SUDBURY CLIMATE","6068145","2020-04-28 16:00","2020","04","28","16:00","8.4","","-0.5","","53","","0.0","","11","","13","","","","97.62","","","","","","NA"
"-80.80","46.63","SUDBURY CLIMATE","6068145","2020-04-28 17:00","2020","04","28","17:00","9.3","","-4.2","","38","","0.0","","12","","17","","","","97.60","","","","","","NA"
"-80.80","46.63","SUDBURY CLIMATE","6068145","2020-04-28 18:00","2020","04","28","18:00","11.9","","-2.3","","37","","0.0","","14","","23","","","","97.59","","","","","","NA"
"-80.80","46.63","SUDBURY CLIMATE","6068145","2020-04-28 19:00","2020","04","28","19:00","12.1","","-0.8","","41","","0.0","","11","","23","","","","97.59","","","","","","NA"
"-80.80","46.63","SUDBURY CLIMATE","6068145","2020-04-28 20:00","2020","04","28","20:00","11.5","","0.5","","47","","0.0","","11","","18","","","","97.57","","","","","","NA"
"-80.80","46.63","SUDBURY CLIMATE","6068145","2020-04-28 21:00","2020","04","28","21:00","11.6","","1.2","","49","","0.0","","14","","23","","","","97.54","","","","","","NA"
"-80.80","46.63","SUDBURY CLIMATE","6068145","2020-04-28 22:00","2020","04","28","22:00","10.8","","2.5","","56","","0.0","","14","","22","","","","97.56","","","","","","NA"
"-80.80","46.63","SUDBURY CLIMATE","6068145","2020-04-28 23:00","2020","04","28","23:00","9.4","","2.5","","62","","0.0","","14","","21","","","","97.59","","","","","","NA"
"-80.80","46.63","SUDBURY CLIMATE","6068145","2020-04-29 00:00","2020","04","29","00:00","8.9","","2.4","","64","","0.0","","12","","18","","","","97.56","","","","","","NA"
"-80.80","46.63","SUDBURY CLIMATE","6068145","2020-04-29 01:00","2020","04","29","01:00","8.4","","2.5","","66","","0.0","","13","","9","","","","97.60","","","","","","NA"
"-80.80","46.63","SUDBURY CLIMATE","6068145","2020-04-29 02:00","2020","04","29","02:00","7.8","","2.5","","69","","0.0","","11","","11","","","","97.61","","","","","","NA"
"-80.80","46.63","SUDBURY CLIMATE","6068145","2020-04-29 03:00","2020","04","29","03:00","6.9","","1.8","","70","","0.0","","10","","15","","","","97.56","","","","","","NA"
"-80.80","46.63","SUDBURY CLIMATE","6068145","2020-04-29 04:00","2020","04","29","04:00","6.5","","1.4","","70","","0.0","","10","","18","","","","97.51","","","","","","NA"
"-80.80","46.63","SUDBURY CLIMATE","6068145","2020-04-29 05:00","2020","04","29","05:00","6.1","","0.9","","69","","0.0","","10","","19","","","","97.55","","","","","","NA"
"-80.80","46.63","SUDBURY CLIMATE","6068145","2020-04-29 06:00","2020","04","29","06:00","6.1","","0.5","","67","","0.0","","10","","15","","","","97.58","","","","","","NA"
"-80.80","46.63","SUDBURY CLIMATE","6068145","2020-04-29 07:00","2020","04","29","07:00","5.9","","0.2","","67","","0.0","","10","","18","","","","97.48","","","","","","NA"
"-80.80","46.63","SUDBURY CLIMATE","6068145","2020-04-29 08:00","2020","04","29","08:00","6.1","","-0.3","","63","","0.0","","9","","17","","","","97.48","","","","","","NA"
"-80.80","46.63","SUDBURY CLIMATE","6068145","2020-04-29 09:00","2020","04","29","09:00","6.3","","-0.4","","62","","0.0","","8","","16","","","","97.44","","","","","","NA"
"-80.80","46.63","SUDBURY CLIMATE","6068145","2020-04-29 10:00","2020","04","29","10:00","6.6","","-0.8","","59","","0.0","","8","","17","","","","97.42","","","","","","NA"
"-80.80","46.63","SUDBURY CLIMATE","6068145","2020-04-29 11:00","2020","04","29","11:00","6.4","","-1.5","","57","","0.0","","8","","22","","","","97.40","","","","","","NA"
"-80.80","46.63","SUDBURY CLIMATE","6068145","2020-04-29 12:00","2020","04","29","12:00","6.8","","-2.1","","53","","0.0","","9","","24","","","","97.38","","","","","","NA"
"-80.80","46.63","SUDBURY CLIMATE","6068145","2020-04-29 13:00","2020","04","29","13:00","7.8","","-3.7","","44","","0.0","","9","","26","","","","97.35","","","","","","NA"
"-80.80","46.63","SUDBURY CLIMATE","6068145","2020-04-29 14:00","2020","04","29","14:00","8.7","","-5.1","","37","","0.0","","9","","23","","","","97.36","","","","","","NA"
"-80.80","46.63","SUDBURY CLIMATE","6068145","2020-04-29 15:00","2020","04","29","15:00","8.8","","-4.4","","39","","0.0","","11","","25","","","","97.39","","","","","","NA"
"-80.80","46.63","SUDBURY CLIMATE","6068145","2020-04-29 16:00","2020","04","29","16:00","5.4","","1.8","","78","","0.0","","8","","24","","","","97.39","","","","","","NA"
"-80.80","46.63","SUDBURY CLIMATE","6068145","2020-04-29 17:00","2020","04","29","17:00","4.6","","2.8","","88","","1.5","","5","","22","","","","97.29","","","","","","NA"
"-80.80","46.63","SUDBURY CLIMATE","6068145","2020-04-29 18:00","2020","04","29","18:00","4.5","","3.3","","92","","2.1","","5","","28","","","","97.20","","","","","","NA"
"-80.80","46.63","SUDBURY CLIMATE","6068145","2020-04-29 19:00","2020","04","29","19:00","4.3","","3.3","","93","","1.4","","5","","33","","","","97.00","","","","","","NA"
"-80.80","46.63","SUDBURY CLIMATE","6068145","2020-04-29 20:00","2020","04","29","20:00","4.7","","3.8","","94","","0.8","","7","","32","","","","96.88","","","","","","NA"
"-80.80","46.63","SUDBURY CLIMATE","6068145","2020-04-29 21:00","2020","04","29","21:00","5.1","","4.4","","95","","3.8","","7","","24","","","","96.91","","","","","","NA"
"-80.80","46.63","SUDBURY CLIMATE","6068145","2020-04-29 22:00","2020","04","29","22:00","5.3","","4.7","","96","","5.0","","6","","23","","","","96.89","","","","","","NA"
"-80.80","46.63","SUDBURY CLIMATE","6068145","2020-04-29 23:00","2020","04","29","23:00","4.9","","4.6","","98","","5.5","","5","","22","","","","96.84","","","","","","NA"
"-80.80","46.63","SUDBURY CLIMATE","6068145","2020-04-30 00:00","2020","04","30","00:00","5.2","","4.8","","98","","6.0","","5","","21","","","","96.79","","","","","","NA"
"-80.80","46.63","SUDBURY CLIMATE","6068145","2020-04-30 01:00","2020","04","30","01:00","5.4","","5.1","","98","","5.1","","5","","21","","","","96.67","","","","","","NA"
"-80.80","46.63","SUDBURY CLIMATE","6068145","2020-04-30 02:00","2020","04","30","02:00","6.6","","6.0","","96","","0.8","","8","","20","","","","96.65","","","","","","NA"
"-80.80","46.63","SUDBURY CLIMATE","6068145","2020-04-30 03:00","2020","04","30","03:00","6.9","","6.2","","96","","0.3","","8","","22","","","","96.57","","","","","","NA"
"-80.80","46.63","SUDBURY CLIMATE","6068145","2020-04-30 04:00","2020","04","30","04:00","7.0","","6.3","","96","","0.0","","8","","19","","","","96.52","","","","","","NA"
"-80.80","46.63","SUDBURY CLIMATE","6068145","2020-04-30 05:00","2020","04","30","05:00","7.2","","6.7","","96","","0.0","","7","","18","","","","96.47","","","","","","NA"
"-80.80","46.63","SUDBURY CLIMATE","6068145","2020-04-30 06:00","2020","04","30","06:00","6.9","","6.4","","97","","0.0","","6","","15","","","","96.40","","","","","","NA"
"-80.80","46.63","SUDBURY CLIMATE","6068145","2020-04-30 07:00","2020","04","30","07:00","6.7","","6.4","","98","","0.0","","3","","9","","","","96.39","","","","","","NA"
"-80.80","46.63","SUDBURY CLIMATE","6068145","2020-04-30 08:00","2020","04","30","08:00","6.3","","6.1","","98","","0.0","","5","","12","","","","96.33","","","","","","NA"
"-80.80","46.63","SUDBURY CLIMATE","6068145","2020-04-30 09:00","2020","04","30","09:00","8.9","","8.8","","99","","0.7","","10","","14","","","","96.32","","","","","","NA"
"-80.80","46.63","SUDBURY CLIMATE","6068145","2020-04-30 10:00","2020","04","30","10:00","9.1","","8.9","","99","","2.9","","10","","12","","","","96.27","","","","","","NA"
"-80.80","46.63","SUDBURY CLIMATE","6068145","2020-04-30 11:00","2020","04","30","11:00","7.2","","7.1","","99","","2.3","","6","","12","","","","96.22","","","","","","NA"
"-80.80","46.63","SUDBURY CLIMATE","6068145","2020-04-30 12:00","2020","04","30","12:00","7.5","","7.4","","99","","1.5","","5","","9","","","","96.21","","","","","","NA"
"-80.80","46.63","SUDBURY CLIMATE","6068145","2020-04-30 13:00","2020","04","30","13:00","7.8","","7.8","","100","","2.7","","5","","10","","","","96.17","","","","","","NA"
"-80.80","46.63","SUDBURY CLIMATE","6068145","2020-04-30 14:00","2020","04","30","14:00","7.9","","7.8","","100","","1.2","","4","","10","","","","96.09","","","","","","NA"
"-80.80","46.63","SUDBURY CLIMATE","6068145","2020-04-30 15:00","2020","04","30","15:00","8.2","","8.2","","100","","2.1","","5","","8","","","","96.11","","","","","","NA"
"-80.80","46.63","SUDBURY CLIMATE","6068145","2020-04-30 16:00","2020","04","30","16:00","8.5","","8.5","","100","","1.8","","4","","9","","","","96.06","","","","","","NA"
"-80.80","46.63","SUDBURY CLIMATE","6068145","2020-04-30 17:00","2020","04","30","17:00","9.8","","9.6","","99","","2.4","","18","","25","","","","96.08","","","","","","NA"
"-80.80","46.63","SUDBURY CLIMATE","6068145","2020-04-30 18:00","2020","04","30","18:00","10.1","","9.7","","97","","2.3","","20","","14","","","","96.09","","","","","","NA"
"-80.80","46.63","SUDBURY CLIMATE","6068145","2020-04-30 19:00","2020","04","30","19:00","10.1","","9.7","","97","","0.2","","18","","15","","","","96.11","","","","","","NA"
"-80.80","46.63","SUDBURY CLIMATE","6068145","2020-04-30 20:00","2020","04","30","20:00","10.1","","9.4","","96","","0.0","","20","","20","","","","96.09","","","","","","NA"
"-80.80","46.63","SUDBURY CLIMATE","6068145","2020-04-30 21:00","2020","04","30","21:00","7.7","","7.1","","96","","0.0","","33","","10","","","","96.18","","","","","","NA"
"-80.80","46.63","SUDBURY CLIMATE","6068145","2020-04-30 22:00","2020","04","30","22:00","6.4","","5.2","","92","","0.0","","33","","14","","","","96.32","","","","","","NA"
"-80.80","46.63","SUDBURY CLIMATE","6068145","2020-04-30 23:00","2020","04","30","23:00","5.5","","4.2","","91","","0.0","","35","","18","","","","96.40","","","","","","NA"
