"Longitude (x)","Latitude (y)","Station Name","Climate ID","Date/Time (UTC)","Year","Month","Day","Time (UTC)","Temp (°C)","Temp Flag","Dew Point Temp (°C)","Dew Point Temp Flag","Rel Hum (%)","Rel Hum Flag","Precip. Amount (mm)","Precip. Amount Flag","Wind Dir (10s deg)","Wind Dir Flag","Wind Spd (km/h)","Wind Spd Flag","Visibility (km)","Visibility Flag","Stn Press (kPa)","Stn Press Flag","Hmdx","Hmdx Flag","Wind Chill","Wind Chill Flag","Weather"
"-80.80","46.63","SUDBURY CLIMATE","6068145","2020-08-01 00:00","2020","08","01","00:00","22.4","","15.4","","65","","0.0","","2","","5","","","","97.35","","27","","","","NA"
"-80.80","46.63","SUDBURY CLIMATE","6068145","2020-08-01 01:00","2020","08","01","01:00","18.6","","14.4","","77","","0.0","","36","","6","","","","97.38","","","","","","NA"
"-80.80","46.63","SUDBURY CLIMATE","6068145","2020-08-01 02:00","2020","08","01","02:00","16.7","","14.2","","85","","0.0","","36","","4","","","","97.43","","","","","","NA"
"-80.80","46.63","SUDBURY CLIMATE","6068145","2020-08-01 03:00","2020","08","01","03:00","16.5","","14.4","","87","","0.0","","36","","3","","","","97.45","","","","","","NA"
"-80.80","46.63","SUDBURY CLIMATE","6068145","2020-08-01 04:00","2020","08","01","04:00","14.9","","13.7","","92","","0.0","","35","","4","","","","97.44","","","","","","NA"
"-80.80","46.63","SUDBURY CLIMATE","6068145","2020-08-01 05:00","2020","08","01","05:00","16.4","","16.0","","97","","0.0","","2","","7","","","","97.44","","","","","","NA"
"-80.80","46.63","SUDBURY CLIMATE","6068145","2020-08-01 06:00","2020","08","01","06:00","15.8","","15.4","","97","","0.0","","2","","7","","","","97.43","","","","","","NA"
"-80.80","46.63","SUDBURY CLIMATE","6068145","2020-08-01 07:00","2020","08","01","07:00","15.2","","14.1","","93","","0.0","","2","","4","","","","97.40","","","","","","NA"
"-80.80","46.63","SUDBURY CLIMATE","6068145","2020-08-01 08:00","2020","08","01","08:00","14.6","","14.5","","99","","0.0","","2","","4","","","","97.37","","","","","","NA"
"-80.80","46.63","SUDBURY CLIMATE","6068145","2020-08-01 09:00","2020","08","01","09:00","15.7","","15.6","","99","","0.0","","2","","5","","","","97.38","","","","","","NA"
"-80.80","46.63","SUDBURY CLIMATE","6068145","2020-08-01 10:00","2020","08","01","10:00","14.7","","14.6","","99","","0.0","","2","","4","","","","97.40","","","","","","NA"
"-80.80","46.63","SUDBURY CLIMATE","6068145","2020-08-01 11:00","2020","08","01","11:00","16.5","","16.4","","99","","0.0","","2","","4","","","","97.42","","","","","","NA"
"-80.80","46.63","SUDBURY CLIMATE","6068145","2020-08-01 12:00","2020","08","01","12:00","19.1","","17.4","","89","","0.0","","4","","5","","","","97.45","","","","","","NA"
"-80.80","46.63","SUDBURY CLIMATE","6068145","2020-08-01 13:00","2020","08","01","13:00","20.8","","16.9","","79","","0.2","","3","","4","","","","97.46","","26","","","","NA"
"-80.80","46.63","SUDBURY CLIMATE","6068145","2020-08-01 14:00","2020","08","01","14:00","23.5","","17.3","","68","","0.0","","9","","4","","","","97.46","","29","","","","NA"
"-80.80","46.63","SUDBURY CLIMATE","6068145","2020-08-01 15:00","2020","08","01","15:00","24.8","","15.5","","56","","0.2","","15","","3","","","","97.44","","29","","","","NA"
"-80.80","46.63","SUDBURY CLIMATE","6068145","2020-08-01 16:00","2020","08","01","16:00","24.3","","13.7","","52","","0.0","","24","","7","","","","97.42","","27","","","","NA"
"-80.80","46.63","SUDBURY CLIMATE","6068145","2020-08-01 17:00","2020","08","01","17:00","26.5","","13.2","","44","","0.2","","19","","6","","","","97.38","","29","","","","NA"
"-80.80","46.63","SUDBURY CLIMATE","6068145","2020-08-01 18:00","2020","08","01","18:00","25.9","","13.5","","46","","0.0","","24","","2","","","","97.34","","29","","","","NA"
"-80.80","46.63","SUDBURY CLIMATE","6068145","2020-08-01 19:00","2020","08","01","19:00","25.7","","13.6","","47","","0.0","","18","","5","","","","97.30","","29","","","","NA"
"-80.80","46.63","SUDBURY CLIMATE","6068145","2020-08-01 20:00","2020","08","01","20:00","26.3","","14.8","","49","","0.0","","","","0","","","","97.24","","30","","","","NA"
"-80.80","46.63","SUDBURY CLIMATE","6068145","2020-08-01 21:00","2020","08","01","21:00","28.0","","14.2","","43","","0.0","","24","","6","","","","97.20","","31","","","","NA"
"-80.80","46.63","SUDBURY CLIMATE","6068145","2020-08-01 22:00","2020","08","01","22:00","27.9","","14.8","","45","","0.0","","23","","2","","","","97.18","","32","","","","NA"
"-80.80","46.63","SUDBURY CLIMATE","6068145","2020-08-01 23:00","2020","08","01","23:00","27.0","","14.0","","45","","0.0","","23","","8","","","","97.16","","30","","","","NA"
"-80.80","46.63","SUDBURY CLIMATE","6068145","2020-08-02 00:00","2020","08","02","00:00","25.5","","15.3","","53","","0.0","","24","","4","","","","97.16","","30","","","","NA"
"-80.80","46.63","SUDBURY CLIMATE","6068145","2020-08-02 01:00","2020","08","02","01:00","20.7","","14.3","","67","","0.0","","23","","5","","","","97.16","","","","","","NA"
"-80.80","46.63","SUDBURY CLIMATE","6068145","2020-08-02 02:00","2020","08","02","02:00","20.5","","13.9","","66","","0.0","","20","","7","","","","97.19","","","","","","NA"
"-80.80","46.63","SUDBURY CLIMATE","6068145","2020-08-02 03:00","2020","08","02","03:00","19.8","","14.3","","71","","0.0","","22","","8","","","","97.19","","","","","","NA"
"-80.80","46.63","SUDBURY CLIMATE","6068145","2020-08-02 04:00","2020","08","02","04:00","17.4","","13.3","","77","","0.0","","22","","6","","","","97.15","","","","","","NA"
"-80.80","46.63","SUDBURY CLIMATE","6068145","2020-08-02 05:00","2020","08","02","05:00","16.9","","14.2","","85","","0.0","","26","","4","","","","97.12","","","","","","NA"
"-80.80","46.63","SUDBURY CLIMATE","6068145","2020-08-02 06:00","2020","08","02","06:00","18.6","","16.2","","86","","0.0","","2","","7","","","","97.06","","","","","","NA"
"-80.80","46.63","SUDBURY CLIMATE","6068145","2020-08-02 07:00","2020","08","02","07:00","18.9","","17.6","","92","","0.0","","2","","8","","","","97.00","","","","","","NA"
"-80.80","46.63","SUDBURY CLIMATE","6068145","2020-08-02 08:00","2020","08","02","08:00","18.2","","17.2","","94","","0.0","","2","","10","","","","96.94","","","","","","NA"
"-80.80","46.63","SUDBURY CLIMATE","6068145","2020-08-02 09:00","2020","08","02","09:00","17.9","","17.2","","96","","0.0","","2","","9","","","","96.92","","","","","","NA"
"-80.80","46.63","SUDBURY CLIMATE","6068145","2020-08-02 10:00","2020","08","02","10:00","17.9","","16.3","","90","","0.0","","1","","10","","","","96.88","","","","","","NA"
"-80.80","46.63","SUDBURY CLIMATE","6068145","2020-08-02 11:00","2020","08","02","11:00","18.4","","16.7","","90","","0.0","","2","","11","","","","96.86","","","","","","NA"
"-80.80","46.63","SUDBURY CLIMATE","6068145","2020-08-02 12:00","2020","08","02","12:00","19.1","","17.3","","89","","0.0","","2","","10","","","","96.81","","","","","","NA"
"-80.80","46.63","SUDBURY CLIMATE","6068145","2020-08-02 13:00","2020","08","02","13:00","20.0","","17.4","","85","","0.0","","5","","10","","","","96.83","","26","","","","NA"
"-80.80","46.63","SUDBURY CLIMATE","6068145","2020-08-02 14:00","2020","08","02","14:00","20.5","","17.0","","80","","0.0","","5","","11","","","","96.81","","26","","","","NA"
"-80.80","46.63","SUDBURY CLIMATE","6068145","2020-08-02 15:00","2020","08","02","15:00","20.1","","17.5","","85","","0.0","","6","","9","","","","96.78","","26","","","","NA"
"-80.80","46.63","SUDBURY CLIMATE","6068145","2020-08-02 16:00","2020","08","02","16:00","21.0","","17.3","","79","","0.0","","3","","12","","","","96.76","","26","","","","NA"
"-80.80","46.63","SUDBURY CLIMATE","6068145","2020-08-02 17:00","2020","08","02","17:00","20.1","","18.5","","90","","0.0","","7","","8","","","","96.76","","26","","","","NA"
"-80.80","46.63","SUDBURY CLIMATE","6068145","2020-08-02 18:00","2020","08","02","18:00","18.9","","18.0","","95","","7.5","","4","","18","","","","96.72","","","","","","NA"
"-80.80","46.63","SUDBURY CLIMATE","6068145","2020-08-02 19:00","2020","08","02","19:00","18.8","","18.1","","96","","2.6","","2","","13","","","","96.70","","","","","","NA"
"-80.80","46.63","SUDBURY CLIMATE","6068145","2020-08-02 20:00","2020","08","02","20:00","17.1","","16.4","","95","","4.4","","1","","21","","","","96.74","","","","","","NA"
"-80.80","46.63","SUDBURY CLIMATE","6068145","2020-08-02 21:00","2020","08","02","21:00","16.3","","15.5","","95","","0.2","","36","","16","","","","96.77","","","","","","NA"
"-80.80","46.63","SUDBURY CLIMATE","6068145","2020-08-02 22:00","2020","08","02","22:00","15.4","","14.6","","95","","0.0","","36","","17","","","","96.82","","","","","","NA"
"-80.80","46.63","SUDBURY CLIMATE","6068145","2020-08-02 23:00","2020","08","02","23:00","15.2","","14.1","","93","","0.2","","1","","19","","","","96.87","","","","","","NA"
"-80.80","46.63","SUDBURY CLIMATE","6068145","2020-08-03 00:00","2020","08","03","00:00","14.0","","13.2","","95","","0.3","","35","","19","","","","96.93","","","","","","NA"
"-80.80","46.63","SUDBURY CLIMATE","6068145","2020-08-03 01:00","2020","08","03","01:00","13.3","","12.4","","94","","0.0","","36","","21","","","","97.00","","","","","","NA"
"-80.80","46.63","SUDBURY CLIMATE","6068145","2020-08-03 02:00","2020","08","03","02:00","12.9","","12.1","","95","","0.5","","36","","16","","","","97.08","","","","","","NA"
"-80.80","46.63","SUDBURY CLIMATE","6068145","2020-08-03 03:00","2020","08","03","03:00","12.8","","11.9","","94","","0.3","","35","","16","","","","97.11","","","","","","NA"
"-80.80","46.63","SUDBURY CLIMATE","6068145","2020-08-03 04:00","2020","08","03","04:00","12.7","","11.2","","90","","0.0","","36","","15","","","","97.15","","","","","","NA"
"-80.80","46.63","SUDBURY CLIMATE","6068145","2020-08-03 05:00","2020","08","03","05:00","12.6","","10.3","","86","","0.0","","1","","22","","","","97.19","","","","","","NA"
"-80.80","46.63","SUDBURY CLIMATE","6068145","2020-08-03 06:00","2020","08","03","06:00","12.3","","10.4","","88","","0.0","","35","","15","","","","97.24","","","","","","NA"
"-80.80","46.63","SUDBURY CLIMATE","6068145","2020-08-03 07:00","2020","08","03","07:00","11.8","","9.3","","85","","0.0","","36","","16","","","","97.26","","","","","","NA"
"-80.80","46.63","SUDBURY CLIMATE","6068145","2020-08-03 08:00","2020","08","03","08:00","11.6","","8.4","","80","","0.0","","1","","18","","","","97.31","","","","","","NA"
"-80.80","46.63","SUDBURY CLIMATE","6068145","2020-08-03 09:00","2020","08","03","09:00","10.7","","8.5","","86","","0.0","","35","","10","","","","97.34","","","","","","NA"
"-80.80","46.63","SUDBURY CLIMATE","6068145","2020-08-03 10:00","2020","08","03","10:00","10.3","","7.8","","84","","0.0","","36","","13","","","","97.39","","","","","","NA"
"-80.80","46.63","SUDBURY CLIMATE","6068145","2020-08-03 11:00","2020","08","03","11:00","10.7","","7.5","","80","","0.0","","1","","15","","","","97.43","","","","","","NA"
"-80.80","46.63","SUDBURY CLIMATE","6068145","2020-08-03 12:00","2020","08","03","12:00","11.2","","7.7","","79","","0.0","","2","","15","","","","97.52","","","","","","NA"
"-80.80","46.63","SUDBURY CLIMATE","6068145","2020-08-03 13:00","2020","08","03","13:00","11.3","","8.0","","80","","0.0","","36","","11","","","","97.58","","","","","","NA"
"-80.80","46.63","SUDBURY CLIMATE","6068145","2020-08-03 14:00","2020","08","03","14:00","12.3","","9.2","","81","","0.0","","2","","13","","","","97.63","","","","","","NA"
"-80.80","46.63","SUDBURY CLIMATE","6068145","2020-08-03 15:00","2020","08","03","15:00","13.2","","8.9","","75","","0.0","","3","","18","","","","97.64","","","","","","NA"
"-80.80","46.63","SUDBURY CLIMATE","6068145","2020-08-03 16:00","2020","08","03","16:00","15.0","","10.1","","72","","0.2","","3","","15","","","","97.65","","","","","","NA"
"-80.80","46.63","SUDBURY CLIMATE","6068145","2020-08-03 17:00","2020","08","03","17:00","15.2","","10.4","","73","","0.0","","2","","15","","","","97.63","","","","","","NA"
"-80.80","46.63","SUDBURY CLIMATE","6068145","2020-08-03 18:00","2020","08","03","18:00","15.6","","10.4","","71","","0.0","","3","","11","","","","97.68","","","","","","NA"
"-80.80","46.63","SUDBURY CLIMATE","6068145","2020-08-03 19:00","2020","08","03","19:00","15.4","","11.0","","75","","0.0","","2","","9","","","","97.67","","","","","","NA"
"-80.80","46.63","SUDBURY CLIMATE","6068145","2020-08-03 20:00","2020","08","03","20:00","14.0","","11.9","","87","","0.6","","4","","10","","","","97.66","","","","","","NA"
"-80.80","46.63","SUDBURY CLIMATE","6068145","2020-08-03 21:00","2020","08","03","21:00","14.2","","12.5","","89","","0.6","","5","","16","","","","97.65","","","","","","NA"
"-80.80","46.63","SUDBURY CLIMATE","6068145","2020-08-03 22:00","2020","08","03","22:00","14.2","","11.7","","85","","0.0","","4","","12","","","","97.67","","","","","","NA"
"-80.80","46.63","SUDBURY CLIMATE","6068145","2020-08-03 23:00","2020","08","03","23:00","14.1","","11.6","","85","","0.0","","4","","10","","","","97.68","","","","","","NA"
"-80.80","46.63","SUDBURY CLIMATE","6068145","2020-08-04 00:00","2020","08","04","00:00","13.8","","11.2","","84","","0.0","","2","","9","","","","97.70","","","","","","NA"
"-80.80","46.63","SUDBURY CLIMATE","6068145","2020-08-04 01:00","2020","08","04","01:00","13.9","","10.1","","78","","0.0","","2","","14","","","","97.72","","","","","","NA"
"-80.80","46.63","SUDBURY CLIMATE","6068145","2020-08-04 02:00","2020","08","04","02:00","14.0","","10.2","","78","","0.0","","3","","16","","","","97.73","","","","","","NA"
"-80.80","46.63","SUDBURY CLIMATE","6068145","2020-08-04 03:00","2020","08","04","03:00","13.8","","10.1","","78","","0.0","","3","","16","","","","97.74","","","","","","NA"
"-80.80","46.63","SUDBURY CLIMATE","6068145","2020-08-04 04:00","2020","08","04","04:00","13.7","","10.3","","80","","0.0","","3","","21","","","","97.71","","","","","","NA"
"-80.80","46.63","SUDBURY CLIMATE","6068145","2020-08-04 05:00","2020","08","04","05:00","13.4","","9.6","","78","","0.0","","3","","22","","","","97.68","","","","","","NA"
"-80.80","46.63","SUDBURY CLIMATE","6068145","2020-08-04 06:00","2020","08","04","06:00","13.3","","9.6","","79","","0.0","","3","","21","","","","97.65","","","","","","NA"
"-80.80","46.63","SUDBURY CLIMATE","6068145","2020-08-04 07:00","2020","08","04","07:00","13.1","","9.7","","79","","0.0","","3","","22","","","","97.62","","","","","","NA"
"-80.80","46.63","SUDBURY CLIMATE","6068145","2020-08-04 08:00","2020","08","04","08:00","13.0","","9.5","","79","","0.0","","3","","20","","","","97.60","","","","","","NA"
"-80.80","46.63","SUDBURY CLIMATE","6068145","2020-08-04 09:00","2020","08","04","09:00","13.0","","9.6","","79","","0.0","","3","","21","","","","97.57","","","","","","NA"
"-80.80","46.63","SUDBURY CLIMATE","6068145","2020-08-04 10:00","2020","08","04","10:00","13.1","","9.4","","78","","0.0","","3","","20","","","","97.55","","","","","","NA"
"-80.80","46.63","SUDBURY CLIMATE","6068145","2020-08-04 11:00","2020","08","04","11:00","12.9","","9.9","","82","","0.0","","2","","16","","","","97.58","","","","","","NA"
"-80.80","46.63","SUDBURY CLIMATE","6068145","2020-08-04 12:00","2020","08","04","12:00","13.1","","9.9","","81","","0.0","","3","","22","","","","97.55","","","","","","NA"
"-80.80","46.63","SUDBURY CLIMATE","6068145","2020-08-04 13:00","2020","08","04","13:00","13.1","","10.1","","82","","0.0","","2","","20","","","","97.50","","","","","","NA"
"-80.80","46.63","SUDBURY CLIMATE","6068145","2020-08-04 14:00","2020","08","04","14:00","13.8","","10.9","","83","","0.0","","3","","19","","","","97.49","","","","","","NA"
"-80.80","46.63","SUDBURY CLIMATE","6068145","2020-08-04 15:00","2020","08","04","15:00","14.2","","10.9","","80","","0.0","","3","","19","","","","97.47","","","","","","NA"
"-80.80","46.63","SUDBURY CLIMATE","6068145","2020-08-04 16:00","2020","08","04","16:00","15.5","","11.1","","75","","0.0","","3","","20","","","","97.44","","","","","","NA"
"-80.80","46.63","SUDBURY CLIMATE","6068145","2020-08-04 17:00","2020","08","04","17:00","15.7","","11.3","","75","","0.0","","2","","18","","","","97.41","","","","","","NA"
"-80.80","46.63","SUDBURY CLIMATE","6068145","2020-08-04 18:00","2020","08","04","18:00","15.6","","11.0","","74","","0.0","","2","","19","","","","97.38","","","","","","NA"
"-80.80","46.63","SUDBURY CLIMATE","6068145","2020-08-04 19:00","2020","08","04","19:00","15.2","","11.3","","78","","0.2","","1","","19","","","","97.33","","","","","","NA"
"-80.80","46.63","SUDBURY CLIMATE","6068145","2020-08-04 20:00","2020","08","04","20:00","15.7","","11.6","","76","","0.0","","1","","15","","","","97.30","","","","","","NA"
"-80.80","46.63","SUDBURY CLIMATE","6068145","2020-08-04 21:00","2020","08","04","21:00","15.0","","12.4","","84","","0.0","","35","","11","","","","97.30","","","","","","NA"
"-80.80","46.63","SUDBURY CLIMATE","6068145","2020-08-04 22:00","2020","08","04","22:00","15.7","","11.5","","76","","0.0","","1","","20","","","","97.25","","","","","","NA"
"-80.80","46.63","SUDBURY CLIMATE","6068145","2020-08-04 23:00","2020","08","04","23:00","14.9","","11.3","","79","","0.0","","36","","14","","","","97.25","","","","","","NA"
"-80.80","46.63","SUDBURY CLIMATE","6068145","2020-08-05 00:00","2020","08","05","00:00","14.7","","10.8","","78","","0.0","","1","","13","","","","97.23","","","","","","NA"
"-80.80","46.63","SUDBURY CLIMATE","6068145","2020-08-05 01:00","2020","08","05","01:00","14.1","","9.6","","75","","0.0","","1","","21","","","","97.23","","","","","","NA"
"-80.80","46.63","SUDBURY CLIMATE","6068145","2020-08-05 02:00","2020","08","05","02:00","13.8","","10.6","","81","","0.0","","1","","13","","","","97.22","","","","","","NA"
"-80.80","46.63","SUDBURY CLIMATE","6068145","2020-08-05 03:00","2020","08","05","03:00","13.2","","11.1","","87","","0.0","","32","","10","","","","97.20","","","","","","NA"
"-80.80","46.63","SUDBURY CLIMATE","6068145","2020-08-05 04:00","2020","08","05","04:00","12.9","","11.0","","88","","0.0","","30","","6","","","","97.16","","","","","","NA"
"-80.80","46.63","SUDBURY CLIMATE","6068145","2020-08-05 05:00","2020","08","05","05:00","13.0","","10.6","","86","","0.0","","30","","9","","","","97.15","","","","","","NA"
"-80.80","46.63","SUDBURY CLIMATE","6068145","2020-08-05 06:00","2020","08","05","06:00","12.7","","10.7","","88","","0.0","","29","","6","","","","97.13","","","","","","NA"
"-80.80","46.63","SUDBURY CLIMATE","6068145","2020-08-05 07:00","2020","08","05","07:00","12.8","","10.4","","85","","0.0","","30","","6","","","","97.12","","","","","","NA"
"-80.80","46.63","SUDBURY CLIMATE","6068145","2020-08-05 08:00","2020","08","05","08:00","12.0","","10.7","","92","","0.0","","28","","6","","","","97.11","","","","","","NA"
"-80.80","46.63","SUDBURY CLIMATE","6068145","2020-08-05 09:00","2020","08","05","09:00","11.7","","10.8","","94","","0.0","","27","","5","","","","97.13","","","","","","NA"
"-80.80","46.63","SUDBURY CLIMATE","6068145","2020-08-05 10:00","2020","08","05","10:00","11.5","","10.8","","95","","0.0","","28","","5","","","","97.16","","","","","","NA"
"-80.80","46.63","SUDBURY CLIMATE","6068145","2020-08-05 11:00","2020","08","05","11:00","11.7","","10.7","","94","","0.0","","27","","5","","","","97.19","","","","","","NA"
"-80.80","46.63","SUDBURY CLIMATE","6068145","2020-08-05 12:00","2020","08","05","12:00","12.2","","10.6","","90","","0.0","","26","","6","","","","97.21","","","","","","NA"
"-80.80","46.63","SUDBURY CLIMATE","6068145","2020-08-05 13:00","2020","08","05","13:00","12.8","","10.8","","88","","0.0","","27","","10","","","","97.25","","","","","","NA"
"-80.80","46.63","SUDBURY CLIMATE","6068145","2020-08-05 14:00","2020","08","05","14:00","13.6","","10.1","","79","","0.0","","27","","11","","","","97.25","","","","","","NA"
"-80.80","46.63","SUDBURY CLIMATE","6068145","2020-08-05 15:00","2020","08","05","15:00","15.1","","10.6","","74","","0.2","","28","","10","","","","97.29","","","","","","NA"
"-80.80","46.63","SUDBURY CLIMATE","6068145","2020-08-05 16:00","2020","08","05","16:00","15.7","","9.8","","68","","0.0","","27","","10","","","","97.30","","","","","","NA"
"-80.80","46.63","SUDBURY CLIMATE","6068145","2020-08-05 17:00","2020","08","05","17:00","15.8","","11.0","","73","","0.0","","22","","18","","","","97.27","","","","","","NA"
"-80.80","46.63","SUDBURY CLIMATE","6068145","2020-08-05 18:00","2020","08","05","18:00","13.9","","11.4","","85","","0.0","","30","","14","","","","97.29","","","","","","NA"
"-80.80","46.63","SUDBURY CLIMATE","6068145","2020-08-05 19:00","2020","08","05","19:00","16.9","","12.2","","74","","0.3","","23","","16","","","","97.27","","","","","","NA"
"-80.80","46.63","SUDBURY CLIMATE","6068145","2020-08-05 20:00","2020","08","05","20:00","16.5","","12.3","","77","","0.8","","26","","15","","","","97.34","","","","","","NA"
"-80.80","46.63","SUDBURY CLIMATE","6068145","2020-08-05 21:00","2020","08","05","21:00","15.9","","11.1","","73","","0.0","","26","","12","","","","97.34","","","","","","NA"
"-80.80","46.63","SUDBURY CLIMATE","6068145","2020-08-05 22:00","2020","08","05","22:00","17.9","","11.3","","65","","0.2","","26","","15","","","","97.36","","","","","","NA"
"-80.80","46.63","SUDBURY CLIMATE","6068145","2020-08-05 23:00","2020","08","05","23:00","17.2","","11.1","","68","","0.0","","26","","11","","","","97.39","","","","","","NA"
"-80.80","46.63","SUDBURY CLIMATE","6068145","2020-08-06 00:00","2020","08","06","00:00","16.0","","12.3","","79","","0.0","","22","","12","","","","97.43","","","","","","NA"
"-80.80","46.63","SUDBURY CLIMATE","6068145","2020-08-06 01:00","2020","08","06","01:00","13.9","","12.3","","90","","0.0","","36","","15","","","","97.49","","","","","","NA"
"-80.80","46.63","SUDBURY CLIMATE","6068145","2020-08-06 02:00","2020","08","06","02:00","13.3","","12.1","","92","","1.0","","27","","4","","","","97.52","","","","","","NA"
"-80.80","46.63","SUDBURY CLIMATE","6068145","2020-08-06 03:00","2020","08","06","03:00","12.2","","11.1","","93","","0.0","","28","","5","","","","97.56","","","","","","NA"
"-80.80","46.63","SUDBURY CLIMATE","6068145","2020-08-06 04:00","2020","08","06","04:00","10.5","","9.6","","94","","0.0","","26","","4","","","","97.60","","","","","","NA"
"-80.80","46.63","SUDBURY CLIMATE","6068145","2020-08-06 05:00","2020","08","06","05:00","11.0","","10.4","","96","","0.0","","26","","5","","","","97.66","","","","","","NA"
"-80.80","46.63","SUDBURY CLIMATE","6068145","2020-08-06 06:00","2020","08","06","06:00","10.1","","9.7","","97","","0.0","","23","","6","","","","97.69","","","","","","NA"
"-80.80","46.63","SUDBURY CLIMATE","6068145","2020-08-06 07:00","2020","08","06","07:00","9.0","","8.7","","97","","0.0","","23","","4","","","","97.69","","","","","","NA"
"-80.80","46.63","SUDBURY CLIMATE","6068145","2020-08-06 08:00","2020","08","06","08:00","9.7","","9.5","","99","","0.0","","23","","4","","","","97.73","","","","","","NA"
"-80.80","46.63","SUDBURY CLIMATE","6068145","2020-08-06 09:00","2020","08","06","09:00","9.7","","9.6","","99","","0.0","","24","","5","","","","97.74","","","","","","NA"
"-80.80","46.63","SUDBURY CLIMATE","6068145","2020-08-06 10:00","2020","08","06","10:00","8.5","","8.4","","99","","0.0","","26","","5","","","","97.77","","","","","","NA"
"-80.80","46.63","SUDBURY CLIMATE","6068145","2020-08-06 11:00","2020","08","06","11:00","9.7","","9.6","","99","","0.0","","24","","7","","","","97.83","","","","","","NA"
"-80.80","46.63","SUDBURY CLIMATE","6068145","2020-08-06 12:00","2020","08","06","12:00","13.0","","12.0","","94","","0.0","","27","","6","","","","97.87","","","","","","NA"
"-80.80","46.63","SUDBURY CLIMATE","6068145","2020-08-06 13:00","2020","08","06","13:00","15.1","","12.9","","87","","0.0","","22","","11","","","","97.89","","","","","","NA"
"-80.80","46.63","SUDBURY CLIMATE","6068145","2020-08-06 14:00","2020","08","06","14:00","17.4","","11.3","","67","","0.3","","21","","13","","","","97.88","","","","","","NA"
"-80.80","46.63","SUDBURY CLIMATE","6068145","2020-08-06 15:00","2020","08","06","15:00","19.3","","10.0","","55","","0.0","","22","","13","","","","97.88","","","","","","NA"
"-80.80","46.63","SUDBURY CLIMATE","6068145","2020-08-06 16:00","2020","08","06","16:00","20.5","","10.5","","53","","0.2","","26","","9","","","","97.86","","","","","","NA"
"-80.80","46.63","SUDBURY CLIMATE","6068145","2020-08-06 17:00","2020","08","06","17:00","21.7","","11.0","","51","","0.0","","23","","12","","","","97.84","","","","","","NA"
"-80.80","46.63","SUDBURY CLIMATE","6068145","2020-08-06 18:00","2020","08","06","18:00","23.2","","12.1","","50","","0.0","","22","","14","","","","97.81","","26","","","","NA"
"-80.80","46.63","SUDBURY CLIMATE","6068145","2020-08-06 19:00","2020","08","06","19:00","23.6","","11.4","","46","","0.0","","22","","11","","","","97.80","","26","","","","NA"
"-80.80","46.63","SUDBURY CLIMATE","6068145","2020-08-06 20:00","2020","08","06","20:00","24.0","","12.3","","48","","0.0","","21","","12","","","","97.76","","26","","","","NA"
"-80.80","46.63","SUDBURY CLIMATE","6068145","2020-08-06 21:00","2020","08","06","21:00","24.6","","12.5","","47","","0.0","","22","","11","","","","97.72","","27","","","","NA"
"-80.80","46.63","SUDBURY CLIMATE","6068145","2020-08-06 22:00","2020","08","06","22:00","24.2","","12.2","","47","","0.0","","21","","16","","","","97.71","","27","","","","NA"
"-80.80","46.63","SUDBURY CLIMATE","6068145","2020-08-06 23:00","2020","08","06","23:00","22.5","","14.3","","60","","0.0","","19","","26","","","","97.75","","26","","","","NA"
"-80.80","46.63","SUDBURY CLIMATE","6068145","2020-08-07 00:00","2020","08","07","00:00","20.8","","14.5","","67","","0.0","","19","","23","","","","97.77","","","","","","NA"
"-80.80","46.63","SUDBURY CLIMATE","6068145","2020-08-07 01:00","2020","08","07","01:00","18.3","","14.1","","76","","0.0","","20","","18","","","","97.80","","","","","","NA"
"-80.80","46.63","SUDBURY CLIMATE","6068145","2020-08-07 02:00","2020","08","07","02:00","17.0","","14.1","","84","","0.0","","21","","14","","","","97.85","","","","","","NA"
"-80.80","46.63","SUDBURY CLIMATE","6068145","2020-08-07 03:00","2020","08","07","03:00","15.8","","13.9","","88","","0.0","","20","","13","","","","97.85","","","","","","NA"
"-80.80","46.63","SUDBURY CLIMATE","6068145","2020-08-07 04:00","2020","08","07","04:00","14.5","","13.6","","94","","0.0","","21","","13","","","","97.87","","","","","","NA"
"-80.80","46.63","SUDBURY CLIMATE","6068145","2020-08-07 05:00","2020","08","07","05:00","14.7","","13.8","","94","","0.0","","23","","11","","","","97.88","","","","","","NA"
"-80.80","46.63","SUDBURY CLIMATE","6068145","2020-08-07 06:00","2020","08","07","06:00","14.5","","13.5","","94","","0.0","","23","","8","","","","97.87","","","","","","NA"
"-80.80","46.63","SUDBURY CLIMATE","6068145","2020-08-07 07:00","2020","08","07","07:00","14.8","","14.2","","96","","0.0","","23","","11","","","","97.87","","","","","","NA"
"-80.80","46.63","SUDBURY CLIMATE","6068145","2020-08-07 08:00","2020","08","07","08:00","14.5","","14.1","","97","","0.0","","24","","10","","","","97.90","","","","","","NA"
"-80.80","46.63","SUDBURY CLIMATE","6068145","2020-08-07 09:00","2020","08","07","09:00","14.2","","13.9","","99","","0.0","","25","","8","","","","97.92","","","","","","NA"
"-80.80","46.63","SUDBURY CLIMATE","6068145","2020-08-07 10:00","2020","08","07","10:00","12.5","","12.3","","99","","0.0","","28","","6","","","","97.95","","","","","","NA"
"-80.80","46.63","SUDBURY CLIMATE","6068145","2020-08-07 11:00","2020","08","07","11:00","12.2","","12.1","","99","","0.0","","","","0","","","","98.00","","","","","","NA"
"-80.80","46.63","SUDBURY CLIMATE","6068145","2020-08-07 12:00","2020","08","07","12:00","14.0","","13.9","","99","","0.0","","28","","5","","","","98.02","","","","","","NA"
"-80.80","46.63","SUDBURY CLIMATE","6068145","2020-08-07 13:00","2020","08","07","13:00","15.8","","14.8","","94","","0.0","","27","","4","","","","98.06","","","","","","NA"
"-80.80","46.63","SUDBURY CLIMATE","6068145","2020-08-07 14:00","2020","08","07","14:00","19.3","","15.7","","80","","0.0","","20","","3","","","","98.06","","","","","","NA"
"-80.80","46.63","SUDBURY CLIMATE","6068145","2020-08-07 15:00","2020","08","07","15:00","22.3","","12.6","","54","","0.0","","4","","3","","","","98.05","","25","","","","NA"
"-80.80","46.63","SUDBURY CLIMATE","6068145","2020-08-07 16:00","2020","08","07","16:00","24.4","","12.9","","49","","0.0","","20","","4","","","","98.04","","27","","","","NA"
"-80.80","46.63","SUDBURY CLIMATE","6068145","2020-08-07 17:00","2020","08","07","17:00","25.4","","12.1","","44","","0.0","","21","","4","","","","98.02","","28","","","","NA"
"-80.80","46.63","SUDBURY CLIMATE","6068145","2020-08-07 18:00","2020","08","07","18:00","25.4","","12.0","","43","","0.0","","20","","9","","","","98.00","","28","","","","NA"
"-80.80","46.63","SUDBURY CLIMATE","6068145","2020-08-07 19:00","2020","08","07","19:00","25.9","","12.5","","43","","0.0","","24","","11","","","","97.97","","28","","","","NA"
"-80.80","46.63","SUDBURY CLIMATE","6068145","2020-08-07 20:00","2020","08","07","20:00","26.8","","11.9","","40","","0.0","","23","","10","","","","97.93","","29","","","","NA"
"-80.80","46.63","SUDBURY CLIMATE","6068145","2020-08-07 21:00","2020","08","07","21:00","26.4","","11.4","","39","","0.0","","25","","9","","","","97.89","","28","","","","NA"
"-80.80","46.63","SUDBURY CLIMATE","6068145","2020-08-07 22:00","2020","08","07","22:00","26.3","","12.5","","42","","0.0","","25","","8","","","","97.87","","29","","","","NA"
"-80.80","46.63","SUDBURY CLIMATE","6068145","2020-08-07 23:00","2020","08","07","23:00","25.2","","12.2","","45","","0.0","","25","","8","","","","97.85","","28","","","","NA"
"-80.80","46.63","SUDBURY CLIMATE","6068145","2020-08-08 00:00","2020","08","08","00:00","23.1","","13.8","","56","","0.0","","23","","10","","","","97.88","","26","","","","NA"
"-80.80","46.63","SUDBURY CLIMATE","6068145","2020-08-08 01:00","2020","08","08","01:00","19.5","","13.1","","66","","0.0","","22","","10","","","","97.90","","","","","","NA"
"-80.80","46.63","SUDBURY CLIMATE","6068145","2020-08-08 02:00","2020","08","08","02:00","18.0","","13.0","","73","","0.0","","22","","12","","","","97.94","","","","","","NA"
"-80.80","46.63","SUDBURY CLIMATE","6068145","2020-08-08 03:00","2020","08","08","03:00","17.7","","13.2","","75","","0.0","","25","","6","","","","97.95","","","","","","NA"
"-80.80","46.63","SUDBURY CLIMATE","6068145","2020-08-08 04:00","2020","08","08","04:00","16.6","","12.9","","79","","0.0","","24","","7","","","","97.97","","","","","","NA"
"-80.80","46.63","SUDBURY CLIMATE","6068145","2020-08-08 05:00","2020","08","08","05:00","15.4","","12.7","","84","","0.0","","25","","6","","","","98.00","","","","","","NA"
"-80.80","46.63","SUDBURY CLIMATE","6068145","2020-08-08 06:00","2020","08","08","06:00","15.8","","12.8","","83","","0.0","","24","","7","","","","97.99","","","","","","NA"
"-80.80","46.63","SUDBURY CLIMATE","6068145","2020-08-08 07:00","2020","08","08","07:00","15.1","","12.7","","85","","0.0","","25","","7","","","","97.98","","","","","","NA"
"-80.80","46.63","SUDBURY CLIMATE","6068145","2020-08-08 08:00","2020","08","08","08:00","13.9","","12.4","","90","","0.0","","26","","7","","","","97.96","","","","","","NA"
"-80.80","46.63","SUDBURY CLIMATE","6068145","2020-08-08 09:00","2020","08","08","09:00","13.9","","12.0","","88","","0.0","","24","","8","","","","97.94","","","","","","NA"
"-80.80","46.63","SUDBURY CLIMATE","6068145","2020-08-08 10:00","2020","08","08","10:00","13.6","","11.6","","88","","0.0","","22","","6","","","","97.94","","","","","","NA"
"-80.80","46.63","SUDBURY CLIMATE","6068145","2020-08-08 11:00","2020","08","08","11:00","13.8","","13.1","","95","","0.0","","23","","7","","","","98.00","","","","","","NA"
"-80.80","46.63","SUDBURY CLIMATE","6068145","2020-08-08 12:00","2020","08","08","12:00","15.6","","14.1","","91","","0.0","","23","","9","","","","98.03","","","","","","NA"
"-80.80","46.63","SUDBURY CLIMATE","6068145","2020-08-08 13:00","2020","08","08","13:00","18.8","","14.5","","76","","0.0","","22","","12","","","","98.01","","","","","","NA"
"-80.80","46.63","SUDBURY CLIMATE","6068145","2020-08-08 14:00","2020","08","08","14:00","21.1","","13.4","","61","","0.0","","21","","12","","","","97.99","","","","","","NA"
"-80.80","46.63","SUDBURY CLIMATE","6068145","2020-08-08 15:00","2020","08","08","15:00","23.1","","12.5","","51","","0.0","","22","","18","","","","97.97","","26","","","","NA"
"-80.80","46.63","SUDBURY CLIMATE","6068145","2020-08-08 16:00","2020","08","08","16:00","23.7","","12.4","","49","","0.0","","22","","17","","","","97.95","","26","","","","NA"
"-80.80","46.63","SUDBURY CLIMATE","6068145","2020-08-08 17:00","2020","08","08","17:00","24.9","","12.7","","47","","0.0","","23","","20","","","","97.90","","28","","","","NA"
"-80.80","46.63","SUDBURY CLIMATE","6068145","2020-08-08 18:00","2020","08","08","18:00","25.6","","13.1","","46","","0.0","","19","","19","","","","97.81","","28","","","","NA"
"-80.80","46.63","SUDBURY CLIMATE","6068145","2020-08-08 19:00","2020","08","08","19:00","25.0","","14.1","","51","","0.0","","19","","25","","","","97.76","","28","","","","NA"
"-80.80","46.63","SUDBURY CLIMATE","6068145","2020-08-08 20:00","2020","08","08","20:00","25.5","","13.9","","49","","0.0","","20","","22","","","","97.70","","29","","","","NA"
"-80.80","46.63","SUDBURY CLIMATE","6068145","2020-08-08 21:00","2020","08","08","21:00","24.2","","14.3","","54","","0.0","","20","","26","","","","97.68","","28","","","","NA"
"-80.80","46.63","SUDBURY CLIMATE","6068145","2020-08-08 22:00","2020","08","08","22:00","22.9","","14.9","","61","","0.0","","20","","24","","","","97.71","","27","","","","NA"
"-80.80","46.63","SUDBURY CLIMATE","6068145","2020-08-08 23:00","2020","08","08","23:00","21.7","","14.9","","65","","0.0","","20","","22","","","","97.71","","26","","","","NA"
"-80.80","46.63","SUDBURY CLIMATE","6068145","2020-08-09 00:00","2020","08","09","00:00","20.5","","14.8","","70","","0.0","","19","","16","","","","97.68","","","","","","NA"
"-80.80","46.63","SUDBURY CLIMATE","6068145","2020-08-09 01:00","2020","08","09","01:00","19.7","","15.5","","77","","0.0","","17","","11","","","","97.61","","","","","","NA"
"-80.80","46.63","SUDBURY CLIMATE","6068145","2020-08-09 02:00","2020","08","09","02:00","18.4","","16.2","","87","","0.0","","19","","19","","","","97.64","","","","","","NA"
"-80.80","46.63","SUDBURY CLIMATE","6068145","2020-08-09 03:00","2020","08","09","03:00","17.3","","16.1","","93","","0.0","","20","","18","","","","97.61","","","","","","NA"
"-80.80","46.63","SUDBURY CLIMATE","6068145","2020-08-09 04:00","2020","08","09","04:00","17.3","","16.4","","94","","0.0","","18","","16","","","","97.54","","","","","","NA"
"-80.80","46.63","SUDBURY CLIMATE","6068145","2020-08-09 05:00","2020","08","09","05:00","17.3","","16.5","","95","","0.0","","18","","20","","","","97.47","","","","","","NA"
"-80.80","46.63","SUDBURY CLIMATE","6068145","2020-08-09 06:00","2020","08","09","06:00","17.3","","16.8","","97","","0.5","","19","","19","","","","97.43","","","","","","NA"
"-80.80","46.63","SUDBURY CLIMATE","6068145","2020-08-09 07:00","2020","08","09","07:00","17.2","","16.9","","98","","0.0","","21","","17","","","","97.39","","","","","","NA"
"-80.80","46.63","SUDBURY CLIMATE","6068145","2020-08-09 08:00","2020","08","09","08:00","17.4","","17.2","","99","","0.0","","21","","12","","","","97.37","","","","","","NA"
"-80.80","46.63","SUDBURY CLIMATE","6068145","2020-08-09 09:00","2020","08","09","09:00","17.6","","17.4","","99","","0.0","","22","","8","","","","97.34","","","","","","NA"
"-80.80","46.63","SUDBURY CLIMATE","6068145","2020-08-09 10:00","2020","08","09","10:00","17.7","","17.6","","99","","0.0","","26","","4","","","","97.38","","","","","","NA"
"-80.80","46.63","SUDBURY CLIMATE","6068145","2020-08-09 11:00","2020","08","09","11:00","17.6","","17.5","","99","","0.0","","28","","3","","","","97.40","","","","","","NA"
"-80.80","46.63","SUDBURY CLIMATE","6068145","2020-08-09 12:00","2020","08","09","12:00","17.8","","17.7","","99","","0.0","","28","","2","","","","97.43","","","","","","NA"
"-80.80","46.63","SUDBURY CLIMATE","6068145","2020-08-09 13:00","2020","08","09","13:00","18.4","","17.7","","96","","0.0","","34","","4","","","","97.46","","","","","","NA"
"-80.80","46.63","SUDBURY CLIMATE","6068145","2020-08-09 14:00","2020","08","09","14:00","19.8","","17.1","","84","","0.0","","1","","5","","","","97.45","","","","","","NA"
"-80.80","46.63","SUDBURY CLIMATE","6068145","2020-08-09 15:00","2020","08","09","15:00","21.0","","17.7","","81","","0.2","","36","","1","","","","97.49","","27","","","","NA"
"-80.80","46.63","SUDBURY CLIMATE","6068145","2020-08-09 16:00","2020","08","09","16:00","22.8","","18.7","","78","","0.0","","21","","10","","","","97.48","","29","","","","NA"
"-80.80","46.63","SUDBURY CLIMATE","6068145","2020-08-09 17:00","2020","08","09","17:00","22.4","","17.2","","72","","0.0","","25","","7","","","","97.46","","28","","","","NA"
"-80.80","46.63","SUDBURY CLIMATE","6068145","2020-08-09 18:00","2020","08","09","18:00","23.2","","17.1","","69","","0.2","","26","","8","","","","97.48","","29","","","","NA"
"-80.80","46.63","SUDBURY CLIMATE","6068145","2020-08-09 19:00","2020","08","09","19:00","25.4","","18.2","","65","","0.0","","24","","14","","","","97.46","","32","","","","NA"
"-80.80","46.63","SUDBURY CLIMATE","6068145","2020-08-09 20:00","2020","08","09","20:00","26.3","","18.7","","63","","0.0","","24","","9","","","","97.40","","33","","","","NA"
"-80.80","46.63","SUDBURY CLIMATE","6068145","2020-08-09 21:00","2020","08","09","21:00","26.4","","18.3","","61","","0.0","","26","","9","","","","97.38","","33","","","","NA"
"-80.80","46.63","SUDBURY CLIMATE","6068145","2020-08-09 22:00","2020","08","09","22:00","26.3","","18.4","","62","","0.0","","21","","11","","","","97.33","","33","","","","NA"
"-80.80","46.63","SUDBURY CLIMATE","6068145","2020-08-09 23:00","2020","08","09","23:00","26.2","","18.9","","64","","0.0","","22","","11","","","","97.33","","33","","","","NA"
"-80.80","46.63","SUDBURY CLIMATE","6068145","2020-08-10 00:00","2020","08","10","00:00","25.0","","19.0","","70","","0.0","","19","","16","","","","97.37","","32","","","","NA"
"-80.80","46.63","SUDBURY CLIMATE","6068145","2020-08-10 01:00","2020","08","10","01:00","22.4","","19.0","","81","","0.0","","22","","12","","","","97.37","","29","","","","NA"
"-80.80","46.63","SUDBURY CLIMATE","6068145","2020-08-10 02:00","2020","08","10","02:00","21.4","","18.9","","86","","0.0","","20","","15","","","","97.37","","28","","","","NA"
"-80.80","46.63","SUDBURY CLIMATE","6068145","2020-08-10 03:00","2020","08","10","03:00","20.4","","18.7","","90","","0.0","","20","","15","","","","97.35","","27","","","","NA"
"-80.80","46.63","SUDBURY CLIMATE","6068145","2020-08-10 04:00","2020","08","10","04:00","19.2","","18.4","","95","","0.0","","20","","10","","","","97.32","","","","","","NA"
"-80.80","46.63","SUDBURY CLIMATE","6068145","2020-08-10 05:00","2020","08","10","05:00","19.5","","18.9","","96","","0.0","","18","","10","","","","97.35","","","","","","NA"
"-80.80","46.63","SUDBURY CLIMATE","6068145","2020-08-10 06:00","2020","08","10","06:00","20.2","","19.5","","96","","0.0","","19","","14","","","","97.31","","27","","","","NA"
"-80.80","46.63","SUDBURY CLIMATE","6068145","2020-08-10 07:00","2020","08","10","07:00","19.3","","19.1","","99","","0.0","","17","","15","","","","97.27","","","","","","NA"
"-80.80","46.63","SUDBURY CLIMATE","6068145","2020-08-10 08:00","2020","08","10","08:00","19.5","","19.4","","100","","0.0","","18","","16","","","","97.25","","","","","","NA"
"-80.80","46.63","SUDBURY CLIMATE","6068145","2020-08-10 09:00","2020","08","10","09:00","19.9","","19.9","","100","","0.0","","19","","20","","","","97.21","","","","","","NA"
"-80.80","46.63","SUDBURY CLIMATE","6068145","2020-08-10 10:00","2020","08","10","10:00","19.9","","19.9","","100","","0.0","","19","","16","","","","97.13","","","","","","NA"
"-80.80","46.63","SUDBURY CLIMATE","6068145","2020-08-10 11:00","2020","08","10","11:00","20.0","","20.0","","100","","0.0","","17","","16","","","","97.11","","28","","","","NA"
"-80.80","46.63","SUDBURY CLIMATE","6068145","2020-08-10 12:00","2020","08","10","12:00","20.9","","19.9","","94","","0.0","","19","","21","","","","97.14","","28","","","","NA"
"-80.80","46.63","SUDBURY CLIMATE","6068145","2020-08-10 13:00","2020","08","10","13:00","21.6","","20.3","","92","","0.0","","21","","21","","","","97.14","","29","","","","NA"
"-80.80","46.63","SUDBURY CLIMATE","6068145","2020-08-10 14:00","2020","08","10","14:00","23.6","","20.2","","81","","0.0","","22","","20","","","","97.11","","31","","","","NA"
"-80.80","46.63","SUDBURY CLIMATE","6068145","2020-08-10 15:00","2020","08","10","15:00","25.0","","19.0","","69","","0.0","","23","","23","","","","97.09","","32","","","","NA"
"-80.80","46.63","SUDBURY CLIMATE","6068145","2020-08-10 16:00","2020","08","10","16:00","27.2","","17.5","","55","","0.0","","23","","24","","","","97.06","","33","","","","NA"
"-80.80","46.63","SUDBURY CLIMATE","6068145","2020-08-10 17:00","2020","08","10","17:00","28.0","","16.8","","51","","0.0","","23","","21","","","","97.04","","33","","","","NA"
"-80.80","46.63","SUDBURY CLIMATE","6068145","2020-08-10 18:00","2020","08","10","18:00","29.5","","18.3","","51","","0.0","","21","","24","","","","97.02","","36","","","","NA"
"-80.80","46.63","SUDBURY CLIMATE","6068145","2020-08-10 19:00","2020","08","10","19:00","29.2","","17.6","","49","","0.0","","21","","28","","","","96.99","","35","","","","NA"
"-80.80","46.63","SUDBURY CLIMATE","6068145","2020-08-10 20:00","2020","08","10","20:00","28.6","","18.2","","54","","0.0","","22","","27","","","","96.95","","35","","","","NA"
"-80.80","46.63","SUDBURY CLIMATE","6068145","2020-08-10 21:00","2020","08","10","21:00","28.2","","19.0","","57","","0.0","","23","","26","","","","96.88","","35","","","","NA"
"-80.80","46.63","SUDBURY CLIMATE","6068145","2020-08-10 22:00","2020","08","10","22:00","28.0","","20.1","","62","","0.0","","22","","30","","","","96.86","","36","","","","NA"
"-80.80","46.63","SUDBURY CLIMATE","6068145","2020-08-10 23:00","2020","08","10","23:00","27.4","","20.7","","67","","0.0","","23","","17","","","","96.85","","36","","","","NA"
"-80.80","46.63","SUDBURY CLIMATE","6068145","2020-08-11 00:00","2020","08","11","00:00","24.6","","20.6","","78","","0.0","","20","","21","","","","96.86","","33","","","","NA"
"-80.80","46.63","SUDBURY CLIMATE","6068145","2020-08-11 01:00","2020","08","11","01:00","23.7","","20.8","","84","","0.0","","20","","20","","","","96.93","","32","","","","NA"
"-80.80","46.63","SUDBURY CLIMATE","6068145","2020-08-11 02:00","2020","08","11","02:00","19.9","","17.0","","84","","0.0","","35","","13","","","","96.98","","","","","","NA"
"-80.80","46.63","SUDBURY CLIMATE","6068145","2020-08-11 03:00","2020","08","11","03:00","18.4","","17.8","","96","","3.0","","32","","4","","","","96.96","","","","","","NA"
"-80.80","46.63","SUDBURY CLIMATE","6068145","2020-08-11 04:00","2020","08","11","04:00","18.8","","18.4","","98","","5.1","","12","","1","","","","96.81","","","","","","NA"
"-80.80","46.63","SUDBURY CLIMATE","6068145","2020-08-11 05:00","2020","08","11","05:00","18.9","","18.5","","98","","0.0","","16","","12","","","","96.81","","","","","","NA"
"-80.80","46.63","SUDBURY CLIMATE","6068145","2020-08-11 06:00","2020","08","11","06:00","19.0","","18.6","","98","","0.0","","16","","14","","","","96.73","","","","","","NA"
"-80.80","46.63","SUDBURY CLIMATE","6068145","2020-08-11 07:00","2020","08","11","07:00","19.5","","19.1","","98","","1.0","","17","","11","","","","96.70","","","","","","NA"
"-80.80","46.63","SUDBURY CLIMATE","6068145","2020-08-11 08:00","2020","08","11","08:00","19.5","","19.3","","99","","0.0","","20","","11","","","","96.76","","","","","","NA"
"-80.80","46.63","SUDBURY CLIMATE","6068145","2020-08-11 09:00","2020","08","11","09:00","18.8","","18.6","","98","","6.8","","22","","17","","","","96.79","","","","","","NA"
"-80.80","46.63","SUDBURY CLIMATE","6068145","2020-08-11 10:00","2020","08","11","10:00","18.8","","18.6","","99","","2.9","","22","","8","","","","96.81","","","","","","NA"
"-80.80","46.63","SUDBURY CLIMATE","6068145","2020-08-11 11:00","2020","08","11","11:00","16.9","","16.0","","94","","0.8","","1","","15","","","","96.74","","","","","","NA"
"-80.80","46.63","SUDBURY CLIMATE","6068145","2020-08-11 12:00","2020","08","11","12:00","16.3","","15.7","","97","","0.5","","34","","6","","","","96.85","","","","","","NA"
"-80.80","46.63","SUDBURY CLIMATE","6068145","2020-08-11 13:00","2020","08","11","13:00","17.9","","16.6","","92","","0.0","","6","","3","","","","96.83","","","","","","NA"
"-80.80","46.63","SUDBURY CLIMATE","6068145","2020-08-11 14:00","2020","08","11","14:00","19.6","","17.4","","87","","0.2","","31","","7","","","","96.87","","","","","","NA"
"-80.80","46.63","SUDBURY CLIMATE","6068145","2020-08-11 15:00","2020","08","11","15:00","21.2","","13.4","","61","","0.2","","31","","6","","","","96.90","","","","","","NA"
"-80.80","46.63","SUDBURY CLIMATE","6068145","2020-08-11 16:00","2020","08","11","16:00","22.7","","14.1","","58","","0.0","","30","","6","","","","96.91","","26","","","","NA"
"-80.80","46.63","SUDBURY CLIMATE","6068145","2020-08-11 17:00","2020","08","11","17:00","23.7","","12.7","","50","","0.2","","27","","13","","","","96.92","","26","","","","NA"
"-80.80","46.63","SUDBURY CLIMATE","6068145","2020-08-11 18:00","2020","08","11","18:00","24.6","","11.9","","45","","0.0","","28","","12","","","","96.93","","27","","","","NA"
"-80.80","46.63","SUDBURY CLIMATE","6068145","2020-08-11 19:00","2020","08","11","19:00","25.3","","10.8","","40","","0.0","","29","","12","","","","96.92","","27","","","","NA"
"-80.80","46.63","SUDBURY CLIMATE","6068145","2020-08-11 20:00","2020","08","11","20:00","25.6","","10.6","","39","","0.0","","28","","10","","","","96.91","","27","","","","NA"
"-80.80","46.63","SUDBURY CLIMATE","6068145","2020-08-11 21:00","2020","08","11","21:00","25.7","","11.1","","40","","0.0","","25","","13","","","","96.94","","28","","","","NA"
"-80.80","46.63","SUDBURY CLIMATE","6068145","2020-08-11 22:00","2020","08","11","22:00","25.7","","10.6","","39","","0.0","","29","","10","","","","96.96","","27","","","","NA"
"-80.80","46.63","SUDBURY CLIMATE","6068145","2020-08-11 23:00","2020","08","11","23:00","24.7","","12.1","","45","","0.0","","26","","9","","","","96.98","","27","","","","NA"
"-80.80","46.63","SUDBURY CLIMATE","6068145","2020-08-12 00:00","2020","08","12","00:00","22.0","","13.1","","57","","0.0","","23","","8","","","","97.01","","25","","","","NA"
"-80.80","46.63","SUDBURY CLIMATE","6068145","2020-08-12 01:00","2020","08","12","01:00","19.4","","13.2","","67","","0.0","","22","","10","","","","97.08","","","","","","NA"
"-80.80","46.63","SUDBURY CLIMATE","6068145","2020-08-12 02:00","2020","08","12","02:00","18.0","","13.2","","74","","0.0","","22","","7","","","","97.16","","","","","","NA"
"-80.80","46.63","SUDBURY CLIMATE","6068145","2020-08-12 03:00","2020","08","12","03:00","17.1","","12.8","","75","","0.0","","23","","9","","","","97.21","","","","","","NA"
"-80.80","46.63","SUDBURY CLIMATE","6068145","2020-08-12 04:00","2020","08","12","04:00","16.9","","12.7","","76","","0.0","","24","","9","","","","97.27","","","","","","NA"
"-80.80","46.63","SUDBURY CLIMATE","6068145","2020-08-12 05:00","2020","08","12","05:00","17.2","","12.1","","72","","0.0","","24","","9","","","","97.31","","","","","","NA"
"-80.80","46.63","SUDBURY CLIMATE","6068145","2020-08-12 06:00","2020","08","12","06:00","14.3","","12.1","","86","","0.0","","22","","7","","","","97.32","","","","","","NA"
"-80.80","46.63","SUDBURY CLIMATE","6068145","2020-08-12 07:00","2020","08","12","07:00","15.3","","12.3","","82","","0.0","","23","","8","","","","97.32","","","","","","NA"
"-80.80","46.63","SUDBURY CLIMATE","6068145","2020-08-12 08:00","2020","08","12","08:00","15.8","","12.0","","78","","0.0","","25","","8","","","","97.34","","","","","","NA"
"-80.80","46.63","SUDBURY CLIMATE","6068145","2020-08-12 09:00","2020","08","12","09:00","14.6","","11.8","","83","","0.0","","24","","9","","","","97.38","","","","","","NA"
"-80.80","46.63","SUDBURY CLIMATE","6068145","2020-08-12 10:00","2020","08","12","10:00","13.8","","12.2","","90","","0.0","","23","","11","","","","97.43","","","","","","NA"
"-80.80","46.63","SUDBURY CLIMATE","6068145","2020-08-12 11:00","2020","08","12","11:00","14.6","","12.7","","89","","0.0","","24","","10","","","","97.48","","","","","","NA"
"-80.80","46.63","SUDBURY CLIMATE","6068145","2020-08-12 12:00","2020","08","12","12:00","16.0","","13.6","","86","","0.0","","28","","5","","","","97.54","","","","","","NA"
"-80.80","46.63","SUDBURY CLIMATE","6068145","2020-08-12 13:00","2020","08","12","13:00","17.8","","13.8","","77","","0.0","","28","","6","","","","97.58","","","","","","NA"
"-80.80","46.63","SUDBURY CLIMATE","6068145","2020-08-12 14:00","2020","08","12","14:00","20.4","","14.2","","67","","0.0","","27","","5","","","","97.60","","","","","","NA"
"-80.80","46.63","SUDBURY CLIMATE","6068145","2020-08-12 15:00","2020","08","12","15:00","22.7","","15.2","","63","","0.0","","27","","5","","","","97.64","","27","","","","NA"
"-80.80","46.63","SUDBURY CLIMATE","6068145","2020-08-12 16:00","2020","08","12","16:00","24.9","","13.6","","49","","0.0","","32","","5","","","","97.66","","28","","","","NA"
"-80.80","46.63","SUDBURY CLIMATE","6068145","2020-08-12 17:00","2020","08","12","17:00","25.9","","12.5","","43","","0.0","","33","","9","","","","97.67","","28","","","","NA"
"-80.80","46.63","SUDBURY CLIMATE","6068145","2020-08-12 18:00","2020","08","12","18:00","26.9","","10.4","","36","","0.0","","26","","9","","","","97.69","","28","","","","NA"
"-80.80","46.63","SUDBURY CLIMATE","6068145","2020-08-12 19:00","2020","08","12","19:00","27.5","","10.9","","36","","0.0","","33","","7","","","","97.69","","29","","","","NA"
"-80.80","46.63","SUDBURY CLIMATE","6068145","2020-08-12 20:00","2020","08","12","20:00","27.9","","10.8","","35","","0.0","","34","","4","","","","97.71","","30","","","","NA"
"-80.80","46.63","SUDBURY CLIMATE","6068145","2020-08-12 21:00","2020","08","12","21:00","28.4","","12.8","","38","","0.0","","20","","6","","","","97.72","","31","","","","NA"
"-80.80","46.63","SUDBURY CLIMATE","6068145","2020-08-12 22:00","2020","08","12","22:00","27.8","","12.1","","38","","0.0","","23","","10","","","","97.73","","30","","","","NA"
"-80.80","46.63","SUDBURY CLIMATE","6068145","2020-08-12 23:00","2020","08","12","23:00","26.9","","13.1","","42","","0.0","","22","","6","","","","97.74","","30","","","","NA"
"-80.80","46.63","SUDBURY CLIMATE","6068145","2020-08-13 00:00","2020","08","13","00:00","23.1","","15.8","","63","","0.0","","","","0","","","","97.76","","28","","","","NA"
"-80.80","46.63","SUDBURY CLIMATE","6068145","2020-08-13 01:00","2020","08","13","01:00","22.2","","13.9","","59","","0.0","","26","","8","","","","97.80","","26","","","","NA"
"-80.80","46.63","SUDBURY CLIMATE","6068145","2020-08-13 02:00","2020","08","13","02:00","20.8","","15.1","","70","","0.0","","27","","6","","","","97.83","","25","","","","NA"
"-80.80","46.63","SUDBURY CLIMATE","6068145","2020-08-13 03:00","2020","08","13","03:00","19.2","","14.0","","72","","0.0","","25","","7","","","","97.84","","","","","","NA"
"-80.80","46.63","SUDBURY CLIMATE","6068145","2020-08-13 04:00","2020","08","13","04:00","18.5","","14.4","","77","","0.0","","21","","9","","","","97.88","","","","","","NA"
"-80.80","46.63","SUDBURY CLIMATE","6068145","2020-08-13 05:00","2020","08","13","05:00","15.6","","13.4","","87","","0.0","","36","","3","","","","97.95","","","","","","NA"
"-80.80","46.63","SUDBURY CLIMATE","6068145","2020-08-13 06:00","2020","08","13","06:00","17.4","","16.6","","95","","0.0","","3","","10","","","","97.95","","","","","","NA"
"-80.80","46.63","SUDBURY CLIMATE","6068145","2020-08-13 07:00","2020","08","13","07:00","17.3","","16.4","","94","","0.0","","3","","10","","","","97.97","","","","","","NA"
"-80.80","46.63","SUDBURY CLIMATE","6068145","2020-08-13 08:00","2020","08","13","08:00","16.8","","16.0","","95","","0.0","","3","","11","","","","97.99","","","","","","NA"
"-80.80","46.63","SUDBURY CLIMATE","6068145","2020-08-13 09:00","2020","08","13","09:00","16.3","","15.7","","97","","0.0","","4","","10","","","","98.03","","","","","","NA"
"-80.80","46.63","SUDBURY CLIMATE","6068145","2020-08-13 10:00","2020","08","13","10:00","16.0","","15.5","","96","","0.0","","4","","12","","","","98.06","","","","","","NA"
"-80.80","46.63","SUDBURY CLIMATE","6068145","2020-08-13 11:00","2020","08","13","11:00","17.2","","14.9","","86","","0.0","","6","","10","","","","98.09","","","","","","NA"
"-80.80","46.63","SUDBURY CLIMATE","6068145","2020-08-13 12:00","2020","08","13","12:00","18.8","","15.0","","79","","0.0","","8","","7","","","","98.13","","","","","","NA"
"-80.80","46.63","SUDBURY CLIMATE","6068145","2020-08-13 13:00","2020","08","13","13:00","19.8","","15.8","","77","","0.0","","5","","8","","","","98.15","","","","","","NA"
"-80.80","46.63","SUDBURY CLIMATE","6068145","2020-08-13 14:00","2020","08","13","14:00","22.7","","15.9","","65","","0.0","","11","","8","","","","98.17","","27","","","","NA"
"-80.80","46.63","SUDBURY CLIMATE","6068145","2020-08-13 15:00","2020","08","13","15:00","24.4","","16.4","","61","","0.0","","11","","6","","","","98.16","","29","","","","NA"
"-80.80","46.63","SUDBURY CLIMATE","6068145","2020-08-13 16:00","2020","08","13","16:00","25.8","","15.9","","54","","0.0","","10","","5","","","","98.14","","30","","","","NA"
"-80.80","46.63","SUDBURY CLIMATE","6068145","2020-08-13 17:00","2020","08","13","17:00","26.3","","16.0","","53","","0.0","","17","","7","","","","98.11","","31","","","","NA"
"-80.80","46.63","SUDBURY CLIMATE","6068145","2020-08-13 18:00","2020","08","13","18:00","26.2","","15.9","","53","","0.0","","13","","6","","","","98.08","","31","","","","NA"
"-80.80","46.63","SUDBURY CLIMATE","6068145","2020-08-13 19:00","2020","08","13","19:00","27.0","","16.4","","52","","0.0","","15","","8","","","","98.06","","32","","","","NA"
"-80.80","46.63","SUDBURY CLIMATE","6068145","2020-08-13 20:00","2020","08","13","20:00","26.4","","15.4","","51","","0.0","","13","","9","","","","98.06","","31","","","","NA"
"-80.80","46.63","SUDBURY CLIMATE","6068145","2020-08-13 21:00","2020","08","13","21:00","26.5","","15.4","","50","","0.0","","13","","8","","","","98.04","","31","","","","NA"
"-80.80","46.63","SUDBURY CLIMATE","6068145","2020-08-13 22:00","2020","08","13","22:00","26.0","","15.6","","53","","0.0","","15","","7","","","","98.03","","30","","","","NA"
"-80.80","46.63","SUDBURY CLIMATE","6068145","2020-08-13 23:00","2020","08","13","23:00","25.8","","16.1","","55","","0.0","","15","","7","","","","98.01","","30","","","","NA"
"-80.80","46.63","SUDBURY CLIMATE","6068145","2020-08-14 00:00","2020","08","14","00:00","24.4","","16.9","","63","","0.0","","15","","7","","","","98.01","","30","","","","NA"
"-80.80","46.63","SUDBURY CLIMATE","6068145","2020-08-14 01:00","2020","08","14","01:00","19.7","","16.5","","82","","0.0","","0","","1","","","","98.03","","","","","","NA"
"-80.80","46.63","SUDBURY CLIMATE","6068145","2020-08-14 02:00","2020","08","14","02:00","18.1","","15.8","","87","","0.0","","15","","1","","","","98.08","","","","","","NA"
"-80.80","46.63","SUDBURY CLIMATE","6068145","2020-08-14 03:00","2020","08","14","03:00","18.0","","16.4","","90","","0.0","","15","","3","","","","98.07","","","","","","NA"
"-80.80","46.63","SUDBURY CLIMATE","6068145","2020-08-14 04:00","2020","08","14","04:00","18.5","","15.4","","82","","0.0","","11","","8","","","","98.07","","","","","","NA"
"-80.80","46.63","SUDBURY CLIMATE","6068145","2020-08-14 05:00","2020","08","14","05:00","17.5","","14.6","","83","","0.0","","8","","5","","","","98.09","","","","","","NA"
"-80.80","46.63","SUDBURY CLIMATE","6068145","2020-08-14 06:00","2020","08","14","06:00","17.5","","16.8","","95","","0.0","","6","","9","","","","98.10","","","","","","NA"
"-80.80","46.63","SUDBURY CLIMATE","6068145","2020-08-14 07:00","2020","08","14","07:00","17.2","","15.7","","90","","0.0","","5","","9","","","","98.08","","","","","","NA"
"-80.80","46.63","SUDBURY CLIMATE","6068145","2020-08-14 08:00","2020","08","14","08:00","17.1","","14.4","","84","","0.0","","7","","6","","","","98.07","","","","","","NA"
"-80.80","46.63","SUDBURY CLIMATE","6068145","2020-08-14 09:00","2020","08","14","09:00","15.7","","14.0","","90","","0.0","","6","","10","","","","98.04","","","","","","NA"
"-80.80","46.63","SUDBURY CLIMATE","6068145","2020-08-14 10:00","2020","08","14","10:00","15.5","","14.0","","91","","0.0","","5","","9","","","","98.06","","","","","","NA"
"-80.80","46.63","SUDBURY CLIMATE","6068145","2020-08-14 11:00","2020","08","14","11:00","16.5","","14.1","","85","","0.0","","5","","8","","","","98.07","","","","","","NA"
"-80.80","46.63","SUDBURY CLIMATE","6068145","2020-08-14 12:00","2020","08","14","12:00","18.8","","15.0","","79","","0.0","","10","","8","","","","98.09","","","","","","NA"
"-80.80","46.63","SUDBURY CLIMATE","6068145","2020-08-14 13:00","2020","08","14","13:00","20.7","","16.5","","77","","0.0","","10","","7","","","","98.11","","26","","","","NA"
"-80.80","46.63","SUDBURY CLIMATE","6068145","2020-08-14 14:00","2020","08","14","14:00","22.4","","16.3","","68","","0.0","","8","","7","","","","98.12","","27","","","","NA"
"-80.80","46.63","SUDBURY CLIMATE","6068145","2020-08-14 15:00","2020","08","14","15:00","24.4","","15.3","","57","","0.2","","9","","7","","","","98.11","","29","","","","NA"
"-80.80","46.63","SUDBURY CLIMATE","6068145","2020-08-14 16:00","2020","08","14","16:00","25.7","","14.7","","50","","0.0","","16","","6","","","","98.09","","29","","","","NA"
"-80.80","46.63","SUDBURY CLIMATE","6068145","2020-08-14 17:00","2020","08","14","17:00","27.0","","14.4","","46","","0.0","","20","","7","","","","98.04","","31","","","","NA"
"-80.80","46.63","SUDBURY CLIMATE","6068145","2020-08-14 18:00","2020","08","14","18:00","27.7","","13.4","","41","","0.2","","14","","9","","","","97.99","","31","","","","NA"
"-80.80","46.63","SUDBURY CLIMATE","6068145","2020-08-14 19:00","2020","08","14","19:00","26.1","","14.8","","50","","0.0","","8","","7","","","","97.96","","30","","","","NA"
"-80.80","46.63","SUDBURY CLIMATE","6068145","2020-08-14 20:00","2020","08","14","20:00","27.9","","15.3","","46","","0.0","","4","","12","","","","97.90","","32","","","","NA"
"-80.80","46.63","SUDBURY CLIMATE","6068145","2020-08-14 21:00","2020","08","14","21:00","26.9","","12.7","","41","","0.0","","13","","1","","","","97.88","","30","","","","NA"
"-80.80","46.63","SUDBURY CLIMATE","6068145","2020-08-14 22:00","2020","08","14","22:00","26.0","","14.1","","48","","0.0","","14","","6","","","","97.86","","29","","","","NA"
"-80.80","46.63","SUDBURY CLIMATE","6068145","2020-08-14 23:00","2020","08","14","23:00","25.7","","15.2","","52","","0.0","","11","","7","","","","97.86","","30","","","","NA"
"-80.80","46.63","SUDBURY CLIMATE","6068145","2020-08-15 00:00","2020","08","15","00:00","24.1","","14.7","","56","","0.0","","13","","11","","","","97.82","","28","","","","NA"
"-80.80","46.63","SUDBURY CLIMATE","6068145","2020-08-15 01:00","2020","08","15","01:00","22.2","","14.2","","61","","0.0","","14","","10","","","","97.82","","26","","","","NA"
"-80.80","46.63","SUDBURY CLIMATE","6068145","2020-08-15 02:00","2020","08","15","02:00","20.5","","13.7","","65","","0.0","","14","","10","","","","97.81","","","","","","NA"
"-80.80","46.63","SUDBURY CLIMATE","6068145","2020-08-15 03:00","2020","08","15","03:00","20.9","","12.8","","60","","0.0","","13","","11","","","","97.80","","","","","","NA"
"-80.80","46.63","SUDBURY CLIMATE","6068145","2020-08-15 04:00","2020","08","15","04:00","19.3","","12.8","","66","","0.0","","14","","10","","","","97.78","","","","","","NA"
"-80.80","46.63","SUDBURY CLIMATE","6068145","2020-08-15 05:00","2020","08","15","05:00","18.2","","13.1","","72","","0.0","","16","","11","","","","97.74","","","","","","NA"
"-80.80","46.63","SUDBURY CLIMATE","6068145","2020-08-15 06:00","2020","08","15","06:00","17.5","","13.3","","76","","0.0","","15","","9","","","","97.74","","","","","","NA"
"-80.80","46.63","SUDBURY CLIMATE","6068145","2020-08-15 07:00","2020","08","15","07:00","17.3","","13.6","","79","","0.0","","14","","10","","","","97.76","","","","","","NA"
"-80.80","46.63","SUDBURY CLIMATE","6068145","2020-08-15 08:00","2020","08","15","08:00","16.1","","13.5","","85","","0.0","","12","","14","","","","97.77","","","","","","NA"
"-80.80","46.63","SUDBURY CLIMATE","6068145","2020-08-15 09:00","2020","08","15","09:00","16.5","","13.0","","80","","0.0","","13","","14","","","","97.76","","","","","","NA"
"-80.80","46.63","SUDBURY CLIMATE","6068145","2020-08-15 10:00","2020","08","15","10:00","16.0","","12.8","","81","","0.0","","14","","13","","","","97.75","","","","","","NA"
"-80.80","46.63","SUDBURY CLIMATE","6068145","2020-08-15 11:00","2020","08","15","11:00","16.3","","12.6","","79","","0.0","","13","","17","","","","97.73","","","","","","NA"
"-80.80","46.63","SUDBURY CLIMATE","6068145","2020-08-15 12:00","2020","08","15","12:00","17.6","","12.8","","74","","0.0","","13","","15","","","","97.70","","","","","","NA"
"-80.80","46.63","SUDBURY CLIMATE","6068145","2020-08-15 13:00","2020","08","15","13:00","18.9","","13.2","","70","","0.0","","13","","16","","","","97.70","","","","","","NA"
"-80.80","46.63","SUDBURY CLIMATE","6068145","2020-08-15 14:00","2020","08","15","14:00","21.1","","13.1","","60","","0.0","","14","","15","","","","97.70","","","","","","NA"
"-80.80","46.63","SUDBURY CLIMATE","6068145","2020-08-15 15:00","2020","08","15","15:00","23.3","","13.3","","53","","0.0","","13","","15","","","","97.65","","26","","","","NA"
"-80.80","46.63","SUDBURY CLIMATE","6068145","2020-08-15 16:00","2020","08","15","16:00","24.3","","12.0","","46","","0.0","","12","","15","","","","97.63","","27","","","","NA"
"-80.80","46.63","SUDBURY CLIMATE","6068145","2020-08-15 17:00","2020","08","15","17:00","24.5","","10.9","","42","","0.0","","14","","12","","","","97.58","","26","","","","NA"
"-80.80","46.63","SUDBURY CLIMATE","6068145","2020-08-15 18:00","2020","08","15","18:00","25.2","","11.2","","41","","0.0","","19","","8","","","","97.52","","27","","","","NA"
"-80.80","46.63","SUDBURY CLIMATE","6068145","2020-08-15 19:00","2020","08","15","19:00","25.8","","9.9","","37","","0.0","","15","","13","","","","97.47","","27","","","","NA"
"-80.80","46.63","SUDBURY CLIMATE","6068145","2020-08-15 20:00","2020","08","15","20:00","26.1","","10.4","","37","","0.0","","14","","14","","","","97.42","","28","","","","NA"
"-80.80","46.63","SUDBURY CLIMATE","6068145","2020-08-15 21:00","2020","08","15","21:00","26.5","","12.2","","41","","0.0","","13","","12","","","","97.35","","29","","","","NA"
"-80.80","46.63","SUDBURY CLIMATE","6068145","2020-08-15 22:00","2020","08","15","22:00","26.4","","10.3","","37","","0.0","","17","","16","","","","97.34","","28","","","","NA"
"-80.80","46.63","SUDBURY CLIMATE","6068145","2020-08-15 23:00","2020","08","15","23:00","25.4","","9.8","","37","","0.0","","20","","16","","","","97.33","","27","","","","NA"
"-80.80","46.63","SUDBURY CLIMATE","6068145","2020-08-16 00:00","2020","08","16","00:00","23.1","","11.5","","48","","0.0","","21","","14","","","","97.34","","25","","","","NA"
"-80.80","46.63","SUDBURY CLIMATE","6068145","2020-08-16 01:00","2020","08","16","01:00","17.9","","11.4","","66","","0.0","","23","","2","","","","97.35","","","","","","NA"
"-80.80","46.63","SUDBURY CLIMATE","6068145","2020-08-16 02:00","2020","08","16","02:00","14.8","","11.5","","81","","0.0","","23","","1","","","","97.33","","","","","","NA"
"-80.80","46.63","SUDBURY CLIMATE","6068145","2020-08-16 03:00","2020","08","16","03:00","16.2","","12.1","","77","","0.0","","23","","2","","","","97.32","","","","","","NA"
"-80.80","46.63","SUDBURY CLIMATE","6068145","2020-08-16 04:00","2020","08","16","04:00","15.3","","11.5","","78","","0.0","","14","","5","","","","97.31","","","","","","NA"
"-80.80","46.63","SUDBURY CLIMATE","6068145","2020-08-16 05:00","2020","08","16","05:00","16.3","","11.6","","74","","0.0","","12","","2","","","","97.30","","","","","","NA"
"-80.80","46.63","SUDBURY CLIMATE","6068145","2020-08-16 06:00","2020","08","16","06:00","14.8","","11.8","","82","","0.0","","12","","3","","","","97.23","","","","","","NA"
"-80.80","46.63","SUDBURY CLIMATE","6068145","2020-08-16 07:00","2020","08","16","07:00","16.9","","12.1","","73","","0.0","","22","","5","","","","97.21","","","","","","NA"
"-80.80","46.63","SUDBURY CLIMATE","6068145","2020-08-16 08:00","2020","08","16","08:00","15.3","","13.1","","87","","0.0","","27","","3","","","","97.21","","","","","","NA"
"-80.80","46.63","SUDBURY CLIMATE","6068145","2020-08-16 09:00","2020","08","16","09:00","14.7","","13.4","","92","","0.0","","27","","2","","","","97.19","","","","","","NA"
"-80.80","46.63","SUDBURY CLIMATE","6068145","2020-08-16 10:00","2020","08","16","10:00","15.2","","13.4","","89","","0.0","","33","","8","","","","97.17","","","","","","NA"
"-80.80","46.63","SUDBURY CLIMATE","6068145","2020-08-16 11:00","2020","08","16","11:00","15.9","","14.6","","92","","0.0","","4","","9","","","","97.17","","","","","","NA"
"-80.80","46.63","SUDBURY CLIMATE","6068145","2020-08-16 12:00","2020","08","16","12:00","15.5","","14.1","","91","","0.0","","33","","8","","","","97.20","","","","","","NA"
"-80.80","46.63","SUDBURY CLIMATE","6068145","2020-08-16 13:00","2020","08","16","13:00","15.3","","14.5","","95","","0.0","","22","","14","","","","97.35","","","","","","NA"
"-80.80","46.63","SUDBURY CLIMATE","6068145","2020-08-16 14:00","2020","08","16","14:00","15.1","","14.7","","98","","0.4","","2","","6","","","","97.26","","","","","","NA"
"-80.80","46.63","SUDBURY CLIMATE","6068145","2020-08-16 15:00","2020","08","16","15:00","15.7","","14.8","","94","","0.6","","5","","1","","","","97.25","","","","","","NA"
"-80.80","46.63","SUDBURY CLIMATE","6068145","2020-08-16 16:00","2020","08","16","16:00","16.2","","15.3","","94","","1.1","","18","","6","","","","97.22","","","","","","NA"
"-80.80","46.63","SUDBURY CLIMATE","6068145","2020-08-16 17:00","2020","08","16","17:00","16.8","","16.1","","96","","0.2","","24","","9","","","","97.23","","","","","","NA"
"-80.80","46.63","SUDBURY CLIMATE","6068145","2020-08-16 18:00","2020","08","16","18:00","17.6","","16.7","","94","","0.2","","25","","9","","","","97.23","","","","","","NA"
"-80.80","46.63","SUDBURY CLIMATE","6068145","2020-08-16 19:00","2020","08","16","19:00","18.8","","15.8","","83","","0.0","","26","","10","","","","97.20","","","","","","NA"
"-80.80","46.63","SUDBURY CLIMATE","6068145","2020-08-16 20:00","2020","08","16","20:00","19.6","","14.2","","71","","0.2","","25","","6","","","","97.17","","","","","","NA"
"-80.80","46.63","SUDBURY CLIMATE","6068145","2020-08-16 21:00","2020","08","16","21:00","20.2","","15.8","","76","","0.0","","25","","5","","","","97.14","","25","","","","NA"
"-80.80","46.63","SUDBURY CLIMATE","6068145","2020-08-16 22:00","2020","08","16","22:00","21.2","","16.3","","73","","0.0","","19","","6","","","","97.08","","26","","","","NA"
"-80.80","46.63","SUDBURY CLIMATE","6068145","2020-08-16 23:00","2020","08","16","23:00","20.1","","15.9","","77","","0.0","","19","","10","","","","97.10","","25","","","","NA"
"-80.80","46.63","SUDBURY CLIMATE","6068145","2020-08-17 00:00","2020","08","17","00:00","19.2","","16.6","","85","","0.0","","19","","10","","","","97.15","","","","","","NA"
"-80.80","46.63","SUDBURY CLIMATE","6068145","2020-08-17 01:00","2020","08","17","01:00","15.0","","14.3","","96","","5.7","","5","","4","","","","97.17","","","","","","NA"
"-80.80","46.63","SUDBURY CLIMATE","6068145","2020-08-17 02:00","2020","08","17","02:00","14.2","","13.5","","95","","0.0","","16","","6","","","","97.19","","","","","","NA"
"-80.80","46.63","SUDBURY CLIMATE","6068145","2020-08-17 03:00","2020","08","17","03:00","13.8","","13.4","","97","","0.0","","22","","10","","","","97.17","","","","","","NA"
"-80.80","46.63","SUDBURY CLIMATE","6068145","2020-08-17 04:00","2020","08","17","04:00","13.5","","13.2","","98","","0.0","","22","","10","","","","97.14","","","","","","NA"
"-80.80","46.63","SUDBURY CLIMATE","6068145","2020-08-17 05:00","2020","08","17","05:00","14.1","","14.0","","99","","0.0","","23","","9","","","","97.11","","","","","","NA"
"-80.80","46.63","SUDBURY CLIMATE","6068145","2020-08-17 06:00","2020","08","17","06:00","13.8","","13.7","","99","","0.0","","26","","6","","","","97.09","","","","","","NA"
"-80.80","46.63","SUDBURY CLIMATE","6068145","2020-08-17 07:00","2020","08","17","07:00","14.0","","13.9","","99","","0.0","","27","","5","","","","97.06","","","","","","NA"
"-80.80","46.63","SUDBURY CLIMATE","6068145","2020-08-17 08:00","2020","08","17","08:00","13.3","","13.2","","100","","0.0","","28","","7","","","","97.05","","","","","","NA"
"-80.80","46.63","SUDBURY CLIMATE","6068145","2020-08-17 09:00","2020","08","17","09:00","12.5","","12.4","","100","","0.0","","27","","6","","","","97.02","","","","","","NA"
"-80.80","46.63","SUDBURY CLIMATE","6068145","2020-08-17 10:00","2020","08","17","10:00","11.9","","11.8","","100","","0.2","","27","","6","","","","97.05","","","","","","NA"
"-80.80","46.63","SUDBURY CLIMATE","6068145","2020-08-17 11:00","2020","08","17","11:00","11.8","","11.7","","99","","0.0","","28","","3","","","","97.08","","","","","","NA"
"-80.80","46.63","SUDBURY CLIMATE","6068145","2020-08-17 12:00","2020","08","17","12:00","13.1","","12.4","","95","","0.0","","29","","5","","","","97.11","","","","","","NA"
"-80.80","46.63","SUDBURY CLIMATE","6068145","2020-08-17 13:00","2020","08","17","13:00","15.5","","13.8","","90","","0.0","","29","","4","","","","97.12","","","","","","NA"
"-80.80","46.63","SUDBURY CLIMATE","6068145","2020-08-17 14:00","2020","08","17","14:00","17.4","","14.6","","83","","0.0","","29","","6","","","","97.11","","","","","","NA"
"-80.80","46.63","SUDBURY CLIMATE","6068145","2020-08-17 15:00","2020","08","17","15:00","19.7","","13.9","","69","","0.2","","33","","6","","","","97.10","","","","","","NA"
"-80.80","46.63","SUDBURY CLIMATE","6068145","2020-08-17 16:00","2020","08","17","16:00","20.5","","15.3","","72","","0.0","","27","","5","","","","97.09","","25","","","","NA"
"-80.80","46.63","SUDBURY CLIMATE","6068145","2020-08-17 17:00","2020","08","17","17:00","21.7","","12.4","","56","","0.0","","30","","8","","","","97.04","","","","","","NA"
"-80.80","46.63","SUDBURY CLIMATE","6068145","2020-08-17 18:00","2020","08","17","18:00","21.8","","12.5","","55","","0.0","","25","","11","","","","96.98","","","","","","NA"
"-80.80","46.63","SUDBURY CLIMATE","6068145","2020-08-17 19:00","2020","08","17","19:00","18.3","","13.7","","75","","0.0","","29","","5","","","","96.98","","","","","","NA"
"-80.80","46.63","SUDBURY CLIMATE","6068145","2020-08-17 20:00","2020","08","17","20:00","20.4","","14.4","","68","","0.2","","14","","9","","","","96.95","","","","","","NA"
"-80.80","46.63","SUDBURY CLIMATE","6068145","2020-08-17 21:00","2020","08","17","21:00","17.4","","13.3","","77","","0.5","","12","","4","","","","96.98","","","","","","NA"
"-80.80","46.63","SUDBURY CLIMATE","6068145","2020-08-17 22:00","2020","08","17","22:00","17.6","","14.1","","80","","0.0","","29","","5","","","","97.09","","","","","","NA"
"-80.80","46.63","SUDBURY CLIMATE","6068145","2020-08-17 23:00","2020","08","17","23:00","16.0","","14.0","","88","","0.0","","34","","6","","","","97.07","","","","","","NA"
"-80.80","46.63","SUDBURY CLIMATE","6068145","2020-08-18 00:00","2020","08","18","00:00","14.9","","13.2","","89","","0.0","","29","","5","","","","97.07","","","","","","NA"
"-80.80","46.63","SUDBURY CLIMATE","6068145","2020-08-18 01:00","2020","08","18","01:00","13.5","","12.5","","94","","0.0","","27","","4","","","","97.09","","","","","","NA"
"-80.80","46.63","SUDBURY CLIMATE","6068145","2020-08-18 02:00","2020","08","18","02:00","11.8","","11.1","","95","","0.0","","28","","5","","","","97.11","","","","","","NA"
"-80.80","46.63","SUDBURY CLIMATE","6068145","2020-08-18 03:00","2020","08","18","03:00","13.1","","12.7","","97","","0.0","","33","","8","","","","97.12","","","","","","NA"
"-80.80","46.63","SUDBURY CLIMATE","6068145","2020-08-18 04:00","2020","08","18","04:00","11.6","","11.2","","98","","0.0","","29","","3","","","","97.12","","","","","","NA"
"-80.80","46.63","SUDBURY CLIMATE","6068145","2020-08-18 05:00","2020","08","18","05:00","11.3","","11.0","","98","","0.0","","32","","2","","","","97.13","","","","","","NA"
"-80.80","46.63","SUDBURY CLIMATE","6068145","2020-08-18 06:00","2020","08","18","06:00","11.2","","10.5","","96","","0.0","","34","","5","","","","97.13","","","","","","NA"
"-80.80","46.63","SUDBURY CLIMATE","6068145","2020-08-18 07:00","2020","08","18","07:00","11.5","","11.0","","97","","0.0","","1","","10","","","","97.12","","","","","","NA"
"-80.80","46.63","SUDBURY CLIMATE","6068145","2020-08-18 08:00","2020","08","18","08:00","10.9","","10.5","","97","","0.0","","1","","8","","","","97.12","","","","","","NA"
"-80.80","46.63","SUDBURY CLIMATE","6068145","2020-08-18 09:00","2020","08","18","09:00","11.2","","10.6","","96","","0.0","","36","","11","","","","97.14","","","","","","NA"
"-80.80","46.63","SUDBURY CLIMATE","6068145","2020-08-18 10:00","2020","08","18","10:00","11.3","","10.3","","94","","0.0","","1","","15","","","","97.16","","","","","","NA"
"-80.80","46.63","SUDBURY CLIMATE","6068145","2020-08-18 11:00","2020","08","18","11:00","11.5","","10.3","","93","","0.0","","1","","10","","","","97.19","","","","","","NA"
"-80.80","46.63","SUDBURY CLIMATE","6068145","2020-08-18 12:00","2020","08","18","12:00","11.7","","9.9","","89","","0.0","","1","","12","","","","97.26","","","","","","NA"
"-80.80","46.63","SUDBURY CLIMATE","6068145","2020-08-18 13:00","2020","08","18","13:00","12.2","","10.1","","87","","0.0","","36","","12","","","","97.31","","","","","","NA"
"-80.80","46.63","SUDBURY CLIMATE","6068145","2020-08-18 14:00","2020","08","18","14:00","12.3","","10.9","","91","","0.2","","35","","7","","","","97.37","","","","","","NA"
"-80.80","46.63","SUDBURY CLIMATE","6068145","2020-08-18 15:00","2020","08","18","15:00","13.9","","11.2","","84","","0.2","","36","","10","","","","97.37","","","","","","NA"
"-80.80","46.63","SUDBURY CLIMATE","6068145","2020-08-18 16:00","2020","08","18","16:00","14.5","","10.5","","77","","0.0","","32","","5","","","","97.37","","","","","","NA"
"-80.80","46.63","SUDBURY CLIMATE","6068145","2020-08-18 17:00","2020","08","18","17:00","15.6","","9.2","","66","","0.3","","1","","10","","","","97.35","","","","","","NA"
"-80.80","46.63","SUDBURY CLIMATE","6068145","2020-08-18 18:00","2020","08","18","18:00","15.5","","8.7","","64","","0.0","","35","","11","","","","97.35","","","","","","NA"
"-80.80","46.63","SUDBURY CLIMATE","6068145","2020-08-18 19:00","2020","08","18","19:00","17.0","","8.6","","58","","0.0","","30","","11","","","","97.32","","","","","","NA"
"-80.80","46.63","SUDBURY CLIMATE","6068145","2020-08-18 20:00","2020","08","18","20:00","18.6","","6.7","","46","","0.3","","32","","11","","","","97.29","","","","","","NA"
"-80.80","46.63","SUDBURY CLIMATE","6068145","2020-08-18 21:00","2020","08","18","21:00","17.9","","7.8","","52","","0.0","","33","","9","","","","97.31","","","","","","NA"
"-80.80","46.63","SUDBURY CLIMATE","6068145","2020-08-18 22:00","2020","08","18","22:00","17.8","","7.2","","50","","0.0","","32","","11","","","","97.28","","","","","","NA"
"-80.80","46.63","SUDBURY CLIMATE","6068145","2020-08-18 23:00","2020","08","18","23:00","16.8","","7.7","","55","","0.0","","33","","5","","","","97.32","","","","","","NA"
"-80.80","46.63","SUDBURY CLIMATE","6068145","2020-08-19 00:00","2020","08","19","00:00","15.1","","9.3","","68","","0.0","","33","","5","","","","97.36","","","","","","NA"
"-80.80","46.63","SUDBURY CLIMATE","6068145","2020-08-19 01:00","2020","08","19","01:00","14.4","","9.8","","74","","0.0","","33","","7","","","","97.45","","","","","","NA"
"-80.80","46.63","SUDBURY CLIMATE","6068145","2020-08-19 02:00","2020","08","19","02:00","14.0","","9.6","","75","","0.0","","34","","10","","","","97.49","","","","","","NA"
"-80.80","46.63","SUDBURY CLIMATE","6068145","2020-08-19 03:00","2020","08","19","03:00","12.7","","10.4","","86","","0.0","","34","","8","","","","97.50","","","","","","NA"
"-80.80","46.63","SUDBURY CLIMATE","6068145","2020-08-19 04:00","2020","08","19","04:00","11.4","","10.0","","91","","0.0","","32","","8","","","","97.51","","","","","","NA"
"-80.80","46.63","SUDBURY CLIMATE","6068145","2020-08-19 05:00","2020","08","19","05:00","10.7","","9.6","","93","","0.0","","33","","8","","","","97.53","","","","","","NA"
"-80.80","46.63","SUDBURY CLIMATE","6068145","2020-08-19 06:00","2020","08","19","06:00","10.3","","9.4","","94","","0.0","","34","","7","","","","97.54","","","","","","NA"
"-80.80","46.63","SUDBURY CLIMATE","6068145","2020-08-19 07:00","2020","08","19","07:00","9.7","","9.0","","96","","0.0","","33","","7","","","","97.57","","","","","","NA"
"-80.80","46.63","SUDBURY CLIMATE","6068145","2020-08-19 08:00","2020","08","19","08:00","7.3","","7.1","","98","","0.0","","30","","5","","","","97.58","","","","","","NA"
"-80.80","46.63","SUDBURY CLIMATE","6068145","2020-08-19 09:00","2020","08","19","09:00","8.6","","8.4","","99","","0.0","","31","","6","","","","97.59","","","","","","NA"
"-80.80","46.63","SUDBURY CLIMATE","6068145","2020-08-19 10:00","2020","08","19","10:00","6.6","","6.4","","99","","0.0","","31","","5","","","","97.60","","","","","","NA"
"-80.80","46.63","SUDBURY CLIMATE","6068145","2020-08-19 11:00","2020","08","19","11:00","6.8","","6.7","","99","","0.0","","0","","1","","","","97.64","","","","","","NA"
"-80.80","46.63","SUDBURY CLIMATE","6068145","2020-08-19 12:00","2020","08","19","12:00","10.2","","10.0","","98","","0.0","","31","","4","","","","97.70","","","","","","NA"
"-80.80","46.63","SUDBURY CLIMATE","6068145","2020-08-19 13:00","2020","08","19","13:00","12.2","","10.0","","86","","0.0","","1","","8","","","","97.72","","","","","","NA"
"-80.80","46.63","SUDBURY CLIMATE","6068145","2020-08-19 14:00","2020","08","19","14:00","13.6","","9.8","","78","","0.0","","35","","6","","","","97.73","","","","","","NA"
"-80.80","46.63","SUDBURY CLIMATE","6068145","2020-08-19 15:00","2020","08","19","15:00","14.9","","10.6","","75","","0.0","","5","","12","","","","97.74","","","","","","NA"
"-80.80","46.63","SUDBURY CLIMATE","6068145","2020-08-19 16:00","2020","08","19","16:00","15.4","","9.6","","68","","0.0","","5","","10","","","","97.74","","","","","","NA"
"-80.80","46.63","SUDBURY CLIMATE","6068145","2020-08-19 17:00","2020","08","19","17:00","16.5","","9.7","","64","","0.0","","3","","7","","","","97.72","","","","","","NA"
"-80.80","46.63","SUDBURY CLIMATE","6068145","2020-08-19 18:00","2020","08","19","18:00","18.0","","8.1","","52","","0.0","","31","","4","","","","97.68","","","","","","NA"
"-80.80","46.63","SUDBURY CLIMATE","6068145","2020-08-19 19:00","2020","08","19","19:00","18.0","","8.3","","53","","0.0","","6","","9","","","","97.66","","","","","","NA"
"-80.80","46.63","SUDBURY CLIMATE","6068145","2020-08-19 20:00","2020","08","19","20:00","18.7","","8.7","","52","","0.0","","12","","3","","","","97.58","","","","","","NA"
"-80.80","46.63","SUDBURY CLIMATE","6068145","2020-08-19 21:00","2020","08","19","21:00","20.0","","8.2","","46","","0.0","","22","","12","","","","97.54","","","","","","NA"
"-80.80","46.63","SUDBURY CLIMATE","6068145","2020-08-19 22:00","2020","08","19","22:00","19.2","","8.4","","50","","0.0","","24","","6","","","","97.57","","","","","","NA"
"-80.80","46.63","SUDBURY CLIMATE","6068145","2020-08-19 23:00","2020","08","19","23:00","17.5","","10.1","","62","","0.0","","23","","4","","","","97.55","","","","","","NA"
"-80.80","46.63","SUDBURY CLIMATE","6068145","2020-08-20 00:00","2020","08","20","00:00","15.9","","10.4","","70","","0.0","","22","","4","","","","97.53","","","","","","NA"
"-80.80","46.63","SUDBURY CLIMATE","6068145","2020-08-20 01:00","2020","08","20","01:00","14.3","","10.4","","77","","0.0","","20","","8","","","","97.52","","","","","","NA"
"-80.80","46.63","SUDBURY CLIMATE","6068145","2020-08-20 02:00","2020","08","20","02:00","14.1","","10.6","","79","","0.0","","19","","10","","","","97.52","","","","","","NA"
"-80.80","46.63","SUDBURY CLIMATE","6068145","2020-08-20 03:00","2020","08","20","03:00","12.4","","10.7","","89","","0.0","","20","","10","","","","97.51","","","","","","NA"
"-80.80","46.63","SUDBURY CLIMATE","6068145","2020-08-20 04:00","2020","08","20","04:00","13.4","","11.8","","90","","0.0","","21","","10","","","","97.53","","","","","","NA"
"-80.80","46.63","SUDBURY CLIMATE","6068145","2020-08-20 05:00","2020","08","20","05:00","13.4","","11.7","","89","","0.0","","21","","10","","","","97.53","","","","","","NA"
"-80.80","46.63","SUDBURY CLIMATE","6068145","2020-08-20 06:00","2020","08","20","06:00","13.7","","11.9","","89","","0.0","","21","","9","","","","97.53","","","","","","NA"
"-80.80","46.63","SUDBURY CLIMATE","6068145","2020-08-20 07:00","2020","08","20","07:00","13.2","","12.2","","94","","0.0","","22","","10","","","","97.51","","","","","","NA"
"-80.80","46.63","SUDBURY CLIMATE","6068145","2020-08-20 08:00","2020","08","20","08:00","13.8","","13.2","","96","","0.0","","21","","6","","","","97.48","","","","","","NA"
"-80.80","46.63","SUDBURY CLIMATE","6068145","2020-08-20 09:00","2020","08","20","09:00","13.5","","12.7","","95","","0.7","","16","","7","","","","97.43","","","","","","NA"
"-80.80","46.63","SUDBURY CLIMATE","6068145","2020-08-20 10:00","2020","08","20","10:00","12.9","","12.1","","95","","0.2","","14","","13","","","","97.36","","","","","","NA"
"-80.80","46.63","SUDBURY CLIMATE","6068145","2020-08-20 11:00","2020","08","20","11:00","13.2","","12.7","","97","","1.1","","15","","18","","","","97.28","","","","","","NA"
"-80.80","46.63","SUDBURY CLIMATE","6068145","2020-08-20 12:00","2020","08","20","12:00","13.8","","13.6","","98","","1.1","","16","","20","","","","97.24","","","","","","NA"
"-80.80","46.63","SUDBURY CLIMATE","6068145","2020-08-20 13:00","2020","08","20","13:00","14.2","","14.0","","99","","1.7","","17","","23","","","","97.18","","","","","","NA"
"-80.80","46.63","SUDBURY CLIMATE","6068145","2020-08-20 14:00","2020","08","20","14:00","15.1","","14.9","","99","","0.0","","17","","23","","","","97.10","","","","","","NA"
"-80.80","46.63","SUDBURY CLIMATE","6068145","2020-08-20 15:00","2020","08","20","15:00","16.5","","16.1","","97","","0.3","","20","","20","","","","97.05","","","","","","NA"
"-80.80","46.63","SUDBURY CLIMATE","6068145","2020-08-20 16:00","2020","08","20","16:00","17.3","","16.8","","97","","0.4","","22","","18","","","","97.00","","","","","","NA"
"-80.80","46.63","SUDBURY CLIMATE","6068145","2020-08-20 17:00","2020","08","20","17:00","17.5","","16.8","","95","","0.0","","23","","14","","","","96.97","","","","","","NA"
"-80.80","46.63","SUDBURY CLIMATE","6068145","2020-08-20 18:00","2020","08","20","18:00","18.0","","17.1","","95","","0.0","","23","","14","","","","96.91","","","","","","NA"
"-80.80","46.63","SUDBURY CLIMATE","6068145","2020-08-20 19:00","2020","08","20","19:00","18.8","","17.5","","92","","0.0","","24","","12","","","","96.88","","","","","","NA"
"-80.80","46.63","SUDBURY CLIMATE","6068145","2020-08-20 20:00","2020","08","20","20:00","19.6","","18.1","","91","","0.0","","22","","14","","","","96.85","","","","","","NA"
"-80.80","46.63","SUDBURY CLIMATE","6068145","2020-08-20 21:00","2020","08","20","21:00","19.2","","18.3","","94","","0.0","","22","","15","","","","96.84","","","","","","NA"
"-80.80","46.63","SUDBURY CLIMATE","6068145","2020-08-20 22:00","2020","08","20","22:00","20.5","","18.6","","89","","0.3","","23","","12","","","","96.78","","27","","","","NA"
"-80.80","46.63","SUDBURY CLIMATE","6068145","2020-08-20 23:00","2020","08","20","23:00","18.6","","17.6","","94","","1.3","","","","0","","","","96.81","","","","","","NA"
"-80.80","46.63","SUDBURY CLIMATE","6068145","2020-08-21 00:00","2020","08","21","00:00","18.1","","17.5","","97","","0.0","","4","","4","","","","96.84","","","","","","NA"
"-80.80","46.63","SUDBURY CLIMATE","6068145","2020-08-21 01:00","2020","08","21","01:00","18.0","","17.5","","97","","0.0","","11","","3","","","","96.90","","","","","","NA"
"-80.80","46.63","SUDBURY CLIMATE","6068145","2020-08-21 02:00","2020","08","21","02:00","18.0","","17.4","","97","","0.0","","4","","5","","","","96.96","","","","","","NA"
"-80.80","46.63","SUDBURY CLIMATE","6068145","2020-08-21 03:00","2020","08","21","03:00","17.5","","17.2","","98","","0.0","","36","","4","","","","96.95","","","","","","NA"
"-80.80","46.63","SUDBURY CLIMATE","6068145","2020-08-21 04:00","2020","08","21","04:00","16.9","","16.4","","97","","0.0","","2","","7","","","","96.97","","","","","","NA"
"-80.80","46.63","SUDBURY CLIMATE","6068145","2020-08-21 05:00","2020","08","21","05:00","16.5","","15.8","","95","","0.0","","3","","6","","","","97.00","","","","","","NA"
"-80.80","46.63","SUDBURY CLIMATE","6068145","2020-08-21 06:00","2020","08","21","06:00","16.2","","15.8","","98","","0.0","","2","","8","","","","97.02","","","","","","NA"
"-80.80","46.63","SUDBURY CLIMATE","6068145","2020-08-21 07:00","2020","08","21","07:00","14.9","","14.5","","97","","0.0","","2","","4","","","","97.04","","","","","","NA"
"-80.80","46.63","SUDBURY CLIMATE","6068145","2020-08-21 08:00","2020","08","21","08:00","13.8","","13.4","","98","","0.0","","4","","8","","","","97.03","","","","","","NA"
"-80.80","46.63","SUDBURY CLIMATE","6068145","2020-08-21 09:00","2020","08","21","09:00","12.9","","12.6","","98","","0.0","","2","","6","","","","97.07","","","","","","NA"
"-80.80","46.63","SUDBURY CLIMATE","6068145","2020-08-21 10:00","2020","08","21","10:00","12.9","","12.7","","99","","0.0","","35","","7","","","","97.10","","","","","","NA"
"-80.80","46.63","SUDBURY CLIMATE","6068145","2020-08-21 11:00","2020","08","21","11:00","13.7","","13.6","","99","","0.0","","34","","7","","","","97.18","","","","","","NA"
"-80.80","46.63","SUDBURY CLIMATE","6068145","2020-08-21 12:00","2020","08","21","12:00","14.7","","14.6","","99","","0.0","","2","","6","","","","97.20","","","","","","NA"
"-80.80","46.63","SUDBURY CLIMATE","6068145","2020-08-21 13:00","2020","08","21","13:00","15.2","","14.7","","97","","0.0","","32","","4","","","","97.24","","","","","","NA"
"-80.80","46.63","SUDBURY CLIMATE","6068145","2020-08-21 14:00","2020","08","21","14:00","16.7","","14.8","","88","","0.0","","1","","5","","","","97.28","","","","","","NA"
"-80.80","46.63","SUDBURY CLIMATE","6068145","2020-08-21 15:00","2020","08","21","15:00","18.1","","14.8","","81","","0.0","","1","","11","","","","97.26","","","","","","NA"
"-80.80","46.63","SUDBURY CLIMATE","6068145","2020-08-21 16:00","2020","08","21","16:00","19.0","","13.7","","71","","0.2","","3","","6","","","","97.27","","","","","","NA"
"-80.80","46.63","SUDBURY CLIMATE","6068145","2020-08-21 17:00","2020","08","21","17:00","20.2","","13.6","","66","","0.0","","4","","11","","","","97.24","","","","","","NA"
"-80.80","46.63","SUDBURY CLIMATE","6068145","2020-08-21 18:00","2020","08","21","18:00","19.9","","12.0","","60","","0.2","","5","","7","","","","97.22","","","","","","NA"
"-80.80","46.63","SUDBURY CLIMATE","6068145","2020-08-21 19:00","2020","08","21","19:00","21.4","","12.5","","57","","0.0","","3","","5","","","","97.18","","","","","","NA"
"-80.80","46.63","SUDBURY CLIMATE","6068145","2020-08-21 20:00","2020","08","21","20:00","21.5","","13.5","","60","","0.0","","26","","4","","","","97.17","","25","","","","NA"
"-80.80","46.63","SUDBURY CLIMATE","6068145","2020-08-21 21:00","2020","08","21","21:00","21.5","","13.5","","60","","0.0","","18","","3","","","","97.14","","25","","","","NA"
"-80.80","46.63","SUDBURY CLIMATE","6068145","2020-08-21 22:00","2020","08","21","22:00","21.6","","13.8","","61","","0.0","","23","","5","","","","97.12","","25","","","","NA"
"-80.80","46.63","SUDBURY CLIMATE","6068145","2020-08-21 23:00","2020","08","21","23:00","21.2","","14.7","","66","","0.0","","17","","4","","","","97.12","","25","","","","NA"
"-80.80","46.63","SUDBURY CLIMATE","6068145","2020-08-22 00:00","2020","08","22","00:00","20.0","","15.4","","75","","0.0","","14","","8","","","","97.14","","","","","","NA"
"-80.80","46.63","SUDBURY CLIMATE","6068145","2020-08-22 01:00","2020","08","22","01:00","19.2","","15.2","","78","","0.0","","16","","8","","","","97.16","","","","","","NA"
"-80.80","46.63","SUDBURY CLIMATE","6068145","2020-08-22 02:00","2020","08","22","02:00","18.5","","15.2","","81","","0.0","","21","","10","","","","97.17","","","","","","NA"
"-80.80","46.63","SUDBURY CLIMATE","6068145","2020-08-22 03:00","2020","08","22","03:00","16.9","","15.5","","91","","0.0","","22","","8","","","","97.14","","","","","","NA"
"-80.80","46.63","SUDBURY CLIMATE","6068145","2020-08-22 04:00","2020","08","22","04:00","16.0","","15.1","","94","","0.0","","21","","13","","","","97.12","","","","","","NA"
"-80.80","46.63","SUDBURY CLIMATE","6068145","2020-08-22 05:00","2020","08","22","05:00","15.7","","15.0","","96","","0.0","","23","","12","","","","97.18","","","","","","NA"
"-80.80","46.63","SUDBURY CLIMATE","6068145","2020-08-22 06:00","2020","08","22","06:00","16.2","","15.5","","96","","0.0","","23","","8","","","","97.17","","","","","","NA"
"-80.80","46.63","SUDBURY CLIMATE","6068145","2020-08-22 07:00","2020","08","22","07:00","15.2","","14.9","","98","","0.0","","25","","7","","","","97.14","","","","","","NA"
"-80.80","46.63","SUDBURY CLIMATE","6068145","2020-08-22 08:00","2020","08","22","08:00","15.5","","15.4","","99","","0.0","","25","","7","","","","97.13","","","","","","NA"
"-80.80","46.63","SUDBURY CLIMATE","6068145","2020-08-22 09:00","2020","08","22","09:00","15.0","","14.9","","99","","0.0","","27","","6","","","","97.14","","","","","","NA"
"-80.80","46.63","SUDBURY CLIMATE","6068145","2020-08-22 10:00","2020","08","22","10:00","15.2","","15.1","","100","","0.0","","26","","9","","","","97.16","","","","","","NA"
"-80.80","46.63","SUDBURY CLIMATE","6068145","2020-08-22 11:00","2020","08","22","11:00","15.6","","15.6","","100","","0.0","","27","","6","","","","97.16","","","","","","NA"
"-80.80","46.63","SUDBURY CLIMATE","6068145","2020-08-22 12:00","2020","08","22","12:00","16.1","","16.1","","100","","0.0","","26","","10","","","","97.20","","","","","","NA"
"-80.80","46.63","SUDBURY CLIMATE","6068145","2020-08-22 13:00","2020","08","22","13:00","16.4","","16.4","","100","","0.0","","28","","5","","","","97.21","","","","","","NA"
"-80.80","46.63","SUDBURY CLIMATE","6068145","2020-08-22 14:00","2020","08","22","14:00","16.8","","16.8","","100","","0.0","","26","","7","","","","97.26","","","","","","NA"
"-80.80","46.63","SUDBURY CLIMATE","6068145","2020-08-22 15:00","2020","08","22","15:00","18.1","","17.4","","96","","0.0","","25","","10","","","","97.33","","","","","","NA"
"-80.80","46.63","SUDBURY CLIMATE","6068145","2020-08-22 16:00","2020","08","22","16:00","20.4","","16.6","","79","","0.0","","26","","5","","","","97.31","","25","","","","NA"
"-80.80","46.63","SUDBURY CLIMATE","6068145","2020-08-22 17:00","2020","08","22","17:00","23.0","","16.8","","68","","0.0","","27","","9","","","","97.30","","28","","","","NA"
"-80.80","46.63","SUDBURY CLIMATE","6068145","2020-08-22 18:00","2020","08","22","18:00","24.2","","16.7","","63","","0.0","","23","","16","","","","97.28","","29","","","","NA"
"-80.80","46.63","SUDBURY CLIMATE","6068145","2020-08-22 19:00","2020","08","22","19:00","23.3","","18.4","","74","","0.0","","23","","11","","","","97.28","","30","","","","NA"
"-80.80","46.63","SUDBURY CLIMATE","6068145","2020-08-22 20:00","2020","08","22","20:00","23.3","","18.2","","73","","0.0","","23","","13","","","","97.27","","29","","","","NA"
"-80.80","46.63","SUDBURY CLIMATE","6068145","2020-08-22 21:00","2020","08","22","21:00","23.3","","18.6","","75","","0.0","","23","","11","","","","97.26","","30","","","","NA"
"-80.80","46.63","SUDBURY CLIMATE","6068145","2020-08-22 22:00","2020","08","22","22:00","23.3","","18.4","","74","","0.0","","22","","12","","","","97.26","","30","","","","NA"
"-80.80","46.63","SUDBURY CLIMATE","6068145","2020-08-22 23:00","2020","08","22","23:00","22.4","","18.3","","78","","0.0","","23","","12","","","","97.25","","29","","","","NA"
"-80.80","46.63","SUDBURY CLIMATE","6068145","2020-08-23 00:00","2020","08","23","00:00","21.3","","18.6","","85","","0.0","","22","","13","","","","97.27","","28","","","","NA"
"-80.80","46.63","SUDBURY CLIMATE","6068145","2020-08-23 01:00","2020","08","23","01:00","20.0","","18.3","","90","","0.0","","23","","7","","","","97.32","","26","","","","NA"
"-80.80","46.63","SUDBURY CLIMATE","6068145","2020-08-23 02:00","2020","08","23","02:00","19.6","","18.2","","92","","0.0","","23","","9","","","","97.35","","","","","","NA"
"-80.80","46.63","SUDBURY CLIMATE","6068145","2020-08-23 03:00","2020","08","23","03:00","19.1","","18.4","","96","","0.0","","22","","4","","","","97.36","","","","","","NA"
"-80.80","46.63","SUDBURY CLIMATE","6068145","2020-08-23 04:00","2020","08","23","04:00","19.2","","18.8","","98","","0.0","","22","","3","","","","97.36","","","","","","NA"
"-80.80","46.63","SUDBURY CLIMATE","6068145","2020-08-23 05:00","2020","08","23","05:00","18.7","","18.4","","98","","0.0","","23","","7","","","","97.39","","","","","","NA"
"-80.80","46.63","SUDBURY CLIMATE","6068145","2020-08-23 06:00","2020","08","23","06:00","18.1","","17.9","","99","","0.0","","21","","6","","","","97.38","","","","","","NA"
"-80.80","46.63","SUDBURY CLIMATE","6068145","2020-08-23 07:00","2020","08","23","07:00","16.9","","16.7","","99","","0.0","","22","","1","","","","97.34","","","","","","NA"
"-80.80","46.63","SUDBURY CLIMATE","6068145","2020-08-23 08:00","2020","08","23","08:00","16.4","","16.3","","99","","0.0","","","","0","","","","97.36","","","","","","NA"
"-80.80","46.63","SUDBURY CLIMATE","6068145","2020-08-23 09:00","2020","08","23","09:00","17.3","","17.2","","100","","0.0","","17","","6","","","","97.37","","","","","","NA"
"-80.80","46.63","SUDBURY CLIMATE","6068145","2020-08-23 10:00","2020","08","23","10:00","17.3","","17.2","","100","","0.0","","16","","2","","","","97.38","","","","","","NA"
"-80.80","46.63","SUDBURY CLIMATE","6068145","2020-08-23 11:00","2020","08","23","11:00","17.2","","17.1","","100","","0.0","","12","","4","","","","97.38","","","","","","NA"
"-80.80","46.63","SUDBURY CLIMATE","6068145","2020-08-23 12:00","2020","08","23","12:00","17.8","","17.8","","100","","0.0","","7","","10","","","","97.39","","","","","","NA"
"-80.80","46.63","SUDBURY CLIMATE","6068145","2020-08-23 13:00","2020","08","23","13:00","18.3","","18.2","","100","","0.0","","4","","10","","","","97.43","","","","","","NA"
"-80.80","46.63","SUDBURY CLIMATE","6068145","2020-08-23 14:00","2020","08","23","14:00","19.4","","19.2","","99","","0.0","","6","","13","","","","97.45","","","","","","NA"
"-80.80","46.63","SUDBURY CLIMATE","6068145","2020-08-23 15:00","2020","08","23","15:00","20.1","","18.9","","93","","0.0","","8","","14","","","","97.47","","27","","","","NA"
"-80.80","46.63","SUDBURY CLIMATE","6068145","2020-08-23 16:00","2020","08","23","16:00","20.4","","18.5","","89","","0.0","","10","","14","","","","97.49","","27","","","","NA"
"-80.80","46.63","SUDBURY CLIMATE","6068145","2020-08-23 17:00","2020","08","23","17:00","20.8","","19.1","","90","","0.0","","10","","15","","","","97.47","","28","","","","NA"
"-80.80","46.63","SUDBURY CLIMATE","6068145","2020-08-23 18:00","2020","08","23","18:00","19.8","","19.2","","97","","2.9","","11","","13","","","","97.43","","","","","","NA"
"-80.80","46.63","SUDBURY CLIMATE","6068145","2020-08-23 19:00","2020","08","23","19:00","20.5","","19.8","","96","","2.9","","10","","15","","","","97.39","","28","","","","NA"
"-80.80","46.63","SUDBURY CLIMATE","6068145","2020-08-23 20:00","2020","08","23","20:00","21.0","","19.2","","89","","0.0","","11","","14","","","","97.36","","28","","","","NA"
"-80.80","46.63","SUDBURY CLIMATE","6068145","2020-08-23 21:00","2020","08","23","21:00","21.1","","18.8","","87","","0.0","","10","","11","","","","97.34","","28","","","","NA"
"-80.80","46.63","SUDBURY CLIMATE","6068145","2020-08-23 22:00","2020","08","23","22:00","20.8","","19.1","","90","","0.0","","10","","14","","","","97.32","","28","","","","NA"
"-80.80","46.63","SUDBURY CLIMATE","6068145","2020-08-23 23:00","2020","08","23","23:00","20.2","","19.2","","94","","0.0","","8","","9","","","","97.31","","27","","","","NA"
"-80.80","46.63","SUDBURY CLIMATE","6068145","2020-08-24 00:00","2020","08","24","00:00","19.8","","19.3","","97","","1.2","","13","","10","","","","97.31","","","","","","NA"
"-80.80","46.63","SUDBURY CLIMATE","6068145","2020-08-24 01:00","2020","08","24","01:00","19.4","","19.1","","98","","3.7","","11","","13","","","","97.33","","","","","","NA"
"-80.80","46.63","SUDBURY CLIMATE","6068145","2020-08-24 02:00","2020","08","24","02:00","19.4","","19.2","","99","","8.5","","11","","9","","","","97.34","","","","","","NA"
"-80.80","46.63","SUDBURY CLIMATE","6068145","2020-08-24 03:00","2020","08","24","03:00","19.2","","18.9","","98","","0.8","","10","","7","","","","97.33","","","","","","NA"
"-80.80","46.63","SUDBURY CLIMATE","6068145","2020-08-24 04:00","2020","08","24","04:00","19.0","","18.8","","99","","0.0","","9","","7","","","","97.34","","","","","","NA"
"-80.80","46.63","SUDBURY CLIMATE","6068145","2020-08-24 05:00","2020","08","24","05:00","18.9","","18.8","","99","","0.0","","6","","7","","","","97.35","","","","","","NA"
"-80.80","46.63","SUDBURY CLIMATE","6068145","2020-08-24 06:00","2020","08","24","06:00","18.9","","18.8","","99","","0.0","","6","","6","","","","97.33","","","","","","NA"
"-80.80","46.63","SUDBURY CLIMATE","6068145","2020-08-24 07:00","2020","08","24","07:00","18.8","","18.7","","99","","0.0","","5","","7","","","","97.31","","","","","","NA"
"-80.80","46.63","SUDBURY CLIMATE","6068145","2020-08-24 08:00","2020","08","24","08:00","18.6","","18.5","","99","","0.2","","2","","8","","","","97.28","","","","","","NA"
"-80.80","46.63","SUDBURY CLIMATE","6068145","2020-08-24 09:00","2020","08","24","09:00","18.3","","18.2","","100","","0.0","","2","","8","","","","97.27","","","","","","NA"
"-80.80","46.63","SUDBURY CLIMATE","6068145","2020-08-24 10:00","2020","08","24","10:00","18.2","","18.1","","100","","0.0","","1","","5","","","","97.27","","","","","","NA"
"-80.80","46.63","SUDBURY CLIMATE","6068145","2020-08-24 11:00","2020","08","24","11:00","18.1","","18.0","","100","","0.0","","1","","3","","","","97.28","","","","","","NA"
"-80.80","46.63","SUDBURY CLIMATE","6068145","2020-08-24 12:00","2020","08","24","12:00","18.1","","18.1","","100","","0.0","","27","","4","","","","97.33","","","","","","NA"
"-80.80","46.63","SUDBURY CLIMATE","6068145","2020-08-24 13:00","2020","08","24","13:00","18.6","","18.5","","100","","0.0","","27","","4","","","","97.36","","","","","","NA"
"-80.80","46.63","SUDBURY CLIMATE","6068145","2020-08-24 14:00","2020","08","24","14:00","18.9","","18.4","","97","","0.0","","25","","7","","","","97.31","","","","","","NA"
"-80.80","46.63","SUDBURY CLIMATE","6068145","2020-08-24 15:00","2020","08","24","15:00","20.0","","18.3","","90","","0.0","","23","","10","","","","97.30","","26","","","","NA"
"-80.80","46.63","SUDBURY CLIMATE","6068145","2020-08-24 16:00","2020","08","24","16:00","21.7","","18.1","","80","","0.2","","22","","14","","","","97.25","","28","","","","NA"
"-80.80","46.63","SUDBURY CLIMATE","6068145","2020-08-24 17:00","2020","08","24","17:00"
"-80.80","46.63","SUDBURY CLIMATE","6068145","2020-08-24 18:00","2020","08","24","18:00"
"-80.80","46.63","SUDBURY CLIMATE","6068145","2020-08-24 19:00","2020","08","24","19:00"
"-80.80","46.63","SUDBURY CLIMATE","6068145","2020-08-24 20:00","2020","08","24","20:00"
"-80.80","46.63","SUDBURY CLIMATE","6068145","2020-08-24 21:00","2020","08","24","21:00","23.9","","18.9","","74","","","M","22","","24","","","","96.93","","31","","","","NA"
"-80.80","46.63","SUDBURY CLIMATE","6068145","2020-08-24 22:00","2020","08","24","22:00","23.3","","19.0","","77","","","M","22","","19","","","","96.91","","30","","","","NA"
"-80.80","46.63","SUDBURY CLIMATE","6068145","2020-08-24 23:00","2020","08","24","23:00","22.9","","19.5","","81","","","M","21","","14","","","","96.85","","30","","","","NA"
"-80.80","46.63","SUDBURY CLIMATE","6068145","2020-08-25 00:00","2020","08","25","00:00","22.1","","19.9","","88","","","M","23","","8","","","","96.84","","30","","","","NA"
"-80.80","46.63","SUDBURY CLIMATE","6068145","2020-08-25 01:00","2020","08","25","01:00","21.1","","19.5","","91","","","M","25","","10","","","","96.88","","28","","","","NA"
"-80.80","46.63","SUDBURY CLIMATE","6068145","2020-08-25 02:00","2020","08","25","02:00","20.5","","19.5","","94","","","M","25","","10","","","","96.89","","28","","","","NA"
"-80.80","46.63","SUDBURY CLIMATE","6068145","2020-08-25 03:00","2020","08","25","03:00","19.7","","19.1","","96","","","M","27","","7","","","","96.95","","","","","","NA"
"-80.80","46.63","SUDBURY CLIMATE","6068145","2020-08-25 04:00","2020","08","25","04:00","19.1","","17.1","","88","","","M","33","","6","","","","96.97","","","","","","NA"
"-80.80","46.63","SUDBURY CLIMATE","6068145","2020-08-25 05:00","2020","08","25","05:00","17.9","","16.6","","92","","","M","32","","8","","","","96.99","","","","","","NA"
"-80.80","46.63","SUDBURY CLIMATE","6068145","2020-08-25 06:00","2020","08","25","06:00","17.2","","16.1","","93","","","M","32","","9","","","","96.98","","","","","","NA"
"-80.80","46.63","SUDBURY CLIMATE","6068145","2020-08-25 07:00","2020","08","25","07:00","16.4","","15.1","","93","","","M","33","","10","","","","96.99","","","","","","NA"
"-80.80","46.63","SUDBURY CLIMATE","6068145","2020-08-25 08:00","2020","08","25","08:00","15.2","","13.4","","89","","","M","33","","13","","","","97.02","","","","","","NA"
"-80.80","46.63","SUDBURY CLIMATE","6068145","2020-08-25 09:00","2020","08","25","09:00","14.5","","12.2","","86","","","M","33","","12","","","","97.05","","","","","","NA"
"-80.80","46.63","SUDBURY CLIMATE","6068145","2020-08-25 10:00","2020","08","25","10:00","13.6","","11.7","","88","","","M","35","","8","","","","97.09","","","","","","NA"
"-80.80","46.63","SUDBURY CLIMATE","6068145","2020-08-25 11:00","2020","08","25","11:00","13.3","","12.0","","92","","","M","36","","11","","","","97.19","","","","","","NA"
"-80.80","46.63","SUDBURY CLIMATE","6068145","2020-08-25 12:00","2020","08","25","12:00","14.1","","12.0","","87","","","M","35","","13","","","","97.30","","","","","","NA"
"-80.80","46.63","SUDBURY CLIMATE","6068145","2020-08-25 13:00","2020","08","25","13:00"
"-80.80","46.63","SUDBURY CLIMATE","6068145","2020-08-25 14:00","2020","08","25","14:00"
"-80.80","46.63","SUDBURY CLIMATE","6068145","2020-08-25 15:00","2020","08","25","15:00"
"-80.80","46.63","SUDBURY CLIMATE","6068145","2020-08-25 16:00","2020","08","25","16:00"
"-80.80","46.63","SUDBURY CLIMATE","6068145","2020-08-25 17:00","2020","08","25","17:00"
"-80.80","46.63","SUDBURY CLIMATE","6068145","2020-08-25 18:00","2020","08","25","18:00"
"-80.80","46.63","SUDBURY CLIMATE","6068145","2020-08-25 19:00","2020","08","25","19:00"
"-80.80","46.63","SUDBURY CLIMATE","6068145","2020-08-25 20:00","2020","08","25","20:00"
"-80.80","46.63","SUDBURY CLIMATE","6068145","2020-08-25 21:00","2020","08","25","21:00"
"-80.80","46.63","SUDBURY CLIMATE","6068145","2020-08-25 22:00","2020","08","25","22:00"
"-80.80","46.63","SUDBURY CLIMATE","6068145","2020-08-25 23:00","2020","08","25","23:00"
"-80.80","46.63","SUDBURY CLIMATE","6068145","2020-08-26 00:00","2020","08","26","00:00"
"-80.80","46.63","SUDBURY CLIMATE","6068145","2020-08-26 01:00","2020","08","26","01:00"
"-80.80","46.63","SUDBURY CLIMATE","6068145","2020-08-26 02:00","2020","08","26","02:00"
"-80.80","46.63","SUDBURY CLIMATE","6068145","2020-08-26 03:00","2020","08","26","03:00"
"-80.80","46.63","SUDBURY CLIMATE","6068145","2020-08-26 04:00","2020","08","26","04:00"
"-80.80","46.63","SUDBURY CLIMATE","6068145","2020-08-26 05:00","2020","08","26","05:00"
"-80.80","46.63","SUDBURY CLIMATE","6068145","2020-08-26 06:00","2020","08","26","06:00"
"-80.80","46.63","SUDBURY CLIMATE","6068145","2020-08-26 07:00","2020","08","26","07:00"
"-80.80","46.63","SUDBURY CLIMATE","6068145","2020-08-26 08:00","2020","08","26","08:00"
"-80.80","46.63","SUDBURY CLIMATE","6068145","2020-08-26 09:00","2020","08","26","09:00"
"-80.80","46.63","SUDBURY CLIMATE","6068145","2020-08-26 10:00","2020","08","26","10:00"
"-80.80","46.63","SUDBURY CLIMATE","6068145","2020-08-26 11:00","2020","08","26","11:00"
"-80.80","46.63","SUDBURY CLIMATE","6068145","2020-08-26 12:00","2020","08","26","12:00"
"-80.80","46.63","SUDBURY CLIMATE","6068145","2020-08-26 13:00","2020","08","26","13:00"
"-80.80","46.63","SUDBURY CLIMATE","6068145","2020-08-26 14:00","2020","08","26","14:00"
"-80.80","46.63","SUDBURY CLIMATE","6068145","2020-08-26 15:00","2020","08","26","15:00"
"-80.80","46.63","SUDBURY CLIMATE","6068145","2020-08-26 16:00","2020","08","26","16:00"
"-80.80","46.63","SUDBURY CLIMATE","6068145","2020-08-26 17:00","2020","08","26","17:00"
"-80.80","46.63","SUDBURY CLIMATE","6068145","2020-08-26 18:00","2020","08","26","18:00"
"-80.80","46.63","SUDBURY CLIMATE","6068145","2020-08-26 19:00","2020","08","26","19:00"
"-80.80","46.63","SUDBURY CLIMATE","6068145","2020-08-26 20:00","2020","08","26","20:00"
"-80.80","46.63","SUDBURY CLIMATE","6068145","2020-08-26 21:00","2020","08","26","21:00"
"-80.80","46.63","SUDBURY CLIMATE","6068145","2020-08-26 22:00","2020","08","26","22:00"
"-80.80","46.63","SUDBURY CLIMATE","6068145","2020-08-26 23:00","2020","08","26","23:00"
"-80.80","46.63","SUDBURY CLIMATE","6068145","2020-08-27 00:00","2020","08","27","00:00"
"-80.80","46.63","SUDBURY CLIMATE","6068145","2020-08-27 01:00","2020","08","27","01:00"
"-80.80","46.63","SUDBURY CLIMATE","6068145","2020-08-27 02:00","2020","08","27","02:00"
"-80.80","46.63","SUDBURY CLIMATE","6068145","2020-08-27 03:00","2020","08","27","03:00"
"-80.80","46.63","SUDBURY CLIMATE","6068145","2020-08-27 04:00","2020","08","27","04:00"
"-80.80","46.63","SUDBURY CLIMATE","6068145","2020-08-27 05:00","2020","08","27","05:00"
"-80.80","46.63","SUDBURY CLIMATE","6068145","2020-08-27 06:00","2020","08","27","06:00"
"-80.80","46.63","SUDBURY CLIMATE","6068145","2020-08-27 07:00","2020","08","27","07:00"
"-80.80","46.63","SUDBURY CLIMATE","6068145","2020-08-27 08:00","2020","08","27","08:00"
"-80.80","46.63","SUDBURY CLIMATE","6068145","2020-08-27 09:00","2020","08","27","09:00"
"-80.80","46.63","SUDBURY CLIMATE","6068145","2020-08-27 10:00","2020","08","27","10:00"
"-80.80","46.63","SUDBURY CLIMATE","6068145","2020-08-27 11:00","2020","08","27","11:00"
"-80.80","46.63","SUDBURY CLIMATE","6068145","2020-08-27 12:00","2020","08","27","12:00"
"-80.80","46.63","SUDBURY CLIMATE","6068145","2020-08-27 13:00","2020","08","27","13:00"
"-80.80","46.63","SUDBURY CLIMATE","6068145","2020-08-27 14:00","2020","08","27","14:00"
"-80.80","46.63","SUDBURY CLIMATE","6068145","2020-08-27 15:00","2020","08","27","15:00"
"-80.80","46.63","SUDBURY CLIMATE","6068145","2020-08-27 16:00","2020","08","27","16:00"
"-80.80","46.63","SUDBURY CLIMATE","6068145","2020-08-27 17:00","2020","08","27","17:00"
"-80.80","46.63","SUDBURY CLIMATE","6068145","2020-08-27 18:00","2020","08","27","18:00"
"-80.80","46.63","SUDBURY CLIMATE","6068145","2020-08-27 19:00","2020","08","27","19:00"
"-80.80","46.63","SUDBURY CLIMATE","6068145","2020-08-27 20:00","2020","08","27","20:00"
"-80.80","46.63","SUDBURY CLIMATE","6068145","2020-08-27 21:00","2020","08","27","21:00"
"-80.80","46.63","SUDBURY CLIMATE","6068145","2020-08-27 22:00","2020","08","27","22:00"
"-80.80","46.63","SUDBURY CLIMATE","6068145","2020-08-27 23:00","2020","08","27","23:00"
"-80.80","46.63","SUDBURY CLIMATE","6068145","2020-08-28 00:00","2020","08","28","00:00"
"-80.80","46.63","SUDBURY CLIMATE","6068145","2020-08-28 01:00","2020","08","28","01:00"
"-80.80","46.63","SUDBURY CLIMATE","6068145","2020-08-28 02:00","2020","08","28","02:00"
"-80.80","46.63","SUDBURY CLIMATE","6068145","2020-08-28 03:00","2020","08","28","03:00"
"-80.80","46.63","SUDBURY CLIMATE","6068145","2020-08-28 04:00","2020","08","28","04:00"
"-80.80","46.63","SUDBURY CLIMATE","6068145","2020-08-28 05:00","2020","08","28","05:00"
"-80.80","46.63","SUDBURY CLIMATE","6068145","2020-08-28 06:00","2020","08","28","06:00"
"-80.80","46.63","SUDBURY CLIMATE","6068145","2020-08-28 07:00","2020","08","28","07:00"
"-80.80","46.63","SUDBURY CLIMATE","6068145","2020-08-28 08:00","2020","08","28","08:00"
"-80.80","46.63","SUDBURY CLIMATE","6068145","2020-08-28 09:00","2020","08","28","09:00"
"-80.80","46.63","SUDBURY CLIMATE","6068145","2020-08-28 10:00","2020","08","28","10:00"
"-80.80","46.63","SUDBURY CLIMATE","6068145","2020-08-28 11:00","2020","08","28","11:00"
"-80.80","46.63","SUDBURY CLIMATE","6068145","2020-08-28 12:00","2020","08","28","12:00"
"-80.80","46.63","SUDBURY CLIMATE","6068145","2020-08-28 13:00","2020","08","28","13:00"
"-80.80","46.63","SUDBURY CLIMATE","6068145","2020-08-28 14:00","2020","08","28","14:00"
"-80.80","46.63","SUDBURY CLIMATE","6068145","2020-08-28 15:00","2020","08","28","15:00"
"-80.80","46.63","SUDBURY CLIMATE","6068145","2020-08-28 16:00","2020","08","28","16:00"
"-80.80","46.63","SUDBURY CLIMATE","6068145","2020-08-28 17:00","2020","08","28","17:00"
"-80.80","46.63","SUDBURY CLIMATE","6068145","2020-08-28 18:00","2020","08","28","18:00"
"-80.80","46.63","SUDBURY CLIMATE","6068145","2020-08-28 19:00","2020","08","28","19:00"
"-80.80","46.63","SUDBURY CLIMATE","6068145","2020-08-28 20:00","2020","08","28","20:00"
"-80.80","46.63","SUDBURY CLIMATE","6068145","2020-08-28 21:00","2020","08","28","21:00"
"-80.80","46.63","SUDBURY CLIMATE","6068145","2020-08-28 22:00","2020","08","28","22:00"
"-80.80","46.63","SUDBURY CLIMATE","6068145","2020-08-28 23:00","2020","08","28","23:00"
"-80.80","46.63","SUDBURY CLIMATE","6068145","2020-08-29 00:00","2020","08","29","00:00"
"-80.80","46.63","SUDBURY CLIMATE","6068145","2020-08-29 01:00","2020","08","29","01:00"
"-80.80","46.63","SUDBURY CLIMATE","6068145","2020-08-29 02:00","2020","08","29","02:00"
"-80.80","46.63","SUDBURY CLIMATE","6068145","2020-08-29 03:00","2020","08","29","03:00"
"-80.80","46.63","SUDBURY CLIMATE","6068145","2020-08-29 04:00","2020","08","29","04:00"
"-80.80","46.63","SUDBURY CLIMATE","6068145","2020-08-29 05:00","2020","08","29","05:00"
"-80.80","46.63","SUDBURY CLIMATE","6068145","2020-08-29 06:00","2020","08","29","06:00"
"-80.80","46.63","SUDBURY CLIMATE","6068145","2020-08-29 07:00","2020","08","29","07:00"
"-80.80","46.63","SUDBURY CLIMATE","6068145","2020-08-29 08:00","2020","08","29","08:00"
"-80.80","46.63","SUDBURY CLIMATE","6068145","2020-08-29 09:00","2020","08","29","09:00"
"-80.80","46.63","SUDBURY CLIMATE","6068145","2020-08-29 10:00","2020","08","29","10:00"
"-80.80","46.63","SUDBURY CLIMATE","6068145","2020-08-29 11:00","2020","08","29","11:00"
"-80.80","46.63","SUDBURY CLIMATE","6068145","2020-08-29 12:00","2020","08","29","12:00"
"-80.80","46.63","SUDBURY CLIMATE","6068145","2020-08-29 13:00","2020","08","29","13:00"
"-80.80","46.63","SUDBURY CLIMATE","6068145","2020-08-29 14:00","2020","08","29","14:00"
"-80.80","46.63","SUDBURY CLIMATE","6068145","2020-08-29 15:00","2020","08","29","15:00"
"-80.80","46.63","SUDBURY CLIMATE","6068145","2020-08-29 16:00","2020","08","29","16:00"
"-80.80","46.63","SUDBURY CLIMATE","6068145","2020-08-29 17:00","2020","08","29","17:00"
"-80.80","46.63","SUDBURY CLIMATE","6068145","2020-08-29 18:00","2020","08","29","18:00"
"-80.80","46.63","SUDBURY CLIMATE","6068145","2020-08-29 19:00","2020","08","29","19:00"
"-80.80","46.63","SUDBURY CLIMATE","6068145","2020-08-29 20:00","2020","08","29","20:00"
"-80.80","46.63","SUDBURY CLIMATE","6068145","2020-08-29 21:00","2020","08","29","21:00"
"-80.80","46.63","SUDBURY CLIMATE","6068145","2020-08-29 22:00","2020","08","29","22:00"
"-80.80","46.63","SUDBURY CLIMATE","6068145","2020-08-29 23:00","2020","08","29","23:00"
"-80.80","46.63","SUDBURY CLIMATE","6068145","2020-08-30 00:00","2020","08","30","00:00"
"-80.80","46.63","SUDBURY CLIMATE","6068145","2020-08-30 01:00","2020","08","30","01:00"
"-80.80","46.63","SUDBURY CLIMATE","6068145","2020-08-30 02:00","2020","08","30","02:00"
"-80.80","46.63","SUDBURY CLIMATE","6068145","2020-08-30 03:00","2020","08","30","03:00"
"-80.80","46.63","SUDBURY CLIMATE","6068145","2020-08-30 04:00","2020","08","30","04:00"
"-80.80","46.63","SUDBURY CLIMATE","6068145","2020-08-30 05:00","2020","08","30","05:00"
"-80.80","46.63","SUDBURY CLIMATE","6068145","2020-08-30 06:00","2020","08","30","06:00"
"-80.80","46.63","SUDBURY CLIMATE","6068145","2020-08-30 07:00","2020","08","30","07:00"
"-80.80","46.63","SUDBURY CLIMATE","6068145","2020-08-30 08:00","2020","08","30","08:00"
"-80.80","46.63","SUDBURY CLIMATE","6068145","2020-08-30 09:00","2020","08","30","09:00"
"-80.80","46.63","SUDBURY CLIMATE","6068145","2020-08-30 10:00","2020","08","30","10:00"
"-80.80","46.63","SUDBURY CLIMATE","6068145","2020-08-30 11:00","2020","08","30","11:00"
"-80.80","46.63","SUDBURY CLIMATE","6068145","2020-08-30 12:00","2020","08","30","12:00"
"-80.80","46.63","SUDBURY CLIMATE","6068145","2020-08-30 13:00","2020","08","30","13:00"
"-80.80","46.63","SUDBURY CLIMATE","6068145","2020-08-30 14:00","2020","08","30","14:00"
"-80.80","46.63","SUDBURY CLIMATE","6068145","2020-08-30 15:00","2020","08","30","15:00"
"-80.80","46.63","SUDBURY CLIMATE","6068145","2020-08-30 16:00","2020","08","30","16:00"
"-80.80","46.63","SUDBURY CLIMATE","6068145","2020-08-30 17:00","2020","08","30","17:00"
"-80.80","46.63","SUDBURY CLIMATE","6068145","2020-08-30 18:00","2020","08","30","18:00"
"-80.80","46.63","SUDBURY CLIMATE","6068145","2020-08-30 19:00","2020","08","30","19:00"
"-80.80","46.63","SUDBURY CLIMATE","6068145","2020-08-30 20:00","2020","08","30","20:00"
"-80.80","46.63","SUDBURY CLIMATE","6068145","2020-08-30 21:00","2020","08","30","21:00"
"-80.80","46.63","SUDBURY CLIMATE","6068145","2020-08-30 22:00","2020","08","30","22:00"
"-80.80","46.63","SUDBURY CLIMATE","6068145","2020-08-30 23:00","2020","08","30","23:00"
"-80.80","46.63","SUDBURY CLIMATE","6068145","2020-08-31 00:00","2020","08","31","00:00"
"-80.80","46.63","SUDBURY CLIMATE","6068145","2020-08-31 01:00","2020","08","31","01:00"
"-80.80","46.63","SUDBURY CLIMATE","6068145","2020-08-31 02:00","2020","08","31","02:00"
"-80.80","46.63","SUDBURY CLIMATE","6068145","2020-08-31 03:00","2020","08","31","03:00"
"-80.80","46.63","SUDBURY CLIMATE","6068145","2020-08-31 04:00","2020","08","31","04:00"
"-80.80","46.63","SUDBURY CLIMATE","6068145","2020-08-31 05:00","2020","08","31","05:00"
"-80.80","46.63","SUDBURY CLIMATE","6068145","2020-08-31 06:00","2020","08","31","06:00"
"-80.80","46.63","SUDBURY CLIMATE","6068145","2020-08-31 07:00","2020","08","31","07:00"
"-80.80","46.63","SUDBURY CLIMATE","6068145","2020-08-31 08:00","2020","08","31","08:00"
"-80.80","46.63","SUDBURY CLIMATE","6068145","2020-08-31 09:00","2020","08","31","09:00"
"-80.80","46.63","SUDBURY CLIMATE","6068145","2020-08-31 10:00","2020","08","31","10:00"
"-80.80","46.63","SUDBURY CLIMATE","6068145","2020-08-31 11:00","2020","08","31","11:00"
"-80.80","46.63","SUDBURY CLIMATE","6068145","2020-08-31 12:00","2020","08","31","12:00"
"-80.80","46.63","SUDBURY CLIMATE","6068145","2020-08-31 13:00","2020","08","31","13:00"
"-80.80","46.63","SUDBURY CLIMATE","6068145","2020-08-31 14:00","2020","08","31","14:00"
"-80.80","46.63","SUDBURY CLIMATE","6068145","2020-08-31 15:00","2020","08","31","15:00"
"-80.80","46.63","SUDBURY CLIMATE","6068145","2020-08-31 16:00","2020","08","31","16:00"
"-80.80","46.63","SUDBURY CLIMATE","6068145","2020-08-31 17:00","2020","08","31","17:00"
"-80.80","46.63","SUDBURY CLIMATE","6068145","2020-08-31 18:00","2020","08","31","18:00"
"-80.80","46.63","SUDBURY CLIMATE","6068145","2020-08-31 19:00","2020","08","31","19:00"
"-80.80","46.63","SUDBURY CLIMATE","6068145","2020-08-31 20:00","2020","08","31","20:00"
"-80.80","46.63","SUDBURY CLIMATE","6068145","2020-08-31 21:00","2020","08","31","21:00"
"-80.80","46.63","SUDBURY CLIMATE","6068145","2020-08-31 22:00","2020","08","31","22:00"
"-80.80","46.63","SUDBURY CLIMATE","6068145","2020-08-31 23:00","2020","08","31","23:00"
