"Longitude (x)","Latitude (y)","Station Name","Climate ID","Date/Time (UTC)","Year","Month","Day","Time (UTC)","Temp (°C)","Temp Flag","Dew Point Temp (°C)","Dew Point Temp Flag","Rel Hum (%)","Rel Hum Flag","Precip. Amount (mm)","Precip. Amount Flag","Wind Dir (10s deg)","Wind Dir Flag","Wind Spd (km/h)","Wind Spd Flag","Visibility (km)","Visibility Flag","Stn Press (kPa)","Stn Press Flag","Hmdx","Hmdx Flag","Wind Chill","Wind Chill Flag","Weather"
"-80.80","46.63","SUDBURY CLIMATE","6068145","2020-07-01 00:00","2020","07","01","00:00","27.9","","14.1","","43","","0.0","","7","","4","","","","97.48","","31","","","","NA"
"-80.80","46.63","SUDBURY CLIMATE","6068145","2020-07-01 01:00","2020","07","01","01:00","23.0","","16.3","","66","","0.0","","7","","4","","","","97.48","","28","","","","NA"
"-80.80","46.63","SUDBURY CLIMATE","6068145","2020-07-01 02:00","2020","07","01","02:00","21.6","","16.3","","71","","0.0","","11","","6","","","","97.52","","26","","","","NA"
"-80.80","46.63","SUDBURY CLIMATE","6068145","2020-07-01 03:00","2020","07","01","03:00","21.0","","16.3","","75","","0.0","","15","","7","","","","97.54","","26","","","","NA"
"-80.80","46.63","SUDBURY CLIMATE","6068145","2020-07-01 04:00","2020","07","01","04:00","21.3","","16.7","","75","","0.0","","24","","9","","","","97.53","","26","","","","NA"
"-80.80","46.63","SUDBURY CLIMATE","6068145","2020-07-01 05:00","2020","07","01","05:00","18.0","","16.1","","89","","0.0","","25","","4","","","","97.53","","","","","","NA"
"-80.80","46.63","SUDBURY CLIMATE","6068145","2020-07-01 06:00","2020","07","01","06:00","17.3","","16.0","","92","","0.0","","7","","2","","","","97.50","","","","","","NA"
"-80.80","46.63","SUDBURY CLIMATE","6068145","2020-07-01 07:00","2020","07","01","07:00","16.1","","15.0","","93","","0.0","","28","","5","","","","97.50","","","","","","NA"
"-80.80","46.63","SUDBURY CLIMATE","6068145","2020-07-01 08:00","2020","07","01","08:00","16.4","","15.6","","95","","0.0","","32","","4","","","","97.51","","","","","","NA"
"-80.80","46.63","SUDBURY CLIMATE","6068145","2020-07-01 09:00","2020","07","01","09:00","15.8","","14.0","","89","","0.0","","32","","7","","","","97.52","","","","","","NA"
"-80.80","46.63","SUDBURY CLIMATE","6068145","2020-07-01 10:00","2020","07","01","10:00","16.9","","15.9","","94","","0.0","","31","","8","","","","97.55","","","","","","NA"
"-80.80","46.63","SUDBURY CLIMATE","6068145","2020-07-01 11:00","2020","07","01","11:00","19.9","","16.3","","79","","0.0","","35","","7","","","","97.56","","","","","","NA"
"-80.80","46.63","SUDBURY CLIMATE","6068145","2020-07-01 12:00","2020","07","01","12:00","21.7","","16.5","","72","","0.0","","1","","9","","","","97.57","","27","","","","NA"
"-80.80","46.63","SUDBURY CLIMATE","6068145","2020-07-01 13:00","2020","07","01","13:00","24.3","","17.4","","65","","0.0","","36","","7","","","","97.57","","30","","","","NA"
"-80.80","46.63","SUDBURY CLIMATE","6068145","2020-07-01 14:00","2020","07","01","14:00","26.3","","18.4","","62","","0.0","","3","","5","","","","97.57","","33","","","","NA"
"-80.80","46.63","SUDBURY CLIMATE","6068145","2020-07-01 15:00","2020","07","01","15:00","28.2","","15.1","","45","","0.0","","1","","5","","","","97.55","","32","","","","NA"
"-80.80","46.63","SUDBURY CLIMATE","6068145","2020-07-01 16:00","2020","07","01","16:00","29.4","","14.4","","40","","0.0","","7","","9","","","","97.52","","33","","","","NA"
"-80.80","46.63","SUDBURY CLIMATE","6068145","2020-07-01 17:00","2020","07","01","17:00","28.6","","13.4","","39","","0.0","","3","","7","","","","97.51","","32","","","","NA"
"-80.80","46.63","SUDBURY CLIMATE","6068145","2020-07-01 18:00","2020","07","01","18:00","30.8","","13.1","","34","","0.0","","4","","8","","","","97.45","","34","","","","NA"
"-80.80","46.63","SUDBURY CLIMATE","6068145","2020-07-01 19:00","2020","07","01","19:00","30.6","","12.4","","33","","0.0","","2","","4","","","","97.41","","33","","","","NA"
"-80.80","46.63","SUDBURY CLIMATE","6068145","2020-07-01 20:00","2020","07","01","20:00","30.9","","12.8","","33","","0.0","","5","","3","","","","97.35","","34","","","","NA"
"-80.80","46.63","SUDBURY CLIMATE","6068145","2020-07-01 21:00","2020","07","01","21:00","31.3","","14.0","","35","","0.0","","27","","4","","","","97.31","","35","","","","NA"
"-80.80","46.63","SUDBURY CLIMATE","6068145","2020-07-01 22:00","2020","07","01","22:00","31.0","","14.0","","36","","0.0","","22","","5","","","","97.27","","34","","","","NA"
"-80.80","46.63","SUDBURY CLIMATE","6068145","2020-07-01 23:00","2020","07","01","23:00","30.6","","14.9","","38","","0.0","","23","","7","","","","97.29","","35","","","","NA"
"-80.80","46.63","SUDBURY CLIMATE","6068145","2020-07-02 00:00","2020","07","02","00:00","29.0","","16.3","","46","","0.0","","25","","6","","","","97.28","","34","","","","NA"
"-80.80","46.63","SUDBURY CLIMATE","6068145","2020-07-02 01:00","2020","07","02","01:00","25.6","","17.7","","61","","0.0","","26","","7","","","","97.28","","31","","","","NA"
"-80.80","46.63","SUDBURY CLIMATE","6068145","2020-07-02 02:00","2020","07","02","02:00","24.6","","17.4","","64","","0.0","","25","","8","","","","97.29","","30","","","","NA"
"-80.80","46.63","SUDBURY CLIMATE","6068145","2020-07-02 03:00","2020","07","02","03:00","23.2","","17.0","","68","","0.0","","25","","9","","","","97.30","","28","","","","NA"
"-80.80","46.63","SUDBURY CLIMATE","6068145","2020-07-02 04:00","2020","07","02","04:00","22.5","","16.6","","69","","0.0","","25","","10","","","","97.32","","28","","","","NA"
"-80.80","46.63","SUDBURY CLIMATE","6068145","2020-07-02 05:00","2020","07","02","05:00","20.9","","16.6","","77","","0.0","","27","","7","","","","97.32","","26","","","","NA"
"-80.80","46.63","SUDBURY CLIMATE","6068145","2020-07-02 06:00","2020","07","02","06:00","19.7","","16.7","","83","","0.0","","28","","9","","","","97.31","","","","","","NA"
"-80.80","46.63","SUDBURY CLIMATE","6068145","2020-07-02 07:00","2020","07","02","07:00","19.5","","16.6","","83","","0.0","","28","","8","","","","97.32","","","","","","NA"
"-80.80","46.63","SUDBURY CLIMATE","6068145","2020-07-02 08:00","2020","07","02","08:00","18.6","","16.6","","88","","0.0","","28","","7","","","","97.31","","","","","","NA"
"-80.80","46.63","SUDBURY CLIMATE","6068145","2020-07-02 09:00","2020","07","02","09:00","18.3","","16.1","","87","","0.0","","29","","5","","","","97.35","","","","","","NA"
"-80.80","46.63","SUDBURY CLIMATE","6068145","2020-07-02 10:00","2020","07","02","10:00","19.7","","15.3","","76","","0.0","","32","","3","","","","97.36","","","","","","NA"
"-80.80","46.63","SUDBURY CLIMATE","6068145","2020-07-02 11:00","2020","07","02","11:00","22.3","","15.1","","64","","0.0","","34","","8","","","","97.36","","26","","","","NA"
"-80.80","46.63","SUDBURY CLIMATE","6068145","2020-07-02 12:00","2020","07","02","12:00","24.0","","15.5","","59","","0.0","","33","","7","","","","97.37","","28","","","","NA"
"-80.80","46.63","SUDBURY CLIMATE","6068145","2020-07-02 13:00","2020","07","02","13:00","25.4","","15.3","","54","","0.0","","34","","10","","","","97.37","","30","","","","NA"
"-80.80","46.63","SUDBURY CLIMATE","6068145","2020-07-02 14:00","2020","07","02","14:00","27.0","","15.6","","50","","0.0","","33","","10","","","","97.36","","31","","","","NA"
"-80.80","46.63","SUDBURY CLIMATE","6068145","2020-07-02 15:00","2020","07","02","15:00","28.3","","16.2","","48","","0.0","","29","","7","","","","97.33","","33","","","","NA"
"-80.80","46.63","SUDBURY CLIMATE","6068145","2020-07-02 16:00","2020","07","02","16:00","30.2","","16.0","","42","","0.0","","29","","10","","","","97.28","","35","","","","NA"
"-80.80","46.63","SUDBURY CLIMATE","6068145","2020-07-02 17:00","2020","07","02","17:00","31.5","","14.9","","37","","0.0","","26","","12","","","","97.26","","35","","","","NA"
"-80.80","46.63","SUDBURY CLIMATE","6068145","2020-07-02 18:00","2020","07","02","18:00","31.3","","15.2","","38","","0.0","","26","","11","","","","97.27","","35","","","","NA"
"-80.80","46.63","SUDBURY CLIMATE","6068145","2020-07-02 19:00","2020","07","02","19:00","30.4","","15.5","","41","","0.0","","33","","5","","","","97.24","","35","","","","NA"
"-80.80","46.63","SUDBURY CLIMATE","6068145","2020-07-02 20:00","2020","07","02","20:00","32.7","","13.3","","31","","0.0","","3","","7","","","","97.19","","36","","","","NA"
"-80.80","46.63","SUDBURY CLIMATE","6068145","2020-07-02 21:00","2020","07","02","21:00","31.2","","16.1","","40","","0.0","","3","","12","","","","97.12","","36","","","","NA"
"-80.80","46.63","SUDBURY CLIMATE","6068145","2020-07-02 22:00","2020","07","02","22:00","29.8","","18.8","","52","","0.0","","3","","14","","","","97.13","","36","","","","NA"
"-80.80","46.63","SUDBURY CLIMATE","6068145","2020-07-02 23:00","2020","07","02","23:00","27.7","","19.3","","60","","0.0","","3","","13","","","","97.18","","35","","","","NA"
"-80.80","46.63","SUDBURY CLIMATE","6068145","2020-07-03 00:00","2020","07","03","00:00","27.0","","20.3","","67","","0.0","","1","","10","","","","97.22","","35","","","","NA"
"-80.80","46.63","SUDBURY CLIMATE","6068145","2020-07-03 01:00","2020","07","03","01:00","25.8","","19.8","","69","","0.0","","1","","8","","","","97.24","","33","","","","NA"
"-80.80","46.63","SUDBURY CLIMATE","6068145","2020-07-03 02:00","2020","07","03","02:00","24.7","","19.0","","71","","0.0","","36","","8","","","","97.30","","31","","","","NA"
"-80.80","46.63","SUDBURY CLIMATE","6068145","2020-07-03 03:00","2020","07","03","03:00","24.0","","19.1","","74","","0.0","","2","","11","","","","97.32","","31","","","","NA"
"-80.80","46.63","SUDBURY CLIMATE","6068145","2020-07-03 04:00","2020","07","03","04:00","22.2","","19.2","","83","","0.0","","1","","7","","","","97.38","","29","","","","NA"
"-80.80","46.63","SUDBURY CLIMATE","6068145","2020-07-03 05:00","2020","07","03","05:00","22.2","","19.1","","82","","0.0","","3","","9","","","","97.37","","29","","","","NA"
"-80.80","46.63","SUDBURY CLIMATE","6068145","2020-07-03 06:00","2020","07","03","06:00","20.6","","18.9","","90","","0.0","","1","","7","","","","97.36","","27","","","","NA"
"-80.80","46.63","SUDBURY CLIMATE","6068145","2020-07-03 07:00","2020","07","03","07:00","20.2","","18.8","","92","","0.0","","35","","6","","","","97.37","","27","","","","NA"
"-80.80","46.63","SUDBURY CLIMATE","6068145","2020-07-03 08:00","2020","07","03","08:00","19.3","","18.4","","94","","0.0","","32","","7","","","","97.40","","","","","","NA"
"-80.80","46.63","SUDBURY CLIMATE","6068145","2020-07-03 09:00","2020","07","03","09:00","18.5","","18.0","","97","","0.0","","31","","7","","","","97.42","","","","","","NA"
"-80.80","46.63","SUDBURY CLIMATE","6068145","2020-07-03 10:00","2020","07","03","10:00","18.6","","18.0","","97","","0.0","","34","","7","","","","97.45","","","","","","NA"
"-80.80","46.63","SUDBURY CLIMATE","6068145","2020-07-03 11:00","2020","07","03","11:00","20.1","","18.5","","90","","0.0","","33","","7","","","","97.50","","26","","","","NA"
"-80.80","46.63","SUDBURY CLIMATE","6068145","2020-07-03 12:00","2020","07","03","12:00","21.4","","17.9","","81","","0.0","","35","","12","","","","97.51","","27","","","","NA"
"-80.80","46.63","SUDBURY CLIMATE","6068145","2020-07-03 13:00","2020","07","03","13:00","23.6","","16.9","","66","","0.0","","2","","13","","","","97.52","","29","","","","NA"
"-80.80","46.63","SUDBURY CLIMATE","6068145","2020-07-03 14:00","2020","07","03","14:00","24.8","","16.1","","58","","0.0","","1","","14","","","","97.55","","29","","","","NA"
"-80.80","46.63","SUDBURY CLIMATE","6068145","2020-07-03 15:00","2020","07","03","15:00","26.3","","17.7","","59","","0.0","","1","","15","","","","97.58","","32","","","","NA"
"-80.80","46.63","SUDBURY CLIMATE","6068145","2020-07-03 16:00","2020","07","03","16:00","26.4","","16.1","","53","","0.0","","2","","20","","","","97.55","","31","","","","NA"
"-80.80","46.63","SUDBURY CLIMATE","6068145","2020-07-03 17:00","2020","07","03","17:00","27.4","","16.1","","50","","0.0","","2","","17","","","","97.54","","32","","","","NA"
"-80.80","46.63","SUDBURY CLIMATE","6068145","2020-07-03 18:00","2020","07","03","18:00","27.7","","12.7","","40","","0.0","","36","","18","","","","97.51","","30","","","","NA"
"-80.80","46.63","SUDBURY CLIMATE","6068145","2020-07-03 19:00","2020","07","03","19:00","28.5","","6.0","","24","","0.0","","1","","19","","","","97.51","","28","","","","NA"
"-80.80","46.63","SUDBURY CLIMATE","6068145","2020-07-03 20:00","2020","07","03","20:00","28.7","","7.9","","27","","0.0","","36","","11","","","","97.52","","29","","","","NA"
"-80.80","46.63","SUDBURY CLIMATE","6068145","2020-07-03 21:00","2020","07","03","21:00","28.3","","5.3","","23","","0.0","","1","","20","","","","97.51","","28","","","","NA"
"-80.80","46.63","SUDBURY CLIMATE","6068145","2020-07-03 22:00","2020","07","03","22:00","28.1","","7.7","","28","","0.0","","1","","16","","","","97.51","","28","","","","NA"
"-80.80","46.63","SUDBURY CLIMATE","6068145","2020-07-03 23:00","2020","07","03","23:00","26.9","","7.8","","30","","0.0","","36","","14","","","","97.51","","27","","","","NA"
"-80.80","46.63","SUDBURY CLIMATE","6068145","2020-07-04 00:00","2020","07","04","00:00","25.2","","9.5","","37","","0.0","","36","","8","","","","97.54","","26","","","","NA"
"-80.80","46.63","SUDBURY CLIMATE","6068145","2020-07-04 01:00","2020","07","04","01:00","22.5","","9.4","","43","","0.0","","35","","9","","","","97.54","","","","","","NA"
"-80.80","46.63","SUDBURY CLIMATE","6068145","2020-07-04 02:00","2020","07","04","02:00","20.4","","8.8","","47","","0.0","","35","","8","","","","97.59","","","","","","NA"
"-80.80","46.63","SUDBURY CLIMATE","6068145","2020-07-04 03:00","2020","07","04","03:00","18.5","","8.0","","50","","0.0","","1","","9","","","","97.60","","","","","","NA"
"-80.80","46.63","SUDBURY CLIMATE","6068145","2020-07-04 04:00","2020","07","04","04:00","17.4","","8.4","","56","","0.0","","1","","10","","","","97.61","","","","","","NA"
"-80.80","46.63","SUDBURY CLIMATE","6068145","2020-07-04 05:00","2020","07","04","05:00","16.1","","7.2","","56","","0.0","","36","","9","","","","97.65","","","","","","NA"
"-80.80","46.63","SUDBURY CLIMATE","6068145","2020-07-04 06:00","2020","07","04","06:00","15.7","","6.6","","55","","0.0","","35","","8","","","","97.70","","","","","","NA"
"-80.80","46.63","SUDBURY CLIMATE","6068145","2020-07-04 07:00","2020","07","04","07:00","14.7","","7.6","","63","","0.0","","1","","9","","","","97.74","","","","","","NA"
"-80.80","46.63","SUDBURY CLIMATE","6068145","2020-07-04 08:00","2020","07","04","08:00","14.0","","8.7","","70","","0.0","","1","","9","","","","97.72","","","","","","NA"
"-80.80","46.63","SUDBURY CLIMATE","6068145","2020-07-04 09:00","2020","07","04","09:00","12.8","","9.0","","78","","0.0","","1","","8","","","","97.75","","","","","","NA"
"-80.80","46.63","SUDBURY CLIMATE","6068145","2020-07-04 10:00","2020","07","04","10:00","13.7","","9.9","","78","","0.0","","2","","9","","","","97.79","","","","","","NA"
"-80.80","46.63","SUDBURY CLIMATE","6068145","2020-07-04 11:00","2020","07","04","11:00","16.2","","11.4","","73","","0.0","","3","","9","","","","97.76","","","","","","NA"
"-80.80","46.63","SUDBURY CLIMATE","6068145","2020-07-04 12:00","2020","07","04","12:00","18.3","","10.9","","62","","0.0","","3","","9","","","","97.78","","","","","","NA"
"-80.80","46.63","SUDBURY CLIMATE","6068145","2020-07-04 13:00","2020","07","04","13:00","20.2","","12.2","","60","","0.0","","6","","6","","","","97.81","","","","","","NA"
"-80.80","46.63","SUDBURY CLIMATE","6068145","2020-07-04 14:00","2020","07","04","14:00","21.4","","10.6","","50","","0.0","","17","","9","","","","97.73","","","","","","NA"
"-80.80","46.63","SUDBURY CLIMATE","6068145","2020-07-04 15:00","2020","07","04","15:00","22.8","","9.6","","43","","0.0","","24","","10","","","","97.70","","","","","","NA"
"-80.80","46.63","SUDBURY CLIMATE","6068145","2020-07-04 16:00","2020","07","04","16:00","25.0","","10.8","","41","","0.0","","24","","9","","","","97.70","","27","","","","NA"
"-80.80","46.63","SUDBURY CLIMATE","6068145","2020-07-04 17:00","2020","07","04","17:00","25.6","","9.4","","36","","0.0","","27","","7","","","","97.68","","27","","","","NA"
"-80.80","46.63","SUDBURY CLIMATE","6068145","2020-07-04 18:00","2020","07","04","18:00","27.4","","11.0","","36","","0.0","","30","","5","","","","97.63","","29","","","","NA"
"-80.80","46.63","SUDBURY CLIMATE","6068145","2020-07-04 19:00","2020","07","04","19:00","27.7","","11.1","","35","","0.0","","21","","15","","","","97.62","","30","","","","NA"
"-80.80","46.63","SUDBURY CLIMATE","6068145","2020-07-04 20:00","2020","07","04","20:00","27.6","","11.3","","36","","0.0","","21","","13","","","","97.53","","30","","","","NA"
"-80.80","46.63","SUDBURY CLIMATE","6068145","2020-07-04 21:00","2020","07","04","21:00","28.2","","12.3","","37","","0.0","","23","","14","","","","97.48","","31","","","","NA"
"-80.80","46.63","SUDBURY CLIMATE","6068145","2020-07-04 22:00","2020","07","04","22:00","25.7","","14.2","","49","","0.0","","22","","6","","","","97.43","","29","","","","NA"
"-80.80","46.63","SUDBURY CLIMATE","6068145","2020-07-04 23:00","2020","07","04","23:00","21.9","","14.3","","62","","0.0","","26","","15","","","","97.43","","25","","","","NA"
"-80.80","46.63","SUDBURY CLIMATE","6068145","2020-07-05 00:00","2020","07","05","00:00","20.9","","16.3","","75","","0.0","","26","","8","","","","97.44","","26","","","","NA"
"-80.80","46.63","SUDBURY CLIMATE","6068145","2020-07-05 01:00","2020","07","05","01:00","21.0","","15.1","","69","","0.0","","24","","15","","","","97.41","","25","","","","NA"
"-80.80","46.63","SUDBURY CLIMATE","6068145","2020-07-05 02:00","2020","07","05","02:00","19.6","","15.2","","76","","7.1","","24","","13","","","","97.41","","","","","","NA"
"-80.80","46.63","SUDBURY CLIMATE","6068145","2020-07-05 03:00","2020","07","05","03:00","18.2","","15.0","","81","","0.0","","24","","8","","","","97.39","","","","","","NA"
"-80.80","46.63","SUDBURY CLIMATE","6068145","2020-07-05 04:00","2020","07","05","04:00","18.7","","14.2","","75","","0.0","","26","","9","","","","97.37","","","","","","NA"
"-80.80","46.63","SUDBURY CLIMATE","6068145","2020-07-05 05:00","2020","07","05","05:00","17.2","","15.0","","87","","0.0","","27","","6","","","","97.37","","","","","","NA"
"-80.80","46.63","SUDBURY CLIMATE","6068145","2020-07-05 06:00","2020","07","05","06:00","18.2","","15.9","","87","","0.0","","2","","7","","","","97.41","","","","","","NA"
"-80.80","46.63","SUDBURY CLIMATE","6068145","2020-07-05 07:00","2020","07","05","07:00","16.7","","15.8","","94","","0.0","","8","","5","","","","97.42","","","","","","NA"
"-80.80","46.63","SUDBURY CLIMATE","6068145","2020-07-05 08:00","2020","07","05","08:00","17.6","","14.9","","84","","0.0","","15","","12","","","","97.39","","","","","","NA"
"-80.80","46.63","SUDBURY CLIMATE","6068145","2020-07-05 09:00","2020","07","05","09:00","17.2","","14.6","","84","","0.0","","20","","9","","","","97.39","","","","","","NA"
"-80.80","46.63","SUDBURY CLIMATE","6068145","2020-07-05 10:00","2020","07","05","10:00","16.9","","14.3","","85","","0.0","","23","","8","","","","97.41","","","","","","NA"
"-80.80","46.63","SUDBURY CLIMATE","6068145","2020-07-05 11:00","2020","07","05","11:00","17.2","","15.4","","89","","0.0","","28","","5","","","","97.41","","","","","","NA"
"-80.80","46.63","SUDBURY CLIMATE","6068145","2020-07-05 12:00","2020","07","05","12:00","19.5","","16.6","","83","","0.0","","30","","6","","","","97.44","","","","","","NA"
"-80.80","46.63","SUDBURY CLIMATE","6068145","2020-07-05 13:00","2020","07","05","13:00","22.0","","17.8","","77","","0.0","","33","","5","","","","97.47","","28","","","","NA"
"-80.80","46.63","SUDBURY CLIMATE","6068145","2020-07-05 14:00","2020","07","05","14:00","24.1","","18.2","","70","","0.0","","34","","7","","","","97.48","","30","","","","NA"
"-80.80","46.63","SUDBURY CLIMATE","6068145","2020-07-05 15:00","2020","07","05","15:00","25.3","","17.9","","64","","0.0","","31","","6","","","","97.47","","31","","","","NA"
"-80.80","46.63","SUDBURY CLIMATE","6068145","2020-07-05 16:00","2020","07","05","16:00","26.2","","18.8","","64","","0.0","","34","","5","","","","97.46","","33","","","","NA"
"-80.80","46.63","SUDBURY CLIMATE","6068145","2020-07-05 17:00","2020","07","05","17:00","26.5","","18.4","","61","","0.0","","5","","6","","","","97.45","","33","","","","NA"
"-80.80","46.63","SUDBURY CLIMATE","6068145","2020-07-05 18:00","2020","07","05","18:00","28.6","","18.7","","55","","0.0","","4","","11","","","","97.41","","35","","","","NA"
"-80.80","46.63","SUDBURY CLIMATE","6068145","2020-07-05 19:00","2020","07","05","19:00","27.3","","19.5","","63","","0.0","","3","","7","","","","97.38","","34","","","","NA"
"-80.80","46.63","SUDBURY CLIMATE","6068145","2020-07-05 20:00","2020","07","05","20:00","25.0","","17.5","","63","","0.0","","8","","8","","","","97.42","","31","","","","NA"
"-80.80","46.63","SUDBURY CLIMATE","6068145","2020-07-05 21:00","2020","07","05","21:00","19.3","","17.0","","86","","0.0","","18","","17","","","","97.53","","","","","","NA"
"-80.80","46.63","SUDBURY CLIMATE","6068145","2020-07-05 22:00","2020","07","05","22:00","20.7","","17.2","","80","","0.0","","22","","7","","","","97.46","","26","","","","NA"
"-80.80","46.63","SUDBURY CLIMATE","6068145","2020-07-05 23:00","2020","07","05","23:00","20.6","","17.2","","81","","0.0","","28","","7","","","","97.50","","26","","","","NA"
"-80.80","46.63","SUDBURY CLIMATE","6068145","2020-07-06 00:00","2020","07","06","00:00","20.7","","18.5","","87","","0.3","","3","","7","","","","97.53","","27","","","","NA"
"-80.80","46.63","SUDBURY CLIMATE","6068145","2020-07-06 01:00","2020","07","06","01:00","20.4","","17.5","","84","","0.0","","7","","10","","","","97.45","","26","","","","NA"
"-80.80","46.63","SUDBURY CLIMATE","6068145","2020-07-06 02:00","2020","07","06","02:00","18.5","","16.3","","87","","0.0","","3","","7","","","","97.50","","","","","","NA"
"-80.80","46.63","SUDBURY CLIMATE","6068145","2020-07-06 03:00","2020","07","06","03:00","16.5","","15.8","","96","","0.0","","6","","3","","","","97.50","","","","","","NA"
"-80.80","46.63","SUDBURY CLIMATE","6068145","2020-07-06 04:00","2020","07","06","04:00","16.9","","16.3","","97","","0.0","","26","","7","","","","97.59","","","","","","NA"
"-80.80","46.63","SUDBURY CLIMATE","6068145","2020-07-06 05:00","2020","07","06","05:00","15.8","","15.4","","98","","0.0","","26","","5","","","","97.62","","","","","","NA"
"-80.80","46.63","SUDBURY CLIMATE","6068145","2020-07-06 06:00","2020","07","06","06:00","15.1","","14.9","","98","","0.0","","29","","3","","","","97.61","","","","","","NA"
"-80.80","46.63","SUDBURY CLIMATE","6068145","2020-07-06 07:00","2020","07","06","07:00","15.6","","15.5","","99","","0.0","","32","","2","","","","97.60","","","","","","NA"
"-80.80","46.63","SUDBURY CLIMATE","6068145","2020-07-06 08:00","2020","07","06","08:00","15.6","","15.5","","99","","0.0","","1","","3","","","","97.60","","","","","","NA"
"-80.80","46.63","SUDBURY CLIMATE","6068145","2020-07-06 09:00","2020","07","06","09:00","16.5","","16.5","","100","","0.0","","4","","7","","","","97.59","","","","","","NA"
"-80.80","46.63","SUDBURY CLIMATE","6068145","2020-07-06 10:00","2020","07","06","10:00","16.8","","16.8","","100","","0.0","","6","","2","","","","97.63","","","","","","NA"
"-80.80","46.63","SUDBURY CLIMATE","6068145","2020-07-06 11:00","2020","07","06","11:00","17.7","","17.5","","99","","0.0","","8","","4","","","","97.64","","","","","","NA"
"-80.80","46.63","SUDBURY CLIMATE","6068145","2020-07-06 12:00","2020","07","06","12:00","19.8","","17.6","","87","","0.0","","12","","8","","","","97.66","","","","","","NA"
"-80.80","46.63","SUDBURY CLIMATE","6068145","2020-07-06 13:00","2020","07","06","13:00","21.1","","17.5","","80","","0.0","","14","","7","","","","97.66","","27","","","","NA"
"-80.80","46.63","SUDBURY CLIMATE","6068145","2020-07-06 14:00","2020","07","06","14:00","22.9","","17.4","","71","","0.0","","17","","11","","","","97.68","","28","","","","NA"
"-80.80","46.63","SUDBURY CLIMATE","6068145","2020-07-06 15:00","2020","07","06","15:00","24.8","","17.4","","64","","0.0","","15","","11","","","","97.67","","30","","","","NA"
"-80.80","46.63","SUDBURY CLIMATE","6068145","2020-07-06 16:00","2020","07","06","16:00","26.3","","17.9","","60","","0.0","","18","","10","","","","97.70","","32","","","","NA"
"-80.80","46.63","SUDBURY CLIMATE","6068145","2020-07-06 17:00","2020","07","06","17:00","27.5","","17.6","","55","","0.0","","18","","14","","","","97.64","","33","","","","NA"
"-80.80","46.63","SUDBURY CLIMATE","6068145","2020-07-06 18:00","2020","07","06","18:00","27.6","","17.2","","53","","0.0","","22","","14","","","","97.61","","33","","","","NA"
"-80.80","46.63","SUDBURY CLIMATE","6068145","2020-07-06 19:00","2020","07","06","19:00","29.1","","16.5","","47","","0.0","","20","","14","","","","97.56","","34","","","","NA"
"-80.80","46.63","SUDBURY CLIMATE","6068145","2020-07-06 20:00","2020","07","06","20:00","29.4","","15.7","","43","","0.0","","22","","16","","","","97.52","","34","","","","NA"
"-80.80","46.63","SUDBURY CLIMATE","6068145","2020-07-06 21:00","2020","07","06","21:00","30.2","","16.1","","43","","0.0","","23","","15","","","","97.45","","35","","","","NA"
"-80.80","46.63","SUDBURY CLIMATE","6068145","2020-07-06 22:00","2020","07","06","22:00","28.9","","15.5","","44","","0.0","","24","","16","","","","97.42","","33","","","","NA"
"-80.80","46.63","SUDBURY CLIMATE","6068145","2020-07-06 23:00","2020","07","06","23:00","28.3","","15.4","","45","","0.0","","20","","22","","","","97.41","","33","","","","NA"
"-80.80","46.63","SUDBURY CLIMATE","6068145","2020-07-07 00:00","2020","07","07","00:00","25.6","","16.3","","56","","0.0","","23","","9","","","","97.42","","30","","","","NA"
"-80.80","46.63","SUDBURY CLIMATE","6068145","2020-07-07 01:00","2020","07","07","01:00","23.8","","16.9","","65","","0.0","","22","","10","","","","97.40","","29","","","","NA"
"-80.80","46.63","SUDBURY CLIMATE","6068145","2020-07-07 02:00","2020","07","07","02:00","23.1","","16.2","","65","","0.0","","20","","14","","","","97.40","","28","","","","NA"
"-80.80","46.63","SUDBURY CLIMATE","6068145","2020-07-07 03:00","2020","07","07","03:00","21.7","","15.4","","67","","0.0","","21","","14","","","","97.40","","26","","","","NA"
"-80.80","46.63","SUDBURY CLIMATE","6068145","2020-07-07 04:00","2020","07","07","04:00","20.1","","15.0","","72","","0.0","","22","","10","","","","97.38","","","","","","NA"
"-80.80","46.63","SUDBURY CLIMATE","6068145","2020-07-07 05:00","2020","07","07","05:00","20.0","","15.2","","74","","0.0","","20","","9","","","","97.39","","","","","","NA"
"-80.80","46.63","SUDBURY CLIMATE","6068145","2020-07-07 06:00","2020","07","07","06:00","19.4","","15.3","","77","","0.0","","20","","11","","","","97.37","","","","","","NA"
"-80.80","46.63","SUDBURY CLIMATE","6068145","2020-07-07 07:00","2020","07","07","07:00","19.8","","15.1","","74","","0.0","","20","","11","","","","97.32","","","","","","NA"
"-80.80","46.63","SUDBURY CLIMATE","6068145","2020-07-07 08:00","2020","07","07","08:00","20.5","","14.9","","70","","0.0","","19","","11","","","","97.28","","","","","","NA"
"-80.80","46.63","SUDBURY CLIMATE","6068145","2020-07-07 09:00","2020","07","07","09:00","20.5","","14.9","","70","","0.0","","18","","12","","","","97.23","","","","","","NA"
"-80.80","46.63","SUDBURY CLIMATE","6068145","2020-07-07 10:00","2020","07","07","10:00","19.7","","16.4","","81","","0.0","","20","","15","","","","97.25","","","","","","NA"
"-80.80","46.63","SUDBURY CLIMATE","6068145","2020-07-07 11:00","2020","07","07","11:00","19.6","","17.1","","85","","0.0","","22","","12","","","","97.23","","","","","","NA"
"-80.80","46.63","SUDBURY CLIMATE","6068145","2020-07-07 12:00","2020","07","07","12:00","20.8","","18.0","","84","","0.0","","22","","12","","","","97.21","","27","","","","NA"
"-80.80","46.63","SUDBURY CLIMATE","6068145","2020-07-07 13:00","2020","07","07","13:00","20.0","","17.9","","87","","0.0","","29","","6","","","","97.25","","26","","","","NA"
"-80.80","46.63","SUDBURY CLIMATE","6068145","2020-07-07 14:00","2020","07","07","14:00","21.0","","18.2","","84","","0.0","","21","","7","","","","97.25","","27","","","","NA"
"-80.80","46.63","SUDBURY CLIMATE","6068145","2020-07-07 15:00","2020","07","07","15:00","21.6","","19.6","","88","","0.0","","18","","7","","","","97.21","","29","","","","NA"
"-80.80","46.63","SUDBURY CLIMATE","6068145","2020-07-07 16:00","2020","07","07","16:00","23.4","","19.7","","80","","0.0","","23","","7","","","","97.22","","31","","","","NA"
"-80.80","46.63","SUDBURY CLIMATE","6068145","2020-07-07 17:00","2020","07","07","17:00","25.5","","20.3","","73","","0.0","","19","","14","","","","97.20","","33","","","","NA"
"-80.80","46.63","SUDBURY CLIMATE","6068145","2020-07-07 18:00","2020","07","07","18:00","26.2","","20.0","","69","","0.0","","22","","17","","","","97.16","","34","","","","NA"
"-80.80","46.63","SUDBURY CLIMATE","6068145","2020-07-07 19:00","2020","07","07","19:00","28.8","","20.7","","62","","0.0","","22","","17","","","","97.09","","37","","","","NA"
"-80.80","46.63","SUDBURY CLIMATE","6068145","2020-07-07 20:00","2020","07","07","20:00","23.0","","21.5","","91","","1.5","","25","","12","","","","97.09","","32","","","","NA"
"-80.80","46.63","SUDBURY CLIMATE","6068145","2020-07-07 21:00","2020","07","07","21:00","26.7","","19.8","","66","","0.5","","19","","13","","","","96.99","","34","","","","NA"
"-80.80","46.63","SUDBURY CLIMATE","6068145","2020-07-07 22:00","2020","07","07","22:00","27.0","","20.0","","65","","0.0","","21","","14","","","","96.99","","35","","","","NA"
"-80.80","46.63","SUDBURY CLIMATE","6068145","2020-07-07 23:00","2020","07","07","23:00","18.8","","17.5","","92","","3.5","","34","","26","","","","97.18","","","","","","NA"
"-80.80","46.63","SUDBURY CLIMATE","6068145","2020-07-08 00:00","2020","07","08","00:00","20.4","","18.5","","89","","21.3","","19","","21","","","","97.09","","27","","","","NA"
"-80.80","46.63","SUDBURY CLIMATE","6068145","2020-07-08 01:00","2020","07","08","01:00","20.3","","19.1","","93","","1.3","","4","","18","","","","97.06","","27","","","","NA"
"-80.80","46.63","SUDBURY CLIMATE","6068145","2020-07-08 02:00","2020","07","08","02:00","19.7","","19.2","","97","","6.6","","35","","11","","","","97.18","","","","","","NA"
"-80.80","46.63","SUDBURY CLIMATE","6068145","2020-07-08 03:00","2020","07","08","03:00","20.0","","18.4","","90","","3.3","","22","","6","","","","97.14","","26","","","","NA"
"-80.80","46.63","SUDBURY CLIMATE","6068145","2020-07-08 04:00","2020","07","08","04:00","18.9","","18.0","","95","","0.0","","26","","8","","","","97.11","","","","","","NA"
"-80.80","46.63","SUDBURY CLIMATE","6068145","2020-07-08 05:00","2020","07","08","05:00","18.2","","17.9","","98","","0.0","","28","","5","","","","97.16","","","","","","NA"
"-80.80","46.63","SUDBURY CLIMATE","6068145","2020-07-08 06:00","2020","07","08","06:00","18.6","","18.3","","98","","0.0","","26","","9","","","","97.14","","","","","","NA"
"-80.80","46.63","SUDBURY CLIMATE","6068145","2020-07-08 07:00","2020","07","08","07:00","17.8","","17.5","","98","","0.0","","27","","7","","","","97.18","","","","","","NA"
"-80.80","46.63","SUDBURY CLIMATE","6068145","2020-07-08 08:00","2020","07","08","08:00","18.0","","17.7","","98","","0.0","","29","","4","","","","97.17","","","","","","NA"
"-80.80","46.63","SUDBURY CLIMATE","6068145","2020-07-08 09:00","2020","07","08","09:00","17.7","","17.4","","98","","0.0","","34","","6","","","","97.18","","","","","","NA"
"-80.80","46.63","SUDBURY CLIMATE","6068145","2020-07-08 10:00","2020","07","08","10:00","18.1","","17.1","","94","","0.0","","34","","7","","","","97.21","","","","","","NA"
"-80.80","46.63","SUDBURY CLIMATE","6068145","2020-07-08 11:00","2020","07","08","11:00","19.1","","17.6","","91","","0.0","","32","","7","","","","97.24","","","","","","NA"
"-80.80","46.63","SUDBURY CLIMATE","6068145","2020-07-08 12:00","2020","07","08","12:00","20.9","","18.8","","88","","0.0","","32","","4","","","","97.25","","28","","","","NA"
"-80.80","46.63","SUDBURY CLIMATE","6068145","2020-07-08 13:00","2020","07","08","13:00","22.6","","19.2","","81","","0.0","","35","","5","","","","97.26","","30","","","","NA"
"-80.80","46.63","SUDBURY CLIMATE","6068145","2020-07-08 14:00","2020","07","08","14:00","24.2","","18.8","","72","","0.0","","32","","4","","","","97.34","","31","","","","NA"
"-80.80","46.63","SUDBURY CLIMATE","6068145","2020-07-08 15:00","2020","07","08","15:00","25.9","","17.9","","61","","0.0","","35","","4","","","","97.29","","32","","","","NA"
"-80.80","46.63","SUDBURY CLIMATE","6068145","2020-07-08 16:00","2020","07","08","16:00","27.5","","18.4","","57","","0.0","","20","","7","","","","97.28","","34","","","","NA"
"-80.80","46.63","SUDBURY CLIMATE","6068145","2020-07-08 17:00","2020","07","08","17:00","28.0","","17.1","","52","","0.0","","26","","5","","","","97.28","","33","","","","NA"
"-80.80","46.63","SUDBURY CLIMATE","6068145","2020-07-08 18:00","2020","07","08","18:00","29.1","","12.7","","36","","0.0","","24","","9","","","","97.27","","32","","","","NA"
"-80.80","46.63","SUDBURY CLIMATE","6068145","2020-07-08 19:00","2020","07","08","19:00","29.7","","16.4","","45","","0.0","","26","","12","","","","97.23","","35","","","","NA"
"-80.80","46.63","SUDBURY CLIMATE","6068145","2020-07-08 20:00","2020","07","08","20:00","29.8","","12.9","","35","","0.0","","25","","12","","","","97.20","","33","","","","NA"
"-80.80","46.63","SUDBURY CLIMATE","6068145","2020-07-08 21:00","2020","07","08","21:00","30.1","","12.5","","34","","0.0","","23","","14","","","","97.13","","33","","","","NA"
"-80.80","46.63","SUDBURY CLIMATE","6068145","2020-07-08 22:00","2020","07","08","22:00","30.0","","13.8","","37","","0.0","","23","","15","","","","97.06","","33","","","","NA"
"-80.80","46.63","SUDBURY CLIMATE","6068145","2020-07-08 23:00","2020","07","08","23:00","29.4","","14.5","","40","","0.0","","24","","12","","","","97.02","","33","","","","NA"
"-80.80","46.63","SUDBURY CLIMATE","6068145","2020-07-09 00:00","2020","07","09","00:00","27.6","","16.5","","51","","0.0","","22","","12","","","","97.05","","33","","","","NA"
"-80.80","46.63","SUDBURY CLIMATE","6068145","2020-07-09 01:00","2020","07","09","01:00","25.0","","16.4","","59","","0.0","","24","","8","","","","97.12","","30","","","","NA"
"-80.80","46.63","SUDBURY CLIMATE","6068145","2020-07-09 02:00","2020","07","09","02:00","22.9","","15.8","","64","","0.0","","22","","9","","","","97.16","","27","","","","NA"
"-80.80","46.63","SUDBURY CLIMATE","6068145","2020-07-09 03:00","2020","07","09","03:00","22.5","","15.8","","66","","0.0","","24","","7","","","","97.22","","27","","","","NA"
"-80.80","46.63","SUDBURY CLIMATE","6068145","2020-07-09 04:00","2020","07","09","04:00","20.9","","15.8","","72","","0.0","","23","","7","","","","97.22","","25","","","","NA"
"-80.80","46.63","SUDBURY CLIMATE","6068145","2020-07-09 05:00","2020","07","09","05:00","20.3","","15.7","","75","","0.0","","26","","6","","","","97.21","","25","","","","NA"
"-80.80","46.63","SUDBURY CLIMATE","6068145","2020-07-09 06:00","2020","07","09","06:00","20.3","","16.1","","76","","0.0","","27","","7","","","","97.18","","25","","","","NA"
"-80.80","46.63","SUDBURY CLIMATE","6068145","2020-07-09 07:00","2020","07","09","07:00","18.3","","15.5","","84","","0.0","","27","","6","","","","97.19","","","","","","NA"
"-80.80","46.63","SUDBURY CLIMATE","6068145","2020-07-09 08:00","2020","07","09","08:00","18.6","","16.2","","86","","0.0","","27","","8","","","","97.22","","","","","","NA"
"-80.80","46.63","SUDBURY CLIMATE","6068145","2020-07-09 09:00","2020","07","09","09:00","18.3","","16.2","","87","","0.0","","26","","8","","","","97.24","","","","","","NA"
"-80.80","46.63","SUDBURY CLIMATE","6068145","2020-07-09 10:00","2020","07","09","10:00","18.6","","16.1","","85","","0.0","","24","","7","","","","97.27","","","","","","NA"
"-80.80","46.63","SUDBURY CLIMATE","6068145","2020-07-09 11:00","2020","07","09","11:00","20.9","","16.5","","76","","0.0","","21","","6","","","","97.24","","26","","","","NA"
"-80.80","46.63","SUDBURY CLIMATE","6068145","2020-07-09 12:00","2020","07","09","12:00","23.1","","16.6","","67","","0.0","","21","","4","","","","97.26","","28","","","","NA"
"-80.80","46.63","SUDBURY CLIMATE","6068145","2020-07-09 13:00","2020","07","09","13:00","24.2","","15.4","","58","","0.0","","22","","10","","","","97.30","","28","","","","NA"
"-80.80","46.63","SUDBURY CLIMATE","6068145","2020-07-09 14:00","2020","07","09","14:00","26.7","","15.3","","49","","0.0","","21","","17","","","","97.25","","31","","","","NA"
"-80.80","46.63","SUDBURY CLIMATE","6068145","2020-07-09 15:00","2020","07","09","15:00","28.0","","13.9","","42","","0.0","","20","","25","","","","97.21","","31","","","","NA"
"-80.80","46.63","SUDBURY CLIMATE","6068145","2020-07-09 16:00","2020","07","09","16:00","28.9","","14.7","","42","","0.0","","19","","19","","","","97.20","","33","","","","NA"
"-80.80","46.63","SUDBURY CLIMATE","6068145","2020-07-09 17:00","2020","07","09","17:00","30.5","","15.7","","41","","0.0","","21","","20","","","","97.21","","35","","","","NA"
"-80.80","46.63","SUDBURY CLIMATE","6068145","2020-07-09 18:00","2020","07","09","18:00","30.7","","16.3","","42","","0.0","","23","","22","","","","97.23","","36","","","","NA"
"-80.80","46.63","SUDBURY CLIMATE","6068145","2020-07-09 19:00","2020","07","09","19:00","30.3","","17.4","","46","","0.0","","22","","25","","","","97.19","","36","","","","NA"
"-80.80","46.63","SUDBURY CLIMATE","6068145","2020-07-09 20:00","2020","07","09","20:00","29.3","","17.6","","49","","0.0","","21","","21","","","","97.20","","35","","","","NA"
"-80.80","46.63","SUDBURY CLIMATE","6068145","2020-07-09 21:00","2020","07","09","21:00","31.0","","17.2","","44","","0.0","","22","","21","","","","97.13","","36","","","","NA"
"-80.80","46.63","SUDBURY CLIMATE","6068145","2020-07-09 22:00","2020","07","09","22:00","30.6","","18.4","","48","","0.0","","21","","21","","","","97.08","","37","","","","NA"
"-80.80","46.63","SUDBURY CLIMATE","6068145","2020-07-09 23:00","2020","07","09","23:00","29.7","","18.7","","52","","0.0","","22","","19","","","","97.05","","36","","","","NA"
"-80.80","46.63","SUDBURY CLIMATE","6068145","2020-07-10 00:00","2020","07","10","00:00","28.6","","18.9","","56","","0.0","","21","","17","","","","97.07","","35","","","","NA"
"-80.80","46.63","SUDBURY CLIMATE","6068145","2020-07-10 01:00","2020","07","10","01:00","26.0","","18.0","","62","","0.0","","21","","13","","","","97.09","","32","","","","NA"
"-80.80","46.63","SUDBURY CLIMATE","6068145","2020-07-10 02:00","2020","07","10","02:00","24.7","","17.2","","63","","0.0","","20","","14","","","","97.08","","30","","","","NA"
"-80.80","46.63","SUDBURY CLIMATE","6068145","2020-07-10 03:00","2020","07","10","03:00","22.5","","17.2","","72","","0.0","","21","","11","","","","97.10","","28","","","","NA"
"-80.80","46.63","SUDBURY CLIMATE","6068145","2020-07-10 04:00","2020","07","10","04:00","22.7","","17.1","","71","","0.0","","23","","9","","","","97.11","","28","","","","NA"
"-80.80","46.63","SUDBURY CLIMATE","6068145","2020-07-10 05:00","2020","07","10","05:00","21.2","","17.5","","79","","0.0","","23","","5","","","","97.11","","27","","","","NA"
"-80.80","46.63","SUDBURY CLIMATE","6068145","2020-07-10 06:00","2020","07","10","06:00","20.0","","17.1","","83","","0.0","","24","","5","","","","97.11","","25","","","","NA"
"-80.80","46.63","SUDBURY CLIMATE","6068145","2020-07-10 07:00","2020","07","10","07:00","20.5","","18.8","","90","","0.0","","22","","1","","","","97.10","","27","","","","NA"
"-80.80","46.63","SUDBURY CLIMATE","6068145","2020-07-10 08:00","2020","07","10","08:00","20.7","","17.6","","83","","0.0","","20","","3","","","","97.05","","26","","","","NA"
"-80.80","46.63","SUDBURY CLIMATE","6068145","2020-07-10 09:00","2020","07","10","09:00","20.9","","17.6","","81","","0.0","","14","","9","","","","97.02","","27","","","","NA"
"-80.80","46.63","SUDBURY CLIMATE","6068145","2020-07-10 10:00","2020","07","10","10:00","21.2","","17.0","","77","","0.0","","13","","11","","","","97.03","","26","","","","NA"
"-80.80","46.63","SUDBURY CLIMATE","6068145","2020-07-10 11:00","2020","07","10","11:00","21.5","","16.5","","73","","0.0","","13","","13","","","","97.03","","26","","","","NA"
"-80.80","46.63","SUDBURY CLIMATE","6068145","2020-07-10 12:00","2020","07","10","12:00","23.3","","17.3","","69","","0.0","","14","","15","","","","97.01","","29","","","","NA"
"-80.80","46.63","SUDBURY CLIMATE","6068145","2020-07-10 13:00","2020","07","10","13:00","25.2","","19.8","","72","","0.0","","17","","14","","","","97.01","","33","","","","NA"
"-80.80","46.63","SUDBURY CLIMATE","6068145","2020-07-10 14:00","2020","07","10","14:00","26.4","","19.8","","67","","0.0","","17","","13","","","","96.96","","34","","","","NA"
"-80.80","46.63","SUDBURY CLIMATE","6068145","2020-07-10 15:00","2020","07","10","15:00","28.1","","19.2","","59","","0.0","","18","","15","","","","96.93","","35","","","","NA"
"-80.80","46.63","SUDBURY CLIMATE","6068145","2020-07-10 16:00","2020","07","10","16:00","29.7","","19.6","","55","","0.0","","19","","17","","","","96.88","","37","","","","NA"
"-80.80","46.63","SUDBURY CLIMATE","6068145","2020-07-10 17:00","2020","07","10","17:00","29.6","","19.6","","55","","0.0","","19","","14","","","","96.85","","37","","","","NA"
"-80.80","46.63","SUDBURY CLIMATE","6068145","2020-07-10 18:00","2020","07","10","18:00","20.5","","19.5","","94","","11.1","","34","","11","","","","96.86","","28","","","","NA"
"-80.80","46.63","SUDBURY CLIMATE","6068145","2020-07-10 19:00","2020","07","10","19:00","26.7","","23.2","","81","","1.1","","26","","6","","","","96.74","","37","","","","NA"
"-80.80","46.63","SUDBURY CLIMATE","6068145","2020-07-10 20:00","2020","07","10","20:00","27.8","","20.7","","65","","0.0","","26","","10","","","","96.71","","36","","","","NA"
"-80.80","46.63","SUDBURY CLIMATE","6068145","2020-07-10 21:00","2020","07","10","21:00","29.1","","20.5","","60","","0.0","","26","","7","","","","96.63","","37","","","","NA"
"-80.80","46.63","SUDBURY CLIMATE","6068145","2020-07-10 22:00","2020","07","10","22:00","21.7","","21.0","","95","","35.6","","24","","20","","","","96.69","","30","","","","NA"
"-80.80","46.63","SUDBURY CLIMATE","6068145","2020-07-10 23:00","2020","07","10","23:00","24.4","","22.9","","91","","3.3","","15","","9","","","","96.65","","35","","","","NA"
"-80.80","46.63","SUDBURY CLIMATE","6068145","2020-07-11 00:00","2020","07","11","00:00","24.9","","20.0","","75","","0.0","","19","","23","","","","96.67","","32","","","","NA"
"-80.80","46.63","SUDBURY CLIMATE","6068145","2020-07-11 01:00","2020","07","11","01:00","23.4","","19.6","","79","","0.0","","20","","15","","","","96.64","","31","","","","NA"
"-80.80","46.63","SUDBURY CLIMATE","6068145","2020-07-11 02:00","2020","07","11","02:00","22.3","","19.7","","85","","0.0","","21","","13","","","","96.64","","30","","","","NA"
"-80.80","46.63","SUDBURY CLIMATE","6068145","2020-07-11 03:00","2020","07","11","03:00","22.1","","19.8","","86","","0.0","","20","","15","","","","96.61","","30","","","","NA"
"-80.80","46.63","SUDBURY CLIMATE","6068145","2020-07-11 04:00","2020","07","11","04:00","21.4","","19.3","","88","","0.0","","20","","14","","","","96.55","","28","","","","NA"
"-80.80","46.63","SUDBURY CLIMATE","6068145","2020-07-11 05:00","2020","07","11","05:00","20.7","","19.4","","92","","0.0","","24","","3","","","","96.55","","28","","","","NA"
"-80.80","46.63","SUDBURY CLIMATE","6068145","2020-07-11 06:00","2020","07","11","06:00","20.6","","19.7","","94","","0.0","","13","","6","","","","96.49","","28","","","","NA"
"-80.80","46.63","SUDBURY CLIMATE","6068145","2020-07-11 07:00","2020","07","11","07:00","20.6","","20.1","","97","","1.1","","16","","7","","","","96.45","","28","","","","NA"
"-80.80","46.63","SUDBURY CLIMATE","6068145","2020-07-11 08:00","2020","07","11","08:00","20.3","","20.0","","98","","0.7","","16","","13","","","","96.45","","28","","","","NA"
"-80.80","46.63","SUDBURY CLIMATE","6068145","2020-07-11 09:00","2020","07","11","09:00","20.2","","20.1","","99","","4.5","","19","","3","","","","96.43","","28","","","","NA"
"-80.80","46.63","SUDBURY CLIMATE","6068145","2020-07-11 10:00","2020","07","11","10:00","20.1","","20.0","","99","","1.2","","22","","8","","","","96.41","","28","","","","NA"
"-80.80","46.63","SUDBURY CLIMATE","6068145","2020-07-11 11:00","2020","07","11","11:00","20.0","","19.9","","99","","1.1","","","","0","","","","96.39","","27","","","","NA"
"-80.80","46.63","SUDBURY CLIMATE","6068145","2020-07-11 12:00","2020","07","11","12:00","20.2","","20.1","","99","","0.9","","29","","2","","","","96.38","","28","","","","NA"
"-80.80","46.63","SUDBURY CLIMATE","6068145","2020-07-11 13:00","2020","07","11","13:00","20.4","","19.9","","97","","0.6","","35","","10","","","","96.38","","28","","","","NA"
"-80.80","46.63","SUDBURY CLIMATE","6068145","2020-07-11 14:00","2020","07","11","14:00","19.7","","19.1","","96","","0.0","","34","","13","","","","96.37","","","","","","NA"
"-80.80","46.63","SUDBURY CLIMATE","6068145","2020-07-11 15:00","2020","07","11","15:00","19.4","","18.7","","96","","4.3","","36","","14","","","","96.39","","","","","","NA"
"-80.80","46.63","SUDBURY CLIMATE","6068145","2020-07-11 16:00","2020","07","11","16:00","19.3","","18.5","","95","","1.0","","1","","14","","","","96.41","","","","","","NA"
"-80.80","46.63","SUDBURY CLIMATE","6068145","2020-07-11 17:00","2020","07","11","17:00","19.6","","18.7","","94","","1.3","","35","","10","","","","96.39","","","","","","NA"
"-80.80","46.63","SUDBURY CLIMATE","6068145","2020-07-11 18:00","2020","07","11","18:00","20.5","","19.6","","95","","0.0","","34","","8","","","","96.37","","28","","","","NA"
"-80.80","46.63","SUDBURY CLIMATE","6068145","2020-07-11 19:00","2020","07","11","19:00","22.7","","20.2","","86","","0.0","","36","","12","","","","96.37","","30","","","","NA"
"-80.80","46.63","SUDBURY CLIMATE","6068145","2020-07-11 20:00","2020","07","11","20:00","23.4","","19.4","","79","","0.0","","34","","9","","","","96.38","","30","","","","NA"
"-80.80","46.63","SUDBURY CLIMATE","6068145","2020-07-11 21:00","2020","07","11","21:00","23.4","","19.5","","79","","0.0","","32","","9","","","","96.36","","31","","","","NA"
"-80.80","46.63","SUDBURY CLIMATE","6068145","2020-07-11 22:00","2020","07","11","22:00","24.3","","18.4","","69","","0.0","","34","","8","","","","96.34","","31","","","","NA"
"-80.80","46.63","SUDBURY CLIMATE","6068145","2020-07-11 23:00","2020","07","11","23:00","23.3","","18.5","","74","","0.0","","32","","7","","","","96.36","","30","","","","NA"
"-80.80","46.63","SUDBURY CLIMATE","6068145","2020-07-12 00:00","2020","07","12","00:00","22.2","","17.1","","73","","0.0","","34","","12","","","","96.41","","28","","","","NA"
"-80.80","46.63","SUDBURY CLIMATE","6068145","2020-07-12 01:00","2020","07","12","01:00","20.8","","17.0","","78","","0.0","","36","","15","","","","96.45","","26","","","","NA"
"-80.80","46.63","SUDBURY CLIMATE","6068145","2020-07-12 02:00","2020","07","12","02:00","19.7","","15.7","","78","","0.0","","34","","11","","","","96.50","","","","","","NA"
"-80.80","46.63","SUDBURY CLIMATE","6068145","2020-07-12 03:00","2020","07","12","03:00","18.7","","15.8","","83","","0.0","","34","","8","","","","96.51","","","","","","NA"
"-80.80","46.63","SUDBURY CLIMATE","6068145","2020-07-12 04:00","2020","07","12","04:00","17.8","","15.8","","88","","0.0","","35","","9","","","","96.51","","","","","","NA"
"-80.80","46.63","SUDBURY CLIMATE","6068145","2020-07-12 05:00","2020","07","12","05:00","17.7","","15.5","","87","","0.0","","32","","7","","","","96.54","","","","","","NA"
"-80.80","46.63","SUDBURY CLIMATE","6068145","2020-07-12 06:00","2020","07","12","06:00","16.9","","15.4","","91","","0.0","","34","","9","","","","96.52","","","","","","NA"
"-80.80","46.63","SUDBURY CLIMATE","6068145","2020-07-12 07:00","2020","07","12","07:00","16.0","","14.3","","89","","0.0","","1","","8","","","","96.51","","","","","","NA"
"-80.80","46.63","SUDBURY CLIMATE","6068145","2020-07-12 08:00","2020","07","12","08:00","15.3","","14.2","","93","","0.0","","34","","8","","","","96.51","","","","","","NA"
"-80.80","46.63","SUDBURY CLIMATE","6068145","2020-07-12 09:00","2020","07","12","09:00","14.9","","14.2","","95","","0.0","","34","","8","","","","96.52","","","","","","NA"
"-80.80","46.63","SUDBURY CLIMATE","6068145","2020-07-12 10:00","2020","07","12","10:00","15.1","","13.9","","93","","0.0","","33","","8","","","","96.59","","","","","","NA"
"-80.80","46.63","SUDBURY CLIMATE","6068145","2020-07-12 11:00","2020","07","12","11:00","15.7","","13.6","","87","","0.0","","33","","10","","","","96.66","","","","","","NA"
"-80.80","46.63","SUDBURY CLIMATE","6068145","2020-07-12 12:00","2020","07","12","12:00","15.8","","13.5","","86","","0.0","","35","","11","","","","96.70","","","","","","NA"
"-80.80","46.63","SUDBURY CLIMATE","6068145","2020-07-12 13:00","2020","07","12","13:00","16.2","","13.1","","82","","0.0","","36","","13","","","","96.71","","","","","","NA"
"-80.80","46.63","SUDBURY CLIMATE","6068145","2020-07-12 14:00","2020","07","12","14:00","17.3","","13.4","","78","","0.0","","33","","8","","","","96.73","","","","","","NA"
"-80.80","46.63","SUDBURY CLIMATE","6068145","2020-07-12 15:00","2020","07","12","15:00","17.7","","12.8","","73","","0.0","","31","","10","","","","96.74","","","","","","NA"
"-80.80","46.63","SUDBURY CLIMATE","6068145","2020-07-12 16:00","2020","07","12","16:00","18.3","","12.5","","69","","0.0","","33","","10","","","","96.74","","","","","","NA"
"-80.80","46.63","SUDBURY CLIMATE","6068145","2020-07-12 17:00","2020","07","12","17:00","19.5","","12.4","","63","","0.0","","33","","8","","","","96.70","","","","","","NA"
"-80.80","46.63","SUDBURY CLIMATE","6068145","2020-07-12 18:00","2020","07","12","18:00","20.1","","13.0","","64","","0.0","","34","","9","","","","96.70","","","","","","NA"
"-80.80","46.63","SUDBURY CLIMATE","6068145","2020-07-12 19:00","2020","07","12","19:00","20.1","","12.6","","62","","0.0","","36","","15","","","","96.72","","","","","","NA"
"-80.80","46.63","SUDBURY CLIMATE","6068145","2020-07-12 20:00","2020","07","12","20:00","21.1","","14.0","","64","","0.0","","34","","13","","","","96.74","","","","","","NA"
"-80.80","46.63","SUDBURY CLIMATE","6068145","2020-07-12 21:00","2020","07","12","21:00","19.5","","14.0","","71","","0.0","","35","","15","","","","96.75","","","","","","NA"
"-80.80","46.63","SUDBURY CLIMATE","6068145","2020-07-12 22:00","2020","07","12","22:00","19.7","","14.3","","71","","0.0","","34","","11","","","","96.77","","","","","","NA"
"-80.80","46.63","SUDBURY CLIMATE","6068145","2020-07-12 23:00","2020","07","12","23:00","19.3","","14.0","","72","","0.0","","34","","10","","","","96.79","","","","","","NA"
"-80.80","46.63","SUDBURY CLIMATE","6068145","2020-07-13 00:00","2020","07","13","00:00","17.4","","13.6","","78","","0.0","","35","","13","","","","96.85","","","","","","NA"
"-80.80","46.63","SUDBURY CLIMATE","6068145","2020-07-13 01:00","2020","07","13","01:00","16.5","","13.3","","82","","0.0","","35","","14","","","","96.89","","","","","","NA"
"-80.80","46.63","SUDBURY CLIMATE","6068145","2020-07-13 02:00","2020","07","13","02:00","16.6","","13.4","","81","","0.0","","34","","11","","","","96.91","","","","","","NA"
"-80.80","46.63","SUDBURY CLIMATE","6068145","2020-07-13 03:00","2020","07","13","03:00","16.4","","13.5","","83","","0.0","","32","","7","","","","96.92","","","","","","NA"
"-80.80","46.63","SUDBURY CLIMATE","6068145","2020-07-13 04:00","2020","07","13","04:00","16.4","","13.8","","84","","0.0","","31","","9","","","","96.92","","","","","","NA"
"-80.80","46.63","SUDBURY CLIMATE","6068145","2020-07-13 05:00","2020","07","13","05:00","15.8","","13.3","","85","","0.0","","31","","9","","","","96.96","","","","","","NA"
"-80.80","46.63","SUDBURY CLIMATE","6068145","2020-07-13 06:00","2020","07","13","06:00","15.4","","13.1","","86","","0.0","","31","","10","","","","96.97","","","","","","NA"
"-80.80","46.63","SUDBURY CLIMATE","6068145","2020-07-13 07:00","2020","07","13","07:00","14.4","","11.7","","84","","0.0","","34","","12","","","","96.96","","","","","","NA"
"-80.80","46.63","SUDBURY CLIMATE","6068145","2020-07-13 08:00","2020","07","13","08:00","14.0","","12.1","","88","","0.0","","34","","11","","","","96.94","","","","","","NA"
"-80.80","46.63","SUDBURY CLIMATE","6068145","2020-07-13 09:00","2020","07","13","09:00","13.7","","12.3","","91","","0.0","","34","","5","","","","96.97","","","","","","NA"
"-80.80","46.63","SUDBURY CLIMATE","6068145","2020-07-13 10:00","2020","07","13","10:00","14.3","","12.6","","90","","0.0","","34","","8","","","","97.01","","","","","","NA"
"-80.80","46.63","SUDBURY CLIMATE","6068145","2020-07-13 11:00","2020","07","13","11:00","14.3","","12.9","","91","","0.0","","34","","8","","","","97.06","","","","","","NA"
"-80.80","46.63","SUDBURY CLIMATE","6068145","2020-07-13 12:00","2020","07","13","12:00","15.2","","13.1","","87","","0.0","","35","","8","","","","97.10","","","","","","NA"
"-80.80","46.63","SUDBURY CLIMATE","6068145","2020-07-13 13:00","2020","07","13","13:00","15.1","","13.9","","92","","0.0","","34","","4","","","","97.14","","","","","","NA"
"-80.80","46.63","SUDBURY CLIMATE","6068145","2020-07-13 14:00","2020","07","13","14:00","15.3","","14.1","","93","","0.0","","34","","8","","","","97.16","","","","","","NA"
"-80.80","46.63","SUDBURY CLIMATE","6068145","2020-07-13 15:00","2020","07","13","15:00","14.4","","13.3","","93","","0.0","","34","","16","","","","97.18","","","","","","NA"
"-80.80","46.63","SUDBURY CLIMATE","6068145","2020-07-13 16:00","2020","07","13","16:00","15.7","","13.1","","84","","0.0","","34","","10","","","","97.21","","","","","","NA"
"-80.80","46.63","SUDBURY CLIMATE","6068145","2020-07-13 17:00","2020","07","13","17:00","16.8","","12.4","","75","","0.0","","34","","13","","","","97.24","","","","","","NA"
"-80.80","46.63","SUDBURY CLIMATE","6068145","2020-07-13 18:00","2020","07","13","18:00","17.8","","13.7","","77","","0.0","","34","","9","","","","97.23","","","","","","NA"
"-80.80","46.63","SUDBURY CLIMATE","6068145","2020-07-13 19:00","2020","07","13","19:00","18.2","","12.9","","71","","0.0","","36","","12","","","","97.26","","","","","","NA"
"-80.80","46.63","SUDBURY CLIMATE","6068145","2020-07-13 20:00","2020","07","13","20:00","18.8","","13.7","","72","","0.0","","32","","8","","","","97.30","","","","","","NA"
"-80.80","46.63","SUDBURY CLIMATE","6068145","2020-07-13 21:00","2020","07","13","21:00","18.2","","14.0","","76","","0.0","","32","","8","","","","97.33","","","","","","NA"
"-80.80","46.63","SUDBURY CLIMATE","6068145","2020-07-13 22:00","2020","07","13","22:00","18.0","","14.1","","78","","0.0","","34","","10","","","","97.35","","","","","","NA"
"-80.80","46.63","SUDBURY CLIMATE","6068145","2020-07-13 23:00","2020","07","13","23:00","18.3","","14.5","","79","","0.0","","35","","10","","","","97.36","","","","","","NA"
"-80.80","46.63","SUDBURY CLIMATE","6068145","2020-07-14 00:00","2020","07","14","00:00","17.6","","14.2","","80","","0.0","","35","","9","","","","97.42","","","","","","NA"
"-80.80","46.63","SUDBURY CLIMATE","6068145","2020-07-14 01:00","2020","07","14","01:00","17.6","","14.3","","81","","0.0","","2","","9","","","","97.43","","","","","","NA"
"-80.80","46.63","SUDBURY CLIMATE","6068145","2020-07-14 02:00","2020","07","14","02:00","16.0","","13.7","","87","","0.0","","5","","6","","","","97.47","","","","","","NA"
"-80.80","46.63","SUDBURY CLIMATE","6068145","2020-07-14 03:00","2020","07","14","03:00","13.7","","12.8","","94","","0.0","","5","","3","","","","97.46","","","","","","NA"
"-80.80","46.63","SUDBURY CLIMATE","6068145","2020-07-14 04:00","2020","07","14","04:00","13.6","","13.3","","98","","0.0","","34","","3","","","","97.47","","","","","","NA"
"-80.80","46.63","SUDBURY CLIMATE","6068145","2020-07-14 05:00","2020","07","14","05:00","13.5","","13.3","","98","","0.0","","28","","7","","","","97.51","","","","","","NA"
"-80.80","46.63","SUDBURY CLIMATE","6068145","2020-07-14 06:00","2020","07","14","06:00","12.4","","12.2","","99","","0.0","","29","","5","","","","97.52","","","","","","NA"
"-80.80","46.63","SUDBURY CLIMATE","6068145","2020-07-14 07:00","2020","07","14","07:00","12.2","","12.1","","99","","0.0","","33","","6","","","","97.52","","","","","","NA"
"-80.80","46.63","SUDBURY CLIMATE","6068145","2020-07-14 08:00","2020","07","14","08:00","12.4","","12.3","","99","","0.0","","29","","7","","","","97.57","","","","","","NA"
"-80.80","46.63","SUDBURY CLIMATE","6068145","2020-07-14 09:00","2020","07","14","09:00","11.2","","11.1","","99","","0.0","","30","","6","","","","97.59","","","","","","NA"
"-80.80","46.63","SUDBURY CLIMATE","6068145","2020-07-14 10:00","2020","07","14","10:00","13.4","","13.4","","100","","0.0","","1","","9","","","","97.63","","","","","","NA"
"-80.80","46.63","SUDBURY CLIMATE","6068145","2020-07-14 11:00","2020","07","14","11:00","14.7","","14.4","","98","","0.0","","33","","2","","","","97.64","","","","","","NA"
"-80.80","46.63","SUDBURY CLIMATE","6068145","2020-07-14 12:00","2020","07","14","12:00","16.6","","15.2","","91","","0.0","","33","","5","","","","97.67","","","","","","NA"
"-80.80","46.63","SUDBURY CLIMATE","6068145","2020-07-14 13:00","2020","07","14","13:00","19.2","","15.5","","79","","0.0","","1","","2","","","","97.75","","","","","","NA"
"-80.80","46.63","SUDBURY CLIMATE","6068145","2020-07-14 14:00","2020","07","14","14:00","20.2","","14.3","","69","","0.0","","28","","5","","","","97.76","","","","","","NA"
"-80.80","46.63","SUDBURY CLIMATE","6068145","2020-07-14 15:00","2020","07","14","15:00","21.6","","14.9","","66","","0.0","","23","","3","","","","97.75","","26","","","","NA"
"-80.80","46.63","SUDBURY CLIMATE","6068145","2020-07-14 16:00","2020","07","14","16:00","22.8","","14.5","","60","","0.0","","15","","8","","","","97.69","","26","","","","NA"
"-80.80","46.63","SUDBURY CLIMATE","6068145","2020-07-14 17:00","2020","07","14","17:00","23.1","","13.7","","56","","0.0","","23","","5","","","","97.71","","26","","","","NA"
"-80.80","46.63","SUDBURY CLIMATE","6068145","2020-07-14 18:00","2020","07","14","18:00","23.9","","14.0","","54","","0.0","","27","","3","","","","97.71","","27","","","","NA"
"-80.80","46.63","SUDBURY CLIMATE","6068145","2020-07-14 19:00","2020","07","14","19:00","25.4","","14.4","","51","","0.0","","10","","5","","","","97.70","","29","","","","NA"
"-80.80","46.63","SUDBURY CLIMATE","6068145","2020-07-14 20:00","2020","07","14","20:00","24.8","","15.1","","55","","0.0","","14","","9","","","","97.68","","29","","","","NA"
"-80.80","46.63","SUDBURY CLIMATE","6068145","2020-07-14 21:00","2020","07","14","21:00","25.8","","15.0","","51","","0.0","","16","","11","","","","97.67","","30","","","","NA"
"-80.80","46.63","SUDBURY CLIMATE","6068145","2020-07-14 22:00","2020","07","14","22:00","24.9","","14.2","","51","","0.0","","15","","11","","","","97.65","","28","","","","NA"
"-80.80","46.63","SUDBURY CLIMATE","6068145","2020-07-14 23:00","2020","07","14","23:00","24.5","","15.5","","57","","0.0","","16","","12","","","","97.65","","29","","","","NA"
"-80.80","46.63","SUDBURY CLIMATE","6068145","2020-07-15 00:00","2020","07","15","00:00","22.5","","16.8","","70","","0.0","","23","","14","","","","97.72","","28","","","","NA"
"-80.80","46.63","SUDBURY CLIMATE","6068145","2020-07-15 01:00","2020","07","15","01:00","20.9","","16.1","","74","","0.0","","22","","11","","","","97.74","","26","","","","NA"
"-80.80","46.63","SUDBURY CLIMATE","6068145","2020-07-15 02:00","2020","07","15","02:00","19.2","","15.8","","81","","0.0","","20","","10","","","","97.75","","","","","","NA"
"-80.80","46.63","SUDBURY CLIMATE","6068145","2020-07-15 03:00","2020","07","15","03:00","18.8","","15.6","","82","","0.0","","15","","9","","","","97.74","","","","","","NA"
"-80.80","46.63","SUDBURY CLIMATE","6068145","2020-07-15 04:00","2020","07","15","04:00","17.7","","15.3","","86","","0.0","","15","","12","","","","97.74","","","","","","NA"
"-80.80","46.63","SUDBURY CLIMATE","6068145","2020-07-15 05:00","2020","07","15","05:00","17.7","","15.9","","89","","0.0","","18","","9","","","","97.76","","","","","","NA"
"-80.80","46.63","SUDBURY CLIMATE","6068145","2020-07-15 06:00","2020","07","15","06:00","17.6","","15.7","","89","","0.0","","17","","11","","","","97.75","","","","","","NA"
"-80.80","46.63","SUDBURY CLIMATE","6068145","2020-07-15 07:00","2020","07","15","07:00","17.4","","16.1","","92","","0.0","","18","","12","","","","97.75","","","","","","NA"
"-80.80","46.63","SUDBURY CLIMATE","6068145","2020-07-15 08:00","2020","07","15","08:00","17.3","","16.2","","93","","0.0","","17","","10","","","","97.74","","","","","","NA"
"-80.80","46.63","SUDBURY CLIMATE","6068145","2020-07-15 09:00","2020","07","15","09:00","16.8","","16.3","","97","","0.0","","15","","14","","","","97.69","","","","","","NA"
"-80.80","46.63","SUDBURY CLIMATE","6068145","2020-07-15 10:00","2020","07","15","10:00","16.7","","16.2","","97","","0.0","","15","","15","","","","97.72","","","","","","NA"
"-80.80","46.63","SUDBURY CLIMATE","6068145","2020-07-15 11:00","2020","07","15","11:00","17.3","","16.4","","95","","0.0","","16","","16","","","","97.72","","","","","","NA"
"-80.80","46.63","SUDBURY CLIMATE","6068145","2020-07-15 12:00","2020","07","15","12:00","17.5","","16.5","","93","","0.0","","15","","16","","","","97.72","","","","","","NA"
"-80.80","46.63","SUDBURY CLIMATE","6068145","2020-07-15 13:00","2020","07","15","13:00","18.4","","16.8","","90","","0.0","","16","","15","","","","97.75","","","","","","NA"
"-80.80","46.63","SUDBURY CLIMATE","6068145","2020-07-15 14:00","2020","07","15","14:00","20.3","","17.3","","83","","0.0","","17","","23","","","","97.74","","26","","","","NA"
"-80.80","46.63","SUDBURY CLIMATE","6068145","2020-07-15 15:00","2020","07","15","15:00","22.4","","17.4","","73","","0.0","","19","","27","","","","97.75","","28","","","","NA"
"-80.80","46.63","SUDBURY CLIMATE","6068145","2020-07-15 16:00","2020","07","15","16:00","23.8","","17.3","","67","","0.0","","19","","27","","","","97.72","","29","","","","NA"
"-80.80","46.63","SUDBURY CLIMATE","6068145","2020-07-15 17:00","2020","07","15","17:00","23.0","","15.3","","62","","0.0","","20","","27","","","","97.78","","27","","","","NA"
"-80.80","46.63","SUDBURY CLIMATE","6068145","2020-07-15 18:00","2020","07","15","18:00","23.5","","16.3","","64","","0.0","","18","","23","","","","97.74","","28","","","","NA"
"-80.80","46.63","SUDBURY CLIMATE","6068145","2020-07-15 19:00","2020","07","15","19:00","23.0","","16.0","","65","","0.0","","19","","33","","","","97.73","","28","","","","NA"
"-80.80","46.63","SUDBURY CLIMATE","6068145","2020-07-15 20:00","2020","07","15","20:00","23.0","","16.2","","66","","0.0","","18","","26","","","","97.68","","28","","","","NA"
"-80.80","46.63","SUDBURY CLIMATE","6068145","2020-07-15 21:00","2020","07","15","21:00","21.1","","18.6","","85","","0.3","","18","","17","","","","97.68","","28","","","","NA"
"-80.80","46.63","SUDBURY CLIMATE","6068145","2020-07-15 22:00","2020","07","15","22:00","21.3","","18.8","","86","","0.2","","17","","14","","","","97.61","","28","","","","NA"
"-80.80","46.63","SUDBURY CLIMATE","6068145","2020-07-15 23:00","2020","07","15","23:00","21.1","","18.1","","83","","0.0","","16","","13","","","","97.54","","27","","","","NA"
"-80.80","46.63","SUDBURY CLIMATE","6068145","2020-07-16 00:00","2020","07","16","00:00","21.1","","18.5","","85","","0.0","","16","","10","","","","97.59","","27","","","","NA"
"-80.80","46.63","SUDBURY CLIMATE","6068145","2020-07-16 01:00","2020","07","16","01:00","19.3","","18.7","","96","","0.6","","33","","7","","","","97.72","","","","","","NA"
"-80.80","46.63","SUDBURY CLIMATE","6068145","2020-07-16 02:00","2020","07","16","02:00","19.1","","18.8","","98","","1.0","","2","","11","","","","97.68","","","","","","NA"
"-80.80","46.63","SUDBURY CLIMATE","6068145","2020-07-16 03:00","2020","07","16","03:00","18.9","","18.5","","98","","1.0","","32","","7","","","","97.75","","","","","","NA"
"-80.80","46.63","SUDBURY CLIMATE","6068145","2020-07-16 04:00","2020","07","16","04:00","17.1","","16.8","","98","","3.8","","1","","10","","","","97.67","","","","","","NA"
"-80.80","46.63","SUDBURY CLIMATE","6068145","2020-07-16 05:00","2020","07","16","05:00","17.4","","17.2","","99","","11.7","","5","","6","","","","97.64","","","","","","NA"
"-80.80","46.63","SUDBURY CLIMATE","6068145","2020-07-16 06:00","2020","07","16","06:00","17.6","","17.5","","99","","12.1","","0","","1","","","","97.59","","","","","","NA"
"-80.80","46.63","SUDBURY CLIMATE","6068145","2020-07-16 07:00","2020","07","16","07:00","17.9","","17.6","","98","","0.5","","11","","10","","","","97.51","","","","","","NA"
"-80.80","46.63","SUDBURY CLIMATE","6068145","2020-07-16 08:00","2020","07","16","08:00","17.7","","17.5","","99","","0.0","","12","","11","","","","97.52","","","","","","NA"
"-80.80","46.63","SUDBURY CLIMATE","6068145","2020-07-16 09:00","2020","07","16","09:00","17.7","","17.6","","99","","4.2","","2","","4","","","","97.54","","","","","","NA"
"-80.80","46.63","SUDBURY CLIMATE","6068145","2020-07-16 10:00","2020","07","16","10:00","17.8","","17.6","","99","","0.6","","12","","3","","","","97.56","","","","","","NA"
"-80.80","46.63","SUDBURY CLIMATE","6068145","2020-07-16 11:00","2020","07","16","11:00","17.7","","17.5","","99","","0.3","","13","","8","","","","97.58","","","","","","NA"
"-80.80","46.63","SUDBURY CLIMATE","6068145","2020-07-16 12:00","2020","07","16","12:00","17.8","","17.6","","99","","0.6","","10","","3","","","","97.55","","","","","","NA"
"-80.80","46.63","SUDBURY CLIMATE","6068145","2020-07-16 13:00","2020","07","16","13:00","18.2","","17.8","","98","","0.0","","14","","5","","","","97.58","","","","","","NA"
"-80.80","46.63","SUDBURY CLIMATE","6068145","2020-07-16 14:00","2020","07","16","14:00","19.1","","18.3","","95","","0.0","","0","","1","","","","97.58","","","","","","NA"
"-80.80","46.63","SUDBURY CLIMATE","6068145","2020-07-16 15:00","2020","07","16","15:00","20.3","","18.5","","89","","0.0","","5","","5","","","","97.56","","27","","","","NA"
"-80.80","46.63","SUDBURY CLIMATE","6068145","2020-07-16 16:00","2020","07","16","16:00","19.5","","18.1","","92","","0.0","","1","","11","","","","97.59","","","","","","NA"
"-80.80","46.63","SUDBURY CLIMATE","6068145","2020-07-16 17:00","2020","07","16","17:00","18.6","","18.1","","97","","1.0","","2","","9","","","","97.62","","","","","","NA"
"-80.80","46.63","SUDBURY CLIMATE","6068145","2020-07-16 18:00","2020","07","16","18:00","19.6","","18.5","","93","","0.0","","3","","8","","","","97.60","","","","","","NA"
"-80.80","46.63","SUDBURY CLIMATE","6068145","2020-07-16 19:00","2020","07","16","19:00","21.1","","18.8","","87","","0.0","","4","","8","","","","97.53","","28","","","","NA"
"-80.80","46.63","SUDBURY CLIMATE","6068145","2020-07-16 20:00","2020","07","16","20:00","23.5","","17.7","","70","","0.0","","11","","4","","","","97.50","","29","","","","NA"
"-80.80","46.63","SUDBURY CLIMATE","6068145","2020-07-16 21:00","2020","07","16","21:00","23.7","","17.3","","68","","0.0","","17","","5","","","","97.47","","29","","","","NA"
"-80.80","46.63","SUDBURY CLIMATE","6068145","2020-07-16 22:00","2020","07","16","22:00","24.2","","16.6","","63","","0.0","","18","","8","","","","97.42","","29","","","","NA"
"-80.80","46.63","SUDBURY CLIMATE","6068145","2020-07-16 23:00","2020","07","16","23:00","22.7","","18.6","","78","","0.0","","18","","17","","","","97.41","","29","","","","NA"
"-80.80","46.63","SUDBURY CLIMATE","6068145","2020-07-17 00:00","2020","07","17","00:00","22.4","","18.1","","77","","0.0","","18","","12","","","","97.37","","28","","","","NA"
"-80.80","46.63","SUDBURY CLIMATE","6068145","2020-07-17 01:00","2020","07","17","01:00","20.3","","18.5","","89","","0.0","","20","","12","","","","97.41","","27","","","","NA"
"-80.80","46.63","SUDBURY CLIMATE","6068145","2020-07-17 02:00","2020","07","17","02:00","19.4","","18.2","","93","","0.0","","20","","11","","","","97.42","","","","","","NA"
"-80.80","46.63","SUDBURY CLIMATE","6068145","2020-07-17 03:00","2020","07","17","03:00","18.2","","17.8","","97","","0.0","","21","","11","","","","97.41","","","","","","NA"
"-80.80","46.63","SUDBURY CLIMATE","6068145","2020-07-17 04:00","2020","07","17","04:00","17.9","","17.6","","99","","0.0","","23","","12","","","","97.41","","","","","","NA"
"-80.80","46.63","SUDBURY CLIMATE","6068145","2020-07-17 05:00","2020","07","17","05:00","17.9","","17.4","","97","","0.0","","25","","8","","","","97.40","","","","","","NA"
"-80.80","46.63","SUDBURY CLIMATE","6068145","2020-07-17 06:00","2020","07","17","06:00","17.4","","17.1","","98","","0.0","","25","","8","","","","97.39","","","","","","NA"
"-80.80","46.63","SUDBURY CLIMATE","6068145","2020-07-17 07:00","2020","07","17","07:00","16.4","","16.3","","99","","0.0","","27","","3","","","","97.42","","","","","","NA"
"-80.80","46.63","SUDBURY CLIMATE","6068145","2020-07-17 08:00","2020","07","17","08:00","16.1","","16.0","","99","","0.0","","29","","3","","","","97.43","","","","","","NA"
"-80.80","46.63","SUDBURY CLIMATE","6068145","2020-07-17 09:00","2020","07","17","09:00","16.4","","15.6","","95","","0.0","","26","","9","","","","97.44","","","","","","NA"
"-80.80","46.63","SUDBURY CLIMATE","6068145","2020-07-17 10:00","2020","07","17","10:00","15.1","","14.4","","95","","0.0","","24","","5","","","","97.47","","","","","","NA"
"-80.80","46.63","SUDBURY CLIMATE","6068145","2020-07-17 11:00","2020","07","17","11:00","15.7","","15.0","","96","","0.0","","22","","9","","","","97.50","","","","","","NA"
"-80.80","46.63","SUDBURY CLIMATE","6068145","2020-07-17 12:00","2020","07","17","12:00","17.4","","16.2","","93","","0.0","","23","","10","","","","97.53","","","","","","NA"
"-80.80","46.63","SUDBURY CLIMATE","6068145","2020-07-17 13:00","2020","07","17","13:00","19.9","","15.6","","76","","0.0","","24","","13","","","","97.54","","","","","","NA"
"-80.80","46.63","SUDBURY CLIMATE","6068145","2020-07-17 14:00","2020","07","17","14:00","21.1","","15.9","","73","","0.0","","23","","14","","","","97.53","","26","","","","NA"
"-80.80","46.63","SUDBURY CLIMATE","6068145","2020-07-17 15:00","2020","07","17","15:00","22.9","","16.2","","66","","0.0","","24","","15","","","","97.50","","28","","","","NA"
"-80.80","46.63","SUDBURY CLIMATE","6068145","2020-07-17 16:00","2020","07","17","16:00","24.3","","15.9","","60","","0.0","","24","","20","","","","97.49","","29","","","","NA"
"-80.80","46.63","SUDBURY CLIMATE","6068145","2020-07-17 17:00","2020","07","17","17:00","26.2","","16.6","","56","","0.0","","22","","22","","","","97.48","","31","","","","NA"
"-80.80","46.63","SUDBURY CLIMATE","6068145","2020-07-17 18:00","2020","07","17","18:00","26.5","","17.2","","57","","0.0","","23","","21","","","","97.48","","32","","","","NA"
"-80.80","46.63","SUDBURY CLIMATE","6068145","2020-07-17 19:00","2020","07","17","19:00","27.1","","18.1","","58","","0.0","","22","","27","","","","97.45","","33","","","","NA"
"-80.80","46.63","SUDBURY CLIMATE","6068145","2020-07-17 20:00","2020","07","17","20:00","26.7","","17.1","","55","","0.0","","24","","23","","","","97.44","","32","","","","NA"
"-80.80","46.63","SUDBURY CLIMATE","6068145","2020-07-17 21:00","2020","07","17","21:00","26.9","","17.4","","56","","0.0","","23","","25","","","","97.39","","32","","","","NA"
"-80.80","46.63","SUDBURY CLIMATE","6068145","2020-07-17 22:00","2020","07","17","22:00","26.3","","17.6","","59","","0.0","","23","","26","","","","97.39","","32","","","","NA"
"-80.80","46.63","SUDBURY CLIMATE","6068145","2020-07-17 23:00","2020","07","17","23:00","25.8","","17.8","","62","","0.0","","23","","21","","","","97.40","","32","","","","NA"
"-80.80","46.63","SUDBURY CLIMATE","6068145","2020-07-18 00:00","2020","07","18","00:00","24.8","","17.8","","65","","0.0","","23","","12","","","","97.40","","31","","","","NA"
"-80.80","46.63","SUDBURY CLIMATE","6068145","2020-07-18 01:00","2020","07","18","01:00","22.3","","17.7","","76","","0.0","","22","","12","","","","97.43","","28","","","","NA"
"-80.80","46.63","SUDBURY CLIMATE","6068145","2020-07-18 02:00","2020","07","18","02:00","21.2","","17.3","","78","","0.0","","22","","13","","","","97.45","","27","","","","NA"
"-80.80","46.63","SUDBURY CLIMATE","6068145","2020-07-18 03:00","2020","07","18","03:00","20.6","","17.4","","82","","0.0","","23","","9","","","","97.51","","26","","","","NA"
"-80.80","46.63","SUDBURY CLIMATE","6068145","2020-07-18 04:00","2020","07","18","04:00","19.8","","17.2","","85","","0.0","","26","","6","","","","97.55","","","","","","NA"
"-80.80","46.63","SUDBURY CLIMATE","6068145","2020-07-18 05:00","2020","07","18","05:00","18.8","","17.0","","89","","0.0","","25","","7","","","","97.53","","","","","","NA"
"-80.80","46.63","SUDBURY CLIMATE","6068145","2020-07-18 06:00","2020","07","18","06:00","16.9","","15.9","","94","","0.0","","24","","5","","","","97.47","","","","","","NA"
"-80.80","46.63","SUDBURY CLIMATE","6068145","2020-07-18 07:00","2020","07","18","07:00","16.8","","16.3","","97","","0.0","","26","","7","","","","97.46","","","","","","NA"
"-80.80","46.63","SUDBURY CLIMATE","6068145","2020-07-18 08:00","2020","07","18","08:00","16.4","","16.1","","99","","0.0","","28","","6","","","","97.54","","","","","","NA"
"-80.80","46.63","SUDBURY CLIMATE","6068145","2020-07-18 09:00","2020","07","18","09:00","15.8","","15.6","","99","","0.0","","29","","5","","","","97.53","","","","","","NA"
"-80.80","46.63","SUDBURY CLIMATE","6068145","2020-07-18 10:00","2020","07","18","10:00","13.9","","13.7","","99","","0.0","","29","","5","","","","97.54","","","","","","NA"
"-80.80","46.63","SUDBURY CLIMATE","6068145","2020-07-18 11:00","2020","07","18","11:00","16.3","","15.5","","95","","0.0","","24","","8","","","","97.59","","","","","","NA"
"-80.80","46.63","SUDBURY CLIMATE","6068145","2020-07-18 12:00","2020","07","18","12:00","18.3","","15.6","","84","","0.0","","","","0","","","","97.53","","","","","","NA"
"-80.80","46.63","SUDBURY CLIMATE","6068145","2020-07-18 13:00","2020","07","18","13:00","22.2","","15.6","","66","","0.0","","15","","4","","","","97.47","","27","","","","NA"
"-80.80","46.63","SUDBURY CLIMATE","6068145","2020-07-18 14:00","2020","07","18","14:00","23.6","","13.7","","54","","0.0","","17","","12","","","","97.45","","27","","","","NA"
"-80.80","46.63","SUDBURY CLIMATE","6068145","2020-07-18 15:00","2020","07","18","15:00","25.0","","15.8","","57","","0.0","","21","","15","","","","97.45","","29","","","","NA"
"-80.80","46.63","SUDBURY CLIMATE","6068145","2020-07-18 16:00","2020","07","18","16:00","25.4","","15.6","","55","","0.0","","21","","19","","","","97.43","","30","","","","NA"
"-80.80","46.63","SUDBURY CLIMATE","6068145","2020-07-18 17:00","2020","07","18","17:00","24.8","","16.6","","60","","0.0","","21","","25","","","","97.42","","30","","","","NA"
"-80.80","46.63","SUDBURY CLIMATE","6068145","2020-07-18 18:00","2020","07","18","18:00","24.1","","16.3","","62","","0.0","","20","","20","","","","97.40","","29","","","","NA"
"-80.80","46.63","SUDBURY CLIMATE","6068145","2020-07-18 19:00","2020","07","18","19:00","23.9","","17.2","","66","","0.0","","18","","31","","","","97.19","","29","","","","NA"
"-80.80","46.63","SUDBURY CLIMATE","6068145","2020-07-18 20:00","2020","07","18","20:00","22.4","","18.7","","80","","0.6","","18","","22","","","","97.15","","29","","","","NA"
"-80.80","46.63","SUDBURY CLIMATE","6068145","2020-07-18 21:00","2020","07","18","21:00","20.9","","19.5","","92","","1.7","","18","","24","","","","97.12","","28","","","","NA"
"-80.80","46.63","SUDBURY CLIMATE","6068145","2020-07-18 22:00","2020","07","18","22:00","20.1","","19.5","","96","","4.6","","20","","15","","","","97.10","","27","","","","NA"
"-80.80","46.63","SUDBURY CLIMATE","6068145","2020-07-18 23:00","2020","07","18","23:00","19.8","","19.3","","97","","2.4","","17","","24","","","","96.99","","","","","","NA"
"-80.80","46.63","SUDBURY CLIMATE","6068145","2020-07-19 00:00","2020","07","19","00:00","19.2","","18.8","","98","","6.2","","17","","31","","","","96.92","","","","","","NA"
"-80.80","46.63","SUDBURY CLIMATE","6068145","2020-07-19 01:00","2020","07","19","01:00","19.4","","18.9","","97","","1.9","","17","","25","","","","96.83","","","","","","NA"
"-80.80","46.63","SUDBURY CLIMATE","6068145","2020-07-19 02:00","2020","07","19","02:00","20.0","","19.4","","97","","0.0","","19","","27","","","","96.85","","27","","","","NA"
"-80.80","46.63","SUDBURY CLIMATE","6068145","2020-07-19 03:00","2020","07","19","03:00","19.8","","19.4","","97","","0.0","","20","","22","","","","96.83","","","","","","NA"
"-80.80","46.63","SUDBURY CLIMATE","6068145","2020-07-19 04:00","2020","07","19","04:00","19.4","","18.8","","97","","0.4","","20","","22","","","","96.81","","","","","","NA"
"-80.80","46.63","SUDBURY CLIMATE","6068145","2020-07-19 05:00","2020","07","19","05:00","19.3","","18.6","","96","","0.0","","21","","14","","","","96.70","","","","","","NA"
"-80.80","46.63","SUDBURY CLIMATE","6068145","2020-07-19 06:00","2020","07","19","06:00","19.1","","18.6","","97","","0.0","","21","","8","","","","96.72","","","","","","NA"
"-80.80","46.63","SUDBURY CLIMATE","6068145","2020-07-19 07:00","2020","07","19","07:00","18.3","","18.1","","99","","0.0","","19","","7","","","","96.69","","","","","","NA"
"-80.80","46.63","SUDBURY CLIMATE","6068145","2020-07-19 08:00","2020","07","19","08:00","18.5","","18.4","","99","","0.0","","17","","6","","","","96.62","","","","","","NA"
"-80.80","46.63","SUDBURY CLIMATE","6068145","2020-07-19 09:00","2020","07","19","09:00","18.0","","17.9","","99","","0.0","","17","","5","","","","96.57","","","","","","NA"
"-80.80","46.63","SUDBURY CLIMATE","6068145","2020-07-19 10:00","2020","07","19","10:00","18.5","","18.4","","99","","0.0","","18","","6","","","","96.56","","","","","","NA"
"-80.80","46.63","SUDBURY CLIMATE","6068145","2020-07-19 11:00","2020","07","19","11:00","18.8","","18.7","","99","","0.0","","16","","10","","","","96.47","","","","","","NA"
"-80.80","46.63","SUDBURY CLIMATE","6068145","2020-07-19 12:00","2020","07","19","12:00","18.8","","18.7","","99","","0.0","","19","","11","","","","96.46","","","","","","NA"
"-80.80","46.63","SUDBURY CLIMATE","6068145","2020-07-19 13:00","2020","07","19","13:00","19.3","","19.2","","99","","1.2","","16","","6","","","","96.37","","","","","","NA"
"-80.80","46.63","SUDBURY CLIMATE","6068145","2020-07-19 14:00","2020","07","19","14:00","19.5","","19.4","","99","","2.2","","15","","23","","","","96.21","","","","","","NA"
"-80.80","46.63","SUDBURY CLIMATE","6068145","2020-07-19 15:00","2020","07","19","15:00","19.7","","19.3","","97","","0.4","","15","","24","","","","95.98","","","","","","NA"
"-80.80","46.63","SUDBURY CLIMATE","6068145","2020-07-19 16:00","2020","07","19","16:00","22.4","","20.2","","87","","0.0","","22","","14","","","","96.16","","30","","","","NA"
"-80.80","46.63","SUDBURY CLIMATE","6068145","2020-07-19 17:00","2020","07","19","17:00","24.2","","21.3","","84","","0.0","","21","","24","","","","96.20","","33","","","","NA"
"-80.80","46.63","SUDBURY CLIMATE","6068145","2020-07-19 18:00","2020","07","19","18:00","24.3","","20.5","","80","","0.0","","22","","26","","","","96.23","","32","","","","NA"
"-80.80","46.63","SUDBURY CLIMATE","6068145","2020-07-19 19:00","2020","07","19","19:00","23.9","","20.1","","79","","0.0","","22","","26","","","","96.25","","32","","","","NA"
"-80.80","46.63","SUDBURY CLIMATE","6068145","2020-07-19 20:00","2020","07","19","20:00","23.0","","19.5","","80","","0.0","","22","","28","","","","96.24","","30","","","","NA"
"-80.80","46.63","SUDBURY CLIMATE","6068145","2020-07-19 21:00","2020","07","19","21:00","23.0","","19.0","","79","","0.0","","23","","25","","","","96.26","","30","","","","NA"
"-80.80","46.63","SUDBURY CLIMATE","6068145","2020-07-19 22:00","2020","07","19","22:00","22.5","","19.7","","84","","0.0","","20","","25","","","","96.23","","30","","","","NA"
"-80.80","46.63","SUDBURY CLIMATE","6068145","2020-07-19 23:00","2020","07","19","23:00","23.2","","19.9","","82","","0.0","","21","","24","","","","96.21","","31","","","","NA"
"-80.80","46.63","SUDBURY CLIMATE","6068145","2020-07-20 00:00","2020","07","20","00:00","22.7","","19.9","","84","","0.0","","23","","22","","","","96.26","","30","","","","NA"
"-80.80","46.63","SUDBURY CLIMATE","6068145","2020-07-20 01:00","2020","07","20","01:00","22.0","","13.0","","57","","0.0","","26","","15","","","","96.30","","25","","","","NA"
"-80.80","46.63","SUDBURY CLIMATE","6068145","2020-07-20 02:00","2020","07","20","02:00","21.1","","12.9","","59","","0.0","","26","","8","","","","96.43","","","","","","NA"
"-80.80","46.63","SUDBURY CLIMATE","6068145","2020-07-20 03:00","2020","07","20","03:00","19.1","","13.6","","70","","0.0","","28","","6","","","","96.47","","","","","","NA"
"-80.80","46.63","SUDBURY CLIMATE","6068145","2020-07-20 04:00","2020","07","20","04:00","18.2","","13.9","","76","","0.0","","27","","5","","","","96.48","","","","","","NA"
"-80.80","46.63","SUDBURY CLIMATE","6068145","2020-07-20 05:00","2020","07","20","05:00","17.0","","12.9","","77","","0.0","","24","","4","","","","96.47","","","","","","NA"
"-80.80","46.63","SUDBURY CLIMATE","6068145","2020-07-20 06:00","2020","07","20","06:00","17.3","","14.2","","82","","0.0","","23","","16","","","","96.45","","","","","","NA"
"-80.80","46.63","SUDBURY CLIMATE","6068145","2020-07-20 07:00","2020","07","20","07:00","17.8","","14.8","","83","","0.0","","23","","17","","","","96.46","","","","","","NA"
"-80.80","46.63","SUDBURY CLIMATE","6068145","2020-07-20 08:00","2020","07","20","08:00","17.4","","13.9","","80","","0.0","","23","","19","","","","96.52","","","","","","NA"
"-80.80","46.63","SUDBURY CLIMATE","6068145","2020-07-20 09:00","2020","07","20","09:00","17.5","","13.3","","76","","0.0","","25","","18","","","","96.57","","","","","","NA"
"-80.80","46.63","SUDBURY CLIMATE","6068145","2020-07-20 10:00","2020","07","20","10:00","16.3","","13.1","","81","","0.0","","25","","13","","","","96.63","","","","","","NA"
"-80.80","46.63","SUDBURY CLIMATE","6068145","2020-07-20 11:00","2020","07","20","11:00","16.5","","12.7","","78","","0.0","","25","","12","","","","96.68","","","","","","NA"
"-80.80","46.63","SUDBURY CLIMATE","6068145","2020-07-20 12:00","2020","07","20","12:00","16.6","","13.1","","80","","0.0","","26","","15","","","","96.74","","","","","","NA"
"-80.80","46.63","SUDBURY CLIMATE","6068145","2020-07-20 13:00","2020","07","20","13:00","18.0","","13.8","","76","","0.0","","27","","13","","","","96.77","","","","","","NA"
"-80.80","46.63","SUDBURY CLIMATE","6068145","2020-07-20 14:00","2020","07","20","14:00","18.7","","14.1","","75","","0.0","","28","","11","","","","96.84","","","","","","NA"
"-80.80","46.63","SUDBURY CLIMATE","6068145","2020-07-20 15:00","2020","07","20","15:00","18.3","","14.1","","77","","0.0","","26","","10","","","","96.92","","","","","","NA"
"-80.80","46.63","SUDBURY CLIMATE","6068145","2020-07-20 16:00","2020","07","20","16:00","17.9","","14.9","","83","","0.0","","30","","7","","","","97.00","","","","","","NA"
"-80.80","46.63","SUDBURY CLIMATE","6068145","2020-07-20 17:00","2020","07","20","17:00","18.7","","13.5","","72","","0.0","","32","","15","","","","97.03","","","","","","NA"
"-80.80","46.63","SUDBURY CLIMATE","6068145","2020-07-20 18:00","2020","07","20","18:00","19.0","","13.2","","69","","0.0","","33","","13","","","","97.08","","","","","","NA"
"-80.80","46.63","SUDBURY CLIMATE","6068145","2020-07-20 19:00","2020","07","20","19:00","18.5","","13.2","","71","","0.0","","32","","11","","","","97.20","","","","","","NA"
"-80.80","46.63","SUDBURY CLIMATE","6068145","2020-07-20 20:00","2020","07","20","20:00","19.1","","13.2","","69","","0.0","","34","","10","","","","97.24","","","","","","NA"
"-80.80","46.63","SUDBURY CLIMATE","6068145","2020-07-20 21:00","2020","07","20","21:00","18.2","","11.7","","66","","0.0","","33","","14","","","","97.27","","","","","","NA"
"-80.80","46.63","SUDBURY CLIMATE","6068145","2020-07-20 22:00","2020","07","20","22:00","17.3","","11.9","","71","","0.0","","34","","12","","","","97.31","","","","","","NA"
"-80.80","46.63","SUDBURY CLIMATE","6068145","2020-07-20 23:00","2020","07","20","23:00","17.6","","11.3","","67","","0.0","","33","","6","","","","97.35","","","","","","NA"
"-80.80","46.63","SUDBURY CLIMATE","6068145","2020-07-21 00:00","2020","07","21","00:00","16.7","","11.2","","70","","0.0","","34","","8","","","","97.36","","","","","","NA"
"-80.80","46.63","SUDBURY CLIMATE","6068145","2020-07-21 01:00","2020","07","21","01:00","14.8","","11.3","","80","","0.0","","34","","5","","","","97.40","","","","","","NA"
"-80.80","46.63","SUDBURY CLIMATE","6068145","2020-07-21 02:00","2020","07","21","02:00","13.2","","10.9","","86","","0.0","","32","","5","","","","97.49","","","","","","NA"
"-80.80","46.63","SUDBURY CLIMATE","6068145","2020-07-21 03:00","2020","07","21","03:00","12.0","","11.0","","94","","0.0","","29","","5","","","","97.53","","","","","","NA"
"-80.80","46.63","SUDBURY CLIMATE","6068145","2020-07-21 04:00","2020","07","21","04:00","13.4","","12.3","","93","","0.0","","28","","6","","","","97.57","","","","","","NA"
"-80.80","46.63","SUDBURY CLIMATE","6068145","2020-07-21 05:00","2020","07","21","05:00","14.1","","12.2","","89","","0.0","","34","","6","","","","97.56","","","","","","NA"
"-80.80","46.63","SUDBURY CLIMATE","6068145","2020-07-21 06:00","2020","07","21","06:00","14.3","","12.8","","91","","0.0","","35","","4","","","","97.58","","","","","","NA"
"-80.80","46.63","SUDBURY CLIMATE","6068145","2020-07-21 07:00","2020","07","21","07:00","14.0","","12.6","","91","","0.0","","34","","2","","","","97.61","","","","","","NA"
"-80.80","46.63","SUDBURY CLIMATE","6068145","2020-07-21 08:00","2020","07","21","08:00","13.9","","12.7","","92","","0.0","","30","","6","","","","97.63","","","","","","NA"
"-80.80","46.63","SUDBURY CLIMATE","6068145","2020-07-21 09:00","2020","07","21","09:00","13.7","","12.5","","93","","0.0","","29","","6","","","","97.65","","","","","","NA"
"-80.80","46.63","SUDBURY CLIMATE","6068145","2020-07-21 10:00","2020","07","21","10:00","12.2","","11.4","","95","","0.0","","31","","6","","","","97.69","","","","","","NA"
"-80.80","46.63","SUDBURY CLIMATE","6068145","2020-07-21 11:00","2020","07","21","11:00","14.2","","12.6","","90","","0.0","","33","","5","","","","97.74","","","","","","NA"
"-80.80","46.63","SUDBURY CLIMATE","6068145","2020-07-21 12:00","2020","07","21","12:00","16.0","","12.8","","81","","0.0","","32","","2","","","","97.79","","","","","","NA"
"-80.80","46.63","SUDBURY CLIMATE","6068145","2020-07-21 13:00","2020","07","21","13:00","17.3","","11.7","","70","","0.0","","1","","7","","","","97.81","","","","","","NA"
"-80.80","46.63","SUDBURY CLIMATE","6068145","2020-07-21 14:00","2020","07","21","14:00","18.3","","12.2","","67","","0.0","","4","","4","","","","97.84","","","","","","NA"
"-80.80","46.63","SUDBURY CLIMATE","6068145","2020-07-21 15:00","2020","07","21","15:00","18.4","","11.7","","65","","0.0","","30","","2","","","","97.82","","","","","","NA"
"-80.80","46.63","SUDBURY CLIMATE","6068145","2020-07-21 16:00","2020","07","21","16:00","19.7","","11.3","","59","","0.0","","21","","4","","","","97.83","","","","","","NA"
"-80.80","46.63","SUDBURY CLIMATE","6068145","2020-07-21 17:00","2020","07","21","17:00","19.7","","11.1","","58","","0.0","","14","","9","","","","97.80","","","","","","NA"
"-80.80","46.63","SUDBURY CLIMATE","6068145","2020-07-21 18:00","2020","07","21","18:00","20.7","","11.0","","54","","0.0","","17","","8","","","","97.79","","","","","","NA"
"-80.80","46.63","SUDBURY CLIMATE","6068145","2020-07-21 19:00","2020","07","21","19:00","20.5","","10.6","","53","","0.0","","19","","5","","","","97.77","","","","","","NA"
"-80.80","46.63","SUDBURY CLIMATE","6068145","2020-07-21 20:00","2020","07","21","20:00","21.4","","10.5","","50","","0.0","","23","","8","","","","97.72","","","","","","NA"
"-80.80","46.63","SUDBURY CLIMATE","6068145","2020-07-21 21:00","2020","07","21","21:00","21.6","","8.7","","44","","0.0","","24","","4","","","","97.67","","","","","","NA"
"-80.80","46.63","SUDBURY CLIMATE","6068145","2020-07-21 22:00","2020","07","21","22:00","21.2","","11.7","","55","","0.0","","27","","2","","","","97.66","","","","","","NA"
"-80.80","46.63","SUDBURY CLIMATE","6068145","2020-07-21 23:00","2020","07","21","23:00","21.2","","10.3","","50","","0.0","","22","","2","","","","97.62","","","","","","NA"
"-80.80","46.63","SUDBURY CLIMATE","6068145","2020-07-22 00:00","2020","07","22","00:00","20.2","","12.1","","60","","0.0","","19","","6","","","","97.61","","","","","","NA"
"-80.80","46.63","SUDBURY CLIMATE","6068145","2020-07-22 01:00","2020","07","22","01:00","18.0","","13.2","","74","","0.0","","16","","7","","","","97.60","","","","","","NA"
"-80.80","46.63","SUDBURY CLIMATE","6068145","2020-07-22 02:00","2020","07","22","02:00","16.4","","12.9","","80","","0.0","","20","","8","","","","97.62","","","","","","NA"
"-80.80","46.63","SUDBURY CLIMATE","6068145","2020-07-22 03:00","2020","07","22","03:00","14.5","","12.3","","87","","0.0","","19","","3","","","","97.60","","","","","","NA"
"-80.80","46.63","SUDBURY CLIMATE","6068145","2020-07-22 04:00","2020","07","22","04:00","14.1","","12.6","","91","","0.0","","0","","1","","","","97.60","","","","","","NA"
"-80.80","46.63","SUDBURY CLIMATE","6068145","2020-07-22 05:00","2020","07","22","05:00","16.0","","12.3","","79","","0.0","","30","","7","","","","97.63","","","","","","NA"
"-80.80","46.63","SUDBURY CLIMATE","6068145","2020-07-22 06:00","2020","07","22","06:00","15.5","","13.0","","85","","0.0","","34","","5","","","","97.61","","","","","","NA"
"-80.80","46.63","SUDBURY CLIMATE","6068145","2020-07-22 07:00","2020","07","22","07:00","16.0","","13.1","","83","","0.0","","5","","7","","","","97.53","","","","","","NA"
"-80.80","46.63","SUDBURY CLIMATE","6068145","2020-07-22 08:00","2020","07","22","08:00","15.9","","13.6","","86","","0.0","","3","","7","","","","97.53","","","","","","NA"
"-80.80","46.63","SUDBURY CLIMATE","6068145","2020-07-22 09:00","2020","07","22","09:00","15.6","","14.0","","90","","0.0","","3","","6","","","","97.51","","","","","","NA"
"-80.80","46.63","SUDBURY CLIMATE","6068145","2020-07-22 10:00","2020","07","22","10:00","15.8","","13.6","","87","","0.0","","5","","7","","","","97.51","","","","","","NA"
"-80.80","46.63","SUDBURY CLIMATE","6068145","2020-07-22 11:00","2020","07","22","11:00","15.8","","14.5","","92","","0.0","","4","","7","","","","97.50","","","","","","NA"
"-80.80","46.63","SUDBURY CLIMATE","6068145","2020-07-22 12:00","2020","07","22","12:00","15.8","","15.0","","95","","0.0","","3","","7","","","","97.51","","","","","","NA"
"-80.80","46.63","SUDBURY CLIMATE","6068145","2020-07-22 13:00","2020","07","22","13:00","16.0","","15.1","","94","","0.0","","1","","10","","","","97.50","","","","","","NA"
"-80.80","46.63","SUDBURY CLIMATE","6068145","2020-07-22 14:00","2020","07","22","14:00","15.8","","15.3","","97","","1.3","","2","","6","","","","97.56","","","","","","NA"
"-80.80","46.63","SUDBURY CLIMATE","6068145","2020-07-22 15:00","2020","07","22","15:00","15.9","","14.3","","91","","0.8","","4","","15","","","","97.51","","","","","","NA"
"-80.80","46.63","SUDBURY CLIMATE","6068145","2020-07-22 16:00","2020","07","22","16:00","16.8","","14.4","","86","","0.0","","3","","10","","","","97.49","","","","","","NA"
"-80.80","46.63","SUDBURY CLIMATE","6068145","2020-07-22 17:00","2020","07","22","17:00","16.1","","14.3","","89","","0.0","","8","","23","","","","97.14","","","","","","NA"
"-80.80","46.63","SUDBURY CLIMATE","6068145","2020-07-22 18:00","2020","07","22","18:00","17.3","","15.4","","89","","0.0","","2","","10","","","","97.41","","","","","","NA"
"-80.80","46.63","SUDBURY CLIMATE","6068145","2020-07-22 19:00","2020","07","22","19:00","18.7","","14.9","","79","","0.0","","2","","13","","","","97.40","","","","","","NA"
"-80.80","46.63","SUDBURY CLIMATE","6068145","2020-07-22 20:00","2020","07","22","20:00","18.4","","15.6","","84","","0.0","","4","","12","","","","97.39","","","","","","NA"
"-80.80","46.63","SUDBURY CLIMATE","6068145","2020-07-22 21:00","2020","07","22","21:00","19.0","","15.1","","79","","0.0","","5","","9","","","","97.37","","","","","","NA"
"-80.80","46.63","SUDBURY CLIMATE","6068145","2020-07-22 22:00","2020","07","22","22:00","19.9","","14.7","","72","","0.0","","4","","8","","","","97.36","","","","","","NA"
"-80.80","46.63","SUDBURY CLIMATE","6068145","2020-07-22 23:00","2020","07","22","23:00","18.1","","16.1","","88","","0.0","","5","","8","","","","97.37","","","","","","NA"
"-80.80","46.63","SUDBURY CLIMATE","6068145","2020-07-23 00:00","2020","07","23","00:00","18.3","","15.0","","81","","0.0","","3","","14","","","","97.39","","","","","","NA"
"-80.80","46.63","SUDBURY CLIMATE","6068145","2020-07-23 01:00","2020","07","23","01:00","16.9","","15.2","","89","","0.0","","6","","8","","","","97.41","","","","","","NA"
"-80.80","46.63","SUDBURY CLIMATE","6068145","2020-07-23 02:00","2020","07","23","02:00","16.1","","15.3","","95","","0.0","","3","","9","","","","97.49","","","","","","NA"
"-80.80","46.63","SUDBURY CLIMATE","6068145","2020-07-23 03:00","2020","07","23","03:00","16.5","","15.0","","91","","0.0","","2","","13","","","","97.48","","","","","","NA"
"-80.80","46.63","SUDBURY CLIMATE","6068145","2020-07-23 04:00","2020","07","23","04:00","16.3","","14.1","","87","","0.0","","4","","12","","","","97.51","","","","","","NA"
"-80.80","46.63","SUDBURY CLIMATE","6068145","2020-07-23 05:00","2020","07","23","05:00","14.3","","13.3","","93","","0.0","","0","","1","","","","97.57","","","","","","NA"
"-80.80","46.63","SUDBURY CLIMATE","6068145","2020-07-23 06:00","2020","07","23","06:00","15.3","","14.2","","93","","0.0","","1","","9","","","","97.56","","","","","","NA"
"-80.80","46.63","SUDBURY CLIMATE","6068145","2020-07-23 07:00","2020","07","23","07:00","15.1","","13.7","","91","","0.0","","36","","11","","","","97.59","","","","","","NA"
"-80.80","46.63","SUDBURY CLIMATE","6068145","2020-07-23 08:00","2020","07","23","08:00","14.9","","13.5","","91","","0.0","","1","","14","","","","97.59","","","","","","NA"
"-80.80","46.63","SUDBURY CLIMATE","6068145","2020-07-23 09:00","2020","07","23","09:00","14.9","","13.5","","91","","0.0","","2","","12","","","","97.64","","","","","","NA"
"-80.80","46.63","SUDBURY CLIMATE","6068145","2020-07-23 10:00","2020","07","23","10:00","13.6","","13.0","","96","","0.0","","34","","7","","","","97.69","","","","","","NA"
"-80.80","46.63","SUDBURY CLIMATE","6068145","2020-07-23 11:00","2020","07","23","11:00","13.7","","12.9","","95","","0.0","","35","","7","","","","97.73","","","","","","NA"
"-80.80","46.63","SUDBURY CLIMATE","6068145","2020-07-23 12:00","2020","07","23","12:00","14.4","","13.3","","93","","0.0","","2","","5","","","","97.79","","","","","","NA"
"-80.80","46.63","SUDBURY CLIMATE","6068145","2020-07-23 13:00","2020","07","23","13:00","17.1","","14.3","","84","","0.0","","3","","14","","","","97.83","","","","","","NA"
"-80.80","46.63","SUDBURY CLIMATE","6068145","2020-07-23 14:00","2020","07","23","14:00","18.4","","13.4","","73","","0.0","","2","","12","","","","97.85","","","","","","NA"
"-80.80","46.63","SUDBURY CLIMATE","6068145","2020-07-23 15:00","2020","07","23","15:00","20.3","","12.2","","59","","0.0","","4","","16","","","","97.87","","","","","","NA"
"-80.80","46.63","SUDBURY CLIMATE","6068145","2020-07-23 16:00","2020","07","23","16:00","21.1","","11.4","","54","","0.0","","1","","15","","","","97.90","","","","","","NA"
"-80.80","46.63","SUDBURY CLIMATE","6068145","2020-07-23 17:00","2020","07","23","17:00","21.8","","11.8","","53","","0.0","","3","","13","","","","97.87","","","","","","NA"
"-80.80","46.63","SUDBURY CLIMATE","6068145","2020-07-23 18:00","2020","07","23","18:00","23.0","","12.4","","51","","0.0","","4","","12","","","","97.86","","25","","","","NA"
"-80.80","46.63","SUDBURY CLIMATE","6068145","2020-07-23 19:00","2020","07","23","19:00","23.6","","11.7","","47","","0.0","","1","","10","","","","97.85","","26","","","","NA"
"-80.80","46.63","SUDBURY CLIMATE","6068145","2020-07-23 20:00","2020","07","23","20:00","24.7","","12.3","","46","","0.0","","1","","8","","","","97.86","","27","","","","NA"
"-80.80","46.63","SUDBURY CLIMATE","6068145","2020-07-23 21:00","2020","07","23","21:00","24.6","","11.1","","43","","0.0","","6","","8","","","","97.87","","26","","","","NA"
"-80.80","46.63","SUDBURY CLIMATE","6068145","2020-07-23 22:00","2020","07","23","22:00","24.6","","10.5","","41","","0.0","","6","","9","","","","97.84","","26","","","","NA"
"-80.80","46.63","SUDBURY CLIMATE","6068145","2020-07-23 23:00","2020","07","23","23:00","24.4","","10.3","","41","","0.0","","11","","6","","","","97.83","","26","","","","NA"
"-80.80","46.63","SUDBURY CLIMATE","6068145","2020-07-24 00:00","2020","07","24","00:00","23.7","","11.9","","48","","0.0","","14","","8","","","","97.82","","26","","","","NA"
"-80.80","46.63","SUDBURY CLIMATE","6068145","2020-07-24 01:00","2020","07","24","01:00","19.2","","14.0","","72","","0.0","","13","","6","","","","97.86","","","","","","NA"
"-80.80","46.63","SUDBURY CLIMATE","6068145","2020-07-24 02:00","2020","07","24","02:00","16.9","","13.2","","79","","0.0","","15","","6","","","","97.91","","","","","","NA"
"-80.80","46.63","SUDBURY CLIMATE","6068145","2020-07-24 03:00","2020","07","24","03:00","16.3","","12.5","","78","","0.0","","16","","4","","","","97.98","","","","","","NA"
"-80.80","46.63","SUDBURY CLIMATE","6068145","2020-07-24 04:00","2020","07","24","04:00","16.1","","11.5","","74","","0.0","","18","","6","","","","97.98","","","","","","NA"
"-80.80","46.63","SUDBURY CLIMATE","6068145","2020-07-24 05:00","2020","07","24","05:00","15.2","","11.6","","79","","0.0","","20","","5","","","","98.00","","","","","","NA"
"-80.80","46.63","SUDBURY CLIMATE","6068145","2020-07-24 06:00","2020","07","24","06:00","14.9","","12.5","","85","","0.0","","23","","2","","","","98.00","","","","","","NA"
"-80.80","46.63","SUDBURY CLIMATE","6068145","2020-07-24 07:00","2020","07","24","07:00","14.6","","11.8","","83","","0.0","","23","","6","","","","97.98","","","","","","NA"
"-80.80","46.63","SUDBURY CLIMATE","6068145","2020-07-24 08:00","2020","07","24","08:00","14.1","","12.1","","88","","0.0","","24","","5","","","","98.02","","","","","","NA"
"-80.80","46.63","SUDBURY CLIMATE","6068145","2020-07-24 09:00","2020","07","24","09:00","14.3","","12.7","","90","","0.0","","27","","5","","","","98.04","","","","","","NA"
"-80.80","46.63","SUDBURY CLIMATE","6068145","2020-07-24 10:00","2020","07","24","10:00","14.0","","12.7","","92","","0.0","","28","","7","","","","98.08","","","","","","NA"
"-80.80","46.63","SUDBURY CLIMATE","6068145","2020-07-24 11:00","2020","07","24","11:00","15.8","","14.7","","94","","0.0","","0","","1","","","","98.09","","","","","","NA"
"-80.80","46.63","SUDBURY CLIMATE","6068145","2020-07-24 12:00","2020","07","24","12:00","19.5","","14.8","","74","","0.0","","28","","4","","","","98.10","","","","","","NA"
"-80.80","46.63","SUDBURY CLIMATE","6068145","2020-07-24 13:00","2020","07","24","13:00","21.2","","14.9","","67","","0.0","","30","","7","","","","98.14","","25","","","","NA"
"-80.80","46.63","SUDBURY CLIMATE","6068145","2020-07-24 14:00","2020","07","24","14:00","22.7","","13.8","","57","","0.0","","26","","4","","","","98.14","","26","","","","NA"
"-80.80","46.63","SUDBURY CLIMATE","6068145","2020-07-24 15:00","2020","07","24","15:00","24.8","","13.0","","48","","0.0","","24","","7","","","","98.12","","28","","","","NA"
"-80.80","46.63","SUDBURY CLIMATE","6068145","2020-07-24 16:00","2020","07","24","16:00","26.0","","11.2","","40","","0.0","","24","","6","","","","98.10","","28","","","","NA"
"-80.80","46.63","SUDBURY CLIMATE","6068145","2020-07-24 17:00","2020","07","24","17:00","26.2","","11.2","","39","","0.0","","24","","12","","","","98.07","","28","","","","NA"
"-80.80","46.63","SUDBURY CLIMATE","6068145","2020-07-24 18:00","2020","07","24","18:00","26.7","","11.4","","38","","0.0","","28","","3","","","","98.03","","29","","","","NA"
"-80.80","46.63","SUDBURY CLIMATE","6068145","2020-07-24 19:00","2020","07","24","19:00","27.1","","11.4","","38","","0.0","","23","","12","","","","97.98","","29","","","","NA"
"-80.80","46.63","SUDBURY CLIMATE","6068145","2020-07-24 20:00","2020","07","24","20:00","26.8","","10.8","","37","","0.0","","21","","15","","","","97.94","","28","","","","NA"
"-80.80","46.63","SUDBURY CLIMATE","6068145","2020-07-24 21:00","2020","07","24","21:00","27.3","","12.0","","39","","0.0","","21","","16","","","","97.88","","30","","","","NA"
"-80.80","46.63","SUDBURY CLIMATE","6068145","2020-07-24 22:00","2020","07","24","22:00","26.7","","11.8","","40","","0.0","","26","","9","","","","97.86","","29","","","","NA"
"-80.80","46.63","SUDBURY CLIMATE","6068145","2020-07-24 23:00","2020","07","24","23:00","26.1","","12.7","","44","","0.0","","24","","10","","","","97.84","","29","","","","NA"
"-80.80","46.63","SUDBURY CLIMATE","6068145","2020-07-25 00:00","2020","07","25","00:00","24.6","","13.9","","51","","0.0","","24","","11","","","","97.83","","28","","","","NA"
"-80.80","46.63","SUDBURY CLIMATE","6068145","2020-07-25 01:00","2020","07","25","01:00","21.6","","13.2","","59","","0.0","","23","","14","","","","97.84","","25","","","","NA"
"-80.80","46.63","SUDBURY CLIMATE","6068145","2020-07-25 02:00","2020","07","25","02:00","19.1","","13.5","","70","","0.0","","22","","12","","","","97.81","","","","","","NA"
"-80.80","46.63","SUDBURY CLIMATE","6068145","2020-07-25 03:00","2020","07","25","03:00","18.3","","13.7","","74","","0.0","","22","","13","","","","97.79","","","","","","NA"
"-80.80","46.63","SUDBURY CLIMATE","6068145","2020-07-25 04:00","2020","07","25","04:00","18.1","","12.8","","71","","0.0","","24","","8","","","","97.80","","","","","","NA"
"-80.80","46.63","SUDBURY CLIMATE","6068145","2020-07-25 05:00","2020","07","25","05:00","16.9","","12.8","","77","","0.0","","23","","11","","","","97.83","","","","","","NA"
"-80.80","46.63","SUDBURY CLIMATE","6068145","2020-07-25 06:00","2020","07","25","06:00","16.0","","12.6","","80","","0.0","","23","","9","","","","97.81","","","","","","NA"
"-80.80","46.63","SUDBURY CLIMATE","6068145","2020-07-25 07:00","2020","07","25","07:00","16.0","","12.6","","80","","0.0","","24","","10","","","","97.79","","","","","","NA"
"-80.80","46.63","SUDBURY CLIMATE","6068145","2020-07-25 08:00","2020","07","25","08:00","15.1","","12.0","","82","","0.0","","25","","7","","","","97.76","","","","","","NA"
"-80.80","46.63","SUDBURY CLIMATE","6068145","2020-07-25 09:00","2020","07","25","09:00","14.4","","12.1","","86","","0.0","","24","","6","","","","97.75","","","","","","NA"
"-80.80","46.63","SUDBURY CLIMATE","6068145","2020-07-25 10:00","2020","07","25","10:00","14.0","","12.3","","89","","0.0","","23","","8","","","","97.81","","","","","","NA"
"-80.80","46.63","SUDBURY CLIMATE","6068145","2020-07-25 11:00","2020","07","25","11:00","15.3","","13.8","","91","","0.0","","23","","7","","","","97.83","","","","","","NA"
"-80.80","46.63","SUDBURY CLIMATE","6068145","2020-07-25 12:00","2020","07","25","12:00","17.3","","14.0","","81","","0.0","","23","","10","","","","97.83","","","","","","NA"
"-80.80","46.63","SUDBURY CLIMATE","6068145","2020-07-25 13:00","2020","07","25","13:00","20.7","","15.3","","71","","0.0","","23","","13","","","","97.79","","25","","","","NA"
"-80.80","46.63","SUDBURY CLIMATE","6068145","2020-07-25 14:00","2020","07","25","14:00","22.3","","15.5","","65","","0.0","","24","","18","","","","97.69","","27","","","","NA"
"-80.80","46.63","SUDBURY CLIMATE","6068145","2020-07-25 15:00","2020","07","25","15:00","23.8","","16.3","","63","","0.0","","23","","21","","","","97.66","","29","","","","NA"
"-80.80","46.63","SUDBURY CLIMATE","6068145","2020-07-25 16:00","2020","07","25","16:00","24.6","","15.8","","58","","0.0","","23","","22","","","","97.63","","29","","","","NA"
"-80.80","46.63","SUDBURY CLIMATE","6068145","2020-07-25 17:00","2020","07","25","17:00","27.0","","18.0","","58","","0.0","","23","","19","","","","97.61","","33","","","","NA"
"-80.80","46.63","SUDBURY CLIMATE","6068145","2020-07-25 18:00","2020","07","25","18:00","26.7","","17.7","","58","","0.0","","23","","25","","","","97.56","","32","","","","NA"
"-80.80","46.63","SUDBURY CLIMATE","6068145","2020-07-25 19:00","2020","07","25","19:00","28.5","","18.7","","56","","0.0","","22","","27","","","","97.53","","35","","","","NA"
"-80.80","46.63","SUDBURY CLIMATE","6068145","2020-07-25 20:00","2020","07","25","20:00","27.6","","17.8","","55","","0.0","","22","","25","","","","97.50","","33","","","","NA"
"-80.80","46.63","SUDBURY CLIMATE","6068145","2020-07-25 21:00","2020","07","25","21:00","27.6","","18.2","","56","","0.0","","22","","28","","","","97.47","","34","","","","NA"
"-80.80","46.63","SUDBURY CLIMATE","6068145","2020-07-25 22:00","2020","07","25","22:00","27.1","","18.7","","60","","0.0","","23","","26","","","","97.45","","34","","","","NA"
"-80.80","46.63","SUDBURY CLIMATE","6068145","2020-07-25 23:00","2020","07","25","23:00","25.8","","18.9","","66","","0.0","","23","","24","","","","97.41","","32","","","","NA"
"-80.80","46.63","SUDBURY CLIMATE","6068145","2020-07-26 00:00","2020","07","26","00:00","24.7","","18.5","","68","","0.0","","23","","22","","","","97.39","","31","","","","NA"
"-80.80","46.63","SUDBURY CLIMATE","6068145","2020-07-26 01:00","2020","07","26","01:00","23.0","","18.3","","75","","0.0","","21","","18","","","","97.38","","29","","","","NA"
"-80.80","46.63","SUDBURY CLIMATE","6068145","2020-07-26 02:00","2020","07","26","02:00","22.0","","18.4","","80","","0.0","","21","","19","","","","97.39","","28","","","","NA"
"-80.80","46.63","SUDBURY CLIMATE","6068145","2020-07-26 03:00","2020","07","26","03:00","21.2","","18.0","","82","","0.0","","21","","17","","","","97.39","","27","","","","NA"
"-80.80","46.63","SUDBURY CLIMATE","6068145","2020-07-26 04:00","2020","07","26","04:00","20.6","","17.8","","84","","0.0","","21","","18","","","","97.34","","26","","","","NA"
"-80.80","46.63","SUDBURY CLIMATE","6068145","2020-07-26 05:00","2020","07","26","05:00","20.1","","17.8","","87","","0.0","","20","","18","","","","97.27","","26","","","","NA"
"-80.80","46.63","SUDBURY CLIMATE","6068145","2020-07-26 06:00","2020","07","26","06:00","19.4","","17.6","","89","","0.0","","21","","16","","","","97.21","","","","","","NA"
"-80.80","46.63","SUDBURY CLIMATE","6068145","2020-07-26 07:00","2020","07","26","07:00","19.4","","17.8","","91","","0.0","","21","","13","","","","97.23","","","","","","NA"
"-80.80","46.63","SUDBURY CLIMATE","6068145","2020-07-26 08:00","2020","07","26","08:00","20.0","","18.4","","91","","0.0","","21","","17","","","","97.17","","26","","","","NA"
"-80.80","46.63","SUDBURY CLIMATE","6068145","2020-07-26 09:00","2020","07","26","09:00","20.4","","18.8","","90","","0.0","","23","","15","","","","97.15","","27","","","","NA"
"-80.80","46.63","SUDBURY CLIMATE","6068145","2020-07-26 10:00","2020","07","26","10:00","20.3","","18.7","","91","","0.0","","22","","14","","","","97.14","","27","","","","NA"
"-80.80","46.63","SUDBURY CLIMATE","6068145","2020-07-26 11:00","2020","07","26","11:00","20.6","","18.7","","89","","0.0","","23","","15","","","","97.13","","27","","","","NA"
"-80.80","46.63","SUDBURY CLIMATE","6068145","2020-07-26 12:00","2020","07","26","12:00","21.6","","19.0","","85","","0.0","","24","","14","","","","97.07","","28","","","","NA"
"-80.80","46.63","SUDBURY CLIMATE","6068145","2020-07-26 13:00","2020","07","26","13:00","22.1","","19.6","","86","","0.0","","24","","13","","","","97.09","","29","","","","NA"
"-80.80","46.63","SUDBURY CLIMATE","6068145","2020-07-26 14:00","2020","07","26","14:00","23.2","","19.9","","81","","0.0","","25","","15","","","","97.07","","31","","","","NA"
"-80.80","46.63","SUDBURY CLIMATE","6068145","2020-07-26 15:00","2020","07","26","15:00","23.9","","20.5","","81","","0.0","","24","","17","","","","97.06","","32","","","","NA"
"-80.80","46.63","SUDBURY CLIMATE","6068145","2020-07-26 16:00","2020","07","26","16:00","25.3","","21.4","","79","","0.0","","25","","12","","","","97.01","","34","","","","NA"
"-80.80","46.63","SUDBURY CLIMATE","6068145","2020-07-26 17:00","2020","07","26","17:00","25.8","","21.5","","77","","0.0","","24","","19","","","","96.98","","35","","","","NA"
"-80.80","46.63","SUDBURY CLIMATE","6068145","2020-07-26 18:00","2020","07","26","18:00","24.8","","21.5","","82","","0.0","","25","","17","","","","97.00","","34","","","","NA"
"-80.80","46.63","SUDBURY CLIMATE","6068145","2020-07-26 19:00","2020","07","26","19:00","25.1","","21.9","","82","","0.0","","24","","17","","","","96.99","","34","","","","NA"
"-80.80","46.63","SUDBURY CLIMATE","6068145","2020-07-26 20:00","2020","07","26","20:00","25.9","","22.2","","80","","0.0","","23","","19","","","","96.98","","35","","","","NA"
"-80.80","46.63","SUDBURY CLIMATE","6068145","2020-07-26 21:00","2020","07","26","21:00","25.6","","22.2","","81","","0.0","","23","","19","","","","96.94","","35","","","","NA"
"-80.80","46.63","SUDBURY CLIMATE","6068145","2020-07-26 22:00","2020","07","26","22:00","25.3","","22.3","","84","","0.0","","23","","14","","","","96.92","","35","","","","NA"
"-80.80","46.63","SUDBURY CLIMATE","6068145","2020-07-26 23:00","2020","07","26","23:00","26.0","","22.7","","82","","0.0","","24","","10","","","","96.82","","36","","","","NA"
"-80.80","46.63","SUDBURY CLIMATE","6068145","2020-07-27 00:00","2020","07","27","00:00","25.1","","22.4","","85","","0.0","","23","","13","","","","96.79","","35","","","","NA"
"-80.80","46.63","SUDBURY CLIMATE","6068145","2020-07-27 01:00","2020","07","27","01:00","24.1","","22.2","","89","","0.0","","22","","9","","","","96.81","","34","","","","NA"
"-80.80","46.63","SUDBURY CLIMATE","6068145","2020-07-27 02:00","2020","07","27","02:00","24.0","","22.2","","89","","0.0","","23","","12","","","","96.83","","34","","","","NA"
"-80.80","46.63","SUDBURY CLIMATE","6068145","2020-07-27 03:00","2020","07","27","03:00","23.3","","22.2","","93","","0.0","","23","","12","","","","96.77","","33","","","","NA"
"-80.80","46.63","SUDBURY CLIMATE","6068145","2020-07-27 04:00","2020","07","27","04:00","22.8","","22.2","","97","","0.0","","23","","8","","","","96.69","","32","","","","NA"
"-80.80","46.63","SUDBURY CLIMATE","6068145","2020-07-27 05:00","2020","07","27","05:00","22.8","","22.5","","99","","0.0","","23","","13","","","","96.71","","33","","","","NA"
"-80.80","46.63","SUDBURY CLIMATE","6068145","2020-07-27 06:00","2020","07","27","06:00","22.6","","22.3","","98","","0.3","","22","","12","","","","96.62","","32","","","","NA"
"-80.80","46.63","SUDBURY CLIMATE","6068145","2020-07-27 07:00","2020","07","27","07:00","22.2","","21.9","","98","","0.0","","24","","11","","","","96.59","","31","","","","NA"
"-80.80","46.63","SUDBURY CLIMATE","6068145","2020-07-27 08:00","2020","07","27","08:00","21.7","","21.3","","98","","6.5","","25","","8","","","","96.56","","30","","","","NA"
"-80.80","46.63","SUDBURY CLIMATE","6068145","2020-07-27 09:00","2020","07","27","09:00","21.5","","21.2","","98","","0.7","","23","","11","","","","96.55","","30","","","","NA"
"-80.80","46.63","SUDBURY CLIMATE","6068145","2020-07-27 10:00","2020","07","27","10:00","21.3","","21.1","","99","","0.0","","25","","6","","","","96.55","","30","","","","NA"
"-80.80","46.63","SUDBURY CLIMATE","6068145","2020-07-27 11:00","2020","07","27","11:00","21.3","","21.2","","99","","0.0","","25","","7","","","","96.53","","30","","","","NA"
"-80.80","46.63","SUDBURY CLIMATE","6068145","2020-07-27 12:00","2020","07","27","12:00","21.5","","21.3","","99","","0.0","","25","","7","","","","96.54","","30","","","","NA"
"-80.80","46.63","SUDBURY CLIMATE","6068145","2020-07-27 13:00","2020","07","27","13:00","22.7","","21.3","","92","","0.0","","27","","6","","","","96.55","","31","","","","NA"
"-80.80","46.63","SUDBURY CLIMATE","6068145","2020-07-27 14:00","2020","07","27","14:00","23.9","","21.4","","86","","0.0","","23","","14","","","","96.51","","33","","","","NA"
"-80.80","46.63","SUDBURY CLIMATE","6068145","2020-07-27 15:00","2020","07","27","15:00","23.6","","21.2","","86","","0.0","","25","","12","","","","96.55","","32","","","","NA"
"-80.80","46.63","SUDBURY CLIMATE","6068145","2020-07-27 16:00","2020","07","27","16:00","24.8","","21.1","","80","","0.2","","25","","10","","","","96.54","","33","","","","NA"
"-80.80","46.63","SUDBURY CLIMATE","6068145","2020-07-27 17:00","2020","07","27","17:00","25.6","","20.3","","72","","0.0","","24","","13","","","","96.51","","33","","","","NA"
"-80.80","46.63","SUDBURY CLIMATE","6068145","2020-07-27 18:00","2020","07","27","18:00","26.0","","20.4","","71","","0.0","","22","","18","","","","96.50","","34","","","","NA"
"-80.80","46.63","SUDBURY CLIMATE","6068145","2020-07-27 19:00","2020","07","27","19:00","26.5","","21.5","","74","","0.0","","23","","20","","","","96.43","","35","","","","NA"
"-80.80","46.63","SUDBURY CLIMATE","6068145","2020-07-27 20:00","2020","07","27","20:00","27.4","","21.1","","68","","0.0","","23","","23","","","","96.35","","36","","","","NA"
"-80.80","46.63","SUDBURY CLIMATE","6068145","2020-07-27 21:00","2020","07","27","21:00","27.0","","19.8","","65","","0.0","","23","","28","","","","96.31","","34","","","","NA"
"-80.80","46.63","SUDBURY CLIMATE","6068145","2020-07-27 22:00","2020","07","27","22:00","25.5","","17.2","","60","","0.3","","23","","24","","","","96.30","","31","","","","NA"
"-80.80","46.63","SUDBURY CLIMATE","6068145","2020-07-27 23:00","2020","07","27","23:00","25.5","","18.3","","64","","0.0","","22","","22","","","","96.31","","32","","","","NA"
"-80.80","46.63","SUDBURY CLIMATE","6068145","2020-07-28 00:00","2020","07","28","00:00","24.0","","17.5","","67","","0.0","","22","","16","","","","96.34","","30","","","","NA"
"-80.80","46.63","SUDBURY CLIMATE","6068145","2020-07-28 01:00","2020","07","28","01:00","22.2","","14.0","","60","","0.0","","24","","14","","","","96.37","","26","","","","NA"
"-80.80","46.63","SUDBURY CLIMATE","6068145","2020-07-28 02:00","2020","07","28","02:00","20.8","","13.9","","65","","0.0","","27","","10","","","","96.42","","","","","","NA"
"-80.80","46.63","SUDBURY CLIMATE","6068145","2020-07-28 03:00","2020","07","28","03:00","18.6","","13.9","","74","","0.0","","27","","7","","","","96.41","","","","","","NA"
"-80.80","46.63","SUDBURY CLIMATE","6068145","2020-07-28 04:00","2020","07","28","04:00","18.1","","13.5","","74","","0.0","","27","","10","","","","96.45","","","","","","NA"
"-80.80","46.63","SUDBURY CLIMATE","6068145","2020-07-28 05:00","2020","07","28","05:00","16.8","","13.1","","79","","0.0","","26","","8","","","","96.46","","","","","","NA"
"-80.80","46.63","SUDBURY CLIMATE","6068145","2020-07-28 06:00","2020","07","28","06:00","15.7","","12.9","","83","","0.0","","28","","6","","","","96.46","","","","","","NA"
"-80.80","46.63","SUDBURY CLIMATE","6068145","2020-07-28 07:00","2020","07","28","07:00","15.4","","12.9","","85","","0.0","","27","","8","","","","96.46","","","","","","NA"
"-80.80","46.63","SUDBURY CLIMATE","6068145","2020-07-28 08:00","2020","07","28","08:00","15.1","","12.9","","87","","0.0","","27","","9","","","","96.48","","","","","","NA"
"-80.80","46.63","SUDBURY CLIMATE","6068145","2020-07-28 09:00","2020","07","28","09:00","14.6","","12.8","","89","","0.0","","23","","10","","","","96.53","","","","","","NA"
"-80.80","46.63","SUDBURY CLIMATE","6068145","2020-07-28 10:00","2020","07","28","10:00","14.5","","12.8","","89","","0.0","","25","","8","","","","96.62","","","","","","NA"
"-80.80","46.63","SUDBURY CLIMATE","6068145","2020-07-28 11:00","2020","07","28","11:00","15.3","","12.9","","86","","0.0","","24","","12","","","","96.65","","","","","","NA"
"-80.80","46.63","SUDBURY CLIMATE","6068145","2020-07-28 12:00","2020","07","28","12:00","16.8","","13.2","","79","","0.0","","25","","13","","","","96.63","","","","","","NA"
"-80.80","46.63","SUDBURY CLIMATE","6068145","2020-07-28 13:00","2020","07","28","13:00","18.0","","13.6","","75","","0.0","","24","","15","","","","96.66","","","","","","NA"
"-80.80","46.63","SUDBURY CLIMATE","6068145","2020-07-28 14:00","2020","07","28","14:00","19.8","","14.6","","72","","0.0","","24","","17","","","","96.67","","","","","","NA"
"-80.80","46.63","SUDBURY CLIMATE","6068145","2020-07-28 15:00","2020","07","28","15:00","21.2","","13.8","","63","","0.0","","26","","13","","","","96.69","","","","","","NA"
"-80.80","46.63","SUDBURY CLIMATE","6068145","2020-07-28 16:00","2020","07","28","16:00","23.0","","14.1","","57","","0.0","","23","","16","","","","96.68","","26","","","","NA"
"-80.80","46.63","SUDBURY CLIMATE","6068145","2020-07-28 17:00","2020","07","28","17:00","23.1","","12.5","","51","","0.0","","23","","22","","","","96.66","","26","","","","NA"
"-80.80","46.63","SUDBURY CLIMATE","6068145","2020-07-28 18:00","2020","07","28","18:00","24.7","","14.1","","52","","0.0","","24","","19","","","","96.66","","28","","","","NA"
"-80.80","46.63","SUDBURY CLIMATE","6068145","2020-07-28 19:00","2020","07","28","19:00","25.1","","12.9","","47","","0.0","","24","","23","","","","96.62","","28","","","","NA"
"-80.80","46.63","SUDBURY CLIMATE","6068145","2020-07-28 20:00","2020","07","28","20:00","23.8","","14.8","","57","","0.0","","24","","23","","","","96.65","","28","","","","NA"
"-80.80","46.63","SUDBURY CLIMATE","6068145","2020-07-28 21:00","2020","07","28","21:00","21.7","","14.7","","64","","0.0","","24","","14","","","","96.65","","25","","","","NA"
"-80.80","46.63","SUDBURY CLIMATE","6068145","2020-07-28 22:00","2020","07","28","22:00","19.6","","15.0","","75","","0.0","","23","","16","","","","96.71","","","","","","NA"
"-80.80","46.63","SUDBURY CLIMATE","6068145","2020-07-28 23:00","2020","07","28","23:00","20.3","","15.4","","73","","1.7","","22","","14","","","","96.73","","25","","","","NA"
"-80.80","46.63","SUDBURY CLIMATE","6068145","2020-07-29 00:00","2020","07","29","00:00","19.3","","16.0","","81","","0.0","","25","","6","","","","96.69","","","","","","NA"
"-80.80","46.63","SUDBURY CLIMATE","6068145","2020-07-29 01:00","2020","07","29","01:00","17.7","","15.7","","88","","0.0","","22","","12","","","","96.68","","","","","","NA"
"-80.80","46.63","SUDBURY CLIMATE","6068145","2020-07-29 02:00","2020","07","29","02:00","18.1","","14.8","","81","","0.0","","24","","11","","","","96.74","","","","","","NA"
"-80.80","46.63","SUDBURY CLIMATE","6068145","2020-07-29 03:00","2020","07","29","03:00","17.0","","14.8","","87","","0.0","","24","","5","","","","96.73","","","","","","NA"
"-80.80","46.63","SUDBURY CLIMATE","6068145","2020-07-29 04:00","2020","07","29","04:00","16.4","","13.8","","84","","0.0","","26","","6","","","","96.73","","","","","","NA"
"-80.80","46.63","SUDBURY CLIMATE","6068145","2020-07-29 05:00","2020","07","29","05:00","15.3","","13.9","","91","","0.0","","23","","7","","","","96.77","","","","","","NA"
"-80.80","46.63","SUDBURY CLIMATE","6068145","2020-07-29 06:00","2020","07","29","06:00","15.0","","14.0","","94","","0.0","","21","","9","","","","96.77","","","","","","NA"
"-80.80","46.63","SUDBURY CLIMATE","6068145","2020-07-29 07:00","2020","07","29","07:00","15.3","","14.1","","92","","0.0","","24","","5","","","","96.76","","","","","","NA"
"-80.80","46.63","SUDBURY CLIMATE","6068145","2020-07-29 08:00","2020","07","29","08:00","15.5","","14.4","","93","","0.0","","24","","6","","","","96.76","","","","","","NA"
"-80.80","46.63","SUDBURY CLIMATE","6068145","2020-07-29 09:00","2020","07","29","09:00","15.4","","14.4","","94","","0.0","","23","","7","","","","96.75","","","","","","NA"
"-80.80","46.63","SUDBURY CLIMATE","6068145","2020-07-29 10:00","2020","07","29","10:00","14.8","","13.9","","94","","0.0","","25","","6","","","","96.80","","","","","","NA"
"-80.80","46.63","SUDBURY CLIMATE","6068145","2020-07-29 11:00","2020","07","29","11:00","15.2","","14.2","","94","","0.0","","25","","4","","","","96.82","","","","","","NA"
"-80.80","46.63","SUDBURY CLIMATE","6068145","2020-07-29 12:00","2020","07","29","12:00","17.0","","14.9","","87","","0.0","","24","","6","","","","96.88","","","","","","NA"
"-80.80","46.63","SUDBURY CLIMATE","6068145","2020-07-29 13:00","2020","07","29","13:00","17.5","","14.2","","81","","0.0","","28","","10","","","","96.91","","","","","","NA"
"-80.80","46.63","SUDBURY CLIMATE","6068145","2020-07-29 14:00","2020","07","29","14:00","18.2","","14.1","","77","","0.0","","27","","9","","","","96.91","","","","","","NA"
"-80.80","46.63","SUDBURY CLIMATE","6068145","2020-07-29 15:00","2020","07","29","15:00","19.3","","14.4","","73","","0.0","","30","","7","","","","96.91","","","","","","NA"
"-80.80","46.63","SUDBURY CLIMATE","6068145","2020-07-29 16:00","2020","07","29","16:00","19.5","","13.8","","70","","0.0","","25","","7","","","","96.92","","","","","","NA"
"-80.80","46.63","SUDBURY CLIMATE","6068145","2020-07-29 17:00","2020","07","29","17:00","20.5","","13.6","","65","","0.0","","26","","12","","","","96.93","","","","","","NA"
"-80.80","46.63","SUDBURY CLIMATE","6068145","2020-07-29 18:00","2020","07","29","18:00","21.8","","13.5","","59","","0.0","","23","","11","","","","96.90","","25","","","","NA"
"-80.80","46.63","SUDBURY CLIMATE","6068145","2020-07-29 19:00","2020","07","29","19:00","22.3","","13.3","","57","","0.2","","29","","13","","","","96.88","","25","","","","NA"
"-80.80","46.63","SUDBURY CLIMATE","6068145","2020-07-29 20:00","2020","07","29","20:00","24.1","","15.9","","60","","0.0","","27","","7","","","","96.84","","29","","","","NA"
"-80.80","46.63","SUDBURY CLIMATE","6068145","2020-07-29 21:00","2020","07","29","21:00","20.5","","14.6","","69","","0.0","","34","","8","","","","96.86","","","","","","NA"
"-80.80","46.63","SUDBURY CLIMATE","6068145","2020-07-29 22:00","2020","07","29","22:00","20.4","","14.7","","70","","0.0","","27","","4","","","","96.89","","","","","","NA"
"-80.80","46.63","SUDBURY CLIMATE","6068145","2020-07-29 23:00","2020","07","29","23:00","19.5","","15.2","","76","","0.0","","28","","6","","","","96.95","","","","","","NA"
"-80.80","46.63","SUDBURY CLIMATE","6068145","2020-07-30 00:00","2020","07","30","00:00","17.2","","15.5","","90","","0.0","","31","","4","","","","96.93","","","","","","NA"
"-80.80","46.63","SUDBURY CLIMATE","6068145","2020-07-30 01:00","2020","07","30","01:00","15.7","","14.5","","93","","0.0","","29","","6","","","","96.99","","","","","","NA"
"-80.80","46.63","SUDBURY CLIMATE","6068145","2020-07-30 02:00","2020","07","30","02:00","15.1","","14.5","","96","","0.0","","29","","6","","","","97.06","","","","","","NA"
"-80.80","46.63","SUDBURY CLIMATE","6068145","2020-07-30 03:00","2020","07","30","03:00","15.6","","15.4","","98","","0.0","","29","","6","","","","97.09","","","","","","NA"
"-80.80","46.63","SUDBURY CLIMATE","6068145","2020-07-30 04:00","2020","07","30","04:00","15.1","","14.8","","98","","0.0","","27","","5","","","","97.09","","","","","","NA"
"-80.80","46.63","SUDBURY CLIMATE","6068145","2020-07-30 05:00","2020","07","30","05:00","15.5","","15.2","","99","","0.0","","28","","4","","","","97.08","","","","","","NA"
"-80.80","46.63","SUDBURY CLIMATE","6068145","2020-07-30 06:00","2020","07","30","06:00","15.4","","15.2","","98","","0.0","","29","","5","","","","97.07","","","","","","NA"
"-80.80","46.63","SUDBURY CLIMATE","6068145","2020-07-30 07:00","2020","07","30","07:00","15.3","","15.0","","98","","0.0","","29","","4","","","","97.08","","","","","","NA"
"-80.80","46.63","SUDBURY CLIMATE","6068145","2020-07-30 08:00","2020","07","30","08:00","15.4","","14.9","","97","","0.0","","34","","7","","","","97.07","","","","","","NA"
"-80.80","46.63","SUDBURY CLIMATE","6068145","2020-07-30 09:00","2020","07","30","09:00","15.2","","14.3","","95","","0.0","","35","","4","","","","97.08","","","","","","NA"
"-80.80","46.63","SUDBURY CLIMATE","6068145","2020-07-30 10:00","2020","07","30","10:00","15.5","","14.7","","95","","0.0","","1","","10","","","","97.14","","","","","","NA"
"-80.80","46.63","SUDBURY CLIMATE","6068145","2020-07-30 11:00","2020","07","30","11:00","15.7","","14.9","","95","","0.0","","36","","10","","","","97.19","","","","","","NA"
"-80.80","46.63","SUDBURY CLIMATE","6068145","2020-07-30 12:00","2020","07","30","12:00","16.5","","15.2","","92","","0.0","","1","","7","","","","97.21","","","","","","NA"
"-80.80","46.63","SUDBURY CLIMATE","6068145","2020-07-30 13:00","2020","07","30","13:00","17.9","","15.5","","86","","0.0","","1","","8","","","","97.25","","","","","","NA"
"-80.80","46.63","SUDBURY CLIMATE","6068145","2020-07-30 14:00","2020","07","30","14:00","19.0","","14.5","","75","","0.0","","35","","11","","","","97.25","","","","","","NA"
"-80.80","46.63","SUDBURY CLIMATE","6068145","2020-07-30 15:00","2020","07","30","15:00","20.6","","14.5","","68","","0.0","","2","","12","","","","97.26","","","","","","NA"
"-80.80","46.63","SUDBURY CLIMATE","6068145","2020-07-30 16:00","2020","07","30","16:00","20.9","","13.3","","62","","0.0","","34","","8","","","","97.27","","","","","","NA"
"-80.80","46.63","SUDBURY CLIMATE","6068145","2020-07-30 17:00","2020","07","30","17:00","22.3","","13.3","","57","","0.0","","1","","7","","","","97.25","","25","","","","NA"
"-80.80","46.63","SUDBURY CLIMATE","6068145","2020-07-30 18:00","2020","07","30","18:00","22.8","","11.9","","50","","0.0","","35","","8","","","","97.23","","25","","","","NA"
"-80.80","46.63","SUDBURY CLIMATE","6068145","2020-07-30 19:00","2020","07","30","19:00","23.0","","12.9","","53","","0.0","","34","","10","","","","97.21","","26","","","","NA"
"-80.80","46.63","SUDBURY CLIMATE","6068145","2020-07-30 20:00","2020","07","30","20:00","23.3","","12.7","","51","","0.0","","36","","10","","","","97.20","","26","","","","NA"
"-80.80","46.63","SUDBURY CLIMATE","6068145","2020-07-30 21:00","2020","07","30","21:00","24.0","","12.6","","49","","0.0","","3","","9","","","","97.19","","27","","","","NA"
"-80.80","46.63","SUDBURY CLIMATE","6068145","2020-07-30 22:00","2020","07","30","22:00","23.7","","13.2","","52","","0.0","","34","","8","","","","97.19","","27","","","","NA"
"-80.80","46.63","SUDBURY CLIMATE","6068145","2020-07-30 23:00","2020","07","30","23:00","20.6","","14.2","","67","","0.0","","33","","10","","","","97.23","","","","","","NA"
"-80.80","46.63","SUDBURY CLIMATE","6068145","2020-07-31 00:00","2020","07","31","00:00","20.4","","14.4","","69","","0.0","","34","","9","","","","97.26","","","","","","NA"
"-80.80","46.63","SUDBURY CLIMATE","6068145","2020-07-31 01:00","2020","07","31","01:00","18.3","","14.8","","80","","0.0","","34","","7","","","","97.32","","","","","","NA"
"-80.80","46.63","SUDBURY CLIMATE","6068145","2020-07-31 02:00","2020","07","31","02:00","17.6","","14.5","","82","","0.0","","33","","6","","","","97.39","","","","","","NA"
"-80.80","46.63","SUDBURY CLIMATE","6068145","2020-07-31 03:00","2020","07","31","03:00","17.3","","14.9","","86","","0.0","","1","","7","","","","97.40","","","","","","NA"
"-80.80","46.63","SUDBURY CLIMATE","6068145","2020-07-31 04:00","2020","07","31","04:00","16.3","","14.2","","88","","0.0","","36","","4","","","","97.41","","","","","","NA"
"-80.80","46.63","SUDBURY CLIMATE","6068145","2020-07-31 05:00","2020","07","31","05:00","15.3","","14.6","","96","","0.0","","1","","8","","","","97.35","","","","","","NA"
"-80.80","46.63","SUDBURY CLIMATE","6068145","2020-07-31 06:00","2020","07","31","06:00","15.8","","14.9","","95","","0.0","","2","","8","","","","97.33","","","","","","NA"
"-80.80","46.63","SUDBURY CLIMATE","6068145","2020-07-31 07:00","2020","07","31","07:00","15.0","","14.1","","94","","0.0","","36","","8","","","","97.32","","","","","","NA"
"-80.80","46.63","SUDBURY CLIMATE","6068145","2020-07-31 08:00","2020","07","31","08:00","15.6","","14.4","","93","","0.0","","36","","10","","","","97.31","","","","","","NA"
"-80.80","46.63","SUDBURY CLIMATE","6068145","2020-07-31 09:00","2020","07","31","09:00","14.9","","14.0","","95","","0.0","","1","","11","","","","97.33","","","","","","NA"
"-80.80","46.63","SUDBURY CLIMATE","6068145","2020-07-31 10:00","2020","07","31","10:00","14.4","","13.8","","96","","0.0","","1","","9","","","","97.37","","","","","","NA"
"-80.80","46.63","SUDBURY CLIMATE","6068145","2020-07-31 11:00","2020","07","31","11:00","16.1","","14.8","","92","","0.0","","2","","11","","","","97.40","","","","","","NA"
"-80.80","46.63","SUDBURY CLIMATE","6068145","2020-07-31 12:00","2020","07","31","12:00","17.6","","15.4","","87","","0.0","","2","","13","","","","97.45","","","","","","NA"
"-80.80","46.63","SUDBURY CLIMATE","6068145","2020-07-31 13:00","2020","07","31","13:00","18.9","","15.4","","80","","0.0","","3","","15","","","","97.46","","","","","","NA"
"-80.80","46.63","SUDBURY CLIMATE","6068145","2020-07-31 14:00","2020","07","31","14:00","20.4","","15.9","","75","","0.0","","2","","15","","","","97.48","","25","","","","NA"
"-80.80","46.63","SUDBURY CLIMATE","6068145","2020-07-31 15:00","2020","07","31","15:00","21.6","","15.5","","68","","0.0","","1","","13","","","","97.48","","26","","","","NA"
"-80.80","46.63","SUDBURY CLIMATE","6068145","2020-07-31 16:00","2020","07","31","16:00","22.3","","15.1","","64","","0.0","","1","","14","","","","97.47","","26","","","","NA"
"-80.80","46.63","SUDBURY CLIMATE","6068145","2020-07-31 17:00","2020","07","31","17:00","23.4","","13.4","","53","","0.0","","1","","12","","","","97.45","","26","","","","NA"
"-80.80","46.63","SUDBURY CLIMATE","6068145","2020-07-31 18:00","2020","07","31","18:00","24.3","","13.3","","50","","0.0","","4","","12","","","","97.42","","27","","","","NA"
"-80.80","46.63","SUDBURY CLIMATE","6068145","2020-07-31 19:00","2020","07","31","19:00","25.3","","13.2","","47","","0.0","","1","","10","","","","97.39","","28","","","","NA"
"-80.80","46.63","SUDBURY CLIMATE","6068145","2020-07-31 20:00","2020","07","31","20:00","24.7","","12.7","","47","","0.0","","3","","11","","","","97.38","","27","","","","NA"
"-80.80","46.63","SUDBURY CLIMATE","6068145","2020-07-31 21:00","2020","07","31","21:00","24.7","","12.8","","47","","0.0","","36","","9","","","","97.39","","27","","","","NA"
"-80.80","46.63","SUDBURY CLIMATE","6068145","2020-07-31 22:00","2020","07","31","22:00","23.3","","15.6","","62","","0.0","","1","","6","","","","97.39","","28","","","","NA"
"-80.80","46.63","SUDBURY CLIMATE","6068145","2020-07-31 23:00","2020","07","31","23:00","23.7","","15.9","","61","","0.0","","1","","5","","","","97.36","","28","","","","NA"
